col_id,emp_id,emp_type,cost,schedule_pattern,in_final_mip,is_selected
0,0,TypeA,0,000000000000000000000000000000000000000000000000000000000000000000000000000000000000000000000000000000000000000000000000000000000000000000000000000000000000000000000000,1,0
1,0,TypeA,8000,000000000011111111000000000000000000000000000000000000000000000000000000000000000000000000000000000000000000000000000000000000000000000000000000000000000000000000000000,1,0
2,1,TypeB,0,000000000000000000000000000000000000000000000000000000000000000000000000000000000000000000000000000000000000000000000000000000000000000000000000000000000000000000000000,1,0
3,1,TypeB,4000,000000000011110000000000000000000000000000000000000000000000000000000000000000000000000000000000000000000000000000000000000000000000000000000000000000000000000000000000,1,0
4,2,TypeB,0,000000000000000000000000000000000000000000000000000000000000000000000000000000000000000000000000000000000000000000000000000000000000000000000000000000000000000000000000,1,0
5,2,TypeB,4000,000000000011110000000000000000000000000000000000000000000000000000000000000000000000000000000000000000000000000000000000000000000000000000000000000000000000000000000000,1,0
6,3,TypeC,0,000000000000000000000000000000000000000000000000000000000000000000000000000000000000000000000000000000000000000000000000000000000000000000000000000000000000000000000000,1,0
7,3,TypeC,3900,000000000011100000000000000000000000000000000000000000000000000000000000000000000000000000000000000000000000000000000000000000000000000000000000000000000000000000000000,1,0
8,4,TypeC,0,000000000000000000000000000000000000000000000000000000000000000000000000000000000000000000000000000000000000000000000000000000000000000000000000000000000000000000000000,1,0
9,4,TypeC,3900,000000000011100000000000000000000000000000000000000000000000000000000000000000000000000000000000000000000000000000000000000000000000000000000000000000000000000000000000,1,0
10,0,TypeA,50300,000000000000000000000000000001111111111000000000000000111111111000000000000000011111111110000000000000000000000000000000000000011111111110000000000000000111111110000000,1,0
11,1,TypeB,43500,000000000000000000000000000011111111000000000000000000000111111110000000000000000111111110000000000000000000000000000000000000000111111110000000000000000111111100000000,1,0
12,2,TypeB,43500,000000000000000000000000000011111111000000000000000000000111111110000000000000000111111110000000000000000000000000000000000000000111111110000000000000000111111100000000,1,0
13,3,TypeC,35600,000000000000000000000000000011111100000000000000000000000111111000000000000000000001111110000000000000000000000000000000000000011111100000000000000000000111110000000000,1,0
14,4,TypeC,35600,000000000000000000000000000011111100000000000000000000000111111000000000000000000001111110000000000000000000000000000000000000011111100000000000000000000111110000000000,1,0
15,0,TypeA,58100,000000011111111100000000000000000000000001111111111000000000000000000000011111111000000000001111111111000000000000111111111100000000000000000000000000000000000000000000,1,0
16,1,TypeB,33200,011111111000000000000000000000000000000001111111000000000000000000000000011111100000000000001111111000000000000000000000111100000000000000000000000000000000000000000000,1,0
17,2,TypeB,33200,011111111000000000000000000000000000000001111111000000000000000000000000011111100000000000001111111000000000000000000000111100000000000000000000000000000000000000000000,1,0
18,3,TypeC,24000,000011111000000000000000000000000000000000111111000000000000000000000000011111100000000000001110000000000000000000000000111100000000000000000000000000000000000000000000,1,0
19,4,TypeC,24000,000011111000000000000000000000000000000000111111000000000000000000000000011111100000000000001110000000000000000000000000111100000000000000000000000000000000000000000000,1,0
20,0,TypeA,46600,000000011111111100000000000000011111111000000000001111111100000000000000000000000000000000000000000000000111111111100000000000001111111100000000000000000000000000000000,1,0
21,1,TypeB,34400,000000000011111100000000000000000000000000000000001111110000000000111100000000000000000000000000001111111100000000000000000000000000011111111000000000000000000000000000,1,0
22,2,TypeB,34400,000000000011111100000000000000000000000000000000001111110000000000111100000000000000000000000000001111111100000000000000000000000000011111111000000000000000000000000000,1,0
23,3,TypeC,24600,000000000011111100000000000000000000011100000000001111110000000000111000000000000000000000000000000000000000000000000000000000000000011100000000000000000000000000000000,1,0
24,4,TypeC,24600,000000000011111100000000000000000000011100000000001111110000000000111000000000000000000000000000000000000000000000000000000000000000011100000000000000000000000000000000,1,0
25,0,TypeA,46700,000000000000000000000000000000000000000000000000000000000001111111100000000000111111110000000000000001111111110000000000000000000000000000001111111100000000000111111110,1,0
26,1,TypeB,29600,000000000000000000000000000000000000000000000000000000000000011110000000000000111100000000000000000000000000011111100000000000000000000000001111111100000000000000011110,1,0
27,2,TypeB,29600,000000000000000000000000000000000000000000000000000000000000011110000000000000111100000000000000000000000000011111100000000000000000000000001111111100000000000000011110,1,0
28,3,TypeC,23700,000000000000000000000000000000000000000000000000000000000000011110000000000000111100000000000000000000000000011111100000000000000000000000000000000111000000000000011110,1,0
29,4,TypeC,23700,000000000000000000000000000000000000000000000000000000000000011110000000000000111100000000000000000000000000011111100000000000000000000000000000000111000000000000011110,1,0
30,0,TypeA,47600,000000011111111100000000000000000000000000000000000000000000000000000000000000000011111111000000000001111111110000000000000000000000011111111000000000000000011111111110,1,0
31,1,TypeB,34800,000000000011111100000000000000000000000000000000000000000001111000000000000000000000000111100000000000000000000000000000000000000000011111111000000000000000111111110000,1,0
32,2,TypeB,34800,000000000011111100000000000000000000000000000000000000000001111000000000000000000000000111100000000000000000000000000000000000000000011111111000000000000000111111110000,1,0
33,3,TypeC,26800,000000000011111100000000000000000000000000000000000000000001110000000000000000000000000111000000000000000000000000000000000000001111110000000000000000000000000000011110,1,0
34,4,TypeC,26800,000000000011111100000000000000000000000000000000000000000001110000000000000000000000000111000000000000000000000000000000000000001111110000000000000000000000000000011110,1,0
35,0,TypeA,50000,011111111110000000000000000000000000000000000000000000000011111111100000000000000000000000000000000001111111110000000000011111111000000000000000000000000111111110000000,1,0
36,1,TypeB,36900,000011111110000000000000000000000000011111000000000000000000011111111000000000000000000000000000000000000000000000000000011111111000000000000000000000000111110000000000,1,0
37,2,TypeB,36900,000011111110000000000000000000000000011111000000000000000000011111111000000000000000000000000000000000000000000000000000011111111000000000000000000000000111110000000000,1,0
38,3,TypeC,35200,000000000011111100000000000000000000011111000000000000000000011111100000000000000000000000000000000000000000000000000000000000001111110000000000000000000111110000000000,1,0
39,4,TypeC,35200,000000000011111100000000000000000000011111000000000000000000011111100000000000000000000000000000000000000000000000000000000000001111110000000000000000000111110000000000,1,0
40,0,TypeA,48500,000000011111111100000000000000000111111111100000000000111111110000000000000000000000000000000000000001111111110000000000000000000000000000000000000111111110000000000000,1,0
41,1,TypeB,36400,011111110000000000000000000000011111110000000000000000111111110000000000000111100000000000000000000000000000000000000000000000000000000000000000000111111110000000000000,1,0
42,2,TypeB,36400,011111110000000000000000000000011111110000000000000000111111110000000000000111100000000000000000000000000000000000000000000000000000000000000000000111111110000000000000,1,0
43,3,TypeC,31400,000000000011111100000000000000000000011111100000000000000011110000000000000111100000000000000000000000000000011111100000000000000000000000000000000000000000000000000000,1,0
44,4,TypeC,31400,000000000011111100000000000000000000011111100000000000000011110000000000000111100000000000000000000000000000011111100000000000000000000000000000000000000000000000000000,1,0
45,0,TypeA,49500,000000011111111100000000000011111111110000000000000000000000011111111000000000000000011111111110000000000000000000000000000000011111111000000000000000000000000000000000,1,0
46,1,TypeB,40400,000000000011111100000000001111111100000000000000000000000000011111111000000000000000000111111110000000000000000000000000000000011111111000000000000000000000000000000000,1,0
47,2,TypeB,40400,000000000011111100000000001111111100000000000000000000000000011111111000000000000000000111111110000000000000000000000000000000011111111000000000000000000000000000000000,1,0
48,3,TypeC,25800,000000000011111100000000001111110000000000000000000000000000000000000000000000111000000000001110000000000000000000000000000111111000000000000000000000000000000000000000,1,0
49,4,TypeC,25800,000000000011111100000000001111110000000000000000000000000000000000000000000000111000000000001110000000000000000000000000000111111000000000000000000000000000000000000000,1,0
50,0,TypeA,47100,000000011111111000000000000000000000000000000000000000111111110000000000000000111111111100000000000000000000000000111111110000000000011111111000000000000000000000000000,1,0
51,1,TypeB,41000,000000011111110000000000000000000000000000000000000000111111110000000000011111110000000000000000000000000000000000111111110000000000011111111000000000000000000000000000,1,0
52,2,TypeB,41000,000000011111110000000000000000000000000000000000000000111111110000000000011111110000000000000000000000000000000000111111110000000000011111111000000000000000000000000000,1,0
53,3,TypeC,28300,000000000000000000000000000000000000000001111110000000000111110000000000000000000000011110000000000000000000000000000000111100000000000111111000000000000000000000000000,1,0
54,4,TypeC,28300,000000000000000000000000000000000000000001111110000000000111110000000000000000000000011110000000000000000000000000000000111100000000000111111000000000000000000000000000,1,0
55,0,TypeA,47600,000000000000000000000000000000000000000000001111111100000000000000000000000000011111111110000000000000000111111111100000000000001111111100000000000000000000111111110000,1,0
56,1,TypeB,41800,000000000000000000000000000000000000000000001111111000000000000000000000000000000000011111111000000000000000011111100000000000001111111100000000000000000000111111110000,1,0
57,2,TypeB,41800,000000000000000000000000000000000000000000001111111000000000000000000000000000000000011111111000000000000000011111100000000000001111111100000000000000000000111111110000,1,0
58,3,TypeC,25200,000000000000000000000000000000000000000000001111000000000000000000001111110000000000011110000000000000000000000000000000000111111000000000000000000000000000000000011110,1,0
59,4,TypeC,25200,000000000000000000000000000000000000000000001111000000000000000000001111110000000000011110000000000000000000000000000000000111111000000000000000000000000000000000011110,1,0
60,0,TypeA,49100,000000000000000000000000001111111100000000000000000000000000000000000000000000111111110000000000001111111100000000000000111111111000000000000000000000000000111111110000,1,0
61,1,TypeB,39600,000000000000000000000000001111111100000000000000000000000000000000000000000000111111110000000000001111111100000000000000111100000000000000000000000000000000111111110000,1,0
62,2,TypeB,39600,000000000000000000000000001111111100000000000000000000000000000000000000000000111111110000000000001111111100000000000000111100000000000000000000000000000000111111110000,1,0
63,3,TypeC,23600,000000000000000000000000001111110000000000000000000000000000000000000000000000111100000000000000000001111100000000000000111100000000000000000000000000000000000000011110,1,0
64,4,TypeC,23600,000000000000000000000000001111110000000000000000000000000000000000000000000000111100000000000000000001111100000000000000111100000000000000000000000000000000000000011110,1,0
65,0,TypeA,49200,000000011111111100000000000000000000000000000000000000111111111000000000000000111111111100000000000001111111110000000000000000000000011111111000000000000000000000000000,1,0
66,1,TypeB,39400,011111110000000000000000000000000000000000000001111111100000000000000000011111100000000000000011111111000000000000000000000000000000011111111000000000000000000000000000,1,0
67,2,TypeB,39400,011111110000000000000000000000000000000000000001111111100000000000000000011111100000000000000011111111000000000000000000000000000000011111111000000000000000000000000000,1,0
68,3,TypeC,29900,000000000000000000000000000000000000011111100000000000000111111000000000011111100000000000000011111000000000000000000000000000000000011100000000000000000000000000000000,1,0
69,4,TypeC,29900,000000000000000000000000000000000000011111100000000000000111111000000000011111100000000000000011111000000000000000000000000000000000011100000000000000000000000000000000,1,0
70,0,TypeA,51400,011111111000000000000000000000000000011111111110000000000000000000000000000000000111111110000000000000000111111111100000000000000000000000000000000111111111100000000000,1,0
71,1,TypeB,39400,011111111000000000000000000000011111110000000000000000000000000000000000000000000111111110000000000000000000011111100000000000000000011111111000000000000000000000000000,1,0
72,2,TypeB,39400,011111111000000000000000000000011111110000000000000000000000000000000000000000000111111110000000000000000000011111100000000000000000011111111000000000000000000000000000,1,0
73,3,TypeC,33500,000000000000000000000000000000000000011111100000000000000000000000001111110000000000000111111000000000000000011111100000000000000000000000000000000000000111110000000000,1,0
74,4,TypeC,33500,000000000000000000000000000000000000011111100000000000000000000000001111110000000000000111111000000000000000011111100000000000000000000000000000000000000111110000000000,1,0
75,0,TypeA,53800,011111111000000000000000001111111100000000000011111111100000000000000000000000000000000000000000000000000000000000000000111111110000000000000000000000000000011111111110,1,0
76,1,TypeB,40400,011111110000000000000000001111111100000000001111111000000000011111111000000000000000000000000000000000000000000000000000000000000000000000000000000000000000111111110000,1,0
77,2,TypeB,40400,011111110000000000000000001111111100000000001111111000000000011111111000000000000000000000000000000000000000000000000000000000000000000000000000000000000000111111110000,1,0
78,3,TypeC,26700,000000000000000000000000001111110000000000111111000000000011111000000000000000000000000000000000000000000000000000000000111000000000000000000000000000000000111100000000,1,0
79,4,TypeC,26700,000000000000000000000000001111110000000000111111000000000011111000000000000000000000000000000000000000000000000000000000111000000000000000000000000000000000111100000000,1,0
80,0,TypeA,50400,000000011111111100000000000000000000000000000000000000111111111000000000000000000000011111111110000000000000000000000000111111111000000000000000000000000111111110000000,1,0
81,1,TypeB,43100,000000000000000000000000000000000000000000000001111111100000000000000000000000000000000000001111111000000000000000111111110000000000011111111000000000000111111100000000,1,0
82,2,TypeB,43100,000000000000000000000000000000000000000000000001111111100000000000000000000000000000000000001111111000000000000000111111110000000000011111111000000000000111111100000000,1,0
83,3,TypeC,24300,000000000000000000000000000000000000000000000000001111100000000000000000000000000000011110000000000000000111110000000000111100000000000000000000000000001110000000000000,1,0
84,4,TypeC,24300,000000000000000000000000000000000000000000000000001111100000000000000000000000000000011110000000000000000111110000000000111100000000000000000000000000001110000000000000,1,0
85,0,TypeA,51100,000000011111111100000000000000000000011111111110000000000000000000000000000000111111110000000000000000000000000000000000000000011111111100000000000111111111100000000000,1,0
86,1,TypeB,43800,000000000000000000000000001111111100000000001111111000000000000000000000000000111111110000000000000000000000000000000000000000001111111100000000000111111110000000000000,1,0
87,2,TypeB,43800,000000000000000000000000001111111100000000001111111000000000000000000000000000111111110000000000000000000000000000000000000000001111111100000000000111111110000000000000,1,0
88,3,TypeC,23700,000000000000000000000000001110000000000000111110000000000000000000000000000000111000000000000000000000000000000000000000000000001111110000000000000000000011110000000000,1,0
89,4,TypeC,23700,000000000000000000000000001110000000000000111110000000000000000000000000000000111000000000000000000000000000000000000000000000001111110000000000000000000011110000000000,1,0
90,0,TypeA,55600,000000000000000000000000000000011111111000000000001111111110000000000000000000000000000000001111111111000000000000000000111111111000000000000000000000000000011111111110,1,0
91,1,TypeB,41000,000000000000000000000000000000011111110000000000000000111111110000000000000000000000000000000000000000000000000000000000111111110000000000001111111100000000000000011110,1,0
92,2,TypeB,41000,000000000000000000000000000000011111110000000000000000111111110000000000000000000000000000000000000000000000000000000000111111110000000000001111111100000000000000011110,1,0
93,3,TypeC,27600,000000000000000000000000000000000111110000000000000000111110000000000000000000000000000000000000001111000000000000000000000000001111110000000000000000000000000000011110,1,0
94,4,TypeC,27600,000000000000000000000000000000000111110000000000000000111110000000000000000000000000000000000000001111000000000000000000000000001111110000000000000000000000000000011110,1,0
95,0,TypeA,53200,000000011111111100000000000000000000000000000011111111100000000000000000000000000000000000000000001111111100000000000000000000011111111110000000000000000000011111111110,1,0
96,1,TypeB,42500,000000000000000000000000000000011111110000000000000000111111110000000000000000000000000000000000001111111100000000000000111111110000000000000000000000000111111100000000,1,0
97,2,TypeB,42500,000000000000000000000000000000011111110000000000000000111111110000000000000000000000000000000000001111111100000000000000111111110000000000000000000000000111111100000000,1,0
98,3,TypeC,26100,000000000000011100000000000000000000000000001111000000000000000000000000000000000000000000000000000000000111110000000000000000000000011110000000000000000111110000000000,1,0
99,4,TypeC,26100,000000000000011100000000000000000000000000001111000000000000000000000000000000000000000000000000000000000111110000000000000000000000011110000000000000000111110000000000,1,0
100,0,TypeA,56700,011111111110000000000000000000000000011111111110000000000000000000000000000001111111110000000000000000000000000000000000111111111000000000000000000000000000011111111110,1,0
101,1,TypeB,39400,000011111110000000000000000000000000011111111000000000111111100000000000011111110000000000000000000000000000000000000000000000001111111100000000000000000000000000000000,1,0
102,2,TypeB,39400,000011111110000000000000000000000000011111111000000000111111100000000000011111110000000000000000000000000000000000000000000000001111111100000000000000000000000000000000,1,0
103,3,TypeC,33800,000000000011111100000000001111110000000000000000000000000000000000000000011111100000000000000000000000000111110000000000000000001111110000000000000000000000000000000000,1,0
104,4,TypeC,33800,000000000011111100000000001111110000000000000000000000000000000000000000011111100000000000000000000000000111110000000000000000001111110000000000000000000000000000000000,1,0
105,0,TypeA,46000,000000011111111100000000000000000000011111111000000000000000011111111000000000000001111111100000000000000000000000000000000000000000000000000000000000000000011111111110,1,0
106,1,TypeB,36200,011111110000000000000000000000000000011111111000000000000000011111111000000000111111110000000000000000000000000000000000111100000000000000000000000000000000000000000000,1,0
107,2,TypeB,36200,011111110000000000000000000000000000011111111000000000000000011111111000000000111111110000000000000000000000000000000000111100000000000000000000000000000000000000000000,1,0
108,3,TypeC,27000,000000000000000000000000000000000000000000111111000000000000000011111000000000000000011110000000000000000111110000000000111100000000000000000000000000000000000000000000,1,0
109,4,TypeC,27000,000000000000000000000000000000000000000000111111000000000000000011111000000000000000011110000000000000000111110000000000111100000000000000000000000000000000000000000000,1,0
110,0,TypeA,51100,000000011111111100000000000000000000000000000011111111100000000000000000000000011111111110000000000000000000000000000000000000000001111111100000000000000000011111111110,1,0
111,1,TypeB,38400,000000000011111100000000000000011111110000000001111111100000000000000000011111110000000000000000000000000000000000000000000000000000000000000000000000000000111111110000,1,0
112,2,TypeB,38400,000000000011111100000000000000011111110000000001111111100000000000000000011111110000000000000000000000000000000000000000000000000000000000000000000000000000111111110000,1,0
113,3,TypeC,29500,000000000011111100000000000000000111110000000000001111100000000000000000000111110000000000000000000000000000000000000000000000000000011110000000000000000000000000000000,1,0
114,4,TypeC,29500,000000000011111100000000000000000111110000000000001111100000000000000000000111110000000000000000000000000000000000000000000000000000011110000000000000000000000000000000,1,0
115,0,TypeA,57500,011111111110000000000000000011111111110000000000000000000001111111111000000000000000011111111110000000000000000000000000000000000000000000000000000111111111100000000000,1,0
116,1,TypeB,39800,000000011111110000000000000000000000000000000000000000111111110000000000000000000000011110000000000000000000000000000000000000001111111100000000000000000000111111110000,1,0
117,2,TypeB,39800,000000011111110000000000000000000000000000000000000000111111110000000000000000000000011110000000000000000000000000000000000000001111111100000000000000000000111111110000,1,0
118,3,TypeC,29400,000000000011111100000000001111110000000000000000000000000000000000000000000000000000011110000000000000000000000000000000000000000000011100000000000000000111110000000000,1,0
119,4,TypeC,29400,000000000011111100000000001111110000000000000000000000000000000000000000000000000000011110000000000000000000000000000000000000000000011100000000000000000111110000000000,1,0
120,0,TypeA,51900,000000011111111100000000000000000000011111111110000000000001111111111000000000000000011111111110000000000000000000000000000000001111111110000000000000000000000000000000,1,0
121,1,TypeB,39400,000000000000000000000000000000011111110000000000000000111111110000000000000000111111110000000000000000000000011111100000000000000000011111111000000000000000000000000000,1,0
122,2,TypeB,39400,000000000000000000000000000000011111110000000000000000111111110000000000000000111111110000000000000000000000011111100000000000000000011111111000000000000000000000000000,1,0
123,3,TypeC,27800,000000000000000000000000000000000000000000001111000000000001110000000000000000000000011110000000000000000000011111100000000000001111110000000000000000000000000000000000,1,0
124,4,TypeC,27800,000000000000000000000000000000000000000000001111000000000001110000000000000000000000011110000000000000000000011111100000000000001111110000000000000000000000000000000000,1,0
125,0,TypeA,54100,000000011111111100000000000000000000000000000001111111100000000000000000000000011111111110000000000000000000000000000000111111111000000000000000000111111111100000000000,1,0
126,1,TypeB,31400,000000000000000000000000000000000111110000000001111000000000011111111000000000000000011110000000000000000000000000000000000000001111111100000000000000000000000000000000,1,0
127,2,TypeB,31400,000000000000000000000000000000000111110000000001111000000000011111111000000000000000011110000000000000000000000000000000000000001111111100000000000000000000000000000000,1,0
128,3,TypeC,31100,000000000000000000000000000000000000000000000001111000000000011111100000000000000000011110000000000000000000011111100000000000001111110000000000000000000000000000000000,1,0
129,4,TypeC,31100,000000000000000000000000000000000000000000000001111000000000011111100000000000000000011110000000000000000000011111100000000000001111110000000000000000000000000000000000,1,0
130,0,TypeA,52900,000000011111111100000000000000000000011111111110000000000000000000000000000000000000000111111110000000000000000000000000111111111000000000000000000000000000011111111110,1,0
131,1,TypeB,35800,011111110000000000000000000000000111110000000000000000111111110000000000000000000000000111111110000000000000000000000000000111111000000000000000000000000000000000000000,1,0
132,2,TypeB,35800,011111110000000000000000000000000111110000000000000000111111110000000000000000000000000111111110000000000000000000000000000111111000000000000000000000000000000000000000,1,0
133,3,TypeC,31500,000000011110000000000000000000000111110000000000000000000111111000000000000000000000000111111000000000000000000000000000000111111000000000000000000000000000000000000000,1,0
134,4,TypeC,31500,000000011110000000000000000000000111110000000000000000000111111000000000000000000000000111111000000000000000000000000000000111111000000000000000000000000000000000000000,1,0
135,0,TypeA,56000,000000011111111100000000000000000000000000000011111111100000000000000000000000000000011111111110000000000000000000000000111111111000000000000000000111111111100000000000,1,0
136,1,TypeB,39400,000000000000000000000000000000000000000000000011111000000000011111111000000000111111110000000000001111111100000000000000000000000000000000001111111100000000000000000000,1,0
137,2,TypeB,39400,000000000000000000000000000000000000000000000011111000000000011111111000000000111111110000000000001111111100000000000000000000000000000000001111111100000000000000000000,1,0
138,3,TypeC,28500,000000000011111100000000000000000000000000000011111000000000000000000000000000000000011110000000000000000111110000000000000000000000000000000000000000000000000000011110,1,0
139,4,TypeC,28500,000000000011111100000000000000000000000000000011111000000000000000000000000000000000011110000000000000000111110000000000000000000000000000000000000000000000000000011110,1,0
140,0,TypeA,50800,000000011111111100000000000000000000000000000000000000000000111111111000000000000000000000000000000001111111110000000000000000011111111100000000000111111111100000000000,1,0
141,1,TypeB,39400,011111110000000000000000000000000000011111111000000000000000011111111000000000000000000111111000000000000000000000000000000000001111111100000000000000000000000000000000,1,0
142,2,TypeB,39400,011111110000000000000000000000000000011111111000000000000000011111111000000000000000000111111000000000000000000000000000000000001111111100000000000000000000000000000000,1,0
143,3,TypeC,34900,000000000000000000000000000000000111110000000000000000000111111000000000000000000000000111111000000000000000000000000000000000001111110000000000000000000111110000000000,1,0
144,4,TypeC,34900,000000000000000000000000000000000111110000000000000000000111111000000000000000000000000111111000000000000000000000000000000000001111110000000000000000000111110000000000,1,0
145,0,TypeA,49200,000000011111111100000000000000000000011111111110000000000001111111111000000000000000000000000000000000000001111111100000000000000000000000000000000111111110000000000000,1,0
146,1,TypeB,38400,000000000011111100000000000000000000011111111000000000000001111111100000000000000000000000000000000000000000011111100000000000000000000000000000000111111110000000000000,1,0
147,2,TypeB,38400,000000000011111100000000000000000000011111111000000000000001111111100000000000000000000000000000000000000000011111100000000000000000000000000000000111111110000000000000,1,0
148,3,TypeC,30200,000000000011111100000000000000000000000000001111000000000001111000000000011111100000000000000000000000000000011111100000000000000000000000000000000000000000000000000000,1,0
149,4,TypeC,30200,000000000011111100000000000000000000000000001111000000000001111000000000011111100000000000000000000000000000011111100000000000000000000000000000000000000000000000000000,1,0
150,0,TypeA,53400,000000000000000000000000000011111111110000000000000000111111111000000000000000011111111110000000000001111111110000000000000000000000000000000000000000000000011111111110,1,0
151,1,TypeB,32100,000000000000000000000000001111111100000000000000000000000000011111100000000000000000011110000000000000000111110000000000000000000000000000000000000111111100000000000000,1,0
152,2,TypeB,32100,000000000000000000000000001111111100000000000000000000000000011111100000000000000000011110000000000000000111110000000000000000000000000000000000000111111100000000000000,1,0
153,3,TypeC,31900,000000000000000000000000000000000111110000000000000000000000011111100000000000000000011110000000000000000111110000000000000000000000000000000000000000000111110000000000,1,0
154,4,TypeC,31900,000000000000000000000000000000000111110000000000000000000000011111100000000000000000011110000000000000000111110000000000000000000000000000000000000000000111110000000000,1,0
155,0,TypeA,48900,000000011111111100000000000000000000000000000000000000111111111000000000000000000011111111000000000001111111110000000000000000000000000000000000000000000000011111111110,1,0
156,1,TypeB,35300,000000000000000000000000000000111111110000000000000000000000011111111000000000000000111110000000000000000000000000000000000000000000000000000000000111111100000000011110,1,0
157,2,TypeB,35300,000000000000000000000000000000111111110000000000000000000000011111111000000000000000111110000000000000000000000000000000000000000000000000000000000111111100000000011110,1,0
158,3,TypeC,28100,000000000000011100000000000000000000000000000000000000000011111000000000000000000000111110000000000000000000011111100000000000000000000000000000000000000000000000011110,1,0
159,4,TypeC,28100,000000000000011100000000000000000000000000000000000000000011111000000000000000000000111110000000000000000000011111100000000000000000000000000000000000000000000000011110,1,0
160,0,TypeA,52100,000000011111111000000000000011111111110000000000000000111111111000000000000000111111111100000000000000000000000000000000000000000000000000000000000000000000011111111110,1,0
161,1,TypeB,43600,000000011111110000000000000000000000000000000000000000000000011111111000000000000000000000000000000000000000000000000000000111111000000000001111111100000000000111111110,1,0
162,2,TypeB,43600,000000011111110000000000000000000000000000000000000000000000011111111000000000000000000000000000000000000000000000000000000111111000000000001111111100000000000111111110,1,0
163,3,TypeC,30500,000000000011110000000000000000000111110000000000000000000000000000000000000000000000000000000011111000000000000000000000000111111000000000000000000000000011111100000000,1,0
164,4,TypeC,30500,000000000011110000000000000000000111110000000000000000000000000000000000000000000000000000000011111000000000000000000000000111111000000000000000000000000011111100000000,1,0
165,0,TypeA,53300,000000011111111100000000000000000000000000000000000000111111111000000000000000111111111100000000000000000000000000000000111111111000000000000000000000000000011111111110,1,0
166,1,TypeB,43800,000011111110000000000000000000000000011111111000000000000000011111111000000000000000000000000000000000000000000000000000000000000000000000001111111100000000000111111110,1,0
167,2,TypeB,43800,000011111110000000000000000000000000011111111000000000000000011111111000000000000000000000000000000000000000000000000000000000000000000000001111111100000000000111111110,1,0
168,3,TypeC,34300,000000000011111100000000000000000111110000000000000000000000000000000000000000000000000000000011111000000000011111100000000000000000000000000000000000000011111100000000,1,0
169,4,TypeC,34300,000000000011111100000000000000000111110000000000000000000000000000000000000000000000000000000011111000000000011111100000000000000000000000000000000000000011111100000000,1,0
170,0,TypeA,53300,000000011111111100000000000000000000011111111110000000000000011111111000000000000000000000000000000000000000000000111111111100000000000000000000000000000000011111111110,1,0
171,1,TypeB,42500,011111110000000000000000000000000000011111111000000000111111110000000000000000000000000000000000000000000000000000000000000000001111111000000000000000000000000111111110,1,0
172,2,TypeB,42500,011111110000000000000000000000000000011111111000000000111111110000000000000000000000000000000000000000000000000000000000000000001111111000000000000000000000000111111110,1,0
173,3,TypeC,27600,000000000000000000000000000000000111110000000000000000000000000000000000011111100000000000000000000000000000011111100000000000000000011100000000000000000000000000011110,1,0
174,4,TypeC,27600,000000000000000000000000000000000111110000000000000000000000000000000000011111100000000000000000000000000000011111100000000000000000011100000000000000000000000000011110,1,0
175,0,TypeA,52400,000000000000000000000000000000000000011111111110000000000000011111111000000000000000000000000011111111000000000000000000011111111000000000000000000111111111100000000000,1,0
176,1,TypeB,44800,000000000000000000000000000000000000011111111000000000111111110000000000000000000000000000000011111111000000000000000000011111111000000000001111111100000000000000000000,1,0
177,2,TypeB,44800,000000000000000000000000000000000000011111111000000000111111110000000000000000000000000000000011111111000000000000000000011111111000000000001111111100000000000000000000,1,0
178,3,TypeC,28300,000000001111110000000000001110000000000000000000000000000111111000000000011111100000000000000000001111000000000000000000000000000000000000000000000000000000000000000000,1,0
179,4,TypeC,28300,000000001111110000000000001110000000000000000000000000000111111000000000011111100000000000000000001111000000000000000000000000000000000000000000000000000000000000000000,1,0
180,0,TypeA,53700,000000000000000000000000000000000000011111111110000000000000011111111000000000000000000000000011111111000000000000000000111111111000000000000000000111111111100000000000,1,0
181,1,TypeB,44800,000000000000000000000000000000000000011111111000000000111111110000000000000000000000000000000011111111000000000000000000000000000000000000001111111100000000000111111110,1,0
182,2,TypeB,44800,000000000000000000000000000000000000011111111000000000111111110000000000000000000000000000000011111111000000000000000000000000000000000000001111111100000000000111111110,1,0
183,3,TypeC,24800,000000000000000000000000001111000000000000000000000000000111111000000000011111100000000000000000001111000000000000000000000000000000000000000000000000000000000000001110,1,0
184,4,TypeC,24800,000000000000000000000000001111000000000000000000000000000111111000000000011111100000000000000000001111000000000000000000000000000000000000000000000000000000000000001110,1,0
185,0,TypeA,53600,000000011111111100000000000000000000011111111110000000000000000000000000011111111100000000000000000001111111110000000000000000000000000000000000000000000000011111111110,1,0
186,1,TypeB,40400,000000011111110000000000000000011111110000000000000000000000011111111000000000000000000000000011111111000000000000000000000000000000000000000000000111111110000000000000,1,0
187,2,TypeB,40400,000000011111110000000000000000011111110000000000000000000000011111111000000000000000000000000011111111000000000000000000000000000000000000000000000111111110000000000000,1,0
188,3,TypeC,28100,000000011110000000000000000000000111110000000000000000000011111000000000000000000000000000000000001111000000000000000000000000000000000000000000000000000111110000000000,1,0
189,4,TypeC,28100,000000011110000000000000000000000111110000000000000000000011111000000000000000000000000000000000001111000000000000000000000000000000000000000000000000000111110000000000,1,0
190,0,TypeA,50100,000000011111111100000000000000011111111000000000000000111111111000000000000000000000000000000000000001111111110000000000000000000000000000000000000111111111100000000000,1,0
191,1,TypeB,41500,000000000000000000000000000000011111111000000000001111111100000000000000000000000000000000000000000000000000011111100000000000011111110000000000000111111110000000000000,1,0
192,2,TypeB,41500,000000000000000000000000000000011111111000000000001111111100000000000000000000000000000000000000000000000000011111100000000000011111110000000000000111111110000000000000,1,0
193,3,TypeC,31700,000000000000000000000000000000000000011111100000000000000111111000000000000000111000000000000000000000000000011111100000000000000000000000000000000000000111110000000000,1,0
194,4,TypeC,31700,000000000000000000000000000000000000011111100000000000000111111000000000000000111000000000000000000000000000011111100000000000000000000000000000000000000111110000000000,1,0
195,0,TypeA,53200,000000011111111100000000000000000000011111111110000000000001111111111000000000000000000000000000000000000000000000000000000000011111111110000000000000000000011111111110,1,0
196,1,TypeB,40100,011111110000000000000000000000111111110000000000000000000000011111111000000000000000000000000011111111000000000000000000000000011111110000000000000000000000000000000000,1,0
197,2,TypeB,40100,011111110000000000000000000000111111110000000000000000000000011111111000000000000000000000000011111111000000000000000000000000011111110000000000000000000000000000000000,1,0
198,3,TypeC,28300,000011110000000000000000000000000000000000000000000000000111111000000000011111100000000000000000001111000000000000000000000000000000000000000000000000000111110000000000,1,0
199,4,TypeC,28300,000011110000000000000000000000000000000000000000000000000111111000000000011111100000000000000000001111000000000000000000000000000000000000000000000000000111110000000000,1,0
200,0,TypeA,53400,011111111110000000000000001111111100000000000011111111100000000000000000000000000111111110000000000000000000000000000000000000000000000000000000000000000000011111111110,1,0
201,1,TypeB,39100,000000000000000000000000001111111100000000000001111111100000000000000000000000000111111110000000000000000000011111100000000000000000000000000000000111111100000000000000,1,0
202,2,TypeB,39100,000000000000000000000000001111111100000000000001111111100000000000000000000000000111111110000000000000000000011111100000000000000000000000000000000111111100000000000000,1,0
203,3,TypeC,23700,000000000000000000000000001110000000000000001111000000000011111000000000000000000000000000000000000000000000011111100000000000000000000000000000000111000000000000000000,1,0
204,4,TypeC,23700,000000000000000000000000001110000000000000001111000000000011111000000000000000000000000000000000000000000000011111100000000000000000000000000000000111000000000000000000,1,0
205,0,TypeA,52700,000000011111111100000000000001111111110000000000001111111110000000000000000000011111111110000000000000000000000000000000000000000000000000000000000000000000011111111110,1,0
206,1,TypeB,40400,011111110000000000000000000000011111110000000000000000111111110000000000000000000111111110000000000000000000000000000000000000000000000000001111111100000000000000000000,1,0
207,2,TypeB,40400,011111110000000000000000000000011111110000000000000000111111110000000000000000000111111110000000000000000000000000000000000000000000000000001111111100000000000000000000,1,0
208,3,TypeC,25700,000000000000000000000000001111110000000000000000001111100000000000000000000000000000011110000000000000000111110000000000000000000000000000000000000111000000000000000000,1,0
209,4,TypeC,25700,000000000000000000000000001111110000000000000000001111100000000000000000000000000000011110000000000000000111110000000000000000000000000000000000000111000000000000000000,1,0
210,0,TypeA,54900,011111111110000000000000000000000000000000000000000000111111110000000000011111111100000000000011111111000000000000000000000000000000000000000000000111111111100000000000,1,0
211,1,TypeB,40400,011111110000000000000000000000000000000000000000000000111111110000000000011111110000000000000011111111000000000000000000000000000000000000000000000111111110000000000000,1,0
212,2,TypeB,40400,011111110000000000000000000000000000000000000000000000111111110000000000011111110000000000000011111111000000000000000000000000000000000000000000000111111110000000000000,1,0
213,3,TypeC,30300,000000000000000000000000000000000000000000000000000000111110000000000000011111100000000000000011111000000000011111100000000000000000000000000000000000000111110000000000,1,0
214,4,TypeC,30300,000000000000000000000000000000000000000000000000000000111110000000000000011111100000000000000011111000000000011111100000000000000000000000000000000000000111110000000000,1,0
215,0,TypeA,56700,011111111110000000000000000011111111110000000000000000111111111000000000000000000000000000000000000000000000000000000000111111111000000000000000000000000000011111111110,1,0
216,1,TypeB,31800,000000000000000000000000000000000000000000001111111000000000011111111000000000000000000000000011111000000000011110000000000000000000000000000000000000000011111100000000,1,0
217,2,TypeB,31800,000000000000000000000000000000000000000000001111111000000000011111111000000000000000000000000011111000000000011110000000000000000000000000000000000000000011111100000000,1,0
218,3,TypeC,19200,000000000000000000000000000000000000000000000011111000000000000000000000000000000000000011100000000000000001110000000000111100000000000000000000000111000000000000000000,1,0
219,4,TypeC,19200,000000000000000000000000000000000000000000000011111000000000000000000000000000000000000011100000000000000001110000000000111100000000000000000000000111000000000000000000,1,0
220,0,TypeA,52700,000011111111110000000000001111111100000000000000000000111111111000000000000000000000000000000000000000000111111111100000000000000000000000000000000000000000011111111110,1,0
221,1,TypeB,35000,000000000000000000000000001111111100000000001111111000000000011111111000000000000000000011111110000000000111110000000000000000000000000000000000000000000000000000000000,1,0
222,2,TypeB,35000,000000000000000000000000001111111100000000001111111000000000011111111000000000000000000011111110000000000111110000000000000000000000000000000000000000000000000000000000,1,0
223,3,TypeC,22500,000011110000000000000000001110000000000000000000000000000000000000000000000000000000000000000011111000000000000000000000111100000000000000000000000000000111110000000000,1,0
224,4,TypeC,22500,000011110000000000000000001110000000000000000000000000000000000000000000000000000000000000000011111000000000000000000000111100000000000000000000000000000111110000000000,1,0
225,0,TypeA,52400,011111111110000000000000000000000000000000000000000000111111111000000000000000000000000000000000000000000111111111100000000000001111111100000000000111111111100000000000,1,0
226,1,TypeB,34100,000000000000000000000000000000000000000000001111111000000000011111111000000000000000011110000000000000000000011111100000000000000000000000000000000000000111111100000000,1,0
227,2,TypeB,34100,000000000000000000000000000000000000000000001111111000000000011111111000000000000000011110000000000000000000011111100000000000000000000000000000000000000111111100000000,1,0
228,3,TypeC,29100,000000000000000000000000000000000000000000001111000000000000000000000000000000000000011110000000000000000000011111100000000000001111110000000000000000000000111100000000,1,0
229,4,TypeC,29100,000000000000000000000000000000000000000000001111000000000000000000000000000000000000011110000000000000000000011111100000000000001111110000000000000000000000111100000000,1,0
230,0,TypeA,51100,000000011111111100000000000011111111110000000000000000111111111000000000000000000000000000000000000000000000000000000000000000001111111100000000000111111111100000000000,1,0
231,1,TypeB,32300,000000000000000000000000000000000000011111000000000000111111110000000000000000000000000000000011111000000000000000000000000000001111110000000000000000000111110000000000,1,0
232,2,TypeB,32300,000000000000000000000000000000000000011111000000000000111111110000000000000000000000000000000011111000000000000000000000000000001111110000000000000000000111110000000000,1,0
233,3,TypeC,32100,000000000000000000000000000000000000011111000000000000000000000000000000000000111111000000000011111000000000000000000000000000001111110000000000000000000111110000000000,1,0
234,4,TypeC,32100,000000000000000000000000000000000000011111000000000000000000000000000000000000111111000000000011111000000000000000000000000000001111110000000000000000000111110000000000,1,0
235,0,TypeA,49600,000000011111111100000000000000000111111111100000000000111111111000000000000000000000000000000000000000000000000000000000000000001111111100000000000111111111100000000000,1,0
236,1,TypeB,26000,000000011110000000000000000000000111110000000000000000111111110000000000000000000000111110000000001111000000000000000000000000000000000000000000000000000000000000000000,1,0
237,2,TypeB,26000,000000011110000000000000000000000111110000000000000000111111110000000000000000000000111110000000001111000000000000000000000000000000000000000000000000000000000000000000,1,0
238,3,TypeC,21800,000000011110000000000000000000000000011111100000000000000000000000000000000000111000000000000000001111000000000000000000111000000000000000000000000000000000000000000000,1,0
239,4,TypeC,21800,000000011110000000000000000000000000011111100000000000000000000000000000000000111000000000000000001111000000000000000000111000000000000000000000000000000000000000000000,1,0
240,0,TypeA,51200,000000011111111100000000000000000111111111100000000000111111110000000000000000111111111100000000000000000000000000000000000000000000000000000000000111111111100000000000,1,0
241,1,TypeB,28000,000000000000000000000000111100000000011111111000000000111111110000000000000000000000011110000000001111000000000000000000000000000000000000000000000000000000000000000000,1,0
242,2,TypeB,28000,000000000000000000000000111100000000011111111000000000111111110000000000000000000000011110000000001111000000000000000000000000000000000000000000000000000000000000000000,1,0
243,3,TypeC,16000,000000000000000000000000001110000000000000000000000000000000000000000000000000111000000000000000001111000000000000000000111000000000000000000000000111000000000000000000,1,0
244,4,TypeC,16000,000000000000000000000000001110000000000000000000000000000000000000000000000000111000000000000000001111000000000000000000111000000000000000000000000111000000000000000000,1,0
245,0,TypeA,48800,000000000000000000000000000000000000011111111110000000000000011111111000000000000000000111111110000000000000000000000000000000000000011111111000000000000000011111111110,1,0
246,1,TypeB,32000,011111110000000000000000001111000000000000000000000000111111110000000000000000000000000111111110000000000111110000000000000000000000000000000000000000000000000000000000,1,0
247,2,TypeB,32000,011111110000000000000000001111000000000000000000000000111111110000000000000000000000000111111110000000000111110000000000000000000000000000000000000000000000000000000000,1,0
248,3,TypeC,20200,000000000000000000000000001111000000000000000000000000000000000000000000000000111000000000000000001111000000000000000000111100000000000000000000000000000000111100000000,1,0
249,4,TypeC,20200,000000000000000000000000001111000000000000000000000000000000000000000000000000111000000000000000001111000000000000000000111100000000000000000000000000000000111100000000,1,0
250,0,TypeA,49300,000000011111111100000000000000000000000000000000000000111111111000000000000000000000000000000000000000000111111111100000000000000000011111111000000000000000011111111110,1,0
251,1,TypeB,44800,000000000000000000000000000000000000011111111000000000000000011111111000000000000000000000000000001111111100000000000000000000000000011111111000000000000000111111110000,1,0
252,2,TypeB,44800,000000000000000000000000000000000000011111111000000000000000011111111000000000000000000000000000001111111100000000000000000000000000011111111000000000000000111111110000,1,0
253,3,TypeC,28700,000000000000000000000000000000000111110000000000000000000000000000000000000000000000011110000000000000000111110000000000111100000000000000000000000000000111110000000000,1,0
254,4,TypeC,28700,000000000000000000000000000000000111110000000000000000000000000000000000000000000000011110000000000000000111110000000000111100000000000000000000000000000111110000000000,1,0
255,0,TypeA,55400,000000011111111100000000000000000000000000000000000000111111111000000000000000000000000000001111111111000000000000000000111111111000000000000000000000000000011111111110,1,0
256,1,TypeB,32500,000000000011111100000000000000000000000000000000000000111111110000000000000000000111111110000000001111000000000000000000000000000000000000000000000000000111110000000000,1,0
257,2,TypeB,32500,000000000011111100000000000000000000000000000000000000111111110000000000000000000111111110000000001111000000000000000000000000000000000000000000000000000111110000000000,1,0
258,3,TypeC,27300,000000000011111100000000000000000000000000000000001111100000000000000000000000000000000000000000001111000000000000000000111100000000000000000000000000000111110000000000,1,0
259,4,TypeC,27300,000000000011111100000000000000000000000000000000001111100000000000000000000000000000000000000000001111000000000000000000111100000000000000000000000000000111110000000000,1,0
260,0,TypeA,50700,000000011111111100000000000000000000000000000011111111100000000000000000000000000000111111111000000000000000000000000000000000000000011111111000000000000000011111111110,1,0
261,1,TypeB,36300,000000000000000000000000000000011111110000000001111111100000000000000000000000000000000000001111111000000000000000000000000000001111110000000000000000000111110000000000,1,0
262,2,TypeB,36300,000000000000000000000000000000011111110000000001111111100000000000000000000000000000000000001111111000000000000000000000000000001111110000000000000000000111110000000000,1,0
263,3,TypeC,26500,000000000000000000000000001111110000000000111111000000000000000000000000000000000000000000000000001111000000000000000000111100000000000000000000000000000111110000000000,1,0
264,4,TypeC,26500,000000000000000000000000001111110000000000111111000000000000000000000000000000000000000000000000001111000000000000000000111100000000000000000000000000000111110000000000,1,0
265,0,TypeA,50800,000000011111111100000000000000000000011111111110000000000000011111111000000000000000000000000000000000000000000000000000000000011111111100000000000111111111100000000000,1,0
266,1,TypeB,36500,000000000000000000000000000000000000011111111000000000111111110000000000000000000001111110000000001111111100000000000000000000000000000000000000000000000111110000000000,1,0
267,2,TypeB,36500,000000000000000000000000000000000000011111111000000000111111110000000000000000000001111110000000001111111100000000000000000000000000000000000000000000000111110000000000,1,0
268,3,TypeC,23000,000000000000000000000000001111110000000000000011111000000000000000000000000000000000000000000000001111000000000000000000111100000000000000000000000000000000000000011110,1,0
269,4,TypeC,23000,000000000000000000000000001111110000000000000011111000000000000000000000000000000000000000000000001111000000000000000000111100000000000000000000000000000000000000011110,1,0
270,0,TypeA,49900,000000011111111100000000000000000111111111100000000000111111111000000000000000000000000111111110000000000000000000000000000000000000000000000000000000000000011111111110,1,0
271,1,TypeB,35100,000000000011111100000000000000000000011111111000000000111111110000000000000000111100000000000000000000000000000000000000000000000000000000000000000000000111111100000000,1,0
272,2,TypeB,35100,000000000011111100000000000000000000011111111000000000111111110000000000000000111100000000000000000000000000000000000000000000000000000000000000000000000111111100000000,1,0
273,3,TypeC,28500,000000000011111100000000000000000000011111100000000000000000000000000000000000111100000000000000001111000000000000000000000000000000000000000000000000000000111100000000,1,0
274,4,TypeC,28500,000000000011111100000000000000000000011111100000000000000000000000000000000000111100000000000000001111000000000000000000000000000000000000000000000000000000111100000000,1,0
275,0,TypeA,51900,000000011111111100000000000000000000000000000000000000111111111000000000000000000001111111111000000000000000000000000000000000011111111110000000000000000000011111111110,1,0
276,1,TypeB,40500,011111110000000000000000000000000000000000000000000000000000011111111000000000000001111110000000000000000000000000000000000000000000011111111000000000000111111100000000,1,0
277,2,TypeB,40500,011111110000000000000000000000000000000000000000000000000000011111111000000000000001111110000000000000000000000000000000000000000000011111111000000000000111111100000000,1,0
278,3,TypeC,29500,000000000000000000000000001111110000000000000000000000000000000000000000000000000001111110000000000000000111110000000000000000000000011110000000000000000000000000011110,1,0
279,4,TypeC,29500,000000000000000000000000001111110000000000000000000000000000000000000000000000000001111110000000000000000111110000000000000000000000011110000000000000000000000000011110,1,0
280,0,TypeA,49200,000000011111111100000000000000000000000000000000000000111111110000000000000000000000011111111110000000000000000000000000000000001111111100000000000000000000011111111110,1,0
281,1,TypeB,38100,000011111110000000000000000000011111110000000000000000111111110000000000011111110000000000000000000000000000000000000000000000001111111000000000000000000000000000000000,1,0
282,2,TypeB,38100,000011111110000000000000000000011111110000000000000000111111110000000000011111110000000000000000000000000000000000000000000000001111111000000000000000000000000000000000,1,0
283,3,TypeC,23500,000000011110000000000000000000000000000000000011111000000000000000000000011111100000000000000000000000000000000000000000111100000000000000000000000000000000111000000000,1,0
284,4,TypeC,23500,000000011110000000000000000000000000000000000011111000000000000000000000011111100000000000000000000000000000000000000000111100000000000000000000000000000000111000000000,1,0
285,0,TypeA,50200,000000011111111100000000000000000000000000000000000000111111111000000000000000000000011111111110000000000000000000000000000000001111111100000000000000000000011111111110,1,0
286,1,TypeB,39100,011111111000000000000000000000011111110000000000000000111111110000000000011111110000000000000000000000000000000000000000000000001111111000000000000000000000000000000000,1,0
287,2,TypeB,39100,011111111000000000000000000000011111110000000000000000111111110000000000011111110000000000000000000000000000000000000000000000001111111000000000000000000000000000000000,1,0
288,3,TypeC,25600,000000000011111100000000000000000000000000000000000000000000111000000000011111100000000000000000000000000000000000000000111100000000000000000000000000000000111000000000,1,0
289,4,TypeC,25600,000000000011111100000000000000000000000000000000000000000000111000000000011111100000000000000000000000000000000000000000111100000000000000000000000000000000111000000000,1,0
290,0,TypeA,50500,000000011111111100000000000000000000000000000000000000111111111000000000000000000000000000000000000001111111110000000000000000011111111100000000000000000000011111111110,1,0
291,1,TypeB,36000,011111110000000000000000000000000000000000001111111000000000011111111000000000000000000111111110000000000000011111100000000000000000000000000000000000000000000000000000,1,0
292,2,TypeB,36000,011111110000000000000000000000000000000000001111111000000000011111111000000000000000000111111110000000000000011111100000000000000000000000000000000000000000000000000000,1,0
293,3,TypeC,30400,000000000011111100000000000000000000000000000011111000000000000000000000000000000000111110000000000000000000011111100000000000000000011100000000000000000000000000000000,1,0
294,4,TypeC,30400,000000000011111100000000000000000000000000000011111000000000000000000000000000000000111110000000000000000000011111100000000000000000011100000000000000000000000000000000,1,0
295,0,TypeA,50300,000000011111111100000000000000011111111000000000000000000000000000000000000000000000011111111000000000000000000000000000111111111000000000000000000111111111100000000000,1,0
296,1,TypeB,34400,000000000011111100000000000000011111110000000000000000000000000000000000011111110000000000000000001111000000000000000000000000000000000000000000000111111110000000000000,1,0
297,2,TypeB,34400,000000000011111100000000000000011111110000000000000000000000000000000000011111110000000000000000001111000000000000000000000000000000000000000000000111111110000000000000,1,0
298,3,TypeC,27000,000000000011111100000000000000000000011111000000000000000000000000000000011111100000000000000000001111000000000000000000111000000000000000000000000000000000000000000000,1,0
299,4,TypeC,27000,000000000011111100000000000000000000011111000000000000000000000000000000011111100000000000000000001111000000000000000000111000000000000000000000000000000000000000000000,1,0
300,0,TypeA,48200,000000011111111100000000000000011111111000000000000000000000111111111000000000000000011111111000000000000000000000000000000000000000000000000000000111111111100000000000,1,0
301,1,TypeB,32000,000000000011111100000000000000011111110000000001111111100000000000000000011111110000000000000000001111000000000000000000000000000000000000000000000000000000000000000000,1,0
302,2,TypeB,32000,000000000011111100000000000000011111110000000001111111100000000000000000011111110000000000000000001111000000000000000000000000000000000000000000000000000000000000000000,1,0
303,3,TypeC,28300,000000000011111100000000000000000000000000000000000000000000000000000000011111100000000000000000001111000000000000000000111100000000000000000000000000000111110000000000,1,1
304,4,TypeC,28300,000000000011111100000000000000000000000000000000000000000000000000000000011111100000000000000000001111000000000000000000111100000000000000000000000000000111110000000000,1,0
305,0,TypeA,51600,000000011111111100000000000000011111111000000000000000111111111000000000000000000000000000000000000000000000000000000000111111111000000000000000000111111111100000000000,1,0
306,1,TypeB,41500,000000000000000000000000000000011111110000000001111111100000000000000000011111110000000000000000000000000000000000000000000000011111110000000000000111111110000000000000,1,0
307,2,TypeB,41500,000000000000000000000000000000011111110000000001111111100000000000000000011111110000000000000000000000000000000000000000000000011111110000000000000111111110000000000000,1,0
308,3,TypeC,24500,000000011110000000000000001111110000000000000000000000000000111000000000011111100000000000000000000000000000000000000000111100000000000000000000000000000000000000000000,1,0
309,4,TypeC,24500,000000011110000000000000001111110000000000000000000000000000111000000000011111100000000000000000000000000000000000000000111100000000000000000000000000000000000000000000,1,0
310,0,TypeA,56400,011111111110000000000000000000000000000000111111111000000000000000000000000000000000011111111110000000000000000000000000000000011111111100000000000111111111100000000000,1,0
311,1,TypeB,40100,011111110000000000000000000000000000011111111000000000111111110000000000000000000000011111111000000000000000000000000000000000011111110000000000000000000000000000000000,1,0
312,2,TypeB,40100,011111110000000000000000000000000000011111111000000000111111110000000000000000000000011111111000000000000000000000000000000000011111110000000000000000000000000000000000,1,0
313,3,TypeC,27500,000000000000000000000000001111110000000000111111000000000011111000000000000111110000000000000000001111000000000000000000000000000000000000000000000000000000000000000000,1,0
314,4,TypeC,27500,000000000000000000000000001111110000000000111111000000000011111000000000000111110000000000000000001111000000000000000000000000000000000000000000000000000000000000000000,1,0
315,0,TypeA,47300,000000011111111100000000000000000000000000000000000000111111111000000000000000000111111110000000000000000000000000000000000000000000011111111000000000000000011111111110,1,0
316,1,TypeB,35300,000000000000000000000000000000000000011111111000000000000000011111111000000000000000111110000000000000000000000000000000000000011111110000000000000000000011110000000000,1,0
317,2,TypeB,35300,000000000000000000000000000000000000011111111000000000000000011111111000000000000000111110000000000000000000000000000000000000011111110000000000000000000011110000000000,1,0
318,3,TypeC,23100,000000000000011100000000001111110000000000000000000000000000000000000000000111100000000000000000001111000000000000000000000000000000000000000000000000000011110000000000,1,0
319,4,TypeC,23100,000000000000011100000000001111110000000000000000000000000000000000000000000111100000000000000000001111000000000000000000000000000000000000000000000000000011110000000000,1,0
320,0,TypeA,52100,000000011111111100000000000001111111110000000000000000000000000000000000000000111111111100000000000000000000000000000000000000011111111100000000000111111111100000000000,1,0
321,1,TypeB,38600,000000000000000000000000000000011111110000000000000000000000011111111000000000000000000111111110000000000000000000000000000000011111110000000000000000000111110000000000,1,0
322,2,TypeB,38600,000000000000000000000000000000011111110000000000000000000000011111111000000000000000000111111110000000000000000000000000000000011111110000000000000000000111110000000000,1,0
323,3,TypeC,25500,000000000000000000000000001111110000000000000001111000000000000000000000011111100000000000000000000000000000000000000000111000000000000000000000000000000111110000000000,1,0
324,4,TypeC,25500,000000000000000000000000001111110000000000000001111000000000000000000000011111100000000000000000000000000000000000000000111000000000000000000000000000000111110000000000,1,0
325,0,TypeA,50200,000000011111111100000000000000000000011111111000000000000001111111111000000000000000000000000000000000000000000000000000000000011111111100000000000111111111100000000000,1,0
326,1,TypeB,41400,011111111000000000000000000000000000011111111000000000000000011111111000000000000000000000001111111000000000000000000000000000000000000000001111111100000000000000000000,1,0
327,2,TypeB,41400,011111111000000000000000000000000000011111111000000000000000011111111000000000000000000000001111111000000000000000000000000000000000000000001111111100000000000000000000,1,0
328,3,TypeC,19500,000000000000000000000000001110000000000000000000000000000001111000000000000000111100000000000000001111000000000000000000000000000000000000000000000111000000000000000000,1,0
329,4,TypeC,19500,000000000000000000000000001110000000000000000000000000000001111000000000000000111100000000000000001111000000000000000000000000000000000000000000000111000000000000000000,1,0
330,0,TypeA,51800,000000011111111100000000000000000000000000000000000000111111111000000000000000111111111100000000000000000000000000000000000000011111111100000000000111111111100000000000,1,0
331,1,TypeB,35400,000000000000000000000000000000000000011111111000000000000111111110000000000000000000111110000000001111000000000000000000000000000000000000001111111100000000000000000000,1,0
332,2,TypeB,35400,000000000000000000000000000000000000011111111000000000000111111110000000000000000000111110000000001111000000000000000000000000000000000000001111111100000000000000000000,1,0
333,3,TypeC,23100,000000000000000111000000000000000111110000000000000000000000000000000000011111100000000000000000001111000000000000000000000000000000000000000000000111000000000000000000,1,0
334,4,TypeC,23100,000000000000000111000000000000000111110000000000000000000000000000000000011111100000000000000000001111000000000000000000000000000000000000000000000111000000000000000000,1,0
335,0,TypeA,48200,000000000000000000000000000000000000011111111000000000000000011111111000000000000000000111111110000000000000000000000000000000011111111110000000000000000000011111111110,1,0
336,1,TypeB,41500,000000000000000000000000000000000000011111111000000000111111110000000000000000000001111110000000000000000000000000000000000000000000011111111000000000000111111100000000,1,0
337,2,TypeB,41500,000000000000000000000000000000000000011111111000000000111111110000000000000000000001111110000000000000000000000000000000000000000000011111111000000000000111111100000000,1,0
338,3,TypeC,29600,000000000000011100000000000000000111110000000000000000000000011100000000000000000001111110000000000000000000000000000000000000001111110000000000000000000000000000000000,1,0
339,4,TypeC,29600,000000000000011100000000000000000111110000000000000000000000011100000000000000000001111110000000000000000000000000000000000000001111110000000000000000000000000000000000,1,0
340,0,TypeA,52200,000011111111110000000000000000000111111111000000000000111111111000000000000000000000000000000000000000000000000000000000000000011111111110000000000000000000011111111110,1,0
341,1,TypeB,33400,000011111110000000000000000000011111110000000000000000000011111000000000000000000000011110000000000000000000000000000000000000000000011111111000000000000000000000000000,1,0
342,2,TypeB,33400,000011111110000000000000000000011111110000000000000000000011111000000000000000000000011110000000000000000000000000000000000000000000011111111000000000000000000000000000,1,0
343,3,TypeC,26000,000000000000000000000000000000000111110000000000000000000011111000000000011111100000000000000000001111000000000000000000000000000000000000000000000111000000000000000000,1,0
344,4,TypeC,26000,000000000000000000000000000000000111110000000000000000000011111000000000011111100000000000000000001111000000000000000000000000000000000000000000000111000000000000000000,1,0
345,0,TypeA,51500,000000000000000000000000000000011111111000000000000000111111111000000000000000000000011111111110000000000000000000000000000000011111111110000000000000000000011111111110,1,0
346,1,TypeB,37400,000000000000011110000000001111111100000000001111111000000000011111111000000000000000000000000000000000000000000000000000000000000000011111111000000000000000000000000000,1,0
347,2,TypeB,37400,000000000000011110000000001111111100000000001111111000000000011111111000000000000000000000000000000000000000000000000000000000000000011111111000000000000000000000000000,1,0
348,3,TypeC,25400,000000000000011100000000000000000111110000000000000000000000000000000000011111100000000000000000000000000000000000000000000111111000000000000000000111000000000000000000,1,0
349,4,TypeC,25400,000000000000011100000000000000000111110000000000000000000000000000000000011111100000000000000000000000000000000000000000000111111000000000000000000111000000000000000000,1,0
350,0,TypeA,53100,011111111110000000000000000000000111111111000000000000111111111000000000000000000000000000000000000000000000000000000000000000011111111110000000000000000000011111111110,1,0
351,1,TypeB,37400,000000000000000000000000001111111100000000001111111000000000011111111000000000000000011110000000000000000000000000000000000000000000011111111000000000000000000000000000,1,0
352,2,TypeB,37400,000000000000000000000000001111111100000000001111111000000000011111111000000000000000011110000000000000000000000000000000000000000000011111111000000000000000000000000000,1,0
353,3,TypeC,19000,000000000000000000000000001110000000000000001111000000000000000000000000000001110000000000000000000000000000000000000000000111111000000000000000000111000000000000000000,1,0
354,4,TypeC,19000,000000000000000000000000001110000000000000001111000000000000000000000000000001110000000000000000000000000000000000000000000111111000000000000000000111000000000000000000,1,0
355,0,TypeA,50100,000000011111111100000000000000000000000000000000000000111111111000000000000000000000000111111110000000000000000000000000000000011111111100000000000111111111100000000000,1,0
356,1,TypeB,40500,000011111110000000000000000000011111110000000000000000000000000000000000000000000000000000001111111000000000000000000000000000011111111000000000000000000111111100000000,1,0
357,2,TypeB,40500,000011111110000000000000000000011111110000000000000000000000000000000000000000000000000000001111111000000000000000000000000000011111111000000000000000000111111100000000,1,0
358,3,TypeC,21300,000000000000000000000000001110000000000000000000000000000000000000000000000000111100000000000011111000000000000000000000000111111000000000000000000111000000000000000000,1,0
359,4,TypeC,21300,000000000000000000000000001110000000000000000000000000000000000000000000000000111100000000000011111000000000000000000000000111111000000000000000000111000000000000000000,1,0
360,0,TypeA,49900,000000011111111100000000000000011111111000000000000000111111111000000000000000000000000000000000000000000000000000000000000000011111111110000000000000000000011111111110,1,0
361,1,TypeB,35100,000000011111110000000000000000011111110000000001111111100000000000000000000000111100000000000000000000000000000000000000000000000000000000000000000000000111111100000000,1,0
362,2,TypeB,35100,000000011111110000000000000000011111110000000001111111100000000000000000000000111100000000000000000000000000000000000000000000000000000000000000000000000111111100000000,1,0
363,3,TypeC,26000,000000000000000000000000001111110000000000000001111000000000000000000000000000111100000000000000000000000000000000000000000000000000011110000000000000000111110000000000,1,0
364,4,TypeC,26000,000000000000000000000000001111110000000000000001111000000000000000000000000000111100000000000000000000000000000000000000000000000000011110000000000000000111110000000000,1,0
365,0,TypeA,51600,011111111110000000000000000000000000000000000000000000111111111000000000000000111111110000000000000000000000000000000000000000011111111000000000000111111111100000000000,1,0
366,1,TypeB,32400,000000000000000000000000000000000111110000000001111111100000000000000000000000000000111110000000001111000000000000000000000000000000000000000000000111111110000000000000,1,0
367,2,TypeB,32400,000000000000000000000000000000000111110000000001111111100000000000000000000000000000111110000000001111000000000000000000000000000000000000000000000111111110000000000000,1,0
368,3,TypeC,21500,000000000000000000000000001111000000000000000000000000000000000000000000000000111000000000000000001111000000000000000000000000001111110000000000000111000000000000000000,1,0
369,4,TypeC,21500,000000000000000000000000001111000000000000000000000000000000000000000000000000111000000000000000001111000000000000000000000000001111110000000000000111000000000000000000,1,0
370,0,TypeA,51200,000011111111110000000000000000000000000000000000000000111111111000000000000000000111111110000000000000000000000000000000000000011111111110000000000000000000011111111110,1,0
371,1,TypeB,44800,000000000000000000000000001111111100000000000001111111100000000000000000000000000111111110000000000000000000000000000000000000001111111100000000000111111110000000000000,1,0
372,2,TypeB,44800,000000000000000000000000001111111100000000000001111111100000000000000000000000000111111110000000000000000000000000000000000000001111111100000000000111111110000000000000,1,0
373,3,TypeC,27300,000000000000000000000000000000000000000000000011111000000000000000000000000000111100000000000000001111000000000000000000000000001111110000000000000000000111110000000000,1,0
374,4,TypeC,27300,000000000000000000000000000000000000000000000011111000000000000000000000000000111100000000000000001111000000000000000000000000001111110000000000000000000111110000000000,1,0
375,0,TypeA,52700,000000011111111100000000000001111111110000000000000000111111111000000000000000000000011111111110000000000000000000000000000000000000000000000000000111111111100000000000,1,0
376,1,TypeB,37400,000000000011111100000000000000000000011111000000000000000111111110000000000000111111110000000000000000000000000000000000000000000000000000000000000111111110000000000000,1,0
377,2,TypeB,37400,000000000011111100000000000000000000011111000000000000000111111110000000000000111111110000000000000000000000000000000000000000000000000000000000000111111110000000000000,1,0
378,3,TypeC,18900,000000000000000000000000001111000000000000001111000000000000000000000000000111100000000000000000000000000000011100000000000000000000000000000000000111000000000000000000,1,0
379,4,TypeC,18900,000000000000000000000000001111000000000000001111000000000000000000000000000111100000000000000000000000000000011100000000000000000000000000000000000111000000000000000000,1,0
380,0,TypeA,52500,000000011111111100000000000000000000000000000000000000111111111000000000000000000000011111111110000000000000000000000000000000011111111110000000000000000000011111111110,1,0
381,1,TypeB,39400,000011111110000000000000000000000000011111100000000000000000011111111000000000111111110000000000000000000000000000000000000000000000000000000000000111111110000000000000,1,0
382,2,TypeB,39400,000011111110000000000000000000000000011111100000000000000000011111111000000000111111110000000000000000000000000000000000000000000000000000000000000111111110000000000000,1,0
383,3,TypeC,23100,000000000000000000000000111000000000011111100000000000000000000000000000011111100000000000000000000000000000011100000000000000000000000000000000000111000000000000000000,1,0
384,4,TypeC,23100,000000000000000000000000111000000000011111100000000000000000000000000000011111100000000000000000000000000000011100000000000000000000000000000000000111000000000000000000,1,0
385,0,TypeA,49500,000000011111111100000000000000011111111000000000000000111111111000000000000000000000000000000000000000000000000000000000000000011111111100000000000111111111100000000000,1,0
386,1,TypeB,32800,011111110000000000000000000000011111110000000000000000000000001111111000000000000000011110000000000000000000000000000000000000000000000000000000000000000011111100000000,1,0
387,2,TypeB,32800,011111110000000000000000000000011111110000000000000000000000001111111000000000000000011110000000000000000000000000000000000000000000000000000000000000000011111100000000,1,0
388,3,TypeC,28300,000000000000000000000000000000000000011111000000000000111100000000000000011111100000000000000000001111000000000000000000000000000000000000000000000000000011111100000000,1,0
389,4,TypeC,28300,000000000000000000000000000000000000011111000000000000111100000000000000011111100000000000000000001111000000000000000000000000000000000000000000000000000011111100000000,1,0
390,0,TypeA,52200,000011111111110000000000000000000111111111100000000000111111111000000000000000000000000000000000000000000000000000000000000000011111111100000000000000000000011111111110,1,0
391,1,TypeB,37800,011111110000000000000000000000011111110000000000000000000000011111111000000000111111110000000000000000000000000000000000000000000000000000000000000000000011111100000000,1,0
392,2,TypeB,37800,011111110000000000000000000000011111110000000000000000000000011111111000000000111111110000000000000000000000000000000000000000000000000000000000000000000011111100000000,1,0
393,3,TypeC,31000,000000000000000000000000000000000000011111100000000000000000000000000000011111100000000000000000001111000000000000000000000111111000000000000000000000000011111100000000,1,0
394,4,TypeC,31000,000000000000000000000000000000000000011111100000000000000000000000000000011111100000000000000000001111000000000000000000000111111000000000000000000000000011111100000000,1,0
395,0,TypeA,51300,000000011111111100000000000000000111111111100000000000000000000000000000000000111111111100000000000000000000000000000000000000011111111100000000000000000000011111111110,1,0
396,1,TypeB,35000,011111110000000000000000000000011111110000000000000000000000011111111000000000111111110000000000000000000111110000000000000000000000000000000000000000000000000000000000,1,0
397,2,TypeB,35000,011111110000000000000000000000011111110000000000000000000000011111111000000000111111110000000000000000000111110000000000000000000000000000000000000000000000000000000000,1,0
398,3,TypeC,24100,000000000000011100000000000000000000011111100000000000000000000000000000011111100000000000000000001111000000000000000000000000000000000000000000000111000000000000000000,1,0
399,4,TypeC,24100,000000000000011100000000000000000000011111100000000000000000000000000000011111100000000000000000001111000000000000000000000000000000000000000000000111000000000000000000,1,0
400,0,TypeA,51800,000000011111111100000000000011111111110000000000000000111111111000000000000000000000000000000000000000000000000000000000000000011111111100000000000000000000011111111110,1,0
401,1,TypeB,34400,000000000011111100000000000000000000000000000001111111100000000000000000000000000000011110000000000000000000011111100000000000000000000000001111111100000000000000000000,1,0
402,2,TypeB,34400,000000000011111100000000000000000000000000000001111111100000000000000000000000000000011110000000000000000000011111100000000000000000000000001111111100000000000000000000,1,0
403,3,TypeC,30100,000000000000000000000000000000000000011111100000000000000000000000000000000000000000011110000000000000000000011111100000000000001111110000000000000111000000000000000000,1,0
404,4,TypeC,30100,000000000000000000000000000000000000011111100000000000000000000000000000000000000000011110000000000000000000011111100000000000001111110000000000000111000000000000000000,1,0
405,0,TypeA,51400,011111111110000000000000000000000111111111100000000000000000000000000000000000000000000111111110000000000000000000000000000000000000011111111000000000000000011111111110,1,0
406,1,TypeB,34400,000000011111110000000000000000000000011111100000000000000000011110000000000000000000000011111110000000000000000000000000000000000000011111111000000000000000000000000000,1,0
407,2,TypeB,34400,000000011111110000000000000000000000011111100000000000000000011110000000000000000000000011111110000000000000000000000000000000000000011111111000000000000000000000000000,1,0
408,3,TypeC,24700,011110000000000000000000000000000000011111100000000000000000000000000000000001110000000000000000000000000000000000000000111100000000000000000000000000000111110000000000,1,0
409,4,TypeC,24700,011110000000000000000000000000000000011111100000000000000000000000000000000001110000000000000000000000000000000000000000111100000000000000000000000000000111110000000000,1,0
410,0,TypeA,49300,000000011111111100000000000000000111111111100000000000111111111000000000000000000000000000000000000000000000000000000000000000000000011111111000000000000000011111111110,1,0
411,1,TypeB,36600,011111110000000000000000000000000000011111100000000000000000000000000000000000000000000111111110000000000000000000000000000000000000011111111000000000000011110000000000,1,0
412,2,TypeB,36600,011111110000000000000000000000000000011111100000000000000000000000000000000000000000000111111110000000000000000000000000000000000000011111111000000000000011110000000000,1,0
413,3,TypeC,23400,000011110000000000000000000000000000011111100000000000000000000000000000000000111000000000000000000000000000000000000000111100000000000000000000000000000011110000000000,1,0
414,4,TypeC,23400,000011110000000000000000000000000000011111100000000000000000000000000000000000111000000000000000000000000000000000000000111100000000000000000000000000000011110000000000,1,0
415,0,TypeA,47000,000000011111111100000000000000000000011111111000000000000111111110000000000000000000000000000000000000000000000000000000000000011111111100000000000000000000011111111110,1,0
416,1,TypeB,37400,011111110000000000000000000000000000000001111111000000000000111110000000000000000000000111111110000000000000000000000000000000001111111100000000000000000000000000000000,1,0
417,2,TypeB,37400,011111110000000000000000000000000000000001111111000000000000111110000000000000000000000111111110000000000000000000000000000000001111111100000000000000000000000000000000,1,0
418,3,TypeC,21400,000000000000011100000000000000000000000000001111000000000000111110000000000000111000000000000000000000000000000000000000111100000000000000000000000000000000000000000000,1,0
419,4,TypeC,21400,000000000000011100000000000000000000000000001111000000000000111110000000000000111000000000000000000000000000000000000000111100000000000000000000000000000000000000000000,1,0
420,0,TypeA,52400,011111111110000000000000000000000000011111111110000000000001111111100000000000000000000000000000000000000000000000000000000000011111111100000000000000000000011111111110,1,0
421,1,TypeB,38400,011111110000000000000000000000000000011111100000000000000000111111100000000000000000000111111110000000000000000000000000000000001111111100000000000000000000000000000000,1,0
422,2,TypeB,38400,011111110000000000000000000000000000011111100000000000000000111111100000000000000000000111111110000000000000000000000000000000001111111100000000000000000000000000000000,1,0
423,3,TypeC,17900,000000000000000000000000001110000000000000000000000000000000111000000000000000111000000000000000000000000000000000000000111100000000000000000000000000000000000000011110,1,0
424,4,TypeC,17900,000000000000000000000000001110000000000000000000000000000000111000000000000000111000000000000000000000000000000000000000111100000000000000000000000000000000000000011110,1,0
425,0,TypeA,53100,011111111110000000000000000000000111111111100000000000111111111000000000000000000000000000000000000000000000000000000000000000011111111100000000000000000000011111111110,1,0
426,1,TypeB,38400,011111110000000000000000000000000000011111100000000000111111110000000000011111110000000000000000000000000000000000000000000000001111111100000000000000000000000000000000,1,0
427,2,TypeB,38400,011111110000000000000000000000000000011111100000000000111111110000000000011111110000000000000000000000000000000000000000000000001111111100000000000000000000000000000000,1,0
428,3,TypeC,20000,000000000000000000000000000000000000000000000011111000000000000000000000000000111000000000000011111000000000000000000000111000000000000000000000000000000000000000011110,1,0
429,4,TypeC,20000,000000000000000000000000000000000000000000000011111000000000000000000000000000111000000000000011111000000000000000000000111000000000000000000000000000000000000000011110,1,0
430,0,TypeA,50500,000000011111111100000000000000111111110000000000000000000000000000000000000000000000011111111110000000000000000000000000000000011111111100000000000000000000011111111110,1,0
431,1,TypeB,38400,011111110000000000000000000000111111110000000000000000000000000000000000000000000000000111111110000000000111110000000000000000000000000000001111111100000000000000000000,1,0
432,2,TypeB,38400,011111110000000000000000000000111111110000000000000000000000000000000000000000000000000111111110000000000111110000000000000000000000000000001111111100000000000000000000,1,0
433,3,TypeC,26500,000000000000000000000000001111110000000000000011111000000000000000000000000000111000000000000000000000000000000000000000000111111000000000000000000000000111110000000000,1,0
434,4,TypeC,26500,000000000000000000000000001111110000000000000011111000000000000000000000000000111000000000000000000000000000000000000000000111111000000000000000000000000111110000000000,1,0
435,0,TypeA,49200,000000011111111100000000000000111111110000000000000000111111111000000000000000000000000000000000000000000000000000000000000000011111111100000000000000000000011111111110,1,0
436,1,TypeB,41400,000011111110000000000000000000111111110000000000000000111111110000000000000000000000000111111110000000000000000000000000000000000000000000001111111100000000000000000000,1,0
437,2,TypeB,41400,000011111110000000000000000000111111110000000000000000111111110000000000000000000000000111111110000000000000000000000000000000000000000000001111111100000000000000000000,1,0
438,3,TypeC,24400,000000000000000000000000001111110000000000000011111000000000011100000000000000111000000000000000000000000000000000000000000000000000000000000000000000000111110000000000,1,0
439,4,TypeC,24400,000000000000000000000000001111110000000000000011111000000000011100000000000000111000000000000000000000000000000000000000000000000000000000000000000000000111110000000000,1,0
440,0,TypeA,51100,000000011111111100000000000000000000000000000000000000111111110000000000000000000000011111111110000000000000000000000000000000011111111100000000000111111111100000000000,1,0
441,1,TypeB,38400,011111110000000000000000000000000111110000000000000000111111110000000000000000000000000111111110000000000000000000000000000000000000000000001111111100000000000000000000,1,0
442,2,TypeB,38400,011111110000000000000000000000000111110000000000000000111111110000000000000000000000000111111110000000000000000000000000000000000000000000001111111100000000000000000000,1,0
443,3,TypeC,22100,000000011110000000000000001110000000000000000011111000000000000000000000000000111000000000000000000000000000000000000000000000000000000000000000000000000111110000000000,1,0
444,4,TypeC,22100,000000011110000000000000001110000000000000000011111000000000000000000000000000111000000000000000000000000000000000000000000000000000000000000000000000000111110000000000,1,0
445,0,TypeA,49000,000000011111111100000000000000000000011111111000000000000111111111100000000000000000000000000000000000000000000000000000000000011111111100000000000000000000011111111110,1,0
446,1,TypeB,38600,000011111110000000000000001111111100000000000000001111111100000000000000000000000000000000000000000000000000000000000000000000011111110000000000000000000111110000000000,1,0
447,2,TypeB,38600,000011111110000000000000001111111100000000000000001111111100000000000000000000000000000000000000000000000000000000000000000000011111110000000000000000000111110000000000,1,0
448,3,TypeC,29200,000000000000000000000000001110000000000000000000000000000000000000000000000000000000000000000011111000000000011111100000000000001111110000000000000000000111110000000000,1,0
449,4,TypeC,29200,000000000000000000000000001110000000000000000000000000000000000000000000000000000000000000000011111000000000011111100000000000001111110000000000000000000111110000000000,1,0
450,0,TypeA,51800,000000011111111100000000000000000000011111111110000000000000111111111000000000000000000000000000000000000000000000000000000000011111111100000000000111111111100000000000,1,0
451,1,TypeB,38600,011111110000000000000000001111111100000000000000000000111111110000000000000000000000000000000000000000000000000000000000000000011111110000000000000000000111110000000000,1,0
452,2,TypeB,38600,011111110000000000000000001111111100000000000000000000111111110000000000000000000000000000000000000000000000000000000000000000011111110000000000000000000111110000000000,1,0
453,3,TypeC,30700,000000000000000000000000001111110000000000000000001111100000000000000000011111100000000000000000000000000000011111100000000000000000000000000000000000000111110000000000,1,0
454,4,TypeC,30700,000000000000000000000000001111110000000000000000001111100000000000000000011111100000000000000000000000000000011111100000000000000000000000000000000000000111110000000000,1,0
455,0,TypeA,49300,000000011111111100000000000000000111111111000000000000111111111000000000000000000000000000000000000000000000000000000000000000011111111100000000000000000000011111111110,1,0
456,1,TypeB,32400,000000000011111100000000000000000000011111000000000000000000000000001111110000000000000000000000000000000111110000000000000000000000011111111000000000000000000000000000,1,0
457,2,TypeB,32400,000000000011111100000000000000000000011111000000000000000000000000001111110000000000000000000000000000000111110000000000000000000000011111111000000000000000000000000000,1,0
458,3,TypeC,20900,000000000000000000000000000000000000000000000011111000000000000000001111110000000000000000000000000000000000000000000000111000000000011100000000000111000000000000000000,1,0
459,4,TypeC,20900,000000000000000000000000000000000000000000000011111000000000000000001111110000000000000000000000000000000000000000000000111000000000011100000000000111000000000000000000,1,0
460,0,TypeA,50300,000000011111111100000000000000000111111111100000000000111111111000000000000000000000000000000000000000000000000000000000000000011111111100000000000000000000011111111110,1,0
461,1,TypeB,31400,000000000011111100000000000000000111110000000000000000000011111000000000000000000000000000000000000000000111110000000000000000000000011111111000000000000000000000000000,1,0
462,2,TypeB,31400,000000000011111100000000000000000111110000000000000000000011111000000000000000000000000000000000000000000111110000000000000000000000011111111000000000000000000000000000,1,0
463,3,TypeC,18900,000000000000000000000000001111000000000000000011111000000000000000000000000000000000000000000000000000000000000000000000111000000000011100000000000111000000000000000000,1,0
464,4,TypeC,18900,000000000000000000000000001111000000000000000011111000000000000000000000000000000000000000000000000000000000000000000000111000000000011100000000000111000000000000000000,1,0
465,0,TypeA,52300,000000011111111100000000000001111111110000000000001111111110000000000000000000000000000000000000000000000000000000000000000000011111111100000000000111111111100000000000,1,0
466,1,TypeB,32400,000000000011111100000000000000000111110000000000000000000111111000000000000000000000000000000000000000000111110000000000000000000000011111111000000000000000000000000000,1,0
467,2,TypeB,32400,000000000011111100000000000000000111110000000000000000000111111000000000000000000000000000000000000000000111110000000000000000000000011111111000000000000000000000000000,1,0
468,3,TypeC,17800,011100000000000000000000000000000000000000000000000000000000000000000000000000000000000000000000000000000000011100000000000000000000011100000000000111000000000000011110,1,0
469,4,TypeC,17800,011100000000000000000000000000000000000000000000000000000000000000000000000000000000000000000000000000000000011100000000000000000000011100000000000111000000000000011110,1,0
470,0,TypeA,51100,000000011111111100000000000001111111110000000000000000111111111000000000000000000000000000000000000000000000000000000000000000011111111100000000000111111111100000000000,1,0
471,1,TypeB,35400,000000011111110000000000000000000111110000000000000000000000011111111000000000000000000000000000000000000111110000000000000000000000011111111000000000000000000000000000,1,0
472,2,TypeB,35400,000000011111110000000000000000000111110000000000000000000000011111111000000000000000000000000000000000000111110000000000000000000000011111111000000000000000000000000000,1,0
473,3,TypeC,19800,000000000000000000000000000000000000000000111111000000000000011100000000000000000000000000000000000000000000000000000000000000000000011100000000000111000000000000001110,1,0
474,4,TypeC,19800,000000000000000000000000000000000000000000111111000000000000011100000000000000000000000000000000000000000000000000000000000000000000011100000000000111000000000000001110,1,0
475,0,TypeA,48900,000000011111111100000000000000000001111111100000000000111111111000000000000000000000000000000000000000000000000000000000000000011111111100000000000111111111100000000000,1,0
476,1,TypeB,37400,000000000011111100000000000000000000011111111000000000000000011111111000000000000000000000000000000000000111110000000000000000000000011111111000000000000000000000000000,1,0
477,2,TypeB,37400,000000000011111100000000000000000000011111111000000000000000011111111000000000000000000000000000000000000111110000000000000000000000011111111000000000000000000000000000,1,0
478,3,TypeC,18800,000000000000000000000000000000000000000000000011111000000000000000000000000000000000000000000000000000000000011100000000000000000000011100000000000111000000000000001110,1,0
479,4,TypeC,18800,000000000000000000000000000000000000000000000011111000000000000000000000000000000000000000000000000000000000011100000000000000000000011100000000000111000000000000001110,1,0
480,0,TypeA,50800,000000011111111100000000000000000000011111111000000000000000000000000000000000000000011111111110000000000000000000000000000000011111111100000000000111111111100000000000,1,0
481,1,TypeB,39500,000000000000000000000000001111111100000000000000000000000000011110000000000000000000000111111110000000000000000000000000000000000000011111111000000000000111111100000000,1,0
482,2,TypeB,39500,000000000000000000000000001111111100000000000000000000000000011110000000000000000000000111111110000000000000000000000000000000000000011111111000000000000111111100000000,1,0
483,3,TypeC,22500,000000000000000000000000001111110000000000000000000000000000011110000000000000111100000000000000000000000000000000000000111100000000000000000000000111000000000000000000,1,0
484,4,TypeC,22500,000000000000000000000000001111110000000000000000000000000000011110000000000000111100000000000000000000000000000000000000111100000000000000000000000111000000000000000000,1,0
485,0,TypeA,52100,000000011111111100000000000000000000000000000000000000111111111000000000000000000000011111111110000000000000000000000000000000011111111100000000000111111111100000000000,1,0
486,1,TypeB,43500,000000000000000000000000001111111100000000000000000000000000011111111000000000000000000111111110000000000000000000000000000000000000011111111000000000000111111100000000,1,0
487,2,TypeB,43500,000000000000000000000000001111111100000000000000000000000000011111111000000000000000000111111110000000000000000000000000000000000000011111111000000000000111111100000000,1,0
488,3,TypeC,24000,000000000000000000000000001111110000000000000011111000000000000000000000011111100000000000000000000000000000000000000000111100000000000000000000000111000000000000000000,1,0
489,4,TypeC,24000,000000000000000000000000001111110000000000000011111000000000000000000000011111100000000000000000000000000000000000000000111100000000000000000000000111000000000000000000,1,0
490,0,TypeA,49100,000000011111111100000000000000000000011111111000000000000000000000000000000000000111111110000000000000000000000000000000111111111000000000000000000000000000011111111110,1,0
491,1,TypeB,33100,000000000000000000000000000000011111110000000000000000111111110000000000000000000000011110000000000000000111110000000000000000011111110000000000000000000000000000000000,1,0
492,2,TypeB,33100,000000000000000000000000000000011111110000000000000000111111110000000000000000000000011110000000000000000111110000000000000000011111110000000000000000000000000000000000,1,0
493,3,TypeC,25500,000011110000000000000000000000000000000000001111000000000000000000000000011111100000000000000000001111000000000000000000000000001111110000000000000000000000000000000000,1,0
494,4,TypeC,25500,000011110000000000000000000000000000000000001111000000000000000000000000011111100000000000000000001111000000000000000000000000001111110000000000000000000000000000000000,1,0
495,0,TypeA,50300,000000011111111100000000000000000000000000000000000000111111111000000000000000000000000000000000000000000111111111100000000000011111111100000000000000000000011111111110,1,0
496,1,TypeB,34900,000000000000000000000000000000000000011111111000000000000000000000000000000000000000011110000000000000000000011111100000000000001111111100000000000000000111110000000000,1,0
497,2,TypeB,34900,000000000000000000000000000000000000011111111000000000000000000000000000000000000000011110000000000000000000011111100000000000001111111100000000000000000111110000000000,1,0
498,3,TypeC,26200,000000000000000000000000001111110000000000000000000000000000000000000000011111100000000000000000000000000000011111100000000000000000000000000000000111000000000000011110,1,0
499,4,TypeC,26200,000000000000000000000000001111110000000000000000000000000000000000000000011111100000000000000000000000000000011111100000000000000000000000000000000111000000000000011110,1,0
500,0,TypeA,48300,000000011111111100000000000000000000000000000000000000111111111000000000000000000111111110000000000000000000000000000000000000011111111100000000000000000000011111111110,1,0
501,1,TypeB,37400,011111110000000000000000000000011111110000000001111111100000000000000000000000000000111110000000000000000000000000000000000000001111111100000000000000000000000000000000,1,0
502,2,TypeB,37400,011111110000000000000000000000011111110000000001111111100000000000000000000000000000111110000000000000000000000000000000000000001111111100000000000000000000000000000000,1,0
503,3,TypeC,29600,000000000011111100000000000000000000000000111111000000000000000000000000000000111100000000000000000000000000000000000000000000001111110000000000000000000000000000011110,1,0
504,4,TypeC,29600,000000000011111100000000000000000000000000111111000000000000000000000000000000111100000000000000000000000000000000000000000000001111110000000000000000000000000000011110,1,0
505,0,TypeA,48900,000000011111111100000000000000011111111000000000000000111111111000000000000000000000000000000000000000000000000000000000000000011111111100000000000000000000011111111110,1,0
506,1,TypeB,39200,000011111110000000000000000000011111110000000000000000000000000000000000000000000000000011111110000000000000000000000000000000011111110000000000000111111100000000000000,1,0
507,2,TypeB,39200,000011111110000000000000000000011111110000000000000000000000000000000000000000000000000011111110000000000000000000000000000000011111110000000000000111111100000000000000,1,0
508,3,TypeC,24300,000000000011111100000000000000000111110000000000000000000000000000000000000001110000000000000000000000000000000000000000111000000000000000000000000000000000000000011110,1,0
509,4,TypeC,24300,000000000011111100000000000000000111110000000000000000000000000000000000000001110000000000000000000000000000000000000000111000000000000000000000000000000000000000011110,1,0
510,1,TypeB,40200,000011111110000000000000000000000000011111111000000000000000000000000000000000000000000011111110000000000000000000000000000000001111110000000000000111111110000000000000,1,0
511,2,TypeB,40200,000011111110000000000000000000000000011111111000000000000000000000000000000000000000000011111110000000000000000000000000000000001111110000000000000111111110000000000000,1,0
512,3,TypeC,24800,000011110000000000000000000000000000000000000000001111100000000000000000000000111100000000000000000000000000000000000000000000001111110000000000000000000000000000011110,1,0
513,4,TypeC,24800,000011110000000000000000000000000000000000000000001111100000000000000000000000111100000000000000000000000000000000000000000000001111110000000000000000000000000000011110,1,0
514,0,TypeA,53500,000000011111111100000000000000000000011111111110000000000000000000000000000000000000000111111110000000000000000000000000111111111000000000000000000111111111100000000000,1,0
515,1,TypeB,39100,011111110000000000000000000000000000011111111000000000111111110000000000000000000000000011111110000000000000000000000000000000000000000000000000000111111100000000000000,1,0
516,2,TypeB,39100,011111110000000000000000000000000000011111111000000000111111110000000000000000000000000011111110000000000000000000000000000000000000000000000000000111111100000000000000,1,0
517,3,TypeC,26900,000000011110000000000000000000000111110000000000000000000000000000000000000000111100000000000000000000000000000000000000000000001111110000000000000000000000000000011110,1,0
518,4,TypeC,26900,000000011110000000000000000000000111110000000000000000000000000000000000000000111100000000000000000000000000000000000000000000001111110000000000000000000000000000011110,1,0
519,0,TypeA,47300,000000011111111100000000000000000000011111111000000000000011111111100000000000000000000000000000000000000000000000000000000000001111111100000000000111111111100000000000,1,0
520,1,TypeB,35800,000000011111110000000000000000000000011111111000000000000001111111100000000001111100000000000000000000000000000000000000000000001111110000000000000000000000000000000000,1,0
521,2,TypeB,35800,000000011111110000000000000000000000011111111000000000000001111111100000000001111100000000000000000000000000000000000000000000001111110000000000000000000000000000000000,1,0
522,3,TypeC,26000,000000000000000000000000000000000111110000000000001111100000000000000000000001110000000000000000000000000000000000000000000000001111110000000000000000000000000000011110,1,0
523,4,TypeC,26000,000000000000000000000000000000000111110000000000001111100000000000000000000001110000000000000000000000000000000000000000000000001111110000000000000000000000000000011110,1,0
524,0,TypeA,51300,000000011111111100000000000000000000011111111000000000000000111111111000000000000000000000000000000000000000000000000000111111111000000000000000000111111111100000000000,1,0
525,1,TypeB,41200,011111110000000000000000000000000000011111111000000000000000000000000000000000000000000111111110000000000000000000000000000000001111110000000000000111111110000000000000,1,0
526,2,TypeB,41200,011111110000000000000000000000000000011111111000000000000000000000000000000000000000000111111110000000000000000000000000000000001111110000000000000111111110000000000000,1,0
527,3,TypeC,30100,000000000011111100000000000000000111110000000000000000000000000000000000000000111100000000000000000000000000000000000000000000001111110000000000000000000000000000011110,1,0
528,4,TypeC,30100,000000000011111100000000000000000111110000000000000000000000000000000000000000111100000000000000000000000000000000000000000000001111110000000000000000000000000000011110,1,0
529,1,TypeB,41400,011111110000000000000000000000000000011111111000000000111111110000000000000000000000000111111110000000000000000000000000000000000000011111111000000000000000000000000000,1,0
530,2,TypeB,41400,011111110000000000000000000000000000011111111000000000111111110000000000000000000000000111111110000000000000000000000000000000000000011111111000000000000000000000000000,1,0
531,3,TypeC,21200,000000000000000000000000001111110000000000000000000000000000000000000000000000111100000000000000001111000000000000000000111000000000011100000000000000000000000000000000,1,0
532,4,TypeC,21200,000000000000000000000000001111110000000000000000000000000000000000000000000000111100000000000000001111000000000000000000111000000000011100000000000000000000000000000000,1,0
533,0,TypeA,55300,011111111110000000000000000000000000011111111110000000000000000000000000000000000000011111111110000000000000000000000000000000001111111110000000000000000000011111111110,1,0
534,1,TypeB,30000,000011111110000000000000000000000111110000000000000000111111110000000000000000000000011110000000000000000000011111100000000000000000000000000000000000000000000000000000,1,0
535,2,TypeB,30000,000011111110000000000000000000000111110000000000000000111111110000000000000000000000011110000000000000000000011111100000000000000000000000000000000000000000000000000000,1,0
536,3,TypeC,28300,000000000000000000000000000000000111110000000000000000000000011100000000000000000000000000000000000000000000011100000000000000001111110000000000000000000111110000000000,1,0
537,4,TypeC,28300,000000000000000000000000000000000111110000000000000000000000011100000000000000000000000000000000000000000000011100000000000000001111110000000000000000000111110000000000,1,0
538,0,TypeA,51800,000000011111111100000000000000000000011111111110000000000000000000000000000000111111111100000000000000000000000000000000000000001111111100000000000111111111100000000000,1,0
539,1,TypeB,30400,000000000011111100000000000000000111110000000000000000000000111110000000000000000000011110000000000000000000000000000000011111111000000000000000000000000000000000000000,1,0
540,2,TypeB,30400,000000000011111100000000000000000111110000000000000000000000111110000000000000000000011110000000000000000000000000000000011111111000000000000000000000000000000000000000,1,0
541,3,TypeC,23900,011110000000000000000000000000000111110000000000000000000000000000000000000000000000000000000000000000000000111000000000011100000000000000000000000000000111110000000000,1,0
542,4,TypeC,23900,011110000000000000000000000000000111110000000000000000000000000000000000000000000000000000000000000000000000111000000000011100000000000000000000000000000111110000000000,1,0
543,0,TypeA,51500,000000011111111100000000000000000000011111111110000000000000000000000000000000000000000000000000000001111111110000000000000000001111111110000000000000000000011111111110,1,0
544,1,TypeB,29000,000000000011111100000000000000000111110000000000000000111111110000000000000000000000011110000000000000000000011111100000000000000000000000000000000000000000000000000000,1,0
545,2,TypeB,29000,000000000011111100000000000000000111110000000000000000111111110000000000000000000000011110000000000000000000011111100000000000000000000000000000000000000000000000000000,1,0
546,3,TypeC,26200,011110000000000000000000001110000000000000000000000000000000000000000000000000000000000000000000000000000000011100000000000000001111110000000000000000000011111100000000,1,0
547,4,TypeC,26200,011110000000000000000000001110000000000000000000000000000000000000000000000000000000000000000000000000000000011100000000000000001111110000000000000000000011111100000000,1,0
548,0,TypeA,49900,000000000000000000000000000000000000011111111110000000000000000000000000000000000111111110000000000001111111110000000000000000001111111110000000000000000000011111111110,1,0
549,1,TypeB,34900,000000000000000000000000000000000111110000000000000000000011111110000000000000000000000000000000000000000000011111100000000000001111110000000000000111111100000000000000,1,0
550,2,TypeB,34900,000000000000000000000000000000000111110000000000000000000011111110000000000000000000000000000000000000000000011111100000000000001111110000000000000111111100000000000000,1,0
551,3,TypeC,28000,011110000000000000000000000000000111110000000000000000000000000000000000011111100000000000000000001111000000000000000000000000001111110000000000000000000000000000000000,1,0
552,4,TypeC,28000,011110000000000000000000000000000111110000000000000000000000000000000000011111100000000000000000001111000000000000000000000000001111110000000000000000000000000000000000,1,0
553,0,TypeA,53000,000000011111111100000000000000000000000000000000000000111111111000000000000000011111111110000000000000000000000000000000111111111000000000000000000000000000011111111110,1,0
554,1,TypeB,38500,011111110000000000000000000000000111110000000000000000000000000000000000011111110000000000000000000000000000000000000000011111111000000000000000000000000111111100000000,1,0
555,2,TypeB,38500,011111110000000000000000000000000111110000000000000000000000000000000000011111110000000000000000000000000000000000000000011111111000000000000000000000000111111100000000,1,0
556,3,TypeC,27900,000000000000011100000000000000000111110000000000000000000000000000000000011111100000000000000000001111000000000000000000000000001111110000000000000000000000000000000000,1,0
557,4,TypeC,27900,000000000000011100000000000000000111110000000000000000000000000000000000011111100000000000000000001111000000000000000000000000001111110000000000000000000000000000000000,1,0
558,0,TypeA,52400,000000011111111100000000000000000000000000000000001111111111000000000000000000000000000000000000000001111111110000000000000000001111111110000000000000000000011111111110,1,0
559,1,TypeB,34400,011111110000000000000000000000000111110000000000000000000000000000001111110000000000000000000000000000000000011111100000000000001111111100000000000000000000000000000000,1,0
560,2,TypeB,34400,011111110000000000000000000000000111110000000000000000000000000000001111110000000000000000000000000000000000011111100000000000001111111100000000000000000000000000000000,1,0
561,3,TypeC,27000,000000000000000000000000000000000111110000000000000000000000000000001111110000000000000000000000001111000000000000000000000000001111110000000000000111000000000000000000,1,0
562,4,TypeC,27000,000000000000000000000000000000000111110000000000000000000000000000001111110000000000000000000000001111000000000000000000000000001111110000000000000111000000000000000000,1,0
563,1,TypeB,29800,000000000000000000000000000000000111110000000000000000000011111110000000000111100000000000000000000000000000011111100000000000001111110000000000000000000000000000000000,1,0
564,2,TypeB,29800,000000000000000000000000000000000111110000000000000000000011111110000000000111100000000000000000000000000000011111100000000000001111110000000000000000000000000000000000,1,0
565,3,TypeC,25000,000000000000000000000000000000000111110000000000000000000000000000000000000111100000000000000000001111000000000000000000000000001111110000000000000111000000000000000000,1,0
566,4,TypeC,25000,000000000000000000000000000000000111110000000000000000000000000000000000000111100000000000000000001111000000000000000000000000001111110000000000000111000000000000000000,1,0
567,0,TypeA,51200,000000011111111100000000000000000000000000000000000000111111111000000000000000000000011111111110000000000000000000000000000000001111111110000000000000000000011111111110,1,0
568,1,TypeB,34900,011111110000000000000000000000000111110000000000000000000000000000000000000000000000000000000000000000000000011111100000000000001111110000000000000000000111111100000000,1,0
569,2,TypeB,34900,011111110000000000000000000000000111110000000000000000000000000000000000000000000000000000000000000000000000011111100000000000001111110000000000000000000111111100000000,1,0
570,3,TypeC,27000,000000000000000000000000000000000111110000000000000000000000000000000000011111100000000000000000001111000000000000000000000000001111110000000000000000000000000000001110,1,0
571,4,TypeC,27000,000000000000000000000000000000000111110000000000000000000000000000000000011111100000000000000000001111000000000000000000000000001111110000000000000000000000000000001110,1,0
572,0,TypeA,47300,000000011111111100000000000000000000011111111000000000000000011111111000000000000000000000000000000000000000000000000000000000001111111110000000000000000000011111111110,1,0
573,1,TypeB,36900,000000000000000000000000000000000111110000000000000000111111110000000000011111110000000000000000000000000000000000000000000000001111110000000000000111111100000000000000,1,0
574,2,TypeB,36900,000000000000000000000000000000000111110000000000000000111111110000000000011111110000000000000000000000000000000000000000000000001111110000000000000111111100000000000000,1,0
575,3,TypeC,27000,000000000000000000000000000000000111110000000000000000000000000000000000011111100000000000000000001111000000000000000000000000001111110000000000000111000000000000000000,1,0
576,4,TypeC,27000,000000000000000000000000000000000111110000000000000000000000000000000000011111100000000000000000001111000000000000000000000000001111110000000000000111000000000000000000,1,0
577,0,TypeA,52200,000000011111111100000000000000011111111000000000001111111110000000000000000000000000000000000000000000000000000000000000111111111000000000000000000000000000011111111110,1,0
578,1,TypeB,40200,000000000000000000000000000000000000011111111000000000000000011111111000000000000000000000000000000000000000011111100000000000001111110000000000000111111110000000000000,1,0
579,2,TypeB,40200,000000000000000000000000000000000000011111111000000000000000011111111000000000000000000000000000000000000000011111100000000000001111110000000000000111111110000000000000,1,0
580,3,TypeC,30200,000000000000000000000000001110000000000000000000000000000000000000001111110000000000000000000000000000000000011111100000000000001111110000000000000000000111110000000000,1,0
581,4,TypeC,30200,000000000000000000000000001110000000000000000000000000000000000000001111110000000000000000000000000000000000011111100000000000001111110000000000000000000111110000000000,1,0
582,0,TypeA,46600,000000011111111100000000000000000000011111111000000000000000011111111000000000000000000000000000000000000000000000000000000000000000011111111000000000000000011111111110,1,0
583,1,TypeB,33800,000000000000000000000000000000000000011111111000000000000011111000000000011111110000000000000000000000000000011111100000000000001111110000000000000000000000000000000000,1,0
584,2,TypeB,33800,000000000000000000000000000000000000011111111000000000000011111000000000011111110000000000000000000000000000011111100000000000001111110000000000000000000000000000000000,1,0
585,3,TypeC,33700,000000000000000000000000000000000000000000000000000000000011111000000000011111100000000000000000000000000000011111100000000000001111110000000000000000000111110000000000,1,0
586,4,TypeC,33700,000000000000000000000000000000000000000000000000000000000011111000000000011111100000000000000000000000000000011111100000000000001111110000000000000000000111110000000000,1,0
587,0,TypeA,47600,000000011111111100000000000000000000011111111000000000000000111111111000000000000000000000000000000000000000000000000000000000000000011111111000000000000000011111111110,1,0
588,1,TypeB,36800,011111110000000000000000001111111100000000000001111111100000000000000000000000000000000000000000000000000000011111100000000000001111110000000000000000000000000000000000,1,0
589,2,TypeB,36800,011111110000000000000000001111111100000000000001111111100000000000000000000000000000000000000000000000000000011111100000000000001111110000000000000000000000000000000000,1,0
590,3,TypeC,28200,000000000000000000000000001110000000000000000000000000000000000000000000000111100000000000000000000000000000011111100000000000001111110000000000000000000111110000000000,1,0
591,4,TypeC,28200,000000000000000000000000001110000000000000000000000000000000000000000000000111100000000000000000000000000000011111100000000000001111110000000000000000000111110000000000,1,0
592,0,TypeA,46300,000000011111111100000000000000000000011111111000000000000000011111111000000000000000000000000000000000000000000000000000000000001111111100000000000000000000011111111110,1,0
593,1,TypeB,36800,011111110000000000000000000000000000011111111000000000000000011111111000000000000000000000000000000000000000011111100000000000001111110000000000000000000000000000000000,1,0
594,2,TypeB,36800,011111110000000000000000000000000000011111111000000000000000011111111000000000000000000000000000000000000000011111100000000000001111110000000000000000000000000000000000,1,0
595,3,TypeC,30200,000000000000000000000000001111110000000000000000000000000000000000000000000001110000000000000000000000000000011111100000000000001111110000000000000000000111110000000000,1,0
596,4,TypeC,30200,000000000000000000000000001111110000000000000000000000000000000000000000000001110000000000000000000000000000011111100000000000001111110000000000000000000111110000000000,1,0
597,0,TypeA,52700,000000011111111100000000000000000000000000111111111000000000000000000000000000000000011111111110000000000000000000000000000000001111111110000000000000000000011111111110,1,0
598,1,TypeB,37600,000011111110000000000000000000011111110000000000000000000000011111111000000000000000000000000000000000000000000000000000000000001111111100000000000000000000111100000000,1,0
599,2,TypeB,37600,000011111110000000000000000000011111110000000000000000000000011111111000000000000000000000000000000000000000000000000000000000001111111100000000000000000000111100000000,1,0
600,3,TypeC,28900,000011110000000000000000000000000000000000000011111000000000000000000000000000000000000000000000000000000000011111100000000000001111110000000000000000000000111100000000,1,0
601,4,TypeC,28900,000011110000000000000000000000000000000000000011111000000000000000000000000000000000000000000000000000000000011111100000000000001111110000000000000000000000111100000000,1,0
602,0,TypeA,50300,000000011111111100000000000000000000011111111110000000000011111111100000000000000000000000000000000000000000000000000000000000001111111110000000000000000000011111111110,1,0
603,1,TypeB,36100,000000000011111100000000000000011111110000000000000000000000011111111000000000000000000000000000000000000000011111100000000000000000000000000000000000000111111100000000,1,0
604,2,TypeB,36100,000000000011111100000000000000011111110000000000000000000000011111111000000000000000000000000000000000000000011111100000000000000000000000000000000000000111111100000000,1,0
605,3,TypeC,30200,000011110000000000000000000000000000000000000011111000000000000000000000000000000000000000000000000000000000011111100000000000001111110000000000000000000111110000000000,1,0
606,4,TypeC,30200,000011110000000000000000000000000000000000000011111000000000000000000000000000000000000000000000000000000000011111100000000000001111110000000000000000000111110000000000,1,0
607,0,TypeA,50500,000000011111111100000000000000000000000000000000000000111111111000000000000000000000011111111110000000000000000000000000000000011111111000000000000000000000011111111110,1,0
608,1,TypeB,37200,000000000011111100000000000000011111110000000000000000000000000000000000000000000001111110000000000000000000000000000000000000001111111000000000000111111100000000000000,1,0
609,2,TypeB,37200,000000000011111100000000000000011111110000000000000000000000000000000000000000000001111110000000000000000000000000000000000000001111111000000000000111111100000000000000,1,0
610,3,TypeC,29700,000000000000000000000000000000000000000000000011111000000000000000000000011111100000000000000000000000000000011111100000000000001111110000000000000000000000000000011110,1,0
611,4,TypeC,29700,000000000000000000000000000000000000000000000011111000000000000000000000011111100000000000000000000000000000011111100000000000001111110000000000000000000000000000011110,1,0
612,0,TypeA,52200,000000011111111100000000000000000111111111100000000000111111111000000000000000111111111100000000000000000000000000000000000000000000000000000000000111111111100000000000,1,0
613,1,TypeB,35500,000000000011111100000000001111111100000000001111111000000000000000000000000000111111110000000000000000000000000000000000000000000000000000000000000000000111110000000000,1,0
614,2,TypeB,35500,000000000011111100000000001111111100000000001111111000000000000000000000000000111111110000000000000000000000000000000000000000000000000000000000000000000111110000000000,1,0
615,3,TypeC,32200,000000000011111100000000000000000111110000000000000000000000111000000000000000000000000000000000000000000000000000000000000000001111110000000000000000000111110000000000,1,0
616,4,TypeC,32200,000000000011111100000000000000000111110000000000000000000000111000000000000000000000000000000000000000000000000000000000000000001111110000000000000000000111110000000000,1,0
617,0,TypeA,49800,000000011111111100000000000000000000011111111000000000000000011111111000000000000000011111111110000000000000000000000000000000000000000000000000000111111111100000000000,1,0
618,1,TypeB,37000,000000000011111100000000001111111100000000001111111000000000011111111000000000111111110000000000000000000000000000000000000000000000000000000000000000000000000000000000,1,0
619,2,TypeB,37000,000000000011111100000000001111111100000000001111111000000000011111111000000000111111110000000000000000000000000000000000000000000000000000000000000000000000000000000000,1,0
620,3,TypeC,31800,000000000011111100000000001111110000000000000001111000000000000000000000000000000000000000000000000000000000000000000000000000001111110000000000000000000111110000000000,1,0
621,4,TypeC,31800,000000000011111100000000001111110000000000000001111000000000000000000000000000000000000000000000000000000000000000000000000000001111110000000000000000000111110000000000,1,0
622,0,TypeA,48900,000000000000000000000000000000000000011111111000000000000000111111111000000000000001111111111000000000000000000000000000000000001111111100000000000111111111100000000000,1,0
623,1,TypeB,38400,000000000000000000000000000000011111110000000001111111100000000000000000000000000000000111111110000000000111110000000000000000000000000000000000000111111110000000000000,1,0
624,2,TypeB,38400,000000000000000000000000000000011111110000000001111111100000000000000000000000000000000111111110000000000111110000000000000000000000000000000000000111111110000000000000,1,0
625,3,TypeC,22900,000000000000000000000000001111110000000000001111000000000000111000000000000111110000000000000000001111000000000000000000000000000000000000000000000000000000000000000000,1,0
626,4,TypeC,22900,000000000000000000000000001111110000000000001111000000000000111000000000000111110000000000000000001111000000000000000000000000000000000000000000000000000000000000000000,1,0
627,0,TypeA,47700,000000000000000000000000000000000000011111111110000000000011111111100000000000000111111110000000000000000000000000000000000000001111111100000000000000000000011111111110,1,0
628,1,TypeB,34000,000000000011111100000000000000011111110000000000000000000111111110000000000000000000000111111110000000000111110000000000000000000000000000000000000000000000000000000000,1,0
629,2,TypeB,34000,000000000011111100000000000000011111110000000000000000000111111110000000000000000000000111111110000000000111110000000000000000000000000000000000000000000000000000000000,1,0
630,3,TypeC,26500,000000000000000000000000001111110000000000000011111000000000000000000000000111110000000000000000001111000000000000000000000000000000000000000000000000000111110000000000,1,0
631,4,TypeC,26500,000000000000000000000000001111110000000000000011111000000000000000000000000111110000000000000000001111000000000000000000000000000000000000000000000000000111110000000000,1,0
632,0,TypeA,50600,000000000000000000000000000000000000000000000000000000111111111000000000000000000001111111111000000000000111111111100000000000001111111100000000000111111111100000000000,1,0
633,1,TypeB,38400,000000000000000000000000000000011111110000000000000000111111110000000000000000000000000111111110000000000111110000000000000000000000000000000000000000000000111111110000,1,0
634,2,TypeB,38400,000000000000000000000000000000011111110000000000000000111111110000000000000000000000000111111110000000000111110000000000000000000000000000000000000000000000111111110000,1,0
635,3,TypeC,30600,000000000000000000000000001111110000000000000011111000000000000000000000000000000000000111111000000000000111110000000000000000000000000000000000000000000111110000000000,1,0
636,4,TypeC,30600,000000000000000000000000001111110000000000000011111000000000000000000000000000000000000111111000000000000111110000000000000000000000000000000000000000000111110000000000,1,0
637,0,TypeA,54300,011111111110000000000000000000000000011111111110000000000000000000000000000000011111111110000000000000000000000000000000000000001111111100000000000111111111100000000000,1,0
638,1,TypeB,38400,000000000000000000000000000000011111110000000000000000111111110000000000000000000000000111111110000000000111110000000000011111111000000000000000000000000000000000000000,1,0
639,2,TypeB,38400,000000000000000000000000000000011111110000000000000000111111110000000000000000000000000111111110000000000111110000000000011111111000000000000000000000000000000000000000,1,0
640,3,TypeC,24000,000000000000000000000000001111110000000000000011111000000000000000000000011111100000000000000000001111000000000000000000011100000000000000000000000000000000000000000000,1,0
641,4,TypeC,24000,000000000000000000000000001111110000000000000011111000000000000000000000011111100000000000000000001111000000000000000000011100000000000000000000000000000000000000000000,1,0
642,0,TypeA,49600,000000011111111100000000000000000000000000000000000000111111111000000000000000000000000000000000000000000111111111100000000000001111111100000000000111111111100000000000,1,0
643,1,TypeB,33000,000000000011111100000000000000011111110000000000000000000000111111100000000000000000000111111110000000000111110000000000000000000000000000000000000000000000000000000000,1,0
644,2,TypeB,33000,000000000011111100000000000000011111110000000000000000000000111111100000000000000000000111111110000000000111110000000000000000000000000000000000000000000000000000000000,1,0
645,3,TypeC,27600,000000000000000000000000000000000000011111100000000000000000111000000000011111100000000000000000001111000000000000000000000000000000000000000000000000000111110000000000,1,0
646,4,TypeC,27600,000000000000000000000000000000000000011111100000000000000000111000000000011111100000000000000000001111000000000000000000000000000000000000000000000000000111110000000000,1,0
647,0,TypeA,51500,000000011111111100000000000000000000011111111110000000000001111111111000000000000000000000000000000000000000000000000000000000001111111100000000000111111111100000000000,1,0
648,1,TypeB,36000,000000001111111100000000000000011111110000000000000000111111110000000000000000000000000111111110000000000111110000000000000000000000000000000000000000000000000000000000,1,0
649,2,TypeB,36000,000000001111111100000000000000011111110000000000000000111111110000000000000000000000000111111110000000000111110000000000000000000000000000000000000000000000000000000000,1,0
650,3,TypeC,28200,000000000000000000000000001111110000000000001111000000000000000000000000011111100000000000000011111000000000011111100000000000000000000000000000000000000000000000000000,1,0
651,4,TypeC,28200,000000000000000000000000001111110000000000001111000000000000000000000000011111100000000000000011111000000000011111100000000000000000000000000000000000000000000000000000,1,0
652,0,TypeA,51800,000000011111111100000000000000000000011111111110000000000000000000000000000000000000011111111110000000000000000000000000000000000000011111111000000000000000011111111110,1,0
653,1,TypeB,32000,000000011111110000000000000000011111110000000000000000111111110000000000000000000000111110000000000000000111110000000000000000000000000000000000000000000000000000000000,1,0
654,2,TypeB,32000,000000011111110000000000000000011111110000000000000000111111110000000000000000000000111110000000000000000111110000000000000000000000000000000000000000000000000000000000,1,0
655,3,TypeC,27100,000000011110000000000000001111110000000000000000000000000000000000000000011111100000000000000000001111000000000000000000000000000000000000000000000000000111110000000000,1,0
656,4,TypeC,27100,000000011110000000000000001111110000000000000000000000000000000000000000011111100000000000000000001111000000000000000000000000000000000000000000000000000111110000000000,1,0
657,1,TypeB,34400,000000000000000000000000000000011111110000000000000000000111111000000000000000000001111110000000000000000111110000000000000000000000000000000000000111111110000000000000,1,0
658,2,TypeB,34400,000000000000000000000000000000011111110000000000000000000111111000000000000000000001111110000000000000000111110000000000000000000000000000000000000111111110000000000000,1,0
659,3,TypeC,27500,000000000000000000000000001111110000000000000011111000000000000000000000011111100000000000000000001111000000000000000000000000000000000000000000000000000111110000000000,1,0
660,4,TypeC,27500,000000000000000000000000001111110000000000000011111000000000000000000000011111100000000000000000001111000000000000000000000000000000000000000000000000000111110000000000,1,0
661,0,TypeA,48900,000000011111111100000000000000000000011111111110000000000000000000000000000000000000011111111000000000000000000000000000000000001111111100000000000000000000011111111110,1,0
662,1,TypeB,35100,000000000011111100000000000000000000000001111111000000000000000000000000000000000000000111111110000000000111110000000000000000000000000000000000000111111100000000000000,1,0
663,2,TypeB,35100,000000000011111100000000000000000000000001111111000000000000000000000000000000000000000111111110000000000111110000000000000000000000000000000000000111111100000000000000,1,0
664,3,TypeC,21000,000000000000000000000000001111110000000000001111000000000000000000000000000000111000000000000000001111000000000000000000111100000000000000000000000000000000000000000000,1,0
665,4,TypeC,21000,000000000000000000000000001111110000000000001111000000000000000000000000000000111000000000000000001111000000000000000000111100000000000000000000000000000000000000000000,1,0
666,1,TypeB,35100,000000000011111100000000000000011111110000000000000000000000000000000000000000000000000111111110000000000111110000000000000000000000000000000000000111111100000000000000,1,0
667,2,TypeB,35100,000000000011111100000000000000011111110000000000000000000000000000000000000000000000000111111110000000000111110000000000000000000000000000000000000111111100000000000000,1,0
668,3,TypeC,23000,000000000000000000000000001111110000000000111111000000000000000000000000000000111000000000000000001111000000000000000000111100000000000000000000000000000000000000000000,1,0
669,4,TypeC,23000,000000000000000000000000001111110000000000111111000000000000000000000000000000111000000000000000001111000000000000000000111100000000000000000000000000000000000000000000,1,0
670,0,TypeA,52100,000000011111111100000000000000000000011111111110000000000000000000000000000000000000011111111110000000000000000000000000000000001111111100000000000111111111100000000000,1,0
671,1,TypeB,33000,000000000011111100000000000000011111110000000000000000000000000000000000011111110000000000001111111000000000011111100000000000000000000000000000000000000000000000000000,1,0
672,2,TypeB,33000,000000000011111100000000000000011111110000000000000000000000000000000000011111110000000000001111111000000000011111100000000000000000000000000000000000000000000000000000,1,0
673,3,TypeC,22200,000011110000000000000000000000000000011111100000000000000000000000000000000000111000000000000000001111000000000000000000111100000000000000000000000000000000000000000000,1,0
674,4,TypeC,22200,000011110000000000000000000000000000011111100000000000000000000000000000000000111000000000000000001111000000000000000000111100000000000000000000000000000000000000000000,1,0
675,0,TypeA,48200,000000011111111100000000000000000000000000000000000000111111111000000000000000000000011111111000000000000000000000000000000000001111111100000000000111111111100000000000,1,0
676,1,TypeB,38400,000000000000000000000000000000011111110000000000000000111111110000000000000000000000000111111110000000000111110000000000000000000000000000000000000111111110000000000000,1,0
677,2,TypeB,38400,000000000000000000000000000000011111110000000000000000111111110000000000000000000000000111111110000000000111110000000000000000000000000000000000000111111110000000000000,1,0
678,3,TypeC,22200,000000000000000000000000000000000000011111100000000000000000000000000000000000111000000000000000001111000000000000000000111100000000000000000000000000000000000000011110,1,0
679,4,TypeC,22200,000000000000000000000000000000000000011111100000000000000000000000000000000000111000000000000000001111000000000000000000111100000000000000000000000000000000000000011110,1,0
680,0,TypeA,52600,000000011111111100000000000000000000000000000000000000111111111000000000000000000000111111111000000000000000000000000000111111111000000000000000000111111111100000000000,1,0
681,1,TypeB,28000,000000000011111100000000000000011111110000000000000000000000111110000000000000000000111110000000000000000111110000000000000000000000000000000000000000000000000000000000,1,0
682,2,TypeB,28000,000000000011111100000000000000011111110000000000000000000000111110000000000000000000111110000000000000000111110000000000000000000000000000000000000000000000000000000000,1,0
683,3,TypeC,22000,000000000000000000000000001111110000000000000000000000000000000000000000000111100000000000000000001111000000000000000000111100000000000000000000000000000000000000011110,1,0
684,4,TypeC,22000,000000000000000000000000001111110000000000000000000000000000000000000000000111100000000000000000001111000000000000000000111100000000000000000000000000000000000000011110,1,0
685,0,TypeA,51700,000000011111111100000000000000000000000000000000001111111110000000000000000000111111111100000000000000000000000000000000000000001111111100000000000111111111100000000000,1,0
686,1,TypeB,35400,000000000011111100000000000000011111110000000000000000000000000000000000011111110000000000000000000000000111110000000000000000001111111100000000000000000000000000000000,1,0
687,2,TypeB,35400,000000000011111100000000000000011111110000000000000000000000000000000000011111110000000000000000000000000111110000000000000000001111111100000000000000000000000000000000,1,0
688,3,TypeC,21000,000011110000000000000000001110000000000000000000000000000000000000000000011111100000000000000000000000000000000000000000111100000000000000000000000000000000000000011110,1,0
689,4,TypeC,21000,000011110000000000000000001110000000000000000000000000000000000000000000011111100000000000000000000000000000000000000000111100000000000000000000000000000000000000011110,1,0
690,0,TypeA,51000,000000011111111100000000000000000000000000000000001111111100000000000000000000000000011111111110000000000000000000000000000000001111111100000000000111111111100000000000,1,0
691,1,TypeB,30000,000000000011111100000000000000011111110000000000001111111100000000000000000000000000011110000000000000000111110000000000000000000000000000000000000000000000000000000000,1,0
692,2,TypeB,30000,000000000011111100000000000000011111110000000000001111111100000000000000000000000000011110000000000000000111110000000000000000000000000000000000000000000000000000000000,1,0
693,3,TypeC,25000,000000000000000000000000001111110000000000000000000000000000000000000000011111100000000000000011111000000000000000000000111100000000000000000000000000000000000000011110,1,0
694,4,TypeC,25000,000000000000000000000000001111110000000000000000000000000000000000000000011111100000000000000011111000000000000000000000111100000000000000000000000000000000000000011110,1,0
695,1,TypeB,30000,000000000011111100000000000000011111110000000001111111100000000000000000000000000000011110000000000000000111110000000000000000000000000000000000000000000000000000000000,1,0
696,2,TypeB,30000,000000000011111100000000000000011111110000000001111111100000000000000000000000000000011110000000000000000111110000000000000000000000000000000000000000000000000000000000,1,0
697,3,TypeC,22600,000000000000000000000000001110000000000000000000000000111110000000000000011111100000000000000000000000000000000000000000111100000000000000000000000000000000000000011110,1,0
698,4,TypeC,22600,000000000000000000000000001110000000000000000000000000111110000000000000011111100000000000000000000000000000000000000000111100000000000000000000000000000000000000011110,1,0
699,1,TypeB,32400,000000000011111100000000000000011111110000000000000000000000000000000000000000000000011110000000000000000111110000000000000000000000000000001111111100000000000000000000,1,0
700,2,TypeB,32400,000000000011111100000000000000011111110000000000000000000000000000000000000000000000011110000000000000000111110000000000000000000000000000001111111100000000000000000000,1,0
701,3,TypeC,23900,000000000000000000000000001111110000000000000000000000000000111000000000011111100000000000000000000000000000000000000000111100000000000000000000000000000000000000011110,1,0
702,4,TypeC,23900,000000000000000000000000001111110000000000000000000000000000111000000000011111100000000000000000000000000000000000000000111100000000000000000000000000000000000000011110,1,0
703,1,TypeB,31100,000000000011111100000000000000011111110000000000000000000000000000000000000000000000011110000000000000000111110000000000000000000000000000000000000000000111111100000000,1,0
704,2,TypeB,31100,000000000011111100000000000000011111110000000000000000000000000000000000000000000000011110000000000000000111110000000000000000000000000000000000000000000111111100000000,1,0
705,3,TypeC,24000,000000000000000000000000001111110000000000000000000000000000000000000000011111100000000000000000001111000000000000000000111100000000000000000000000000000000000000011110,1,0
706,4,TypeC,24000,000000000000000000000000001111110000000000000000000000000000000000000000011111100000000000000000001111000000000000000000111100000000000000000000000000000000000000011110,1,0
707,0,TypeA,49900,000000011111111100000000000000000000000000000000000000000000111111111000000000000001111111111000000000000000000000000000000000001111111100000000000111111111100000000000,1,0
708,1,TypeB,32000,000000000011111100000000000000011111110000000000000000111111110000000000000000000001111110000000000000000111110000000000000000000000000000000000000000000000000000000000,1,0
709,2,TypeB,32000,000000000011111100000000000000011111110000000000000000111111110000000000000000000001111110000000000000000111110000000000000000000000000000000000000000000000000000000000,1,0
710,3,TypeC,31200,000000000000000000000000001111110000000000000000000000000000111000000000000000000000000111111000000000000000011111100000000000001111110000000000000000000000000000000000,1,0
711,4,TypeC,31200,000000000000000000000000001111110000000000000000000000000000111000000000000000000000000111111000000000000000011111100000000000001111110000000000000000000000000000000000,1,0
712,0,TypeA,49000,000000011111111100000000000000000111111111100000000000111111111000000000000000000000000000000000000000000000000000000000000000001111111100000000000000000000011111111110,1,0
713,1,TypeB,35100,011111110000000000000000000000000000011111111000000000000111111000000000000000000000111110000000000000000000000000000000000000000000000000000000000111111100000000000000,1,0
714,2,TypeB,35100,011111110000000000000000000000000000011111111000000000000111111000000000000000000000111110000000000000000000000000000000000000000000000000000000000111111100000000000000,1,0
715,3,TypeC,30500,000000000000000000000000001111110000000000001111000000000000000000000000000000000000111110000000000000000000000000000000000000001111110000000000000000000111110000000000,1,0
716,4,TypeC,30500,000000000000000000000000001111110000000000001111000000000000000000000000000000000000111110000000000000000000000000000000000000001111110000000000000000000111110000000000,1,0
717,0,TypeA,50100,011111111110000000000000000000000000011111111000000000000000111111111000000000000000000000000000000000000000000000000000000000001111111100000000000000000000011111111110,1,0
718,1,TypeB,36100,011111110000000000000000000000000000011111111000000000000111111110000000000000000000011110000000000000000000000000000000000000000000000000000000000111111100000000000000,1,0
719,2,TypeB,36100,011111110000000000000000000000000000011111111000000000000111111110000000000000000000011110000000000000000000000000000000000000000000000000000000000111111100000000000000,1,0
720,3,TypeC,31700,000000000000000000000000001111110000000000000000000000000000111110000000000000000000011110000000000000000000000000000000000000001111110000000000000000000111110000000000,1,0
721,4,TypeC,31700,000000000000000000000000001111110000000000000000000000000000111110000000000000000000011110000000000000000000000000000000000000001111110000000000000000000111110000000000,1,0
722,0,TypeA,47300,000000011111111100000000000000000000011111111000000000000000111111111000000000000000000000000000000000000000000000000000000000001111111100000000000000000000011111111110,1,0
723,1,TypeB,35400,000000011111110000000000000000000000011111111000000000000111111000000000000000000000011110000000000000000000000000000000000000001111111100000000000000000000000000000000,1,0
724,2,TypeB,35400,000000011111110000000000000000000000011111111000000000000111111000000000000000000000011110000000000000000000000000000000000000001111111100000000000000000000000000000000,1,0
725,3,TypeC,31500,000000000000000000000000001111110000000000000000000000000111111000000000000000000000011110000000000000000000000000000000000111111000000000000000000000000111110000000000,1,0
726,4,TypeC,31500,000000000000000000000000001111110000000000000000000000000111111000000000000000000000011110000000000000000000000000000000000111111000000000000000000000000111110000000000,1,0
727,0,TypeA,52200,000000011111111100000000000000000000011111111110000000000000000000000000000000111111111100000000000000000000000000000000000000001111111110000000000000000000011111111110,1,0
728,1,TypeB,39100,000000011111110000000000000000000000011111111000000000111111110000000000011111110000000000000000000000000000000000000000000000000000000000000000000111111100000000000000,1,0
729,2,TypeB,39100,000000011111110000000000000000000000011111111000000000111111110000000000011111110000000000000000000000000000000000000000000000000000000000000000000111111100000000000000,1,0
730,3,TypeC,25700,000000000000000000000000001111110000000000000011111000000000000000000000000000000000011110000000000000000000000000000000111000000000000000000000000000000111110000000000,1,0
731,4,TypeC,25700,000000000000000000000000001111110000000000000011111000000000000000000000000000000000011110000000000000000000000000000000111000000000000000000000000000000111110000000000,1,0
732,1,TypeB,36400,011111110000000000000000000000000000011111111000000000000011111110000000000000000000011110000000000000000000000000000000000000000000000000000000000111111110000000000000,1,0
733,2,TypeB,36400,011111110000000000000000000000000000011111111000000000000011111110000000000000000000011110000000000000000000000000000000000000000000000000000000000111111110000000000000,1,0
734,3,TypeC,32400,000000000000000000000000001111110000000000000000000000000000000000000000000000000000011110000000000000000000011111100000000000001111110000000000000000000111110000000000,1,0
735,4,TypeC,32400,000000000000000000000000001111110000000000000000000000000000000000000000000000000000011110000000000000000000011111100000000000001111110000000000000000000111110000000000,1,0
736,0,TypeA,50500,000000011111111100000000000000000000000000000000000000111111111000000000000000000000111111111000000000000000000000000000000000011111111100000000000111111111100000000000,1,0
737,1,TypeB,40400,011111110000000000000000001111111100000000000000000000111111110000000000000000000000000000001111111000000000000000000000000000000000000000000000000111111110000000000000,1,0
738,2,TypeB,40400,011111110000000000000000001111111100000000000000000000111111110000000000000000000000000000001111111000000000000000000000000000000000000000000000000111111110000000000000,1,0
739,3,TypeC,25000,000000000000000000000000001110000000000000000011111000000000000000000000000000000000111110000000000000000000000000000000111100000000000000000000000000000111110000000000,1,0
740,4,TypeC,25000,000000000000000000000000001110000000000000000011111000000000000000000000000000000000111110000000000000000000000000000000111100000000000000000000000000000111110000000000,1,0
741,0,TypeA,50900,000000011111111100000000000000000000000000000000000000111111111000000000000000011111111110000000000000000000000000000000000000011111111100000000000000000000011111111110,1,0
742,1,TypeB,40400,011111110000000000000000001111111100000000000000000000111111110000000000011111110000000000000000000000000000000000000000000000000000011111111000000000000000000000000000,1,0
743,2,TypeB,40400,011111110000000000000000001111111100000000000000000000111111110000000000011111110000000000000000000000000000000000000000000000000000011111111000000000000000000000000000,1,0
744,3,TypeC,27500,000011110000000000000000000000000111110000000000000000000000000000000000000000000000111110000000000000000000000000000000111100000000000000000000000000000111110000000000,1,0
745,4,TypeC,27500,000011110000000000000000000000000111110000000000000000000000000000000000000000000000111110000000000000000000000000000000111100000000000000000000000000000111110000000000,1,0
746,0,TypeA,47900,000000011111111100000000000000000000000000000000000000111111111000000000000000000000011111111000000000000000000000000000000000000000011111111000000000000000011111111110,1,0
747,1,TypeB,40100,011111110000000000000000001111111100000000000000000000111111110000000000000000000000011111111000000000000000000000000000000000000000000000000000000111111100000000000000,1,0
748,2,TypeB,40100,011111110000000000000000001111111100000000000000000000111111110000000000000000000000011111111000000000000000000000000000000000000000000000000000000111111100000000000000,1,0
749,3,TypeC,22000,000000000000000000000000001110000000000000000011111000000000000000000000011111100000000000000000001111000000000000000000111100000000000000000000000000000000000000000000,1,0
750,4,TypeC,22000,000000000000000000000000001110000000000000000011111000000000000000000000011111100000000000000000001111000000000000000000111100000000000000000000000000000000000000000000,1,0
751,1,TypeB,42200,011111111000000000000000001111111100000000000000000000111111110000000000000000000000000000000000000000000000000000000000000000011111110000000000000111111100000000000000,1,0
752,2,TypeB,42200,011111111000000000000000001111111100000000000000000000111111110000000000000000000000000000000000000000000000000000000000000000011111110000000000000111111100000000000000,1,0
753,3,TypeC,24500,000000000000000000000000001110000000000000000011111000000000000000000000011111100000000000000000000000000000000000000000111100000000000000000000000000000111110000000000,1,0
754,4,TypeC,24500,000000000000000000000000001110000000000000000011111000000000000000000000011111100000000000000000000000000000000000000000111100000000000000000000000000000111110000000000,1,0
755,1,TypeB,37100,011111110000000000000000001111111100000000000000000000111111110000000000000000000000111110000000000000000000000000000000000000000000000000000000000111111100000000000000,1,0
756,2,TypeB,37100,011111110000000000000000001111111100000000000000000000111111110000000000000000000000111110000000000000000000000000000000000000000000000000000000000111111100000000000000,1,0
757,3,TypeC,27000,000000000000000000000000000000000111110000000000000000000000000000000000011111100000000000000000001111000000000000000000111100000000000000000000000000000111110000000000,1,0
758,4,TypeC,27000,000000000000000000000000000000000111110000000000000000000000000000000000011111100000000000000000001111000000000000000000111100000000000000000000000000000111110000000000,1,0
759,0,TypeA,51100,000000011111111100000000000000000000000000000000001111111111000000000000000000000111111110000000000000000000000000000000000000011111111100000000000111111111100000000000,1,0
760,1,TypeB,34400,000000011111110000000000000000011111110000000000000000000111111000000000000000000000011110000000000000000000000000000000000000000000011111111000000000000000000000000000,1,0
761,2,TypeB,34400,000000011111110000000000000000011111110000000000000000000111111000000000000000000000011110000000000000000000000000000000000000000000011111111000000000000000000000000000,1,0
762,3,TypeC,23800,000000000011111100000000000000000000000000000011111000000000000000000000000000111000000000000000001111000000000000000000111100000000000000000000000000000000000000000000,1,0
763,4,TypeC,23800,000000000011111100000000000000000000000000000011111000000000000000000000000000111000000000000000001111000000000000000000111100000000000000000000000000000000000000000000,1,0
764,1,TypeB,40400,011111110000000000000000001111111100000000000000000000111111110000000000000000000000000000001111111000000000000000000000000000000000011111111000000000000000000000000000,1,0
765,2,TypeB,40400,011111110000000000000000001111111100000000000000000000111111110000000000000000000000000000001111111000000000000000000000000000000000011111111000000000000000000000000000,1,0
766,3,TypeC,28300,000000011110000000000000001111110000000000000011111000000000000000000000000000000000011110000000000000000000000000000000000000001111110000000000000000000000000000000000,1,0
767,4,TypeC,28300,000000011110000000000000001111110000000000000011111000000000000000000000000000000000011110000000000000000000000000000000000000001111110000000000000000000000000000000000,1,0
768,1,TypeB,42500,011111110000000000000000001111111100000000000000000000111111110000000000000000000000000000000000000000000000000000000000000000011111111000000000000000000111111100000000,1,0
769,2,TypeB,42500,011111110000000000000000001111111100000000000000000000111111110000000000000000000000000000000000000000000000000000000000000000011111111000000000000000000111111100000000,1,0
770,3,TypeC,26700,000000000000000000000000001111110000000000000011111000000000011110000000000001110000000000000000000000000000000000000000000000001111110000000000000000000000000000000000,1,0
771,4,TypeC,26700,000000000000000000000000001111110000000000000011111000000000011110000000000001110000000000000000000000000000000000000000000000001111110000000000000000000000000000000000,1,0
772,0,TypeA,49500,000000011111111100000000000000000000011111111110000000000000011111111000000000000000000000000000000000000000000000000000000000001111111100000000000111111111100000000000,1,0
773,1,TypeB,42500,011111110000000000000000001111111100000000000000000000111111110000000000000000000000000000000000000000000000000000000000000000000000011111111000000000000111111100000000,1,0
774,2,TypeB,42500,011111110000000000000000001111111100000000000000000000111111110000000000000000000000000000000000000000000000000000000000000000000000011111111000000000000111111100000000,1,0
775,3,TypeC,25500,000011110000000000000000001111110000000000000011111000000000000000000000000001110000000000000000000000000000000000000000000000001111110000000000000000000000000000000000,1,0
776,4,TypeC,25500,000011110000000000000000001111110000000000000011111000000000000000000000000001110000000000000000000000000000000000000000000000001111110000000000000000000000000000000000,1,0
777,1,TypeB,37400,011111110000000000000000000000000000011111111000000000111111110000000000000000000000011110000000000000000000000000000000000000000000000000000000000111111110000000000000,1,0
778,2,TypeB,37400,011111110000000000000000000000000000011111111000000000111111110000000000000000000000011110000000000000000000000000000000000000000000000000000000000111111110000000000000,1,0
779,3,TypeC,21000,000000000000000000000000001111110000000000000001111000000000000000000000000000111000000000000000001111000000000000000000000000000000000000000000000000000000000000011110,1,0
780,4,TypeC,21000,000000000000000000000000001111110000000000000001111000000000000000000000000000111000000000000000001111000000000000000000000000000000000000000000000000000000000000011110,1,0
781,0,TypeA,50200,000000011111111100000000000000000000000000000000000000111111111000000000000000111111111100000000000000000000000000000000000000000000011111111000000000000000011111111110,1,0
782,1,TypeB,32100,000000000011111100000000000000011111110000000000000000000111111000000000000000000000011110000000000000000000000000000000000000000000000000000000000111111100000000000000,1,0
783,2,TypeB,32100,000000000011111100000000000000011111110000000000000000000111111000000000000000000000011110000000000000000000000000000000000000000000000000000000000111111100000000000000,1,0
784,3,TypeC,25300,000000000000000000000000000000000111110000000000000000000111111000000000000000111000000000000000001111000000000000000000000000000000000000000000000000000000000000011110,1,0
785,4,TypeC,25300,000000000000000000000000000000000111110000000000000000000111111000000000000000111000000000000000001111000000000000000000000000000000000000000000000000000000000000011110,1,0
786,1,TypeB,37400,000000011111110000000000000000000000011111111000000000111111110000000000000000000000011110000000000000000000000000000000000000000000000000001111111100000000000000000000,1,0
787,2,TypeB,37400,000000011111110000000000000000000000011111111000000000111111110000000000000000000000011110000000000000000000000000000000000000000000000000001111111100000000000000000000,1,0
788,3,TypeC,22700,000000000000011100000000000000000111110000000000000000000000000000000000000000000000000011111000000000000000000000000000000000000000000000000000000111000000000000011110,1,0
789,4,TypeC,22700,000000000000011100000000000000000111110000000000000000000000000000000000000000000000000011111000000000000000000000000000000000000000000000000000000111000000000000011110,1,0
790,0,TypeA,50500,000000011111111100000000000000000000000000000000000000111111111000000000000000000000011111111110000000000000000000000000000000000000011111111000000000000000011111111110,1,0
791,1,TypeB,36100,000000011111110000000000000000000000011111111000000000111111110000000000000000000000011110000000000000000000000000000000000000000000000000000000000000000111111100000000,1,0
792,2,TypeB,36100,000000011111110000000000000000000000011111111000000000111111110000000000000000000000011110000000000000000000000000000000000000000000000000000000000000000111111100000000,1,0
793,3,TypeC,20500,000000000000000000000000000000000111110000000000000000000000000000000000000000111000000000000000001111000000000000000000000000000000000000000000000111000000000000011110,1,0
794,4,TypeC,20500,000000000000000000000000000000000111110000000000000000000000000000000000000000111000000000000000001111000000000000000000000000000000000000000000000111000000000000011110,1,0
795,0,TypeA,47600,000000011111111100000000000000000000011111111000000000000000011111111000000000000000000000000000000000000000000000000000000000011111111100000000000000000000011111111110,1,1
796,1,TypeB,36100,011111110000000000000000000000000000011111111000000000111111110000000000000000000000011110000000000000000000000000000000000000000000000000000000000111111100000000000000,1,0
797,2,TypeB,36100,011111110000000000000000000000000000011111111000000000111111110000000000000000000000011110000000000000000000000000000000000000000000000000000000000111111100000000000000,1,0
798,3,TypeC,21500,000000000000000000000000000000000111110000000000000000000000000000000000000000111000000000000000001111000000000000000000111100000000000000000000000000000000000000011110,1,0
799,4,TypeC,21500,000000000000000000000000000000000111110000000000000000000000000000000000000000111000000000000000001111000000000000000000111100000000000000000000000000000000000000011110,1,0
800,0,TypeA,52100,000011111111110000000000000000000000000000000000000000111111111000000000000000111111111100000000000000000000000000000000000000000000011111111000000000000000011111111110,1,0
801,1,TypeB,36100,011111110000000000000000000000000000011111111000000000111111110000000000000000000000011110000000000000000000000000000000000000000000000000000000000000000111111100000000,1,0
802,2,TypeB,36100,011111110000000000000000000000000000011111111000000000111111110000000000000000000000011110000000000000000000000000000000000000000000000000000000000000000111111100000000,1,0
803,3,TypeC,25000,000000000000000000000000001111110000000000000011111000000000000000000000000001110000000000000011111000000000000000000000000111111000000000000000000000000000000000000000,1,0
804,4,TypeC,25000,000000000000000000000000001111110000000000000011111000000000000000000000000001110000000000000011111000000000000000000000000111111000000000000000000000000000000000000000,1,0
805,0,TypeA,51200,000000011111111100000000000000000000011111111110000000000000111111111000000000000000000000000000000000000000000000000000000000011111111100000000000000000000011111111110,1,0
806,1,TypeB,40500,000000000011111100000000000000011111110000000000000000111111110000000000000000000000000000000000000000000000000000000000000000001111111100000000000000000111111100000000,1,0
807,2,TypeB,40500,000000000011111100000000000000011111110000000000000000111111110000000000000000000000000000000000000000000000000000000000000000001111111100000000000000000111111100000000,1,0
808,3,TypeC,25300,000000000000000000000000001111110000000000000011111000000000000000000000000000111100000000000000001111000000000000000000000111111000000000000000000000000000000000000000,1,0
809,4,TypeC,25300,000000000000000000000000001111110000000000000011111000000000000000000000000000111100000000000000001111000000000000000000000111111000000000000000000000000000000000000000,1,0
810,0,TypeA,51200,000000011111111100000000000000000000000000000000000000111111111000000000000000111111111100000000000000000000000000000000000000011111111100000000000000000000011111111110,1,0
811,1,TypeB,39400,000000000011111100000000000000011111110000000000000000111111110000000000000000000000000000000011111111000000000000000000000000000000011111111000000000000000000000000000,1,0
812,2,TypeB,39400,000000000011111100000000000000011111110000000000000000111111110000000000000000000000000000000011111111000000000000000000000000000000011111111000000000000000000000000000,1,0
813,3,TypeC,30900,000000000000000000000000001111110000000000000011111000000000000000000000000000000000011110000000000000000000011111100000000000001111110000000000000000000000000000000000,1,0
814,4,TypeC,30900,000000000000000000000000001111110000000000000011111000000000000000000000000000000000011110000000000000000000011111100000000000001111110000000000000000000000000000000000,1,1
815,0,TypeA,54000,011111111110000000000000000000000000000000000000000000000000111111111000000000000000011111111110000000000000000000000000000000011111111100000000000000000000011111111110,1,0
816,1,TypeB,35100,000000000011111100000000000000011111110000000000000000111111110000000000000000000000111110000000000000000000000000000000000000000000000000000000000000000111111100000000,1,0
817,2,TypeB,35100,000000000011111100000000000000011111110000000000000000111111110000000000000000000000111110000000000000000000000000000000000000000000000000000000000000000111111100000000,1,0
818,3,TypeC,28000,000000000000000000000000001111110000000000000001111000000000000000000000000000000000111110000000000000000000000000000000000000001111110000000000000000000000000000011110,1,0
819,4,TypeC,28000,000000000000000000000000001111110000000000000001111000000000000000000000000000000000111110000000000000000000000000000000000000001111110000000000000000000000000000011110,1,0
820,0,TypeA,51500,000000011111111100000000000000000000000000000000000000111111111000000000000000000000011111111110000000000000000000000000000000011111111100000000000000000000011111111110,1,0
821,1,TypeB,37100,000000000011111100000000000000011111110000000000000000111111110000000000000000000000000000001111111000000000000000000000000000000000000000000000000000000111111100000000,1,0
822,2,TypeB,37100,000000000011111100000000000000011111110000000000000000111111110000000000000000000000000000001111111000000000000000000000000000000000000000000000000000000111111100000000,1,0
823,3,TypeC,27800,000000000000000000000000001111110000000000111111000000000000000000000000000000111100000000000000000000000000000000000000000000001111110000000000000000000000000000011110,1,0
824,4,TypeC,27800,000000000000000000000000001111110000000000111111000000000000000000000000000000111100000000000000000000000000000000000000000000001111110000000000000000000000000000011110,1,0
825,0,TypeA,50600,000000011111111100000000000000000000011111111110000000000011111111100000000000000000000000000000000000000000000000000000000000011111111100000000000000000000011111111110,1,0
826,1,TypeB,36100,000000000000000000000000000000011111110000000000000000000011111110000000000000000000000111111110000000000111110000000000000000000000000000000000000000000111111100000000,1,0
827,2,TypeB,36100,000000000000000000000000000000011111110000000000000000000011111110000000000000000000000111111110000000000111110000000000000000000000000000000000000000000111111100000000,1,0
828,3,TypeC,25800,000000000000000000000000001111110000000000001111000000000000000000000000000000111100000000000000000000000000000000000000000000001111110000000000000000000000000000011110,1,0
829,4,TypeC,25800,000000000000000000000000001111110000000000001111000000000000000000000000000000111100000000000000000000000000000000000000000000001111110000000000000000000000000000011110,1,0
830,1,TypeB,37100,000000000000000000000000000000011111110000000000000000111111110000000000000000000000000111111110000000000111110000000000000000000000000000000000000000000111111100000000,1,1
831,2,TypeB,37100,000000000000000000000000000000011111110000000000000000111111110000000000000000000000000111111110000000000111110000000000000000000000000000000000000000000111111100000000,1,0
832,3,TypeC,29500,000000000000000000000000000000000111110000000000000000000000000000000000000000111100000000000000000000000000011111100000000000001111110000000000000000000000000000011110,1,0
833,4,TypeC,29500,000000000000000000000000000000000111110000000000000000000000000000000000000000111100000000000000000000000000011111100000000000001111110000000000000000000000000000011110,1,0
834,1,TypeB,40800,000011111110000000000000000000011111110000000000000000000000000000000000000000000001111110000000000000000000000000000000000000000000011111111000000000000000111111110000,1,0
835,2,TypeB,40800,000011111110000000000000000000011111110000000000000000000000000000000000000000000001111110000000000000000000000000000000000000000000011111111000000000000000111111110000,1,0
836,3,TypeC,26200,000000000000000000000000000000000111110000000000000000000000000000111000000000000000011110000000000000000000000000000000000000001111110000000000000000000000000000011110,1,0
837,4,TypeC,26200,000000000000000000000000000000000111110000000000000000000000000000111000000000000000011110000000000000000000000000000000000000001111110000000000000000000000000000011110,1,0
838,0,TypeA,55600,011111111110000000000000000000000000011111111110000000000000000000000000000000000001111111111000000000000000000000000000000000011111111100000000000111111111100000000000,1,0
839,1,TypeB,34400,000000000011111100000000000000011111110000000000000000000011111000000000000000000001111110000000000000000000000000000000000000000000011111111000000000000000000000000000,1,0
840,2,TypeB,34400,000000000011111100000000000000011111110000000000000000000011111000000000000000000001111110000000000000000000000000000000000000000000011111111000000000000000000000000000,1,0
841,3,TypeC,28500,000000000000000000000000001111110000000000000011111000000000000000000000011111100000000000000000000000000000000000000000000000001111110000000000000000000000000000011110,1,0
842,4,TypeC,28500,000000000000000000000000001111110000000000000011111000000000000000000000011111100000000000000000000000000000000000000000000000001111110000000000000000000000000000011110,1,0
843,0,TypeA,52400,000000011111111100000000000011111111110000000000000000111111111000000000000000000000000000000000000000000000000000000000000000011111111100000000000111111111100000000000,1,0
844,1,TypeB,41500,000011111110000000000000000000011111110000000000000000000000000000000000000000111111110000000000000000000000000000000000000000000000011111111000000000000111111100000000,1,0
845,2,TypeB,41500,000011111110000000000000000000011111110000000000000000000000000000000000000000111111110000000000000000000000000000000000000000000000011111111000000000000111111100000000,1,0
846,3,TypeC,35500,000000000011111100000000000000000111110000000000000000000000000000000000000000000000000000000000000000000000011111100000000000001111110000000000000000000111110000000000,1,0
847,4,TypeC,35500,000000000011111100000000000000000111110000000000000000000000000000000000000000000000000000000000000000000000011111100000000000001111110000000000000000000111110000000000,1,0
848,0,TypeA,50200,000000011111111100000000000000000000011111111000000000000000000000000000000000000001111111111000000000000000000000000000000000011111111100000000000111111111100000000000,1,0
849,1,TypeB,38400,011111110000000000000000000000000000011111111000000000000000111110000000000000000000011111111000000000000000000000000000000000000000011111111000000000000000000000000000,1,0
850,2,TypeB,38400,011111110000000000000000000000000000011111111000000000000000111110000000000000000000011111111000000000000000000000000000000000000000011111111000000000000000000000000000,1,0
851,3,TypeC,30700,000000000000000000000000000000000111110000000000000000000000111110000000000000111000000000000000000000000000011111100000000000001111110000000000000000000000000000000000,1,0
852,4,TypeC,30700,000000000000000000000000000000000111110000000000000000000000111110000000000000111000000000000000000000000000011111100000000000001111110000000000000000000000000000000000,1,0
853,0,TypeA,51500,000000011111111100000000000000000000000000000000000000111111111000000000000000000001111111111000000000000000000000000000000000011111111100000000000111111111100000000000,1,0
854,1,TypeB,43800,011111110000000000000000000000000000011111111000000000000000000000000000000000111111110000000000000000000000000000000000000000000000011111111000000000000000111111110000,1,0
855,2,TypeB,43800,011111110000000000000000000000000000011111111000000000000000000000000000000000111111110000000000000000000000000000000000000000000000011111111000000000000000111111110000,1,0
856,3,TypeC,28700,000000000000000000000000001111110000000000000011111000000000000000000000000000111000000000000000000000000000011111100000000000001111110000000000000000000000000000000000,1,0
857,4,TypeC,28700,000000000000000000000000001111110000000000000011111000000000000000000000000000111000000000000000000000000000011111100000000000001111110000000000000000000000000000000000,1,0
858,0,TypeA,48600,000000011111111100000000000000000000011111111110000000000001111111100000000000000000000000000000000000000000000000000000000000000000011111111000000000000000011111111110,1,0
859,1,TypeB,39400,011111110000000000000000000000011111110000000000000000000000111111100000000000111111110000000000000000000000000000000000000000000000011111111000000000000000000000000000,1,0
860,2,TypeB,39400,011111110000000000000000000000011111110000000000000000000000111111100000000000111111110000000000000000000000000000000000000000000000011111111000000000000000000000000000,1,0
861,3,TypeC,27900,000000000000000000000000000000000000000000000011111000000000011111100000000000000000011110000000000000000000000000000000111100000000000000000000000000000111110000000000,1,0
862,4,TypeC,27900,000000000000000000000000000000000000000000000011111000000000011111100000000000000000011110000000000000000000000000000000111100000000000000000000000000000111110000000000,1,0
863,0,TypeA,53600,000000011111111100000000000000000000000000000000000000111111111000000000000000000000011111111110000000000000000000000000111111111000000000000000000000000000011111111110,1,0
864,1,TypeB,38400,011111110000000000000000000000011111110000000000000000000111111000000000000000111111110000000000000000000000000000000000000000000000011111111000000000000000000000000000,1,0
865,2,TypeB,38400,011111110000000000000000000000011111110000000000000000000111111000000000000000111111110000000000000000000000000000000000000000000000011111111000000000000000000000000000,1,1
866,3,TypeC,23400,000000000000011100000000000000000000000000000011111000000000000000000000000111100000000000000000000000000000000000000000111100000000000000000000000000000111110000000000,1,0
867,4,TypeC,23400,000000000000011100000000000000000000000000000011111000000000000000000000000111100000000000000000000000000000000000000000111100000000000000000000000000000111110000000000,1,0
868,0,TypeA,50800,000000011111111100000000000000000000011111111110000000000000000000000000000000000000000000000000000001111111110000000000000000000000011111111000000000000000011111111110,1,0
869,1,TypeB,39400,011111110000000000000000000000011111110000000000000000000011111110000000000000111111110000000000000000000000000000000000000000000000011111111000000000000000000000000000,1,0
870,2,TypeB,39400,011111110000000000000000000000011111110000000000000000000011111110000000000000111111110000000000000000000000000000000000000000000000011111111000000000000000000000000000,1,0
871,3,TypeC,27300,000000000011111100000000000000000000000000000011111000000000000000000000000111100000000000000000000000000000000000000000111100000000000000000000000000000111110000000000,1,0
872,4,TypeC,27300,000000000011111100000000000000000000000000000011111000000000000000000000000111100000000000000000000000000000000000000000111100000000000000000000000000000111110000000000,1,0
873,1,TypeB,40400,000000011111110000000000000000011111110000000000000000000111111110000000000000111111110000000000000000000000000000000000000000000000011111111000000000000000000000000000,1,0
874,2,TypeB,40400,000000011111110000000000000000011111110000000000000000000111111110000000000000111111110000000000000000000000000000000000000000000000011111111000000000000000000000000000,1,0
875,3,TypeC,25300,000000011110000000000000000000000000000000000011111000000000000000000000000000000000011110000000000000000000000000000000111100000000000000000000000000000111110000000000,1,0
876,4,TypeC,25300,000000011110000000000000000000000000000000000011111000000000000000000000000000000000011110000000000000000000000000000000111100000000000000000000000000000111110000000000,1,0
877,1,TypeB,41500,011111110000000000000000000000011111110000000000000000000000000000000000000000111111110000000000000000000000000000000000000000000000011111111000000000000111111100000000,1,0
878,2,TypeB,41500,011111110000000000000000000000011111110000000000000000000000000000000000000000111111110000000000000000000000000000000000000000000000011111111000000000000111111100000000,1,0
879,3,TypeC,24600,000000000000011100000000000000000000000000000011111000000000000000000000000000000000011110000000000000000000000000000000111100000000000000000000000000000111110000000000,1,0
880,4,TypeC,24600,000000000000011100000000000000000000000000000011111000000000000000000000000000000000011110000000000000000000000000000000111100000000000000000000000000000111110000000000,1,0
881,1,TypeB,40400,000000011111110000000000000000011111110000000001111111100000000000000000000000111111110000000000000000000000000000000000000000000000011111111000000000000000000000000000,1,0
882,2,TypeB,40400,000000011111110000000000000000011111110000000001111111100000000000000000000000111111110000000000000000000000000000000000000000000000011111111000000000000000000000000000,1,0
883,3,TypeC,26700,000000000000000000000000001111110000000000000011111000000000000000000000000000000000011110000000000000000000000000000000111100000000000000000000000000000111110000000000,1,0
884,4,TypeC,26700,000000000000000000000000001111110000000000000011111000000000000000000000000000000000011110000000000000000000000000000000111100000000000000000000000000000111110000000000,1,0
885,0,TypeA,54900,011111111110000000000000000000000000000000000000000000111111111000000000000000000000011111111110000000000000000000000000000000011111111100000000000111111111100000000000,1,0
886,1,TypeB,38400,011111110000000000000000000000011111110000000000000000111111110000000000000000000000000000000000000000000000011111100000000000000000000000001111111100000000000000000000,1,0
887,2,TypeB,38400,011111110000000000000000000000011111110000000000000000111111110000000000000000000000000000000000000000000000011111100000000000000000000000001111111100000000000000000000,1,0
888,3,TypeC,27500,000000000000000000000000001111110000000000000000001111100000000000000000000000000000000000000000001111000000000000000000000111111000000000000000000000000111110000000000,1,0
889,4,TypeC,27500,000000000000000000000000001111110000000000000000001111100000000000000000000000000000000000000000001111000000000000000000000111111000000000000000000000000111110000000000,1,0
890,0,TypeA,53300,000000011111111100000000000000000000000000000000001111111110000000000000000000000000011111111110000000000000000000000000000000011111111100000000000111111111100000000000,1,0
891,1,TypeB,38400,011111110000000000000000000000011111110000000000000000111111110000000000000000000000000000000000000000000000011111100000000000011111111000000000000000000000000000000000,1,0
892,2,TypeB,38400,011111110000000000000000000000011111110000000000000000111111110000000000000000000000000000000000000000000000011111100000000000011111111000000000000000000000000000000000,1,0
893,3,TypeC,23800,000000000000000000000000000000000000000000000000001111100000000000000000000000111100000000000000001111000000000000000000111100000000000000000000000000000111110000000000,1,0
894,4,TypeC,23800,000000000000000000000000000000000000000000000000001111100000000000000000000000111100000000000000001111000000000000000000111100000000000000000000000000000111110000000000,1,0
895,0,TypeA,51100,000000011111111100000000000000000000000000000000000000111111111000000000000000000000000000000000000001111111110000000000000000011111111100000000000111111111100000000000,1,0
896,1,TypeB,38400,000000011111110000000000000000011111110000000000000000111111110000000000000000000000000000000000000000000000011111100000000000000000011111111000000000000000000000000000,1,0
897,2,TypeB,38400,000000011111110000000000000000011111110000000000000000111111110000000000000000000000000000000000000000000000011111100000000000000000011111111000000000000000000000000000,1,0
898,3,TypeC,23800,000000000000000000000000000000000000000000000011111000000000000000000000000000111100000000000000001111000000000000000000111100000000000000000000000000000111110000000000,1,0
899,4,TypeC,23800,000000000000000000000000000000000000000000000011111000000000000000000000000000111100000000000000001111000000000000000000111100000000000000000000000000000111110000000000,1,0
900,1,TypeB,38400,011111110000000000000000000000011111110000000000000000111111110000000000000000000000000000000000000000000000011111100000000000000000011111111000000000000000000000000000,1,0
901,2,TypeB,38400,011111110000000000000000000000011111110000000000000000111111110000000000000000000000000000000000000000000000011111100000000000000000011111111000000000000000000000000000,1,0
902,3,TypeC,24800,000000000000000000000000001111110000000000000000000000000000000000000000000000111100000000000000001111000000000000000000111100000000000000000000000000000111110000000000,1,0
903,4,TypeC,24800,000000000000000000000000001111110000000000000000000000000000000000000000000000111100000000000000001111000000000000000000111100000000000000000000000000000111110000000000,1,0
904,0,TypeA,47000,000000011111111100000000000000000000011111111000000000000011111111100000000000000000000000000000000000000000000000000000000000000000011111111000000000000000011111111110,1,0
905,1,TypeB,37100,000000000011111100000000000000011111110000000001111111100000000000000000000000000000000011111110000000000000000000000000000000000000000000000000000000000111111100000000,1,0
906,2,TypeB,37100,000000000011111100000000000000011111110000000001111111100000000000000000000000000000000011111110000000000000000000000000000000000000000000000000000000000111111100000000,1,0
907,3,TypeC,27400,000000000000000000000000001111110000000000000011111000000000011111100000000000000000000011111000000000000000000000000000000000000000011100000000000000000000000000000000,1,0
908,4,TypeC,27400,000000000000000000000000001111110000000000000011111000000000011111100000000000000000000011111000000000000000000000000000000000000000011100000000000000000000000000000000,1,0
909,1,TypeB,38100,000000000011111100000000000000011111110000000000001111111100000000000000000000111111110000000000000000000000000000000000000000000000000000000000000000000111111100000000,1,0
910,2,TypeB,38100,000000000011111100000000000000011111110000000000001111111100000000000000000000111111110000000000000000000000000000000000000000000000000000000000000000000111111100000000,1,0
911,3,TypeC,24200,000000000000000000000000000000000111110000000000000000111100000000000000000000111100000000000000000000000000000000000000000000000000011100000000000000000000111100000000,1,0
912,4,TypeC,24200,000000000000000000000000000000000111110000000000000000111100000000000000000000111100000000000000000000000000000000000000000000000000011100000000000000000000111100000000,1,0
913,0,TypeA,48600,000000011111111100000000000000000000011111111000000000000000011111111000000000000000000000000000000000000000000000000000000000011111111110000000000000000000011111111110,1,0
914,1,TypeB,38100,000000000011111100000000000000011111110000000000000000111111110000000000000000111111110000000000000000000000000000000000000000000000000000000000000000000111111100000000,1,0
915,2,TypeB,38100,000000000011111100000000000000011111110000000000000000111111110000000000000000111111110000000000000000000000000000000000000000000000000000000000000000000111111100000000,1,0
916,3,TypeC,27300,000000000000000000000000000000000111110000000000001111100000000000000000000000111100000000000000001111000000000000000000000000001111110000000000000000000000000000000000,1,0
917,4,TypeC,27300,000000000000000000000000000000000111110000000000001111100000000000000000000000111100000000000000001111000000000000000000000000001111110000000000000000000000000000000000,1,0
918,0,TypeA,49800,000000011111111100000000000000000000000000000000000000111111111000000000000000000000000000000000000001111111110000000000000000001111111100000000000111111111100000000000,1,0
919,1,TypeB,39400,011111111000000000000000001111111100000000001111111000000000011111100000000000000000000000000000000000000000000000000000000000000000000000000000000111111110000000000000,1,0
920,2,TypeB,39400,011111111000000000000000001111111100000000001111111000000000011111100000000000000000000000000000000000000000000000000000000000000000000000000000000111111110000000000000,1,0
921,3,TypeC,29100,000011111000000000000000000000000111110000000000000000000000011111100000000000000000000000000000000000000000000000000000000000000000011100000000000000000111110000000000,1,0
922,4,TypeC,29100,000011111000000000000000000000000111110000000000000000000000011111100000000000000000000000000000000000000000000000000000000000000000011100000000000000000111110000000000,1,0
923,1,TypeB,39100,000011111110000000000000000000011111110000000001111111100000000000000000000000000000000000000011111111000000000000000000000000000000000000000000000000000111111100000000,1,0
924,2,TypeB,39100,000011111110000000000000000000011111110000000001111111100000000000000000000000000000000000000011111111000000000000000000000000000000000000000000000000000111111100000000,1,0
925,3,TypeC,32200,000000000000000000000000001111110000000000000011111000000000000000000000000000000000000000000000000000000000011111100000000000001111110000000000000000000111110000000000,1,0
926,4,TypeC,32200,000000000000000000000000001111110000000000000011111000000000000000000000000000000000000000000000000000000000011111100000000000001111110000000000000000000111110000000000,1,0
927,1,TypeB,42800,011111110000000000000000000000011111110000000000000000000000011111111000000000000000000000000000000000000000000000000000011111111000000000000000000111111110000000000000,1,0
928,2,TypeB,42800,011111110000000000000000000000011111110000000000000000000000011111111000000000000000000000000000000000000000000000000000011111111000000000000000000111111110000000000000,1,0
929,3,TypeC,27600,000000000000000000000000000000000111110000000000000000111100000000000000000000111100000000000011111000000000000000000000000000001111110000000000000000000000000000000000,1,0
930,4,TypeC,27600,000000000000000000000000000000000111110000000000000000111100000000000000000000111100000000000011111000000000000000000000000000001111110000000000000000000000000000000000,1,0
931,1,TypeB,40400,000011111110000000000000001111111100000000001111111000000000011111111000000000000000000000000000000000000000000000000000000000000000000000000000000111111110000000000000,1,0
932,2,TypeB,40400,000011111110000000000000001111111100000000001111111000000000011111111000000000000000000000000000000000000000000000000000000000000000000000000000000111111110000000000000,1,0
933,3,TypeC,28800,000000000000000000000000000000000111110000000000000000000011111000000000000000111100000000000000001111000000000000000000000000001111110000000000000000000000000000000000,1,0
934,4,TypeC,28800,000000000000000000000000000000000111110000000000000000000011111000000000000000111100000000000000001111000000000000000000000000001111110000000000000000000000000000000000,1,0
935,1,TypeB,41500,000011111110000000000000000000011111110000000000000000000000011111111000000000000000000000000000000000000000000000000000000000000000011111111000000000000111111100000000,1,0
936,2,TypeB,41500,000011111110000000000000000000011111110000000000000000000000011111111000000000000000000000000000000000000000000000000000000000000000011111111000000000000111111100000000,1,0
937,3,TypeC,24500,000000000000000000000000001111110000000000000001111000000000000000000000000001110000000000000000001111000000000000000000000000001111110000000000000000000000000000000000,1,0
938,4,TypeC,24500,000000000000000000000000001111110000000000000001111000000000000000000000000001110000000000000000001111000000000000000000000000001111110000000000000000000000000000000000,1,0
939,1,TypeB,41500,011111110000000000000000000000011111110000000001111111100000000000000000000000000000000000000000000000000000000000000000000000011111110000000000000000000000111111110000,1,0
940,2,TypeB,41500,011111110000000000000000000000011111110000000001111111100000000000000000000000000000000000000000000000000000000000000000000000011111110000000000000000000000111111110000,1,0
941,3,TypeC,29200,000000000000000000000000000000000111110000000000000000000000011111100000000001110000000000000011111000000000000000000000000000001111110000000000000000000000000000000000,1,0
942,4,TypeC,29200,000000000000000000000000000000000111110000000000000000000000011111100000000001110000000000000011111000000000000000000000000000001111110000000000000000000000000000000000,1,0
943,1,TypeB,42800,011111110000000000000000000000011111110000000000000000000000011111111000000000000000000000000000000000000000000000000000000000011111111000000000000111111110000000000000,1,0
944,2,TypeB,42800,011111110000000000000000000000011111110000000000000000000000011111111000000000000000000000000000000000000000000000000000000000011111111000000000000111111110000000000000,1,0
945,3,TypeC,26200,000000000000000000000000000000000111110000000000000000000000111000000000000001110000000000000011111000000000000000000000000000000000000000000000000000000011111100000000,1,0
946,4,TypeC,26200,000000000000000000000000000000000111110000000000000000000000111000000000000001110000000000000011111000000000000000000000000000000000000000000000000000000011111100000000,1,0
947,0,TypeA,49200,000000011111111100000000000000000000011111111110000000000000011111111000000000000000000000000000000000000000000000000000000000000000011111111000000000000000011111111110,1,0
948,1,TypeB,41500,011111110000000000000000000000011111110000000000000000000000011111111000000000000000000000000000000000000000000000000000000000000000011111111000000000000111111100000000,1,0
949,2,TypeB,41500,011111110000000000000000000000011111110000000000000000000000011111111000000000000000000000000000000000000000000000000000000000000000011111111000000000000111111100000000,1,0
950,3,TypeC,32300,000000000000000000000000000000000111110000000000000000000000000000000000000000000000000011111000000000000111110000000000000000001111110000000000000000000111110000000000,1,0
951,4,TypeC,32300,000000000000000000000000000000000111110000000000000000000000000000000000000000000000000011111000000000000111110000000000000000001111110000000000000000000111110000000000,1,0
952,1,TypeB,38400,000000000011111100000000001111111100000000000001111111100000000000000000000000000001111110000000000000000000000000000000000000001111111100000000000000000000000000000000,1,0
953,2,TypeB,38400,000000000011111100000000001111111100000000000001111111100000000000000000000000000001111110000000000000000000000000000000000000001111111100000000000000000000000000000000,1,0
954,3,TypeC,26200,000000000000000000000000000000000111110000000000000000000000000000000000000001110000000000000000001111000000000000000000000000001111110000000000000000000000111100000000,1,0
955,4,TypeC,26200,000000000000000000000000000000000111110000000000000000000000000000000000000001110000000000000000001111000000000000000000000000001111110000000000000000000000111100000000,1,0
956,1,TypeB,38400,000000000011111100000000001111111100000000000000000000000000011111111000000000000001111110000000000000000000000000000000000000000000011111111000000000000000000000000000,1,0
957,2,TypeB,38400,000000000011111100000000001111111100000000000000000000000000011111111000000000000001111110000000000000000000000000000000000000000000011111111000000000000000000000000000,1,0
958,3,TypeC,28800,000000000000000000000000000000000111110000000000000000000000000000000000000000111100000000000000001111000000000000000000000000001111110000000000000000000111110000000000,1,0
959,4,TypeC,28800,000000000000000000000000000000000111110000000000000000000000000000000000000000111100000000000000001111000000000000000000000000001111110000000000000000000111110000000000,1,0
960,0,TypeA,49700,000000011111111100000000000000000000011111111000000000000001111111100000000000000000000000000000000000000000000000000000111111111000000000000000000111111111100000000000,1,0
961,1,TypeB,35000,011111110000000000000000000000000000011111111000000000000001111111100000000000000001111110000000000000000000011111100000000000000000000000000000000000000000000000000000,1,0
962,2,TypeB,35000,011111110000000000000000000000000000011111111000000000000001111111100000000000000001111110000000000000000000011111100000000000000000000000000000000000000000000000000000,1,0
963,3,TypeC,27700,000000000000000000000000001111110000000000000011111000000000011111100000000000111100000000000000000000000000000000000000000000000000000000000000000000000000111100000000,1,0
964,4,TypeC,27700,000000000000000000000000001111110000000000000011111000000000011111100000000000111100000000000000000000000000000000000000000000000000000000000000000000000000111100000000,1,0
965,1,TypeB,35000,011111110000000000000000000000000000011111111000000000000000011111111000000000000001111110000000000000000000011111100000000000000000000000000000000000000000000000000000,1,0
966,2,TypeB,35000,011111110000000000000000000000000000011111111000000000000000011111111000000000000001111110000000000000000000011111100000000000000000000000000000000000000000000000000000,1,0
967,3,TypeC,22000,011110000000000000000000001111110000000000000011111000000000000000111000000000000000000000000000000000000000000000000000111100000000000000000000000000000000000000000000,1,0
968,4,TypeC,22000,011110000000000000000000001111110000000000000011111000000000000000111000000000000000000000000000000000000000000000000000111100000000000000000000000000000000000000000000,1,0
969,1,TypeB,34100,011111110000000000000000000000000000011111111000000000000011111000000000000000000000000000000000000000000111110000000000000000000000000000000000000000000111111100000000,1,0
970,2,TypeB,34100,011111110000000000000000000000000000011111111000000000000011111000000000000000000000000000000000000000000111110000000000000000000000000000000000000000000111111100000000,1,0
971,3,TypeC,22000,000011110000000000000000001111110000000000000001111000000000000000000000000111100000000000000000000000000000000000000000111100000000000000000000000000000000000000000000,1,0
972,4,TypeC,22000,000011110000000000000000001111110000000000000001111000000000000000000000000111100000000000000000000000000000000000000000111100000000000000000000000000000000000000000000,1,0
973,0,TypeA,51700,011111111110000000000000000000000000011111111110000000000001111111100000000000000000000000000000000000000000000000000000000000001111111100000000000111111111100000000000,1,0
974,1,TypeB,36100,011111110000000000000000001111111100000000001111111000000000000000000000000000000000000000000000000000000111110000000000000000000000000000000000000000000111111100000000,1,0
975,2,TypeB,36100,011111110000000000000000001111111100000000001111111000000000000000000000000000000000000000000000000000000111110000000000000000000000000000000000000000000111111100000000,1,0
976,3,TypeC,22600,000000011110000000000000001111110000000000000011111000000000000000000000000001110000000000000000000000000000000000000000111100000000000000000000000000000000000000000000,1,0
977,4,TypeC,22600,000000011110000000000000001111110000000000000011111000000000000000000000000001110000000000000000000000000000000000000000111100000000000000000000000000000000000000000000,1,0
978,0,TypeA,50500,000000011111111100000000000000000000011111111110000000000000111111111000000000000000000000000000000000000000000000000000000000001111111100000000000111111111100000000000,1,0
979,1,TypeB,36100,011111110000000000000000000000000000011111111000000000000000111111100000000000000000000000000000000000000111110000000000000000000000000000000000000000000111111100000000,1,0
980,2,TypeB,36100,011111110000000000000000000000000000011111111000000000000000111111100000000000000000000000000000000000000111110000000000000000000000000000000000000000000111111100000000,1,0
981,3,TypeC,23600,000000000000000000000000000000000111110000000000000000000000111000000000000000111100000000000011111000000000000000000000000000000000011100000000000000000000000000000000,1,0
982,4,TypeC,23600,000000000000000000000000000000000111110000000000000000000000111000000000000000111100000000000011111000000000000000000000000000000000011100000000000000000000000000000000,1,0
983,1,TypeB,37100,011111110000000000000000000000000000011111111000000000111111110000000000000000000000000000000000000000000111110000000000000000000000000000000000000000000111111100000000,1,0
984,2,TypeB,37100,011111110000000000000000000000000000011111111000000000111111110000000000000000000000000000000000000000000111110000000000000000000000000000000000000000000111111100000000,1,0
985,3,TypeC,24500,000000000000000000000000000000000111110000000000000000000000111000000000000001110000000000000000000000000000011111100000000000000000011100000000000000000000000000000000,1,0
986,4,TypeC,24500,000000000000000000000000000000000111110000000000000000000000111000000000000001110000000000000000000000000000011111100000000000000000011100000000000000000000000000000000,1,0
987,3,TypeC,27500,000000000000000000000000000000000111110000000000000000111110000000000000000000111100000000000000000000000000011111100000000000000000011100000000000000000000000000000000,1,0
988,4,TypeC,27500,000000000000000000000000000000000111110000000000000000111110000000000000000000111100000000000000000000000000011111100000000000000000011100000000000000000000000000000000,1,0
989,1,TypeB,38500,000000000000000000000000000000000000011111111000000000000000111110000000000000000000000000000000000000000000011111100000000000000000011111111000000000000111111100000000,1,0
990,2,TypeB,38500,000000000000000000000000000000000000011111111000000000000000111110000000000000000000000000000000000000000000011111100000000000000000011111111000000000000111111100000000,1,0
991,3,TypeC,24000,000000000000000000000000000000000111110000000000000000000000111110000000000001110000000000000000001111000000000000000000111100000000000000000000000000000000000000000000,1,0
992,4,TypeC,24000,000000000000000000000000000000000111110000000000000000000000111110000000000001110000000000000000001111000000000000000000111100000000000000000000000000000000000000000000,1,0
993,1,TypeB,40500,000000000000000000000000000000000000011111111000000000000000000000000000000000000000000000001111111000000000011111100000000000011111110000000000000000000000111111110000,1,0
994,2,TypeB,40500,000000000000000000000000000000000000011111111000000000000000000000000000000000000000000000001111111000000000011111100000000000011111110000000000000000000000111111110000,1,0
995,3,TypeC,24600,000000000000000000000000001111110000000000000011111000000000000011111000000000000000000011111000000000000000000000000000111000000000000000000000000000000000000000000000,1,0
996,4,TypeC,24600,000000000000000000000000001111110000000000000011111000000000000011111000000000000000000011111000000000000000000000000000111000000000000000000000000000000000000000000000,1,0
997,1,TypeB,41800,000000000000000000000000000000011111110000000001111111100000000000000000000000000000000000000000000000000000011111100000000000000000011111111000000000000000111111110000,1,0
998,2,TypeB,41800,000000000000000000000000000000011111110000000001111111100000000000000000000000000000000000000000000000000000011111100000000000000000011111111000000000000000111111110000,1,0
999,3,TypeC,22000,000000000000000000000000001111110000000000000011111000000000000000000000000001110000000000000000001111000000000000000000111100000000000000000000000000000000000000000000,1,0
1000,4,TypeC,22000,000000000000000000000000001111110000000000000011111000000000000000000000000001110000000000000000001111000000000000000000111100000000000000000000000000000000000000000000,1,0
1001,3,TypeC,26400,000000000000000000000000001111110000000000000011111000000000000000000000000000111100000000000000000000000000011111100000000000000000011100000000000000000000000000000000,1,0
1002,4,TypeC,26400,000000000000000000000000001111110000000000000011111000000000000000000000000000111100000000000000000000000000011111100000000000000000011100000000000000000000000000000000,1,0
1003,1,TypeB,36200,000000000011111100000000000000000000011111111000000000000001111000000000000000000000000000000000000000000000000000000000000000011111110000000000000000000111111100000000,1,0
1004,2,TypeB,36200,000000000011111100000000000000000000011111111000000000000001111000000000000000000000000000000000000000000000000000000000000000011111110000000000000000000111111100000000,1,0
1005,3,TypeC,23500,000000000000000000000000001111110000000000001111000000000001111000000000000000111100000000000000000000000000000000000000111100000000000000000000000000000000000000000000,1,0
1006,4,TypeC,23500,000000000000000000000000001111110000000000001111000000000001111000000000000000111100000000000000000000000000000000000000111100000000000000000000000000000000000000000000,1,0
1007,3,TypeC,25500,000000000000000000000000001111110000000000000011111000000000011110000000000000000000000011111000000000000000000000000000111100000000000000000000000000000000000000000000,1,0
1008,4,TypeC,25500,000000000000000000000000001111110000000000000011111000000000011110000000000000000000000011111000000000000000000000000000111100000000000000000000000000000000000000000000,1,0
1009,3,TypeC,24300,000000000000000000000000001111110000000000000011111000000000000000000000000000111100000000000011111000000000000000000000111100000000000000000000000000000000000000000000,1,0
1010,4,TypeC,24300,000000000000000000000000001111110000000000000011111000000000000000000000000000111100000000000011111000000000000000000000111100000000000000000000000000000000000000000000,1,0
1011,3,TypeC,23200,000000000000011100000000001111110000000000000011111000000000000000000000000000111100000000000000000000000000000000000000111100000000000000000000000000000000000000000000,1,0
1012,4,TypeC,23200,000000000000011100000000001111110000000000000011111000000000000000000000000000111100000000000000000000000000000000000000111100000000000000000000000000000000000000000000,1,0
1013,3,TypeC,23000,000011110000000000000000001111110000000000000011111000000000000000000000000111100000000000000000000000000000000000000000111100000000000000000000000000000000000000000000,1,0
1014,4,TypeC,23000,000011110000000000000000001111110000000000000011111000000000000000000000000111100000000000000000000000000000000000000000111100000000000000000000000000000000000000000000,1,0
1015,1,TypeB,38500,000000000011111100000000000000000000011111111000000000000000000000000000000000000000000000000000000000000111110000000000011111111000000000000000000000000111111100000000,1,0
1016,2,TypeB,38500,000000000011111100000000000000000000011111111000000000000000000000000000000000000000000000000000000000000111110000000000011111111000000000000000000000000111111100000000,1,0
1017,3,TypeC,24500,000000000000000000000000001111110000000000000011111000000000011110000000000000111100000000000000000000000000000000000000111100000000000000000000000000000000000000000000,1,0
1018,4,TypeC,24500,000000000000000000000000001111110000000000000011111000000000011110000000000000111100000000000000000000000000000000000000111100000000000000000000000000000000000000000000,1,0
1019,0,TypeA,45700,000000011111111100000000000000000000011111111000000000000001111111100000000000000000000000000000000000000000000000000000000000001111111100000000000000000000011111111110,1,0
1020,1,TypeB,40500,000000000000000000000000000000011111110000000001111111100000000000000000000000000000000000000000000000000000011111100000000000000000011111111000000000000111111100000000,1,0
1021,2,TypeB,40500,000000000000000000000000000000011111110000000001111111100000000000000000000000000000000000000000000000000000011111100000000000000000011111111000000000000111111100000000,1,0
1022,3,TypeC,22000,000000000000000000000000001111110000000000000011111000000000000000000000000111100000000000000000001111000000000000000000111000000000000000000000000000000000000000000000,1,0
1023,4,TypeC,22000,000000000000000000000000001111110000000000000011111000000000000000000000000111100000000000000000001111000000000000000000111000000000000000000000000000000000000000000000,1,0
1024,1,TypeB,38100,000000000000000000000000000000000000011111111000000000111111110000000000011111110000000000000000000000000000011111100000000000000000000000000000000111111100000000000000,1,0
1025,2,TypeB,38100,000000000000000000000000000000000000011111111000000000111111110000000000011111110000000000000000000000000000011111100000000000000000000000000000000111111100000000000000,1,0
1026,3,TypeC,24400,000011110000000000000000000000000111110000000000000000111110000000000000000000111100000000000000000000000000000000000000111100000000000000000000000000000000000000000000,1,0
1027,4,TypeC,24400,000011110000000000000000000000000111110000000000000000111110000000000000000000111100000000000000000000000000000000000000111100000000000000000000000000000000000000000000,1,0
1028,1,TypeB,40800,000000000011111100000000000000000000011111111000000000000000000000000000000000000000000000000000000000000000011111100000000000000000011111111000000000000000111111110000,1,0
1029,2,TypeB,40800,000000000011111100000000000000000000011111111000000000000000000000000000000000000000000000000000000000000000011111100000000000000000011111111000000000000000111111110000,1,0
1030,3,TypeC,27100,000000000000000000000000001111110000000000000011111000000000000000000000000000111100000000000000000000000000000000000000111100000000000000000000000000000011111100000000,1,0
1031,4,TypeC,27100,000000000000000000000000001111110000000000000011111000000000000000000000000000111100000000000000000000000000000000000000111100000000000000000000000000000011111100000000,1,0
1032,3,TypeC,22900,000000000000000000000000000000000111110000000000000000000000111000000000000000111100000000000000000000000000000000000000111000000000000000000000000000000000111100000000,1,0
1033,4,TypeC,22900,000000000000000000000000000000000111110000000000000000000000111000000000000000111100000000000000000000000000000000000000111000000000000000000000000000000000111100000000,1,0
1034,3,TypeC,24000,000011110000000000000000001111110000000000000011111000000000000000001111110000000000000000000000000000000000000000000000111000000000000000000000000000000000000000000000,1,0
1035,4,TypeC,24000,000011110000000000000000001111110000000000000011111000000000000000001111110000000000000000000000000000000000000000000000111000000000000000000000000000000000000000000000,1,0
