col_id,emp_id,emp_type,cost,schedule_pattern
0,0,TypeA,0,000000000000000000000000000000000000000000000000000000000000000000000000000000000000000000000000000000000000000000000000000000000000000000000000000000000000000000000000
1,0,TypeA,8000,000000000011111111000000000000000000000000000000000000000000000000000000000000000000000000000000000000000000000000000000000000000000000000000000000000000000000000000000
2,1,TypeB,0,000000000000000000000000000000000000000000000000000000000000000000000000000000000000000000000000000000000000000000000000000000000000000000000000000000000000000000000000
3,1,TypeB,4000,000000000011110000000000000000000000000000000000000000000000000000000000000000000000000000000000000000000000000000000000000000000000000000000000000000000000000000000000
4,2,TypeB,0,000000000000000000000000000000000000000000000000000000000000000000000000000000000000000000000000000000000000000000000000000000000000000000000000000000000000000000000000
5,2,TypeB,4000,000000000011110000000000000000000000000000000000000000000000000000000000000000000000000000000000000000000000000000000000000000000000000000000000000000000000000000000000
6,3,TypeC,0,000000000000000000000000000000000000000000000000000000000000000000000000000000000000000000000000000000000000000000000000000000000000000000000000000000000000000000000000
7,3,TypeC,3900,000000000011100000000000000000000000000000000000000000000000000000000000000000000000000000000000000000000000000000000000000000000000000000000000000000000000000000000000
8,4,TypeC,0,000000000000000000000000000000000000000000000000000000000000000000000000000000000000000000000000000000000000000000000000000000000000000000000000000000000000000000000000
9,4,TypeC,3900,000000000011100000000000000000000000000000000000000000000000000000000000000000000000000000000000000000000000000000000000000000000000000000000000000000000000000000000000
10,0,TypeA,52800,000000000000000000000000000011111111110000000000000000011111111000000000000001111111111000000000000000011111111110000000000000111111111100000000000000000000000000000000
11,1,TypeB,39100,000000000000000000000000001111111000000000000000000000011111111000000000000011111110000000000000000000000111111110000000000000000001111111000000000000000000000000000000
12,2,TypeB,39100,000000000000000000000000001111111000000000000000000000011111111000000000000011111110000000000000000000000111111110000000000000000001111111000000000000000000000000000000
13,3,TypeC,28100,000000111100000000000000000111111000000000000000000000000000000000000000000011111000000000000000000000000001111110000000000011111000000000000000000000000000000000000000
14,4,TypeC,28100,000000111100000000000000000111111000000000000000000000000000000000000000000011111000000000000000000000000001111110000000000011111000000000000000000000000000000000000000
15,0,TypeA,54000,000000000111111111000000000000000000011111111110000000000000000001111111111000000000000011111111100000000000000000000000000000000000000000000000000000011111111110000000
16,1,TypeB,37400,000000000111111000000000000000000000000000111111100000000000000001111111000000000000000000111111100000000000000000000000000000000000000000000000000000011111111000000000
17,2,TypeB,37400,000000000111111000000000000000000000000000111111100000000000000001111111000000000000000000111111100000000000000000000000000000000000000000000000000000011111111000000000
18,3,TypeC,28800,000000000111111000000000000000000000000000111110000000000000000000011111000000000000000000001111100000000000000000000000000000000000000000000000000111111000000000000000
19,4,TypeC,28800,000000000111111000000000000000000000000000111110000000000000000000011111000000000000000000001111100000000000000000000000000000000000000000000000000111111000000000000000
20,0,TypeA,43600,000000000001111111100000000000000001111111100000000000000000000000000000000000000001111111100000000000000000000000000011111111000000000000000000000000000000000111111110
21,1,TypeB,31600,111100000000000000000000000000000001111100000000000000000000000000000000000000000000111110000000000000000000000000000011111110000000000000000000000000000000000011111110
22,2,TypeB,31600,111100000000000000000000000000000001111100000000000000000000000000000000000000000000111110000000000000000000000000000011111110000000000000000000000000000000000011111110
23,3,TypeC,22000,000000000000000000000000000000000001111100000000000000000000000000000000000000000000111110000000000000000000000000000011100000000000000000000111000000000000000000001110
24,4,TypeC,22000,000000000000000000000000000000000001111100000000000000000000000000000000000000000000111110000000000000000000000000000011100000000000000000000111000000000000000000001110
25,0,TypeA,48200,000000111111111000000000000000000000000000000000000000001111111100000000000000000011111111000000000000000000000000000000000001111111111000000000000111111111000000000000
26,1,TypeB,30200,000000011111111000000000000000000000000000000000000000001111111000000000000000000000011110000000000011111100000000000000000001111000000000000000000000000000000000000000
27,2,TypeB,30200,000000011111111000000000000000000000000000000000000000001111111000000000000000000000011110000000000011111100000000000000000001111000000000000000000000000000000000000000
28,3,TypeC,25000,000000111111000000000000000000000000000000000000000000000000111000000000000000000000011110000000000000000000000000000000000001111000000000000000000111110000000000000000
29,4,TypeC,25000,000000111111000000000000000000000000000000000000000000000000111000000000000000000000011110000000000000000000000000000000000001111000000000000000000111110000000000000000
30,0,TypeA,52100,000000000001111111100000000000000000000000000000000000000000000000000000001111111110000000000000000011111111110000000000000000111111111100000000000000011111111110000000
31,1,TypeB,29300,111100000000011111000000000000000000000000000000000000000000000000000000000000000000000000000000000011111100000000000000000000000000011110000000000001111111000000000000
32,2,TypeB,29300,111100000000011111000000000000000000000000000000000000000000000000000000000000000000000000000000000011111100000000000000000000000000011110000000000001111111000000000000
33,3,TypeC,27500,000000000000011111000000000000000000000000000000000000000000000000000000000000000011110000000000000011111100000000000000000000000000011100000000000000011111000000000000
34,4,TypeC,27500,000000000000011111000000000000000000000000000000000000000000000000000000000000000011110000000000000011111100000000000000000000000000011100000000000000011111000000000000
35,0,TypeA,49700,111111110000000000000001111111100000000000000000111111111000000000000000000000000001111111100000000000000000000000000000000000000000000111111110000000000000000000000000
36,1,TypeB,30600,111100000000000000000001111100000000000000000000000000000000000000000000000000000000011111100000000000000000000000000000000011111000000000000111111100000000000000000000
37,2,TypeB,30600,111100000000000000000001111100000000000000000000000000000000000000000000000000000000011111100000000000000000000000000000000011111000000000000111111100000000000000000000
38,3,TypeC,25200,111100000000000000000001111100000000000000000000000000000000000000000000000000000000011111100000000000000000000000000000000011100000000001111110000000000000000000000000
39,4,TypeC,25200,111100000000000000000001111100000000000000000000000000000000000000000000000000000000011111100000000000000000000000000000000011100000000001111110000000000000000000000000
40,0,TypeA,51400,000000111111110000000000000000000000000000000000000000011111111000000000000000000000000000001111111110000000000000000001111111111000000000000000000000000000000111111110
41,1,TypeB,39900,000000111111110000000000000000000000000000000000000000011111111000000000000000000000000000001111100000000000000000000011111110000000000111111110000000000000000000000000
42,2,TypeB,39900,000000111111110000000000000000000000000000000000000000011111111000000000000000000000000000001111100000000000000000000011111110000000000111111110000000000000000000000000
43,3,TypeC,22500,000000111110000000000000000000000000000000000000000000000000000000000000000000000000000000001111100000000000011100000000000011111000000000000000000000000000000000001110
44,4,TypeC,22500,000000111110000000000000000000000000000000000000000000000000000000000000000000000000000000001111100000000000011100000000000011111000000000000000000000000000000000001110
45,0,TypeA,52900,111111110000000000000000000000000000011111111110000000000000011111111110000000000000000000000000000000000000000000000000000000111111111100000000000000000000000111111110
46,1,TypeB,34600,111111100000000000000000000000000000000000001111100000000000000001111111000000000000000000000000000000000000000000000000000011111000000000000000000000000000000011111110
47,2,TypeB,34600,111111100000000000000000000000000000000000001111100000000000000001111111000000000000000000000000000000000000000000000000000011111000000000000000000000000000000011111110
48,3,TypeC,21000,000000000000000000000000000000000000000000001111100000000000000000011111000000000000000000000000000000000000000000000000000011111000000000000111000000000000000000001110
49,4,TypeC,21000,000000000000000000000000000000000000000000001111100000000000000000011111000000000000000000000000000000000000000000000000000011111000000000000111000000000000000000001110
50,0,TypeA,51500,000000000111111111000000000000000000011111111000000000001111111111000000000000000000000000000000000000000000000000000001111111111000000000000000000000000001111111111000
51,1,TypeB,37600,000000000111111000000000000000000000011111111000000000000000000000000000000000000000000000000000000000000111111110000000000011111000000000000000000000000000000011111110
52,2,TypeB,37600,000000000111111000000000000000000000011111111000000000000000000000000000000000000000000000000000000000000111111110000000000011111000000000000000000000000000000011111110
53,3,TypeC,33200,000000000111111000000000000000000000000111111000000000000000000000000001111110000000000000000000000000000000000000000000000011111000000000000000000000000001111110000000
54,4,TypeC,33200,000000000111111000000000000000000000000111111000000000000000000000000001111110000000000000000000000000000000000000000000000011111000000000000000000000000001111110000000
55,0,TypeA,56800,000111111110000000000001111111111000000000000000000000000000000001111111111000000000000000000000000000000000000011111111100000000000000000000000000111111111000000000000
56,1,TypeB,31500,000000011111110000000000000000011111110000000000000000000000000000000111111110000000000000000000000000000000000000000111100000000000000000000000000111100000000000000000
57,2,TypeB,31500,000000011111110000000000000000011111110000000000000000000000000000000111111110000000000000000000000000000000000000000111100000000000000000000000000111100000000000000000
58,3,TypeC,26700,000000001111110000000000000000000000000000011111100000000000000000000000000000000000011111100000000000000000000000000011100000000000000000000000000111000000000000000000
59,4,TypeC,26700,000000001111110000000000000000000000000000011111100000000000000000000000000000000000011111100000000000000000000000000011100000000000000000000000000111000000000000000000
60,0,TypeA,54500,000000000000000000000001111111111000000000000000000000000000111111111100000000000000000000000111111110000000000000000000000000011111111100000000000000000001111111111000
61,1,TypeB,39900,000000000000000000000000000000000000111111100000000000000000111111110000000000000000000000000111111110000000000000000000000000011111110000000000000000000001111110000000
62,2,TypeB,39900,000000000000000000000000000000000000111111100000000000000000111111110000000000000000000000000111111110000000000000000000000000011111110000000000000000000001111110000000
63,3,TypeC,32500,000000000000000000000001111100000000000000000000000000000000111111000000000000000000000000000001111110000000000000000000000000000000011111000000000000000001111110000000
64,4,TypeC,32500,000000000000000000000001111100000000000000000000000000000000111111000000000000000000000000000001111110000000000000000000000000000000011111000000000000000001111110000000
65,0,TypeA,50500,000000000000000000000000000000000001111111110000000000000000111111111000000000000000011111111100000000000000000000000000000000111111111100000000000111111111000000000000
66,1,TypeB,39100,111111110000000000000000000000000001111111100000000000000000111111000000000000000000011111111000000000000000000000000000000000000000000000000000000001111111000000000000
67,2,TypeB,39100,111111110000000000000000000000000001111111100000000000000000111111000000000000000000011111111000000000000000000000000000000000000000000000000000000001111111000000000000
68,3,TypeC,24700,111100000000000000000000000000000001110000000000000000000000111111000000000000000000000011111100000000000000000000000000000000111000000000000000000000000000000000000000
69,4,TypeC,24700,111100000000000000000000000000000001110000000000000000000000111111000000000000000000000011111100000000000000000000000000000000111000000000000000000000000000000000000000
70,0,TypeA,56400,000000000000000000000000000011111111110000000000000000000000000000011111111110000000000011111111100000000000000000000000000000111111111100000000000001111111110000000000
71,1,TypeB,38400,111111110000000000000001111111000000000000000000000000000000000001111110000000000011111110000000000000000000000000000000000000000000001111111100000000000000000000000000
72,2,TypeB,38400,111111110000000000000001111111000000000000000000000000000000000001111110000000000011111110000000000000000000000000000000000000000000001111111100000000000000000000000000
73,3,TypeC,29900,000000000000000000000001111110000000000000000000000000000000000001111110000000000000011110000000000000000000000000000000000000000000001111000000000000000001111110000000
74,4,TypeC,29900,000000000000000000000001111110000000000000000000000000000000000001111110000000000000011110000000000000000000000000000000000000000000001111000000000000000001111110000000
75,0,TypeA,53100,000000000000000000000001111111110000000000000000000000011111111000000000001111111110000000000000000011111111110000000000000000000000000000000000000000000000001111111110
76,1,TypeB,36100,000000000011111111000000000000000000000000000000000000001111111000000000000000000011111110000000000000000111110000000000000000000000000000000000000000000000000011111110
77,2,TypeB,36100,000000000011111111000000000000000000000000000000000000001111111000000000000000000011111110000000000000000111110000000000000000000000000000000000000000000000000011111110
78,3,TypeC,31000,111100000000000000000000000000000000000000000000000000001111100000000000000000000011111000000000000000000111110000000000000000000000000000000000000000000001111110000000
79,4,TypeC,31000,111100000000000000000000000000000000000000000000000000001111100000000000000000000011111000000000000000000111110000000000000000000000000000000000000000000001111110000000
80,0,TypeA,55900,111111111100000000000000000000011111111100000000000000000000000000000000000000011111111110000000000011111111110000000000000011111111110000000000000000000000000000000000
81,1,TypeB,42800,000000000000000000000000000000011111110000000000000000000000000000001111111000000000000000000111111110000000000000000000000000111111110000000000000000011111111000000000
82,2,TypeB,42800,000000000000000000000000000000011111110000000000000000000000000000001111111000000000000000000111111110000000000000000000000000111111110000000000000000011111111000000000
83,3,TypeC,30500,000000000000011111000000000000000001111100000000000000000000000000000000000000000011111000000000000011111100000000000000000011111000000000000000000000000000000000000000
84,4,TypeC,30500,000000000000011111000000000000000001111100000000000000000000000000000000000000000011111000000000000011111100000000000000000011111000000000000000000000000000000000000000
85,0,TypeA,57700,111111111100000000000001111111111000000000000000111111111000000000000011111111100000000000000000000000000000000000000000000000011111111000000000000000000000000000000000
86,1,TypeB,39400,000111111100000000000001111111000000000000000000000000011111110000000001111111100000000000000000000000000000000000000000000000011111111000000000000000000000000000000000
87,2,TypeB,39400,000111111100000000000001111111000000000000000000000000011111110000000001111111100000000000000000000000000000000000000000000000011111111000000000000000000000000000000000
88,3,TypeC,27400,111100000000000000000001111000000000011111100000000000011111100000000000001111100000000000000000000000000000000000000000000000000000000000000000000000000000000000000000
89,4,TypeC,27400,111100000000000000000001111000000000011111100000000000011111100000000000001111100000000000000000000000000000000000000000000000000000000000000000000000000000000000000000
90,0,TypeA,59400,111111111100000000000001111111110000000000000000000000000000011111111110000000000000000000000000000000000000000000000011111111110000000000000000000111111111000000000000
91,1,TypeB,38400,000000000000000000000000000000000000000000111111100000000000001111111100000000000011111110000000000000000111111000000000111111110000000000000000000000000000000000000000
92,2,TypeB,38400,000000000000000000000000000000000000000000111111100000000000001111111100000000000011111110000000000000000111111000000000111111110000000000000000000000000000000000000000
93,3,TypeC,32100,111100000000000000000000000000000000000000000000000000000000001111110000000000001111110000000000000000000111111000000000000000000000000000000000000000011111000000000000
94,4,TypeC,32100,111100000000000000000000000000000000000000000000000000000000001111110000000000001111110000000000000000000111111000000000000000000000000000000000000000011111000000000000
95,0,TypeA,58000,111111111100000000000001111111111000000000000000000000001111111111000000000000000000000000000000000000000000000111111111100000000000001111111110000000000000000000000000
96,1,TypeB,39400,111111100000000000000000000000000000000000111111100000000000111111110000000000000000000000000000000000000111111100000000000000000000000111111110000000000000000000000000
97,2,TypeB,39400,111111100000000000000000000000000000000000111111100000000000111111110000000000000000000000000000000000000111111100000000000000000000000111111110000000000000000000000000
98,3,TypeC,29500,000000000111111000000000000111111000000000000000000000001111110000000000000000000000011110000000000000000000000000000011100000000000000000000000000000000000000000000000
99,4,TypeC,29500,000000000111111000000000000111111000000000000000000000001111110000000000000000000000011110000000000000000000000000000011100000000000000000000000000000000000000000000000
100,0,TypeA,58300,111111111100000000000000000000000000000000000000000000000000000001111111111000000000001111111111000000000000000000000000000000111111111100000000000111111111000000000000
101,1,TypeB,42400,000000011111111000000000000000000000000000000000000000000000000000000111111110000000000011111111000000000111111110000000000000001111111100000000000000000000000000000000
102,2,TypeB,42400,000000011111111000000000000000000000000000000000000000000000000000000111111110000000000011111111000000000111111110000000000000001111111100000000000000000000000000000000
103,3,TypeC,26400,000000000000011111000000000000000000000000000000000000000000000000000000001111110000000000000000000000000000011110000000000000000000000000000011111100000000000000001110
104,4,TypeC,26400,000000000000011111000000000000000000000000000000000000000000000000000000001111110000000000000000000000000000011110000000000000000000000000000011111100000000000000001110
105,0,TypeA,58400,111111111100000000000001111111111000000000000000000000000000000000000000000000011111111110000000000000000000000000000000000000111111111100000000000001111111111000000000
106,1,TypeB,42800,000000000000000000000001111111000000000000111111100000000000000000000000000000000000011111111000000000000000000000000000000000011111111000000000000000011111111000000000
107,2,TypeB,42800,000000000000000000000001111111000000000000111111100000000000000000000000000000000000011111111000000000000000000000000000000000011111111000000000000000011111111000000000
108,3,TypeC,25100,111100000000000000000000000000000000011111100000000000000000000000000000000000000000000000001111100000000000000000000000000000111000000000000000000000011111000000000000
109,4,TypeC,25100,111100000000000000000000000000000000011111100000000000000000000000000000000000000000000000001111100000000000000000000000000000111000000000000000000000011111000000000000
110,0,TypeA,53000,000000000111111111000000000000001111111100000000000000000000000000011111111110000000000000000000000011111111110000000000000000000000011111111110000000000000000000000000
111,1,TypeB,41500,000000000111111000000000000000001111111100000000000000011111111000000000000000000000000000000000000000000000000000000000111111110000000000000111111100000000000000000000
112,2,TypeB,41500,000000000111111000000000000000001111111100000000000000011111111000000000000000000000000000000000000000000000000000000000111111110000000000000111111100000000000000000000
113,3,TypeC,33600,000000000111111000000000000000001111110000000000000000000000000000000001111110000000000000000000000011111100000000000000000000000000000001111110000000000000000000000000
114,4,TypeC,33600,000000000111111000000000000000001111110000000000000000000000000000000001111110000000000000000000000011111100000000000000000000000000000001111110000000000000000000000000
115,0,TypeA,56200,111111111100000000000000000000000000000000000000000000000000000000000000001111111110000000000000000000011111111110000000000001111111111000000000000000011111111110000000
116,1,TypeB,40100,000000000000000000000000000000000000000000111111100000000000111111110000000000111111110000000000000000000000000011111111000000000000000000000111111100000000000000000000
117,2,TypeB,40100,000000000000000000000000000000000000000000111111100000000000111111110000000000111111110000000000000000000000000011111111000000000000000000000111111100000000000000000000
118,3,TypeC,28500,000000000111110000000000000000000000000000000011100000000000000000000000001111110000000000000000000000000000011110000000000000000000000000000000000000000001111110000000
119,4,TypeC,28500,000000000111110000000000000000000000000000000011100000000000000000000000001111110000000000000000000000000000011110000000000000000000000000000000000000000001111110000000
120,0,TypeA,57900,000000000000000000000000000000000000000000000000111111111000000000000001111111111000000000000000000011111111110000000000000000111111111100000000000111111111000000000000
121,1,TypeB,43500,000000000011111111000000000000000000000000000000000000000000000000000001111111100000000000000000111111110000000000000000000000001111111100000000000001111111000000000000
122,2,TypeB,43500,000000000011111111000000000000000000000000000000000000000000000000000001111111100000000000000000111111110000000000000000000000001111111100000000000001111111000000000000
123,3,TypeC,27700,000000000011111000000000000000000000011111100000000000000000000000000000001111100000000000000000000000000000000000000000000001111000000000000000000111110000000000000000
124,4,TypeC,27700,000000000011111000000000000000000000011111100000000000000000000000000000001111100000000000000000000000000000000000000000000001111000000000000000000111110000000000000000
125,0,TypeA,59900,111111111100000000000000000000000000011111111110000000000000000000001111111111000000000000000000000000000000000111111111100000000000011111111110000000000000000000000000
126,1,TypeB,34500,000000000111111000000000000000000000111111100000000000011111111000000000000000000011111110000000000000000000000000000000000000000000011111000000000000000000000000000000
127,2,TypeB,34500,000000000111111000000000000000000000111111100000000000011111111000000000000000000011111110000000000000000000000000000000000000000000011111000000000000000000000000000000
128,3,TypeC,29200,000000000111111000000000000000000000000000000000000000000000000000011111000000000000011111100000000000000000000000000011100000000000011111000000000000000000000000000000
129,4,TypeC,29200,000000000111111000000000000000000000000000000000000000000000000000011111000000000000011111100000000000000000000000000011100000000000011111000000000000000000000000000000
130,0,TypeA,53300,000000000000000000000000000000000000000000000000000000011111111000000000000011111111110000000000000011111111110000000000000000111111111100000000000111111111000000000000
131,1,TypeB,40200,000000000000000000000000000000011111110000000000000000011111111000000000000000000011111110000000000000000000000000000000000000000000000000000111111100000000000011111110
132,2,TypeB,40200,000000000000000000000000000000011111110000000000000000011111111000000000000000000011111110000000000000000000000000000000000000000000000000000111111100000000000011111110
133,3,TypeC,33100,000000000111111000000000000000000000000000000000000000011111100000000000000000000000011111100000000000000000000000000000000011111000000000000000000000011111000000000000
134,4,TypeC,33100,000000000111111000000000000000000000000000000000000000011111100000000000000000000000011111100000000000000000000000000000000011111000000000000000000000011111000000000000
135,0,TypeA,57800,111111111100000000000001111111111000000000000000000000001111111111000000000000000000000000000000000000011111111110000000000000000000011111111110000000000000000000000000
136,1,TypeB,39400,000000111111110000000000000000000000000000011111100000000000011111111000000000000000000000000000000000011111110000000000000000001111111100000000000000000000000000000000
137,2,TypeB,39400,000000111111110000000000000000000000000000011111100000000000011111111000000000000000000000000000000000011111110000000000000000001111111100000000000000000000000000000000
138,3,TypeC,27100,000000000000000000000001111110000000000000011111100000000000011111000000000000000000000000001111100000000000000000000000000000000000011100000000000000000000000000000000
139,4,TypeC,27100,000000000000000000000001111110000000000000011111100000000000011111000000000000000000000000001111100000000000000000000000000000000000011100000000000000000000000000000000
140,0,TypeA,56800,000000000000000000000000000001111111110000000000000000000000000001111111111000000000000000001111111110000000000000000011111111100000000000000000000111111111000000000000
141,1,TypeB,42500,000000000000000000000001111111000000000000000000000000000000000000011111111000000000000000000111111110000000000000000000111111100000000000000000000000011111111000000000
142,2,TypeB,42500,000000000000000000000001111111000000000000000000000000000000000000011111111000000000000000000111111110000000000000000000111111100000000000000000000000011111111000000000
143,3,TypeC,27200,000000000000000000000000000000000001111100000000000000001111110000000000000000000000000000000000000000000000011110000000000000000000000000000000000111110000000000001110
144,4,TypeC,27200,000000000000000000000000000000000001111100000000000000001111110000000000000000000000000000000000000000000000011110000000000000000000000000000000000111110000000000001110
145,0,TypeA,57100,000000001111111111000000000001111111110000000000000000000000000000000001111111111000000000000000000000000000000000000011111111110000000000000000000000011111111110000000
146,1,TypeB,41500,000000011111111000000000000000000000000000111111100000000000000000000000001111111000000000000000000000000000000000000000111111110000000000000000000001111111000000000000
147,2,TypeB,41500,000000011111111000000000000000000000000000111111100000000000000000000000001111111000000000000000000000000000000000000000111111110000000000000000000001111111000000000000
148,3,TypeC,33500,000000001111110000000000000000000000000000011111100000000000111111000000000001111110000000000000000000000000000000000000000000000000000000000000000000011111000000000000
149,4,TypeC,33500,000000001111110000000000000000000000000000011111100000000000111111000000000001111110000000000000000000000000000000000000000000000000000000000000000000011111000000000000
150,0,TypeA,56400,000000000111111111000000000000000000000000000000000000000000000001111111111000000000000011111111100000000000000000000011111111110000000000000000000001111111111000000000
151,1,TypeB,40100,000000000000000000000000000000000000011111111000000000000000011111111000000000000011111110000000000000000111111110000000000000000000000000000000000001111111000000000000
152,2,TypeB,40100,000000000000000000000000000000000000011111111000000000000000011111111000000000000011111110000000000000000111111110000000000000000000000000000000000001111111000000000000
153,3,TypeC,29800,000000000000011111000000000000000000000000000000000000000000000000000000000000000000000011111100000000000111110000000000000000000000000000000111000000000001111110000000
154,4,TypeC,29800,000000000000011111000000000000000000000000000000000000000000000000000000000000000000000011111100000000000111110000000000000000000000000000000111000000000001111110000000
155,0,TypeA,62600,111111111100000000000000000000000000011111111110000000000000000000001111111111000000000000000000111111111100000000000011111111110000000000000000000000000000000000000000
156,1,TypeB,37000,000000111111110000000000000000000000011111110000000000011111111000000000001111111000000000000000000000011111110000000000000000000000000000000000000000000000000000000000
157,2,TypeB,37000,000000111111110000000000000000000000011111110000000000011111111000000000001111111000000000000000000000011111110000000000000000000000000000000000000000000000000000000000
158,3,TypeC,27400,000000000000011111000000000000000000011111100000000000000000000000000111111000000000000000001111100000000000000000000000000000000000000000000000000000000000000000001110
159,4,TypeC,27400,000000000000011111000000000000000000011111100000000000000000000000000111111000000000000000001111100000000000000000000000000000000000000000000000000000000000000000001110
160,0,TypeA,52700,000000000000000000000000000001111111110000000000000000000000000000000000000001111111110000000000000000011111111110000000000000111111111100000000000111111111000000000000
161,1,TypeB,43800,000000000000000000000000000000000000000000000000000000000000000000000000001111111000000000000111111110000000000011111111000000000000001111111100000000011111111000000000
162,2,TypeB,43800,000000000000000000000000000000000000000000000000000000000000000000000000001111111000000000000111111110000000000011111111000000000000001111111100000000011111111000000000
163,3,TypeC,25800,000000000111111000000000000000000000000000001111100000000000000000000000000000000000000000001111100000000000000000000011100000000000000000000000000111110000000000000000
164,4,TypeC,25800,000000000111111000000000000000000000000000001111100000000000000000000000000000000000000000001111100000000000000000000011100000000000000000000000000111110000000000000000
165,0,TypeA,54300,000000000000000000000000000001111111110000000000000000000000000000000000000011111111110000000000000000000000011111111110000000000000011111111110000000000000001111111110
166,1,TypeB,40400,000000111111110000000000000000000000111111110000000000000000000000000000000000001111110000000000000000000111111110000000000000001111111100000000000000000000000000000000
167,2,TypeB,40400,000000111111110000000000000000000000111111110000000000000000000000000000000000001111110000000000000000000111111110000000000000001111111100000000000000000000000000000000
168,3,TypeC,29500,000000001111110000000000000000000000000000000000000000000000111111000000000000001111110000000000000000000000000000000000000001111000000000000000000000000000000000001110
169,4,TypeC,29500,000000001111110000000000000000000000000000000000000000000000111111000000000000001111110000000000000000000000000000000000000001111000000000000000000000000000000000001110
170,0,TypeA,53400,000000000000000000000001111111111000000000000000000000000000111111111100000000000000000000000000000000000111111110000000000000111111111100000000000000000001111111111000
171,1,TypeB,44800,111111110000000000000000000000000000000000000000000000000000000000011111111000000000000000000000000000000111111110000000000000001111111100000000000000011111111000000000
172,2,TypeB,44800,111111110000000000000000000000000000000000000000000000000000000000011111111000000000000000000000000000000111111110000000000000001111111100000000000000011111111000000000
173,3,TypeC,25800,111100000000000000000000000000000000000000011111100000000000000000000000001111100000000000000000000000000000000000000011100000000000000000000000000000000001111110000000
174,4,TypeC,25800,111100000000000000000000000000000000000000011111100000000000000000000000001111100000000000000000000000000000000000000011100000000000000000000000000000000001111110000000
175,0,TypeA,58100,000000000000000000000001111111110000000000000000000000000000000000000001111111111000000000001111111110000000000000000000000000111111111100000000000111111111000000000000
176,1,TypeB,41400,000000111111110000000001111111000000000000000000000000000000000000000011111111000000000000000111111110000000000000000000000000111111110000000000000000000000000000000000
177,2,TypeB,41400,000000111111110000000001111111000000000000000000000000000000000000000011111111000000000000000111111110000000000000000000000000111111110000000000000000000000000000000000
178,3,TypeC,27500,000000000011111000000000001111110000000000011111100000000000000000000000001111000000000000001111100000000000000000000000000000000000000000000000000000000000000000000000
179,4,TypeC,27500,000000000011111000000000001111110000000000011111100000000000000000000000001111000000000000001111100000000000000000000000000000000000000000000000000000000000000000000000
180,0,TypeA,64700,000000000000000000000001111111111000000000000000000000000000000000000111111111100000000000000000111111111100000000000011111111110000000000000011111111110000000000000000
181,1,TypeB,42400,000000000000000000000000000000001111111100000000000000000000001111111100000000000000011111111000000000000111111110000000000000000000000111111110000000000000000000000000
182,2,TypeB,42400,000000000000000000000000000000001111111100000000000000000000001111111100000000000000011111111000000000000111111110000000000000000000000111111110000000000000000000000000
183,3,TypeC,33400,000000001111110000000000000000001111110000000000000000000000000001111110000000000000011111100000000000000000011110000000000000000000000000000000000000000000000000000000
184,4,TypeC,33400,000000001111110000000000000000001111110000000000000000000000000001111110000000000000011111100000000000000000011110000000000000000000000000000000000000000000000000000000
185,0,TypeA,56400,000000000000000000000000000001111111110000000000000000001111111111000000000000000000011111111100000000000000000000000011111111110000000000000011111111110000000000000000
186,1,TypeB,44500,000000000011111111000000000000000000011111111000000000000000000000000000000000111111110000000000000000000000000000000001111111100000000000000011111111000000000000000000
187,2,TypeB,44500,000000000011111111000000000000000000011111111000000000000000000000000000000000111111110000000000000000000000000000000001111111100000000000000011111111000000000000000000
188,3,TypeC,26000,111100000000000000000000000000000000000000011111100000000000000000000000001111110000000000001111100000000000000000000000000011111000000000000000000000000000000000000000
189,4,TypeC,26000,111100000000000000000000000000000000000000011111100000000000000000000000001111110000000000001111100000000000000000000000000011111000000000000000000000000000000000000000
190,0,TypeA,54400,000000001111111111000000000000000001111111110000000000000000000001111111111000000000000000000000000011111111110000000000000000111111111100000000000000000000000000000000
191,1,TypeB,40400,000000000000000000000001111111000000000000111111100000000000000000000000000000111111110000000000000000000111111110000000000000000000000111111110000000000000000000000000
192,2,TypeB,40400,000000000000000000000001111111000000000000111111100000000000000000000000000000111111110000000000000000000111111110000000000000000000000111111110000000000000000000000000
193,3,TypeC,34300,000000000111111000000000000000000001111100000000000000001111110000000000001111110000000000000000000000000111110000000000000000000000000000000000000000000000000000000000
194,4,TypeC,34300,000000000111111000000000000000000001111100000000000000001111110000000000001111110000000000000000000000000111110000000000000000000000000000000000000000000000000000000000
195,0,TypeA,52600,000000001111111111000000000000011111111100000000000000001111111111000000000000000000000000000000000000000000011111111110000000000000011111111110000000000000000000000000
196,1,TypeB,40500,000000000001111111000000000000011111110000000000000000000000000001111111000000000000000000000000000000000000000000000000000000000000001111111100000000011111110000000000
197,2,TypeB,40500,000000000001111111000000000000011111110000000000000000000000000001111111000000000000000000000000000000000000000000000000000000000000001111111100000000011111110000000000
198,3,TypeC,25000,000000000000011111000000000000000000000000000011100000000000000000000000000000000000000000000001111110000000000000000000000000000000011100000000000000011111000000000000
199,4,TypeC,25000,000000000000011111000000000000000000000000000011100000000000000000000000000000000000000000000001111110000000000000000000000000000000011100000000000000011111000000000000
200,0,TypeA,56400,000000111111111000000000000011111111110000000000000000001111111111000000000000000000000000001111111110000000000000000011111111110000000000000000000000000000000000000000
201,1,TypeB,40100,000000000011111111000000000000011111110000000000000000001111111000000000000000000000000000000111111110000000000000000001111111100000000000000000000000000000000000000000
202,2,TypeB,40100,000000000011111111000000000000011111110000000000000000001111111000000000000000000000000000000111111110000000000000000001111111100000000000000000000000000000000000000000
203,3,TypeC,31500,000000000011111000000000000000000000011111100000000000000000000000000000000000000000000000000001111110000000000000000000000011110000000000000000000000000001111110000000
204,4,TypeC,31500,000000000011111000000000000000000000011111100000000000000000000000000000000000000000000000000001111110000000000000000000000011110000000000000000000000000001111110000000
205,0,TypeA,54500,000000001111111111000000000000000000011111111110000000000000000000000000000011111111110000000000000000000000000000000000000000111111111100000000000000011111111110000000
206,1,TypeB,44500,000000111111110000000000000000000001111111100000000000000000000000000111111110000000000000000000000000000000000000000001111111100000000000000000000000011111111000000000
207,2,TypeB,44500,000000111111110000000000000000000001111111100000000000000000000000000111111110000000000000000000000000000000000000000001111111100000000000000000000000011111111000000000
208,3,TypeC,30700,000000001111110000000000000000000001111100000000000000000000000001111100000000000000000000000000000000000000000000000000000000000000011100000000000000000001111110000000
209,4,TypeC,30700,000000001111110000000000000000000001111100000000000000000000000001111100000000000000000000000000000000000000000000000000000000000000011100000000000000000001111110000000
210,0,TypeA,54000,000000111111111000000000000000000000000000000000000000001111111111000000000001111111110000000000000000000000000000000011111111110000000000000000000000000001111111111000
211,1,TypeB,39400,000000111111110000000000001111110000000000000000000000000000000000000000000000000000000011111111000000000111111100000000000000000000001111111100000000000000000000000000
212,2,TypeB,39400,000000111111110000000000001111110000000000000000000000000000000000000000000000000000000011111111000000000111111100000000000000000000001111111100000000000000000000000000
213,3,TypeC,30600,000000000111111000000000001111110000000000000000000000000000000000000000000000000000000000111111000000000000000000000011100000000000000000000000000000000001111110000000
214,4,TypeC,30600,000000000111111000000000001111110000000000000000000000000000000000000000000000000000000000111111000000000000000000000011100000000000000000000000000000000001111110000000
215,0,TypeA,54100,000000000000000000000000000000000000000000000000000000001111111111000000000001111111110000000000000011111111110000000000000000111111111100000000000001111111111000000000
216,1,TypeB,39400,000000111111110000000000000000011111110000000000000000000000000000000000000000000011111110000000000000011111110000000000000000000000001111111100000000000000000000000000
217,2,TypeB,39400,000000111111110000000000000000011111110000000000000000000000000000000000000000000011111110000000000000011111110000000000000000000000001111111100000000000000000000000000
218,3,TypeC,30000,000000000111111000000000000000000000000000000000000000000000000000000000000000001111110000000000000000000000000000000011100000000000001110000000000000000001111110000000
219,4,TypeC,30000,000000000111111000000000000000000000000000000000000000000000000000000000000000001111110000000000000000000000000000000011100000000000001110000000000000000001111110000000
220,0,TypeA,58800,000000000000000000000001111111111000000000000000111111111000000000000000000000000000011111111100000000000000000000000011111111110000000000000000000000000000011111111110
221,1,TypeB,43500,000000011111111000000000000000000000000000000000000000000000011111111000000000000000011111111000000000000000000000000000000000111111110000000000000000000000000011111110
222,2,TypeB,43500,000000011111111000000000000000000000000000000000000000000000011111111000000000000000011111111000000000000000000000000000000000111111110000000000000000000000000011111110
223,3,TypeC,28900,000000000000011111000000000000000000011111100000000000000000000001111100000000001111110000000000000000000000000000000000000000000000000000000000000000000000000000001110
224,4,TypeC,28900,000000000000011111000000000000000000011111100000000000000000000001111100000000001111110000000000000000000000000000000000000000000000000000000000000000000000000000001110
225,0,TypeA,56600,111111111100000000000000000000000000000000000000000000001111111111000000000000000000000000000000000011111111110000000000000000111111111100000000000001111111111000000000
226,1,TypeB,40400,000000111111110000000000000000000000111111110000000000001111111000000000000000000000000000000000000000011111110000000000000000000000000000000011111111000000000000000000
227,2,TypeB,40400,000000111111110000000000000000000000111111110000000000001111111000000000000000000000000000000000000000011111110000000000000000000000000000000011111111000000000000000000
228,3,TypeC,24700,000000000000011111000000000000000000000000011111100000000000000000000000000000000000000000000000000000000111110000000000000000111000000000000000000000000000000000001110
229,4,TypeC,24700,000000000000011111000000000000000000000000011111100000000000000000000000000000000000000000000000000000000111110000000000000000111000000000000000000000000000000000001110
230,0,TypeA,60700,000000000000000000000001111111111000000000000000000000000000000001111111111000000000000000001111111110000000000000000011111111110000000000000000000000011111111110000000
231,1,TypeB,40100,000000111111110000000000000000001111111100000000000000000000000000000000000000111111110000000000000000000111111100000000000000000000000000000000000000000000000011111110
232,2,TypeB,40100,000000111111110000000000000000001111111100000000000000000000000000000000000000111111110000000000000000000111111100000000000000000000000000000000000000000000000011111110
233,3,TypeC,28200,000000000000000000000001111110000000000000000000000000000000000000000111111000000000000000000000000011111100000000000000000011110000000000000000000000011111000000000000
234,4,TypeC,28200,000000000000000000000001111110000000000000000000000000000000000000000111111000000000000000000000000011111100000000000000000011110000000000000000000000011111000000000000
235,0,TypeA,56400,000000000000000000000001111111111000000000000000000000001111111111000000000000001111111110000000000000000000000000000011111111110000000000000000000111111111000000000000
236,1,TypeB,44800,000000000011111111000000000000000000000000000000000000000000000000000000000000000000011111111000000000000111111110000000000000111111110000000000000000011111111000000000
237,2,TypeB,44800,000000000011111111000000000000000000000000000000000000000000000000000000000000000000011111111000000000000111111110000000000000111111110000000000000000011111111000000000
238,3,TypeC,28400,000000000000011111000000000000000000000000000000000000000000000000000000000000000000011110000000000000000000011110000000000011110000000000000000000000000001111110000000
239,4,TypeC,28400,000000000000011111000000000000000000000000000000000000000000000000000000000000000000011110000000000000000000011110000000000011110000000000000000000000000001111110000000
240,0,TypeA,58600,000000000000000000000001111111111000000000000000000000000000001111111111000000000000011111111100000000000000000000000011111111110000000000000000000001111111111000000000
241,1,TypeB,39100,000000111111110000000001111111000000000000000000000000001111111000000000000000111111110000000000000000000000000000000000000000000000000000000000000001111111000000000000
242,2,TypeB,39100,000000111111110000000001111111000000000000000000000000001111111000000000000000111111110000000000000000000000000000000000000000000000000000000000000001111111000000000000
243,3,TypeC,29800,000000000000011111000000000000000001111100000000000000000000000000001111000000000000011111100000000000000000000000000000000000000000000000000000000000011111000000000000
244,4,TypeC,29800,000000000000011111000000000000000001111100000000000000000000000000001111000000000000011111100000000000000000000000000000000000000000000000000000000000011111000000000000
245,0,TypeA,55000,000000000000000000000000000011111111110000000000000000000000000000000000000000000000011111111100000000000000011111111110000000000000011111111110000000000000011111111110
246,1,TypeB,39100,000000111111110000000001111111000000000000000000000000000000000000000000001111111000000000000111111110000000000000000000000000000000000000000000000000000000000011111110
247,2,TypeB,39100,000000111111110000000001111111000000000000000000000000000000000000000000001111111000000000000111111110000000000000000000000000000000000000000000000000000000000011111110
248,3,TypeC,30700,000000000111111000000000000000000001111100000000000000000000000000000000000000000000011111100000000000000000000000000000000000000000011111000000000000000000000000001110
249,4,TypeC,30700,000000000111111000000000000000000001111100000000000000000000000000000000000000000000011111100000000000000000000000000000000000000000011111000000000000000000000000001110
250,0,TypeA,64700,111111111100000000000001111111111000000000000000000000000000000000001111111111000000000000000000000000000000000000000011111111110000000000000011111111110000000000000000
251,1,TypeB,41900,000000000000000000000001111111000000000000000000000000011111111000000000000000000000000011111111000000000000000000000011111110000000001111111100000000000000000000000000
252,2,TypeB,41900,000000000000000000000001111111000000000000000000000000011111111000000000000000000000000011111111000000000000000000000011111110000000001111111100000000000000000000000000
253,3,TypeC,30900,000000000000011111000000000000000000011111100000000000000000111111000000000000000000000000000000000000000000000000000000000011111000000000000000000111110000000000000000
254,4,TypeC,30900,000000000000011111000000000000000000011111100000000000000000111111000000000000000000000000000000000000000000000000000000000011111000000000000000000111110000000000000000
255,0,TypeA,53900,000000000000000000000001111111110000000000000000000000000000011111111100000000000000011111111100000000000000011111111110000000000000011111111110000000000000000000000000
256,1,TypeB,39100,000000000000000000000001111111000000000000000000000000000000001111111100000000000011111110000000000000000111111110000000000000000000000000000000000000011111110000000000
257,2,TypeB,39100,000000000000000000000001111111000000000000000000000000000000001111111100000000000011111110000000000000000111111110000000000000000000000000000000000000011111110000000000
258,3,TypeC,30500,000000000111111000000000000000000000011111100000000000000000000000000000000000000000000011111100000000000000011110000000000001111000000000000000000000000000000000000000
259,4,TypeC,30500,000000000111111000000000000000000000011111100000000000000000000000000000000000000000000011111100000000000000011110000000000001111000000000000000000000000000000000000000
260,0,TypeA,54300,000000001111111111000000000000000000000000000000000000001111111111000000000000000000011111111100000000000000000000000011111111110000000000000000000111111111000000000000
261,1,TypeB,41200,000000000000000000000000000000000000000000000000000000000000000001111111000000000000011111111000000000011111110000000001111111100000000000000111111100000000000000000000
262,2,TypeB,41200,000000000000000000000000000000000000000000000000000000000000000001111111000000000000011111111000000000011111110000000001111111100000000000000111111100000000000000000000
263,3,TypeC,35900,000000001111110000000000000000000000011111100000000000001111110000000000000000000000011111100000000000000111110000000000000000000000000000000000000000000000000000000000
264,4,TypeC,35900,000000001111110000000000000000000000011111100000000000001111110000000000000000000000011111100000000000000111110000000000000000000000000000000000000000000000000000000000
265,0,TypeA,56200,000000000000000000000000000000000000000000000000111111111000000000000000000011111111110000000000000000000000011111111110000000000000011111111110000000000001111111111000
266,1,TypeB,38100,000000000000000000000001111111000000000000111111100000000000000001111111000000000000000000000000000000011111111000000000000000000000000000000000000001111111000000000000
267,2,TypeB,38100,000000000000000000000001111111000000000000111111100000000000000001111111000000000000000000000000000000011111111000000000000000000000000000000000000001111111000000000000
268,3,TypeC,34300,000000000000011111000000000000001111110000000000000000000000000000000000000000000000000000000000000000000111111000000000000011111000000000000000000000000001111110000000
269,4,TypeC,34300,000000000000011111000000000000001111110000000000000000000000000000000000000000000000000000000000000000000111111000000000000011111000000000000000000000000001111110000000
270,0,TypeA,54600,000000111111111000000000000000000000000000000000111111111000000000000000000011111111110000000000000000011111111110000000000000111111111100000000000000000000000000000000
271,1,TypeB,38000,000000011111111000000000000000000001111111100000000000001111111000000000000000000011111110000000000000000000000011111111000000000000000000000000000000000000000000000000
272,2,TypeB,38000,000000011111111000000000000000000001111111100000000000001111111000000000000000000011111110000000000000000000000011111111000000000000000000000000000000000000000000000000
273,3,TypeC,28500,000111111000000000000001111100000000000000000000000000001111110000000000000000000000000000001111100000000000000000000000000011111000000000000000000000000000000000000000
274,4,TypeC,28500,000111111000000000000001111100000000000000000000000000001111110000000000000000000000000000001111100000000000000000000000000011111000000000000000000000000000000000000000
275,0,TypeA,59200,000000000000000000000001111111111000000000000000000000001111111111000000000000000000011111111100000000000000000000000011111111110000000000000011111111110000000000000000
276,1,TypeB,41200,000000000000000000000000001111111000000000000000000000000000000000011111111000000000000000000000000000011111110000000001111111100000000000000000000001111111000000000000
277,2,TypeB,41200,000000000000000000000000001111111000000000000000000000000000000000011111111000000000000000000000000000011111110000000001111111100000000000000000000001111111000000000000
278,3,TypeC,24300,000000000000011111000000000000000000011111100000000000000000000000000000001111000000000000000000000000000000000000000011100000000000011100000000000000000000000000000000
279,4,TypeC,24300,000000000000011111000000000000000000011111100000000000000000000000000000001111000000000000000000000000000000000000000011100000000000011100000000000000000000000000000000
280,0,TypeA,54600,000000000111111111000000000000000000000000000000111111111000000000000000000011111111110000000000000000000000011111111110000000000000011111111110000000000000000000000000
281,1,TypeB,41800,000000000111111000000000000000000000000000000000000000011111111000000000000000000011111110000000000000000000000000000000000000000000001111111100000000011111111000000000
282,2,TypeB,41800,000000000111111000000000000000000000000000000000000000011111111000000000000000000011111110000000000000000000000000000000000000000000001111111100000000011111111000000000
283,3,TypeC,32200,000000000111111000000000000000000000000000011111100000000000000000000000000000001111110000000000000000000000000000000000000011111000000000000000000000011111000000000000
284,4,TypeC,32200,000000000111111000000000000000000000000000011111100000000000000000000000000000001111110000000000000000000000000000000000000011111000000000000000000000011111000000000000
285,0,TypeA,56800,000000000000000000000000000000000000011111111110000000000000000001111111111000000000000011111111100000000000011111111110000000000000011111111110000000000000000000000000
286,1,TypeB,42500,000000000000000000000000000000000000000000000000000000011111111000000000000000000011111110000000000000000111111110000000000000011111111000000000000000000000000011111110
287,2,TypeB,42500,000000000000000000000000000000000000000000000000000000011111111000000000000000000011111110000000000000000111111110000000000000011111111000000000000000000000000011111110
288,3,TypeC,28400,000000000000000000000001111110000000000000000000000000011111100000000000000000000000000000000001111110000000000000000011100000000000011111000000000000000000000000000000
289,4,TypeC,28400,000000000000000000000001111110000000000000000000000000011111100000000000000000000000000000000001111110000000000000000011100000000000011111000000000000000000000000000000
290,0,TypeA,55800,000000000000000000000001111111110000000000000000000000000000000000000000000011111111110000000000000011111111110000000000000000111111111100000000000000000000001111111110
291,1,TypeB,38000,000000111111110000000000000000000001111111100000000000001111111000000000000000000011111110000000000000000111111110000000000000000000000000000000000000000000000000000000
292,2,TypeB,38000,000000111111110000000000000000000001111111100000000000001111111000000000000000000011111110000000000000000111111110000000000000000000000000000000000000000000000000000000
293,3,TypeC,30200,000000000000011111000000000000000000011111100000000000000000000000000000000000000000000000000001111110000000000000000011100000000000000000000000000000000001111110000000
294,4,TypeC,30200,000000000000011111000000000000000000011111100000000000000000000000000000000000000000000000000001111110000000000000000011100000000000000000000000000000000001111110000000
295,0,TypeA,57400,000000001111111111000000000000000000000000000000111111111000000000001111111111000000000000000000000011111111110000000000000000111111111100000000000000000000000000000000
296,1,TypeB,38000,111111100000000000000001111111000000000000000000000000011111111000000000000000000000011111111000000000000111111110000000000000000000000000000000000000000000000000000000
297,2,TypeB,38000,111111100000000000000001111111000000000000000000000000011111111000000000000000000000011111111000000000000111111110000000000000000000000000000000000000000000000000000000
298,3,TypeC,25400,111100000000000000000001111100000000000000001111100000000000000000000000000000001111110000000000000000000000000000000000000000000000011100000000000000000000000000000000
299,4,TypeC,25400,111100000000000000000001111100000000000000001111100000000000000000000000000000001111110000000000000000000000000000000000000000000000011100000000000000000000000000000000
300,0,TypeA,55400,000000001111111111000000000000000000000000000000000000000000000001111111111000000000000000000000000000011111111110000000000000111111111100000000000000000000011111111110
301,1,TypeB,43500,000000000011111111000000000000000000000000000000000000000000000000011111111000000000000000000000000000000111111110000000000000000000000111111110000000000000000011111110
302,2,TypeB,43500,000000000011111111000000000000000000000000000000000000000000000000011111111000000000000000000000000000000111111110000000000000000000000111111110000000000000000011111110
303,3,TypeC,30800,000000000111111000000000000000000000011111100000000000000000001111110000000000000000000000001111100000000000000000000000000000000000011100000000000000000000000000000000
304,4,TypeC,30800,000000000111111000000000000000000000011111100000000000000000001111110000000000000000000000001111100000000000000000000000000000000000011100000000000000000000000000000000
305,0,TypeA,55700,000000000000000000000000000011111111110000000000000000001111111111000000000001111111111000000000000011111111110000000000000000000000011111111110000000000000000000000000
306,1,TypeB,36000,000000001111111000000000000000000000011111110000000000000000000001111111000000000011111110000000000000000111111110000000000000000000000000000000000000000000000000000000
307,2,TypeB,36000,000000001111111000000000000000000000011111110000000000000000000001111111000000000011111110000000000000000111111110000000000000000000000000000000000000000000000000000000
308,3,TypeC,31600,000000000000011111000000000000000000000000000000000000000000111111000000000000001111110000000000000000000111110000000000000000000000011100000000000000000000000000000000
309,4,TypeC,31600,000000000000011111000000000000000000000000000000000000000000111111000000000000001111110000000000000000000111110000000000000000000000011100000000000000000000000000000000
310,0,TypeA,54400,000000000000000000000000000000000000011111111110000000000000111111111100000000000000011111111100000000000000011111111110000000000000011111111110000000000000000000000000
311,1,TypeB,41400,000000011111111000000000000000000000011111111000000000000000001111111100000000000000000000000000000000011111110000000000000000001111111100000000000000000000000000000000
312,2,TypeB,41400,000000011111111000000000000000000000011111111000000000000000001111111100000000000000000000000000000000011111110000000000000000001111111100000000000000000000000000000000
313,3,TypeC,31800,000000000111111000000000000000000000011111100000000000000000111111000000000000000000000000000000000011111100000000000011100000000000000000000000000000000000000000000000
314,4,TypeC,31800,000000000111111000000000000000000000011111100000000000000000111111000000000000000000000000000000000011111100000000000011100000000000000000000000000000000000000000000000
315,0,TypeA,55700,000000000000000001111111111000000000000000000000000000001111111111000000000000011111111110000000000011111111110000000000000000111111111100000000000000000000000000000000
316,1,TypeB,38400,000000000000000000000001111111000000000000000000000000000000000001111111000000000011111110000000000000011111110000000000000000001111111100000000000000000000000000000000
317,2,TypeB,38400,000000000000000000000001111111000000000000000000000000000000000001111111000000000011111110000000000000011111110000000000000000001111111100000000000000000000000000000000
318,3,TypeC,27700,000000000000011111000000000000001111110000000000000000000000000001111110000000000000000000001111100000000000000000000011100000000000000000000000000000000000000000000000
319,4,TypeC,27700,000000000000011111000000000000001111110000000000000000000000000001111110000000000000000000001111100000000000000000000011100000000000000000000000000000000000000000000000
320,0,TypeA,56800,000000000000000000000000000000000000011111111110000000000000000001111111111000000000000000000000000011111111110000000000000000111111111100000000000111111111000000000000
321,1,TypeB,39400,000000011111111000000000001111110000000000000000000000000000000000000111111110000000000000000000000000000111111100000000000000000000001111111100000000000000000000000000
322,2,TypeB,39400,000000011111111000000000001111110000000000000000000000000000000000000111111110000000000000000000000000000111111100000000000000000000001111111100000000000000000000000000
323,3,TypeC,31200,000000000111111000000000001111110000000000011111100000000000000000000000000000000000011110000000000000000000000000000000000000000000011111000000000000000000000000000000
324,4,TypeC,31200,000000000111111000000000001111110000000000011111100000000000000000000000000000000000011110000000000000000000000000000000000000000000011111000000000000000000000000000000
325,0,TypeA,59100,000000000000000000000000000011111111110000000000000000000000001111111111000000000000000000000000111111111100000000000011111111100000000000000111111111000000000000000000
326,1,TypeB,42200,000000000000000000000001111111000000000000000000000000000000001111111100000000000000000000000111111110000000000000000001111111100000000000000111111100000000000000000000
327,2,TypeB,42200,000000000000000000000001111111000000000000000000000000000000001111111100000000000000000000000111111110000000000000000001111111100000000000000111111100000000000000000000
328,3,TypeC,27600,000000000000011111000000000000000000000000011111100000000000000000000000000000000000011110000000000011111100000000000000000000000000011100000000000000000000000000000000
329,4,TypeC,27600,000000000000011111000000000000000000000000011111100000000000000000000000000000000000011110000000000011111100000000000000000000000000011100000000000000000000000000000000
330,0,TypeA,57100,000000000000000000000000000000000000000000000000111111111000000000000000000011111111110000000000000011111111110000000000000000000000011111111110000000000000011111111110
331,1,TypeB,43800,000000011111111000000000000000000000000000000000000000000000000000000001111111100000000000000000000000011111110000000000000000111111110000000000000000011111111000000000
332,2,TypeB,43800,000000011111111000000000000000000000000000000000000000000000000000000001111111100000000000000000000000011111110000000000000000111111110000000000000000011111111000000000
333,3,TypeC,28600,000000000000011111000000000000000000011111100000000000000000000000000001111110000000000000000000000000000000000000000011100000000000011111000000000000000000000000000000
334,4,TypeC,28600,000000000000011111000000000000000000011111100000000000000000000000000001111110000000000000000000000000000000000000000011100000000000011111000000000000000000000000000000
335,0,TypeA,55000,000000001111111111000000000000000000000000000000000000000000000000000000000011111111110000000000000011111111110000000000000000111111111100000000000111111111000000000000
336,1,TypeB,40100,000000011111111000000000000000000000000000000000000000000000000001111111000000000000011111111000000000000111111110000000000000000000000000000000000001111111000000000000
337,2,TypeB,40100,000000011111111000000000000000000000000000000000000000000000000001111111000000000000011111111000000000000111111110000000000000000000000000000000000001111111000000000000
338,3,TypeC,23900,111100000000000000000001111110000000000000001111100000000000000000000000000000000000000000001111100000000000000000000000000000000000011100000000000000000000000000000000
339,4,TypeC,23900,111100000000000000000001111110000000000000001111100000000000000000000000000000000000000000001111100000000000000000000000000000000000011100000000000000000000000000000000
340,0,TypeA,55300,000000000000000000000001111111110000000000000000000000000000111111111100000000000000000000000000000000011111111110000000000000111111111100000000000001111111111000000000
341,1,TypeB,41400,000000000000000000000000000000011111110000000000000000000000111111110000000000000000000011111111000000000111111110000000000000111111110000000000000000000000000000000000
342,2,TypeB,41400,000000000000000000000000000000011111110000000000000000000000111111110000000000000000000011111111000000000111111110000000000000111111110000000000000000000000000000000000
343,3,TypeC,26300,111000000000011111000000000000000000000000011111100000000000000000000000000000000000011111100000000000000000000000000000000000000000011100000000000000000000000000000000
344,4,TypeC,26300,111000000000011111000000000000000000000000011111100000000000000000000000000000000000011111100000000000000000000000000000000000000000011100000000000000000000000000000000
345,0,TypeA,53600,000000000000000000000000000000000000000000000000000000001111111111000000000001111111111000000000000000011111111110000000000000111111111100000000000000011111111110000000
346,1,TypeB,41500,000000000000000000000001111111000000000000000000000000001111111000000000000000000000000000000000000000000111111110000000000000111111110000000000000000000000000011111110
347,2,TypeB,41500,000000000000000000000001111111000000000000000000000000001111111000000000000000000000000000000000000000000111111110000000000000111111110000000000000000000000000011111110
348,3,TypeC,25000,000000000000011111000000000000000000000000011111100000000000000000000000000000000000000000000000000000000000000000000011100000000000011100000000000000011111000000000000
349,4,TypeC,25000,000000000000011111000000000000000000000000011111100000000000000000000000000000000000000000000000000000000000000000000011100000000000011100000000000000011111000000000000
350,0,TypeA,58600,000000000000000000000001111111111000000000000000111111111000000000000000000011111111110000000000000011111111110000000000000000111111111100000000000000000000000000000000
351,1,TypeB,42800,000000000001111111000000000000000000000000000000000000000000000000000111111110000000000000000000000000011111110000000000000000111111110000000000000000011111111000000000
352,2,TypeB,42800,000000000001111111000000000000000000000000000000000000000000000000000111111110000000000000000000000000011111110000000000000000111111110000000000000000011111111000000000
353,3,TypeC,28200,111100000000000000000000000111111000000000000000000000000000000001111110000000000000011111100000000000000000000000000000000011111000000000000000000000000000000000000000
354,4,TypeC,28200,111100000000000000000000000111111000000000000000000000000000000001111110000000000000011111100000000000000000000000000000000011111000000000000000000000000000000000000000
355,0,TypeA,56300,000000000000000000000000000000000000011111111110000000000000001111111111000000000000000000000000000000000000011111111110000000000000011111111110000000000000011111111110
356,1,TypeB,43800,000000000011111111000000000000000000000000000000000000000000001111111100000000000000000000000000000000011111110000000000000000011111111000000000000000011111111000000000
357,2,TypeB,43800,000000000011111111000000000000000000000000000000000000000000001111111100000000000000000000000000000000011111110000000000000000011111111000000000000000011111111000000000
358,3,TypeC,28200,111100000000000000000001111110000000000000000000000000000000000001111110000000000000011111100000000000000000000000000000000011111000000000000000000000000000000000000000
359,4,TypeC,28200,111100000000000000000001111110000000000000000000000000000000000001111110000000000000011111100000000000000000000000000000000011111000000000000000000000000000000000000000
360,0,TypeA,55400,000000000000000000000000000000000000011111111110000000000000000000000000000011111111110000000000000000011111111110000000000000111111111100000000000001111111111000000000
361,1,TypeB,42500,000000000000000000000000000000000000000000000000000000011111111000000000000000011111111000000000000000011111110000000000000000111111110000000000000001111111000000000000
362,2,TypeB,42500,000000000000000000000000000000000000000000000000000000011111111000000000000000011111111000000000000000011111110000000000000000111111110000000000000001111111000000000000
363,3,TypeC,29600,000000000000011111000000000000000000011111100000000000000000000000000000000000000000011111100000000000000000000000000011100000000000000001111110000000000000000000000000
364,4,TypeC,29600,000000000000011111000000000000000000011111100000000000000000000000000000000000000000011111100000000000000000000000000011100000000000000001111110000000000000000000000000
365,0,TypeA,61900,111111111100000000000001111111110000000000000000000000000000000000000000000011111111110000000000000000000000000000000011111111110000000000000011111111110000000000000000
366,1,TypeB,39100,000000111111110000000000000000000000000000000000000000000000111111110000000000000011111110000000000000011111110000000000000000000000000000000000000000000000000011111110
367,2,TypeB,39100,000000111111110000000000000000000000000000000000000000000000111111110000000000000011111110000000000000011111110000000000000000000000000000000000000000000000000011111110
368,3,TypeC,25700,000000000000011111000000000000000000000000000000000000001111110000000000000000000000000000001111100000000000000000000000000011110000000000000000000000000000000000001110
369,4,TypeC,25700,000000000000011111000000000000000000000000000000000000001111110000000000000000000000000000001111100000000000000000000000000011110000000000000000000000000000000000001110
370,0,TypeA,57400,000000000000000000000001111111110000000000000000000000000000000000001111111111000000000000000000000000011111111110000000000000111111111100000000000001111111111000000000
371,1,TypeB,40100,000000000001111111000000000000000000000000000000000000011111111000000000000000000000000000000111111110000000000011111111000000000000000000000000000001111111000000000000
372,2,TypeB,40100,000000000001111111000000000000000000000000000000000000011111111000000000000000000000000000000111111110000000000011111111000000000000000000000000000001111111000000000000
373,3,TypeC,25800,111100000000000000000000000111110000000000000000000000000000000000000000000000001111110000000000000011111100000000000011100000000000000000000000000000000000000000000000
374,4,TypeC,25800,111100000000000000000000000111110000000000000000000000000000000000000000000000001111110000000000000011111100000000000011100000000000000000000000000000000000000000000000
375,0,TypeA,53300,000000000000000000000001111111110000000000000000000000001111111111000000000000000000000000000000000000011111111100000000000000111111111100000000000111111111000000000000
376,1,TypeB,41400,000000111111110000000000000000000000000000000000000000011111111000000000000000000000000011111111000000000111111100000000000000000000000000000000000000011111111000000000
377,2,TypeB,41400,000000111111110000000000000000000000000000000000000000011111111000000000000000000000000011111111000000000111111100000000000000000000000000000000000000011111111000000000
378,3,TypeC,27400,000000000000011111000000000000000000000000011111100000000000000000000000000000000000000000111111000000000000000000000011100000000000011111000000000000000000000000000000
379,4,TypeC,27400,000000000000011111000000000000000000000000011111100000000000000000000000000000000000000000111111000000000000000000000011100000000000011111000000000000000000000000000000
380,0,TypeA,60700,000000000000000000000001111111110000000000000000000000001111111111000000000000000000000000000000111111111100000000000011111111110000000000000011111111110000000000000000
381,1,TypeB,41400,000000111111110000000001111111000000000000000000000000011111111000000000000000000000000000000111111110000000000000000000000000000000000000000000000000011111111000000000
382,2,TypeB,41400,000000111111110000000001111111000000000000000000000000011111111000000000000000000000000000000111111110000000000000000000000000000000000000000000000000011111111000000000
383,3,TypeC,30800,000000000000011111000000000000000000011111100000000000011111100000000000000000000000000000000111100000000000000000000000000000000000011111000000000000000000000000000000
384,4,TypeC,30800,000000000000011111000000000000000000011111100000000000011111100000000000000000000000000000000111100000000000000000000000000000000000011111000000000000000000000000000000
385,0,TypeA,55500,000000000000000000000000000000000000000000000000111111111000000000000000000011111111110000000000000000011111111110000000000000111111111100000000000111111111000000000000
386,1,TypeB,38100,000000000011111111000000000000000000000000000000000000001111111000000000000000000011111110000000000000011111110000000000000000000000000000000000000001111111000000000000
387,2,TypeB,38100,000000000011111111000000000000000000000000000000000000001111111000000000000000000011111110000000000000011111110000000000000000000000000000000000000001111111000000000000
388,3,TypeC,26000,111100000000000000000000000000000000000000000000000000000000000000000000000000000000000000001111100000000000000000000011100000000000011111000000000000000001111110000000
389,4,TypeC,26000,111100000000000000000000000000000000000000000000000000000000000000000000000000000000000000001111100000000000000000000011100000000000011111000000000000000001111110000000
390,0,TypeA,54300,000000000111111111000000000001111111110000000000000000000000001111111111000000000000000000000000000000000000000000000011111111110000000000000000000000000001111111111000
391,1,TypeB,39400,000000111111110000000000000000011111110000000000000000001111111000000000000000000000000000000000000000011111110000000000000000011111111000000000000000000000000000000000
392,2,TypeB,39400,000000111111110000000000000000011111110000000000000000001111111000000000000000000000000000000000000000011111110000000000000000011111111000000000000000000000000000000000
393,3,TypeC,31200,000000000111110000000000000000000000011111100000000000000000111111000000000000000000000000001111100000000000000000000000000011111000000000000000000000000000000000000000
394,4,TypeC,31200,000000000111110000000000000000000000011111100000000000000000111111000000000000000000000000001111100000000000000000000000000011111000000000000000000000000000000000000000
395,0,TypeA,60200,111111111100000000000001111111111000000000000000000000000000000001111111111000000000000000000000000000000000000000000000000000111111111100000000000001111111111000000000
396,1,TypeB,40400,111111100000000000000000000000000000011111111000000000000000111111110000000000000000000000000000000000000111111100000000000000000000001111111100000000000000000000000000
397,2,TypeB,40400,111111100000000000000000000000000000011111111000000000000000111111110000000000000000000000000000000000000111111100000000000000000000001111111100000000000000000000000000
398,3,TypeC,31200,000000000111111000000000000000001111110000000000000000000000000000000000001111110000000000000001111110000000000000000000000000000000011100000000000000000000000000000000
399,4,TypeC,31200,000000000111111000000000000000001111110000000000000000000000000000000000001111110000000000000001111110000000000000000000000000000000011100000000000000000000000000000000
400,0,TypeA,56600,000000000000000000000000000011111111110000000000000000000000000000000000000011111111110000000000000000000000011111111110000000000000011111111110000000000000011111111110
401,1,TypeB,42500,111111100000000000000000000000000000000000000000000000000000000000011111111000000000000000000000000000000111111110000000000000000000001111111100000000000000000011111110
402,2,TypeB,42500,111111100000000000000000000000000000000000000000000000000000000000011111111000000000000000000000000000000111111110000000000000000000001111111100000000000000000011111110
403,3,TypeC,32100,000000000111111000000000000000000000011111100000000000000000000001111110000000000000011111100000000000000000000000000000000000000000011100000000000000000000000000000000
404,4,TypeC,32100,000000000111111000000000000000000000011111100000000000000000000001111110000000000000011111100000000000000000000000000000000000000000011100000000000000000000000000000000
405,0,TypeA,57400,111111111100000000000000000011111111110000000000000000000000111111111000000000000000000000000000000000000000000000000011111111110000000000000000000000011111111110000000
406,1,TypeB,37400,000000001111110000000000000000011111110000000000000000000000001111111000000000000000000000000000000000000111111100000000000000000000000000000000000000011111111000000000
407,2,TypeB,37400,000000001111110000000000000000011111110000000000000000000000001111111000000000000000000000000000000000000111111100000000000000000000000000000000000000011111111000000000
408,3,TypeC,32700,000000001111110000000000000000001111110000000000000000000000111111000000000000000000011111100000000000000000000000000011100000000000000000000000000000000000000000000000
409,4,TypeC,32700,000000001111110000000000000000001111110000000000000000000000111111000000000000000000011111100000000000000000000000000011100000000000000000000000000000000000000000000000
410,0,TypeA,55000,000000000111111111000000000000000000000000000000000000000000000000011111111110000000000000000000000011111111110000000000000000111111111100000000000000000001111111111000
411,1,TypeB,41400,000000111111110000000000000000011111110000000000000000000000000000011111111000000000000000000000000000000111111110000000000000111111110000000000000000000000000000000000
412,2,TypeB,41400,000000111111110000000000000000011111110000000000000000000000000000011111111000000000000000000000000000000111111110000000000000111111110000000000000000000000000000000000
413,3,TypeC,27700,000000000111111000000000000000000000000000000000000000000000000000000000001111110000000000001111100000000000000000000000000000111000000000000000000000011111000000000000
414,4,TypeC,27700,000000000111111000000000000000000000000000000000000000000000000000000000001111110000000000001111100000000000000000000000000000111000000000000000000000011111000000000000
415,0,TypeA,59600,111111111100000000000000000000000000000000000000000000001111111111000000000000011111111110000000000000000000000000000011111111110000000000000011111111110000000000000000
416,1,TypeB,41100,000000111111110000000001111111000000000000000000000000000000000000011111111000000000000011111111000000000000000000000001111111100000000000000000000000000000000000000000
417,2,TypeB,41100,000000111111110000000001111111000000000000000000000000000000000000011111111000000000000011111111000000000000000000000001111111100000000000000000000000000000000000000000
418,3,TypeC,26700,000000000000011111000000000000001111110000000000000000000000000000000000000000000000000000001111100000000000000000000000000011111000000000000111000000000000000000000000
419,4,TypeC,26700,000000000000011111000000000000001111110000000000000000000000000000000000000000000000000000001111100000000000000000000000000011111000000000000111000000000000000000000000
420,0,TypeA,57300,000000000111111111000000000000000000000000000000000000000000001111111111000000000000000011111111100000000000000000000011111111110000000000000011111111110000000000000000
421,1,TypeB,38100,000000000000000000000000000000000000011111111000000000001111111000000000000000000011111110000000000000000111111100000000000000000000000000000000000001111111000000000000
422,2,TypeB,38100,000000000000000000000000000000000000011111111000000000001111111000000000000000000011111110000000000000000111111100000000000000000000000000000000000001111111000000000000
423,3,TypeC,34600,000000000111111000000000000000000000011111100000000000000000000000000000000000000000011111100000000000000111110000000000000000000000000000000000000000011111000000000000
424,4,TypeC,34600,000000000111111000000000000000000000011111100000000000000000000000000000000000000000011111100000000000000111110000000000000000000000000000000000000000011111000000000000
425,0,TypeA,60400,111111111100000000000000000000000000000000000000000000000000111111111100000000000000000011111111100000000000000000000011111111110000000000000011111111110000000000000000
426,1,TypeB,41400,111111110000000000000000000000000000000000000000000000000000111111110000000000000011111110000000000000000111111110000000000000000000000000000000000000011111111000000000
427,2,TypeB,41400,111111110000000000000000000000000000000000000000000000000000111111110000000000000011111110000000000000000111111110000000000000000000000000000000000000011111111000000000
428,3,TypeC,34600,000000000000011111000000000000001111110000000000000000001111110000000000000000000000011111100000000000000000000000000000000000000000011111000000000000000000000000000000
429,4,TypeC,34600,000000000000011111000000000000001111110000000000000000001111110000000000000000000000011111100000000000000000000000000000000000000000011111000000000000000000000000000000
430,0,TypeA,56700,000000001111111111000000000001111111110000000000000000000000001111111111000000000000000000000000000000000000000000000011111111100000000000000011111111110000000000000000
431,1,TypeB,38100,000000001111111000000000000000000000000000000000000000001111111000000000000000000011111110000000000000000111111110000000000000000000000000000000000001111111000000000000
432,2,TypeB,38100,000000001111111000000000000000000000000000000000000000001111111000000000000000000011111110000000000000000111111110000000000000000000000000000000000001111111000000000000
433,3,TypeC,32500,000000000111111000000000000000000000000000011111100000000000111111000000000000000000000000001111100000000000000000000000000000000000011111000000000000000000000000000000
434,4,TypeC,32500,000000000111111000000000000000000000000000011111100000000000111111000000000000000000000000001111100000000000000000000000000000000000011111000000000000000000000000000000
435,0,TypeA,61400,111111111100000000000000000000000000011111111110000000000000000000000000000011111111110000000000000000000000000000000011111111110000000000000011111111110000000000000000
436,1,TypeB,42500,000000011111111000000000000000000000000000000000000000000000000000000011111111000000000000000000000000011111110000000000111111110000000000000000000000000000000011111110
437,2,TypeB,42500,000000011111111000000000000000000000000000000000000000000000000000000011111111000000000000000000000000011111110000000000111111110000000000000000000000000000000011111110
438,3,TypeC,25600,000000000000011111000000000000000000000000000000000000000000000000000000000000000000011111100000000000000000000000000011100000000000011111000000000000000000000000001110
439,4,TypeC,25600,000000000000011111000000000000000000000000000000000000000000000000000000000000000000011111100000000000000000000000000011100000000000011111000000000000000000000000001110
440,0,TypeA,56800,000000000000000000000001111111110000000000000000000000000000000000000000000011111111110000000000000011111111110000000000000000111111111100000000000000000000011111111110
441,1,TypeB,36000,000000011111110000000001111111000000000000000000000000001111111000000000000000000011111110000000000000000111111110000000000000000000000000000000000000000000000000000000
442,2,TypeB,36000,000000011111110000000001111111000000000000000000000000001111111000000000000000000011111110000000000000000111111110000000000000000000000000000000000000000000000000000000
443,3,TypeC,20900,111100000000000000000001111000000000000000000000000000000000000000000111111000000000000000000000000000000000000000000011100000000000011100000000000000000000000000000000
444,4,TypeC,20900,111100000000000000000001111000000000000000000000000000000000000000000111111000000000000000000000000000000000000000000011100000000000011100000000000000000000000000000000
445,0,TypeA,58200,000000000111111111000000000001111111110000000000000000000000000000011111111110000000000000000000000000000000000000000011111111110000000000000011111111110000000000000000
446,1,TypeB,40400,000000000001111111000000000000011111110000000000000000000000000000000011111111000000000000000000000000000111111110000000000000000000000000000000000000011111111000000000
447,2,TypeB,40400,000000000001111111000000000000011111110000000000000000000000000000000011111111000000000000000000000000000111111110000000000000000000000000000000000000011111111000000000
448,3,TypeC,21500,111100000000000000000000000000000000000000000011100000000000111111000000000000000000000000000000000000000000000000000000000001111000000000000000000000000000000000001110
449,4,TypeC,21500,111100000000000000000000000000000000000000000011100000000000111111000000000000000000000000000000000000000000000000000000000001111000000000000000000000000000000000001110
450,0,TypeA,56800,000000000000000000000000000001111111110000000000000000000000000001111111111000000000000000000000111111111100000000000000000000111111111100000000000000000001111111111000
451,1,TypeB,39400,111111110000000000000001111111000000000000000000000000000000000001111111000000000000000000000000000000000111111100000000000000000000000000000000000000011111111000000000
452,2,TypeB,39400,111111110000000000000001111111000000000000000000000000000000000001111111000000000000000000000000000000000111111100000000000000000000000000000000000000011111111000000000
453,3,TypeC,33400,000000000111111000000000000000000000011111100000000000000000111111000000000000000000000000000000000000000000000000000000000011111000000000000000000000011111000000000000
454,4,TypeC,33400,000000000111111000000000000000000000011111100000000000000000111111000000000000000000000000000000000000000000000000000000000011111000000000000000000000011111000000000000
455,0,TypeA,55700,000000000000000000000000000011111111110000000000000000000000011111111110000000000000000000000000000011111111110000000000000000111111111100000000000000011111111110000000
456,1,TypeB,42800,000000000000000000000000000000011111110000000000000000000000011111111000000000000000000000000000000000011111110000000000111111110000000000000000000000011111111000000000
457,2,TypeB,42800,000000000000000000000000000000011111110000000000000000000000011111111000000000000000000000000000000000011111110000000000111111110000000000000000000000011111111000000000
458,3,TypeC,25700,000000000111111000000000000000000001110000000000000000000000000000000000001111110000000000001111100000000000000000000011100000000000000000000000000000000000000000000000
459,4,TypeC,25700,000000000111111000000000000000000001110000000000000000000000000000000000001111110000000000001111100000000000000000000011100000000000000000000000000000000000000000000000
460,0,TypeA,55500,000000000111111111000000000001111111110000000000000000001111111111000000000000000000000000000000000000000000000000000011111111110000000000000011111111110000000000000000
461,1,TypeB,43800,000000000011111111000000000000000000111111110000000000000000000001111111000000000000000000000000000000000000000000000000111111110000000000000000000000011111111000000000
462,2,TypeB,43800,000000000011111111000000000000000000111111110000000000000000000001111111000000000000000000000000000000000000000000000000111111110000000000000000000000011111111000000000
463,3,TypeC,32000,000000000111111000000000001111110000000000011111100000000000000000000000000000000000011111100000000000000000000000000000000011111000000000000000000000000000000000000000
464,4,TypeC,32000,000000000111111000000000001111110000000000011111100000000000000000000000000000000000011111100000000000000000000000000000000011111000000000000000000000000000000000000000
465,0,TypeA,56000,000000000000000000000000000011111111110000000000000000000000001111111111000000000000000000000000000011111111110000000000000000111111111100000000000000011111111110000000
466,1,TypeB,41800,000000000000000000000001111111000000000000000000000000000000000001111111000000000011111110000000000000000000000000000000111111110000000000000000000000011111111000000000
467,2,TypeB,41800,000000000000000000000001111111000000000000000000000000000000000001111111000000000011111110000000000000000000000000000000111111110000000000000000000000011111111000000000
468,3,TypeC,28300,000000000000011111000000000000000001110000000000000000000000000000000111111000000000011111100000000000000000000000000000000011111000000000000000000000000000000000000000
469,4,TypeC,28300,000000000000011111000000000000000001110000000000000000000000000000000111111000000000011111100000000000000000000000000000000011111000000000000000000000000000000000000000
470,0,TypeA,56200,000000000000000000000000000000000000000000000000111111111000000000000000000011111111110000000000000011111111110000000000000000111111111100000000000000011111111110000000
471,1,TypeB,41500,000000000000000000000001111111000000000000000000000000000000000001111111000000000011111110000000000000000000000000000001111111100000000000000000000000011111111000000000
472,2,TypeB,41500,000000000000000000000001111111000000000000000000000000000000000001111111000000000011111110000000000000000000000000000001111111100000000000000000000000011111111000000000
473,3,TypeC,31700,000000000111111000000000000000000001110000000000000000000000000000000000000000000000011111100000000000000000000000000000000011111000000000000000000000000001111110000000
474,4,TypeC,31700,000000000111111000000000000000000001110000000000000000000000000000000000000000000000011111100000000000000000000000000000000011111000000000000000000000000001111110000000
475,0,TypeA,59000,000000001111111111000000000000000000011111111110000000000000001111111111000000000000000000000000000000000000000000000011111111110000000000000011111111110000000000000000
476,1,TypeB,40400,000000011111111000000000000000000000011111110000000000001111111000000000000000000000000000000000000000000111111110000000000000000000000000000000000000011111111000000000
477,2,TypeB,40400,000000011111111000000000000000000000011111110000000000001111111000000000000000000000000000000000000000000111111110000000000000000000000000000000000000011111111000000000
478,3,TypeC,25200,111100000000000000000001111000000000011111100000000000000000000000000000000000000000000000001111100000000000000000000000000011111000000000000000000000000000000000000000
479,4,TypeC,25200,111100000000000000000001111000000000011111100000000000000000000000000000000000000000000000001111100000000000000000000000000011111000000000000000000000000000000000000000
480,0,TypeA,58200,000000000111111111000000000000000000000000000000111111111000000000000000000011111111110000000000000000000000000000000011111111110000000000000011111111110000000000000000
481,1,TypeB,42400,000000000011111111000000000000000000011111111000000000000000000000011111111000000000000000000000000000000111111110000000000000000000000000000000000000011111111000000000
482,2,TypeB,42400,000000000011111111000000000000000000011111111000000000000000000000011111111000000000000000000000000000000111111110000000000000000000000000000000000000011111111000000000
483,3,TypeC,32500,000000000111111000000000000000000000011111100000000000001111110000000000000000000000000000001111100000000000000000000000000011111000000000000000000000000000000000000000
484,4,TypeC,32500,000000000111111000000000000000000000011111100000000000001111110000000000000000000000000000001111100000000000000000000000000011111000000000000000000000000000000000000000
485,0,TypeA,57100,000000000000000000000000000011111111110000000000000000000000000000011111111110000000000011111111100000000000000000000000000000000000011111111110000000000001111111111000
486,1,TypeB,43800,000000000000000000000001111111000000000000000000000000000000011111111000000000000000000000000000000000000111111110000000000000000000001111111100000000011111111000000000
487,2,TypeB,43800,000000000000000000000001111111000000000000000000000000000000011111111000000000000000000000000000000000000111111110000000000000000000001111111100000000011111111000000000
488,3,TypeC,31800,000000000111111000000000000000000001111100000000000000000000000000000001111110000000000000000000000000000111110000000000000011111000000000000000000000000000000000000000
489,4,TypeC,31800,000000000111111000000000000000000001111100000000000000000000000000000001111110000000000000000000000000000111110000000000000011111000000000000000000000000000000000000000
490,0,TypeA,58000,000000000000000000000000000001111111110000000000000000000000000000001111111111000000000000000000111111111100000000000000000000111111111100000000000001111111111000000000
491,1,TypeB,42800,000000000000000000000000000000011111110000000000000000000000000000011111111000000000000000111111100000000000000000000000000000000000001111111100000000011111111000000000
492,2,TypeB,42800,000000000000000000000000000000011111110000000000000000000000000000011111111000000000000000111111100000000000000000000000000000000000001111111100000000011111111000000000
493,3,TypeC,28600,000000000000011111000000000000000001111100000000000000000000000000000000000000000000000000001111100000000000000000000000000011111000000000000000000000011111000000000000
494,4,TypeC,28600,000000000000011111000000000000000001111100000000000000000000000000000000000000000000000000001111100000000000000000000000000011111000000000000000000000011111000000000000
495,0,TypeA,56800,000000000000000000000000000001111111110000000000000000000000000000001111111111000000000000000000000011111111110000000000000000111111111100000000000001111111111000000000
496,1,TypeB,42800,000000000000000000000001111111000000000000000000000000000000000001111111000000000000000000000000000000000111111110000000000000000000001111111100000000011111111000000000
497,2,TypeB,42800,000000000000000000000001111111000000000000000000000000000000000001111111000000000000000000000000000000000111111110000000000000000000001111111100000000011111111000000000
498,3,TypeC,24100,111100000000000000000000000000000000011111100000000000000000000000000000000000000000000000000001111110000000000000000011100000000000011100000000000000000000000000000000
499,4,TypeC,24100,111100000000000000000000000000000000011111100000000000000000000000000000000000000000000000000001111110000000000000000011100000000000011100000000000000000000000000000000
500,0,TypeA,59600,000000000000000000000001111111111000000000000000000000000000000000011111111110000000000000000000000011111111110000000000000000111111111100000000000001111111111000000000
501,1,TypeB,40100,000000111111110000000000000000011111110000000000000000000000000000011111111000000000000000000000000000000111111110000000000000000000000000000000000001111111000000000000
502,2,TypeB,40100,000000111111110000000000000000011111110000000000000000000000000000011111111000000000000000000000000000000111111110000000000000000000000000000000000001111111000000000000
503,3,TypeC,25300,111100000000000000000001111100000000000000000000000000000000000000000000000000000011111000000000000000000000000000000000000000000000011100000000000000011111000000000000
504,4,TypeC,25300,111100000000000000000001111100000000000000000000000000000000000000000000000000000011111000000000000000000000000000000000000000000000011100000000000000011111000000000000
505,0,TypeA,62900,111111111100000000000000000000000000000000000000000000000000001111111111000000000000000000000000111111111100000000000011111111110000000000000011111111110000000000000000
506,1,TypeB,42400,111111110000000000000000000000000001111111100000000000000000000000011111111000000000000000000000000000000111111110000000000000000000000000000000000000011111111000000000
507,2,TypeB,42400,111111110000000000000000000000000001111111100000000000000000000000011111111000000000000000000000000000000111111110000000000000000000000000000000000000011111111000000000
508,3,TypeC,27200,111100000000000000000000000000000000011111100000000000000000000000000001111110000000000000001111100000000000000000000000000011111000000000000000000000000000000000000000
509,4,TypeC,27200,111100000000000000000000000000000000011111100000000000000000000000000001111110000000000000001111100000000000000000000000000011111000000000000000000000000000000000000000
510,0,TypeA,55000,000000000000000000000000000011111111110000000000000000000000001111111111000000000000011111111100000000000000000000000000000000111111111100000000000001111111111000000000
511,1,TypeB,39400,111111110000000000000001111111000000000000000000000000000000000001111111000000000011111110000000000000000000000000000000000000111111110000000000000000000000000000000000
512,2,TypeB,39400,111111110000000000000001111111000000000000000000000000000000000001111111000000000011111110000000000000000000000000000000000000111111110000000000000000000000000000000000
513,3,TypeC,24900,000000000111111000000000000000000000011111100000000000000000000000000000000000000000000000000000000000000000000000000011100000000000011100000000000000000000000000001110
514,4,TypeC,24900,000000000111111000000000000000000000011111100000000000000000000000000000000000000000000000000000000000000000000000000011100000000000011100000000000000000000000000001110
515,0,TypeA,56300,000000001111111111000000000000000000011111111110000000000000000001111111111000000000000000000000000011111111110000000000000000111111111100000000000000000000000000000000
516,1,TypeB,42400,000000011111111000000000000000000000111111110000000000000000000000011111111000000000000011111111000000000000000000000000000000000000000000000000000000011111111000000000
517,2,TypeB,42400,000000011111111000000000000000000000111111110000000000000000000000011111111000000000000011111111000000000000000000000000000000000000000000000000000000011111111000000000
518,3,TypeC,32400,000000000000011111000000000000000000011111100000000000000000111111000000000000001111110000000000000000000000000000000000000001111000000000000000000000000000000000000000
519,4,TypeC,32400,000000000000011111000000000000000000011111100000000000000000111111000000000000001111110000000000000000000000000000000000000001111000000000000000000000000000000000000000
520,0,TypeA,56500,111111111100000000000000000000000000000000000000000000000000001111111111000000000000000011111111100000000000000000000000000000111111111100000000000000000001111111111000
521,1,TypeB,41400,000000011111111000000000000000000000000000111111100000000000000000011111111000000000011111111000000000000000000000000000000000000000001111111100000000000000000000000000
522,2,TypeB,41400,000000011111111000000000000000000000000000111111100000000000000000011111111000000000011111111000000000000000000000000000000000000000001111111100000000000000000000000000
523,3,TypeC,25300,000000000000011111000000000000000000011111100000000000000000000000000000000000000000000000001111100000000000000000000011100000000000011100000000000000000000000000000000
524,4,TypeC,25300,000000000000011111000000000000000000011111100000000000000000000000000000000000000000000000001111100000000000000000000011100000000000011100000000000000000000000000000000
525,0,TypeA,57400,000000001111111111000000000001111111110000000000000000000000111111111100000000000000000000000000000000000000000000000011111111110000000000000011111111110000000000000000
526,1,TypeB,42500,111111110000000000000001111111000000000000000000000000000000000000011111111000000000000000000000000000000000000000000000111111110000000000000111111100000000000000000000
527,2,TypeB,42500,111111110000000000000001111111000000000000000000000000000000000000011111111000000000000000000000000000000000000000000000111111110000000000000111111100000000000000000000
528,3,TypeC,28500,000000000111111000000000000000000000000000000000000000000000111111000000000000000000011110000000000000000000000000000000000011111000000000000111000000000000000000000000
529,4,TypeC,28500,000000000111111000000000000000000000000000000000000000000000111111000000000000000000011110000000000000000000000000000000000011111000000000000111000000000000000000000000
530,0,TypeA,59400,000000000000000000000000000001111111110000000000000000000000000001111111111000000000000011111111100000000000000000000011111111110000000000000011111111110000000000000000
531,1,TypeB,42200,111111110000000000000001111111000000000000000000000000000000000000011111111000000000000000000000000000000000000000000001111111100000000000000111111100000000000000000000
532,2,TypeB,42200,111111110000000000000001111111000000000000000000000000000000000000011111111000000000000000000000000000000000000000000001111111100000000000000111111100000000000000000000
533,3,TypeC,29500,000000000111111000000000000000000000000000000000000000000000000000000000000000000000011111100000000000000111110000000000000011111000000000000111000000000000000000000000
534,4,TypeC,29500,000000000111111000000000000000000000000000000000000000000000000000000000000000000000011111100000000000000111110000000000000011111000000000000111000000000000000000000000
535,0,TypeA,61300,111111111100000000000000000001111111110000000000000000000000000001111111111000000000000000000000000000000000000000000011111111110000000000000011111111110000000000000000
536,1,TypeB,40100,000000011111111000000000000000011111110000000000000000000000000000011111111000000000000000000000000000011111111000000000000000000000000000000111111100000000000000000000
537,2,TypeB,40100,000000011111111000000000000000011111110000000000000000000000000000011111111000000000000000000000000000011111111000000000000000000000000000000111111100000000000000000000
538,3,TypeC,35300,000000000111111000000000000000000000000000000000000000000000111111000000000000000000011111100000000000000111111000000000000011111000000000000000000000000000000000000000
539,4,TypeC,35300,000000000111111000000000000000000000000000000000000000000000111111000000000000000000011111100000000000000111111000000000000011111000000000000000000000000000000000000000
540,0,TypeA,53800,000000000000000000000000000001111111110000000000000000001111111111000000000001111111111000000000000000000000000000000000000000111111111100000000000000000000011111111110
541,1,TypeB,40100,111111110000000000000001111111000000000000000000000000000000000000011111111000000000000011111111000000000000000000000000000000000000000000000111111100000000000000000000
542,2,TypeB,40100,111111110000000000000001111111000000000000000000000000000000000000011111111000000000000011111111000000000000000000000000000000000000000000000111111100000000000000000000
543,3,TypeC,34700,000000000111111000000000000000000000011111100000000000000000111111000000000000000000011111100000000000000000000000000000000011111000000000000000000000000000000000000000
544,4,TypeC,34700,000000000111111000000000000000000000011111100000000000000000111111000000000000000000011111100000000000000000000000000000000011111000000000000000000000000000000000000000
545,0,TypeA,54900,000000000000000000000001111111111000000000000000000000001111111111000000000000000000000000000000000011111111110000000000000000111111111000000000000000000000001111111110
546,1,TypeB,38100,111111100000000000000001111111000000000000000000000000001111111000000000000000000000000000000000000000000111111110000000000000000000000000000111111100000000000000000000
547,2,TypeB,38100,111111100000000000000001111111000000000000000000000000001111111000000000000000000000000000000000000000000111111110000000000000000000000000000111111100000000000000000000
548,3,TypeC,28700,111100000000000000000001111100000000000000011111100000000000000000000000000000001111110000000000000000000000000000000000000000000000011111000000000000000000000000000000
549,4,TypeC,28700,111100000000000000000001111100000000000000011111100000000000000000000000000000001111110000000000000000000000000000000000000000000000011111000000000000000000000000000000
550,0,TypeA,56900,111111111100000000000000000000000000011111111110000000000000111111111100000000000000000000000000000000000000000000000000000000111111111100000000000001111111111000000000
551,1,TypeB,40100,111111110000000000000001111111000000000000000000000000000000001111111100000000000000000000000000000000000000000011111111000000000000000000000000000001111111000000000000
552,2,TypeB,40100,111111110000000000000001111111000000000000000000000000000000001111111100000000000000000000000000000000000000000011111111000000000000000000000000000001111111000000000000
553,3,TypeC,33500,000000000111111000000000000000000000011111100000000000000000000001111110000000000000000000000000000011111100000000000000000000000000011111000000000000000000000000000000
554,4,TypeC,33500,000000000111111000000000000000000000011111100000000000000000000001111110000000000000000000000000000011111100000000000000000000000000011111000000000000000000000000000000
555,0,TypeA,54900,000000000000000000000000000001111111110000000000000000000000001111111111000000000000000011111111100000000000000000000000000001111111111000000000000001111111111000000000
556,1,TypeB,41200,111111110000000000000001111111000000000000000000000000000000000000011111111000000000000000000000000000000000000000000000000000001111111000000000000001111111000000000000
557,2,TypeB,41200,111111110000000000000001111111000000000000000000000000000000000000011111111000000000000000000000000000000000000000000000000000001111111000000000000001111111000000000000
558,3,TypeC,32200,000000000111111000000000000000000000011111100000000000000000000001111110000000000000000000001111100000000000000000000000000000000000011111000000000000000000000000000000
559,4,TypeC,32200,000000000111111000000000000000000000011111100000000000000000000001111110000000000000000000001111100000000000000000000000000000000000011111000000000000000000000000000000
560,0,TypeA,56500,111111111100000000000000000000000000011111111110000000000000001111111111000000000000011111111100000000000000000000000000000000000000011111111110000000000000000000000000
561,1,TypeB,42500,000000111111110000000001111111000000000000000000000000000000000000000011111111000000000000000000000000000000000000000000000000011111111000000000000001111111000000000000
562,2,TypeB,42500,000000111111110000000001111111000000000000000000000000000000000000000011111111000000000000000000000000000000000000000000000000011111111000000000000001111111000000000000
563,3,TypeC,29200,000000000111111000000000000000000000000000000000000000000000000000000000000000000000000000000000000011111100000000000011100000000000011111000000000000011111000000000000
564,4,TypeC,29200,000000000111111000000000000000000000000000000000000000000000000000000000000000000000000000000000000011111100000000000011100000000000011111000000000000011111000000000000
565,0,TypeA,58600,111111111100000000000000000000000000000000000000111111111000000000000000000011111111110000000000000011111111110000000000000000000000011111111110000000000000000000000000
566,1,TypeB,40100,000000111111110000000001111111000000000000000000000000000000111111110000000000000000011111111000000000000000000000000000000000000000000000000000000001111111000000000000
567,2,TypeB,40100,000000111111110000000001111111000000000000000000000000000000111111110000000000000000011111111000000000000000000000000000000000000000000000000000000001111111000000000000
568,3,TypeC,27900,000000000111111000000000000000000000000000000000000000000000000000000000000000000000000000001111100000000000000000000011100000000000011111000000000000011111000000000000
569,4,TypeC,27900,000000000111111000000000000000000000000000000000000000000000000000000000000000000000000000001111100000000000000000000011100000000000011111000000000000011111000000000000
570,0,TypeA,56300,000000000000000000000000000000000000011111111110000000000000000000000000000011111111110000000000000011111111110000000000000000111111111100000000000001111111111000000000
571,1,TypeB,42500,111111110000000000000001111111000000000000000000000000000000000000000011111111000000000000000000000000000000000000000000000000001111111100000000000001111111000000000000
572,2,TypeB,42500,111111110000000000000001111111000000000000000000000000000000000000000011111111000000000000000000000000000000000000000000000000001111111100000000000001111111000000000000
573,3,TypeC,25900,000000000111111000000000000000000000111000000000000000000000000000000000000000000000000000001111100000000000000000000011100000000000011111000000000000000000000000000000
574,4,TypeC,25900,000000000111111000000000000000000000111000000000000000000000000000000000000000000000000000001111100000000000000000000011100000000000011111000000000000000000000000000000
575,0,TypeA,59600,111111111100000000000000000011111111110000000000000000000000000000011111111110000000000000000000000011111111110000000000000000111111111100000000000000000000000000000000
576,1,TypeB,39100,111111110000000000000001111111000000000000000000000000000000000000011111111000000000000000111111100000000000000000000000000000000000000000000000000001111111000000000000
577,2,TypeB,39100,111111110000000000000001111111000000000000000000000000000000000000011111111000000000000000111111100000000000000000000000000000000000000000000000000001111111000000000000
578,3,TypeC,29200,000000000000011111000000000000000000000000000000000000000000000000000000000000001111110000000000000011111100000000000011100000000000011111000000000000000000000000000000
579,4,TypeC,29200,000000000000011111000000000000000000000000000000000000000000000000000000000000001111110000000000000011111100000000000011100000000000011111000000000000000000000000000000
580,0,TypeA,55700,111111111100000000000000000000000000000000000000000000001111111111000000000001111111111000000000000000000000000000000000000000111111111100000000000000000001111111111000
581,1,TypeB,38100,111111110000000000000001111111000000000000000000000000001111111000000000001111111000000000000000000000000000000000000000000000000000000000000000000000000000000011111110
582,2,TypeB,38100,111111110000000000000001111111000000000000000000000000001111111000000000001111111000000000000000000000000000000000000000000000000000000000000000000000000000000011111110
583,3,TypeC,26400,000000000000011111000000000000000000000000011111100000000000000000000000000000000000000000001111100000000000000000000011100000000000011111000000000000000000000000000000
584,4,TypeC,26400,000000000000011111000000000000000000000000011111100000000000000000000000000000000000000000001111100000000000000000000011100000000000011111000000000000000000000000000000
585,0,TypeA,51300,000000000111111111000000000000000000000000000000000000000000111111111100000000000000011111111100000000000000000000000000000000111111111100000000000000011111111110000000
586,1,TypeB,42500,111111110000000000000001111111000000000000000000000000000000000000011111111000000000000000000000000000000000000000000000000000011111111000000000000000000000000011111110
587,2,TypeB,42500,111111110000000000000001111111000000000000000000000000000000000000011111111000000000000000000000000000000000000000000000000000011111111000000000000000000000000011111110
588,3,TypeC,30200,111100000000000000000000000000000000011111100000000000000000000000000000000000001111110000000000000000000111110000000000000011111000000000000000000000000000000000000000
589,4,TypeC,30200,111100000000000000000000000000000000011111100000000000000000000000000000000000001111110000000000000000000111110000000000000011111000000000000000000000000000000000000000
590,0,TypeA,54100,000000000111111111000000000000000000000000000000000000000000111111111100000000000000000000000000111111111100000000000000000000111111111100000000000000011111111110000000
591,1,TypeB,40100,111111110000000000000001111111000000000000000000000000000000000000011111111000000000011111111000000000000000000000000000000000000000000000000000000000000000000011111110
592,2,TypeB,40100,111111110000000000000001111111000000000000000000000000000000000000011111111000000000011111111000000000000000000000000000000000000000000000000000000000000000000011111110
593,3,TypeC,26400,111100000000000000000000000000000000011111100000000000000000000000011111000000000011110000000000000000000000000000000000000011111000000000000000000000000000000000000000
594,4,TypeC,26400,111100000000000000000000000000000000011111100000000000000000000000011111000000000011110000000000000000000000000000000000000011111000000000000000000000000000000000000000
595,0,TypeA,55600,000000001111111111000000000000000000000000000000111111111000000000000000000011111111110000000000000000000000000000000000000000111111111100000000000001111111111000000000
596,1,TypeB,42800,000000000000000000000001111111000000000000000000000000001111111000000000000000000000011111111000000000000000000000000000000000111111110000000000000000011111111000000000
597,2,TypeB,42800,000000000000000000000001111111000000000000000000000000001111111000000000000000000000011111111000000000000000000000000000000000111111110000000000000000011111111000000000
598,3,TypeC,31900,000000001111110000000000000000000000011111100000000000000000000001111110000000000000011111100000000000000000000000000000000001111000000000000000000000000000000000000000
599,4,TypeC,31900,000000001111110000000000000000000000011111100000000000000000000001111110000000000000011111100000000000000000000000000000000001111000000000000000000000000000000000000000
600,0,TypeA,56800,111111111100000000000000000000000000011111111110000000000000011111111110000000000000000011111111100000000000000000000000000000111111111100000000000000000000000000000000
601,1,TypeB,39400,111111110000000000000001111111000000000000000000000000000000000001111111000000000011111110000000000000000000000000000000000000000000000000000000000000011111111000000000
602,2,TypeB,39400,111111110000000000000001111111000000000000000000000000000000000001111111000000000011111110000000000000000000000000000000000000000000000000000000000000011111111000000000
603,3,TypeC,32500,000000000000011111000000000000000000011111100000000000000000000001111110000000000000011111100000000000000000000000000000000000000000000000000000000000011111000000000000
604,4,TypeC,32500,000000000000011111000000000000000000011111100000000000000000000001111110000000000000011111100000000000000000000000000000000000000000000000000000000000011111000000000000
605,0,TypeA,52500,000000001111111111000000000000000000000000000000000000001111111100000000000011111111110000000000000011111111110000000000000000111111111100000000000000000000000000000000
606,1,TypeB,40400,000000000000000000000001111111000000000000000000000000001111111000000000000000000000011111111000000000000111111110000000000000000000000000000000000000011111111000000000
607,2,TypeB,40400,000000000000000000000001111111000000000000000000000000001111111000000000000000000000011111111000000000000111111110000000000000000000000000000000000000011111111000000000
608,3,TypeC,29800,000000000000011111000000000000000000000000000000000000000000001111110000000000001111110000000000000000000000000000000011100000000000011111000000000000000000000000000000
609,4,TypeC,29800,000000000000011111000000000000000000000000000000000000000000001111110000000000001111110000000000000000000000000000000011100000000000011111000000000000000000000000000000
610,0,TypeA,55100,000000000000000000000000000011111111110000000000000000001111111111000000000000000000000000000000000011111111110000000000000000000000011111111110000000000001111111111000
611,1,TypeB,42500,000000000000000000000001111111000000000000000000000000000000000000011111111000000000000000000000000000000111111110000000000000001111111100000000000001111111000000000000
612,2,TypeB,42500,000000000000000000000001111111000000000000000000000000000000000000011111111000000000000000000000000000000111111110000000000000001111111100000000000001111111000000000000
613,3,TypeC,29200,000000000111111000000000000000000000111100000000000000000000000001111110000000000000011110000000000000000000000000000000000011111000000000000000000000000000000000000000
614,4,TypeC,29200,000000000111111000000000000000000000111100000000000000000000000001111110000000000000011110000000000000000000000000000000000011111000000000000000000000000000000000000000
615,0,TypeA,56800,111111111100000000000000000001111111110000000000000000001111111111000000000000000000000000000000111111111100000000000000000000111111111100000000000000000000000000000000
616,1,TypeB,41400,000000011111111000000000000000011111110000000000000000000000001111111100000000000000000000000000000000000111111110000000000000000000001111111100000000000000000000000000
617,2,TypeB,41400,000000011111111000000000000000011111110000000000000000000000001111111100000000000000000000000000000000000111111110000000000000000000001111111100000000000000000000000000
618,3,TypeC,24400,111100000000000000000000000000000000000000000000000000000000000001111110000000000011110000000000000000000000000000000011100000000000011111000000000000000000000000000000
619,4,TypeC,24400,111100000000000000000000000000000000000000000000000000000000000001111110000000000011110000000000000000000000000000000011100000000000011111000000000000000000000000000000
620,0,TypeA,54300,111111111100000000000000000001111111110000000000000000001111111111000000000001111111110000000000000000000000000000000000000000111111111100000000000000000000000000000000
621,1,TypeB,41400,000000011111111000000000000000000000111111110000000000001111111000000000000000000000000000000000000000000111111110000000000000000000001111111100000000000000000000000000
622,2,TypeB,41400,000000011111111000000000000000000000111111110000000000001111111000000000000000000000000000000000000000000111111110000000000000000000001111111100000000000000000000000000
623,3,TypeC,26400,111100000000000000000000000000000000000000000000000000000000000001111110000000000000011111100000000000000000000000000011100000000000011111000000000000000000000000000000
624,4,TypeC,26400,111100000000000000000000000000000000000000000000000000000000000001111110000000000000011111100000000000000000000000000011100000000000011111000000000000000000000000000000
625,0,TypeA,53800,000000000111111111000000000000000000000000000000000000001111111111000000000000000000000000000000111111111100000000000000000000000000011111111110000000000001111111111000
626,1,TypeB,39100,000000011111111000000000000000011111110000000000000000001111111000000000000000000000000000000000000000000111111110000000000000000000000000000000000001111111000000000000
627,2,TypeB,39100,000000011111111000000000000000011111110000000000000000001111111000000000000000000000000000000000000000000111111110000000000000000000000000000000000001111111000000000000
628,3,TypeC,29000,000000000111111000000000000000000000011111100000000000000000000000000000001111100000000000001111100000000000000000000000000001111000000000000000000000000000000000000000
629,4,TypeC,29000,000000000111111000000000000000000000011111100000000000000000000000000000001111100000000000001111100000000000000000000000000001111000000000000000000000000000000000000000
630,0,TypeA,56800,111111111100000000000000000000000000000000000000000000000000001111111111000000000000000000000000000011111111110000000000000000111111111000000000000001111111111000000000
631,1,TypeB,41200,000000000000000000000000000000000000111111110000000000000000001111111100000000000000000000000000000000011111110000000000000000000000000000000111111100000000000011111110
632,2,TypeB,41200,000000000000000000000000000000000000111111110000000000000000001111111100000000000000000000000000000000011111110000000000000000000000000000000111111100000000000011111110
633,3,TypeC,30600,000000000111111000000000000000000000000000000000000000000000000001111100000000000000000000001111100000000000000000000000000011111000000000000000000000000001111110000000
634,4,TypeC,30600,000000000111111000000000000000000000000000000000000000000000000001111100000000000000000000001111100000000000000000000000000011111000000000000000000000000001111110000000
635,0,TypeA,56600,111111111100000000000000000000000000000000000000000000001111111111000000000001111111111000000000000011111111110000000000000000111111111100000000000000000000000000000000
636,1,TypeB,40200,000000000000000000000001111111000000000000000000000000000000000000000011111111000000000000000000000000011111110000000000000000000000000000000111111100000000000011111110
637,2,TypeB,40200,000000000000000000000001111111000000000000000000000000000000000000000011111111000000000000000000000000011111110000000000000000000000000000000111111100000000000011111110
638,3,TypeC,31600,000000000111111000000000000000000000000000000000000000000000000001111110000000000000000000001111100000000000000000000000000011111000000000000000000000000001111110000000
639,4,TypeC,31600,000000000111111000000000000000000000000000000000000000000000000001111110000000000000000000001111100000000000000000000000000011111000000000000000000000000001111110000000
640,0,TypeA,57800,111111111100000000000000000000000000000000000000000000000000001111111111000000000000000000000000000011111111110000000000000000111111111100000000000001111111111000000000
641,1,TypeB,40200,000000000000000000000001111111000000000000000000000000000000000000011111111000000000000000000000000000011111110000000000000000000000000000000111111100000000000011111110
642,2,TypeB,40200,000000000000000000000001111111000000000000000000000000000000000000011111111000000000000000000000000000011111110000000000000000000000000000000111111100000000000011111110
643,3,TypeC,32100,000000000111111000000000000000000000011111100000000000000000001111110000000000000000011110000000000000000000000000000000000011111000000000000000000000000000000000000000
644,4,TypeC,32100,000000000111111000000000000000000000011111100000000000000000001111110000000000000000011110000000000000000000000000000000000011111000000000000000000000000000000000000000
645,0,TypeA,58500,111111111100000000000001111111110000000000000000111111111000000000000000000011111111110000000000000000000000000000000000000000111111111100000000000000000000000000000000
646,1,TypeB,39400,111111110000000000000001111111000000000000000000000000001111111000000000000000000011111110000000000000000000000000000000000000000000001111111100000000000000000000000000
647,2,TypeB,39400,111111110000000000000001111111000000000000000000000000001111111000000000000000000011111110000000000000000000000000000000000000000000001111111100000000000000000000000000
648,3,TypeC,26800,000000000111111000000000000000000000000000000000000000000000000000000000001111100000000000000001111110000000000000000000000011111000000000000111000000000000000000000000
649,4,TypeC,26800,000000000111111000000000000000000000000000000000000000000000000000000000001111100000000000000001111110000000000000000000000011111000000000000111000000000000000000000000
650,0,TypeA,51000,000000000111111111000000000000000000000000000000000000001111111111000000000001111111110000000000000000000000000000000000000000111111111100000000000000000001111111111000
651,1,TypeB,40100,111111110000000000000000000000000000111111110000000000000000011111111000000000000011111110000000000000000000000000000000000000000000000000000000000001111111000000000000
652,2,TypeB,40100,111111110000000000000000000000000000111111110000000000000000011111111000000000000011111110000000000000000000000000000000000000000000000000000000000001111111000000000000
653,3,TypeC,31500,000000000000011111000000000000000000011111100000000000000000000000000000000000000000011111100000000000000000000000000000000011111000000000000000000000011111000000000000
654,4,TypeC,31500,000000000000011111000000000000000000011111100000000000000000000000000000000000000000011111100000000000000000000000000000000011111000000000000000000000011111000000000000
655,0,TypeA,52200,000000000111111111000000000000000000000000000000000000001111111111000000000000000000000011111111100000000000000000000000000000111111111100000000000001111111111000000000
656,1,TypeB,39100,111111110000000000000001111111000000000000000000000000001111111000000000000000000000000000000000000000000111111110000000000000000000000000000111111100000000000000000000
657,2,TypeB,39100,111111110000000000000001111111000000000000000000000000001111111000000000000000000000000000000000000000000111111110000000000000000000000000000111111100000000000000000000
658,3,TypeC,31300,000000000111111000000000000000000001111100000000000000000000000000000001111110000000000000000001111110000000000000000000000011111000000000000000000000000000000000000000
659,4,TypeC,31300,000000000111111000000000000000000001111100000000000000000000000000000001111110000000000000000001111110000000000000000000000011111000000000000000000000000000000000000000
660,0,TypeA,52900,000000000111111111000000000000000000000000000000000000001111111111000000000000000000000000000000000011111111110000000000000000111111111100000000000001111111111000000000
661,1,TypeB,40100,000000111111110000000001111111000000000000000000000000000000001111111100000000000000000000000000000000011111111000000000000000000000000000000000000001111111000000000000
662,2,TypeB,40100,000000111111110000000001111111000000000000000000000000000000001111111100000000000000000000000000000000011111111000000000000000000000000000000000000001111111000000000000
663,3,TypeC,29000,000000000111111000000000000000000000000000000000000000000000000001111110000000000000011111100000000000000000000000000000000011111000000000000111000000000000000000000000
664,4,TypeC,29000,000000000111111000000000000000000000000000000000000000000000000001111110000000000000011111100000000000000000000000000000000011111000000000000111000000000000000000000000
665,0,TypeA,52200,000000000111111111000000000000000000011111111110000000000000001111111111000000000000000000000000000000011111111100000000000000111111111100000000000000000000000000000000
666,1,TypeB,41500,000000111111110000000001111111000000000000000000000000001111111000000000000000000000000000000000000000000000000000000000000000000000000111111110000000000000000011111110
667,2,TypeB,41500,000000111111110000000001111111000000000000000000000000001111111000000000000000000000000000000000000000000000000000000000000000000000000111111110000000000000000011111110
668,3,TypeC,26800,000000000111111000000000000000000000000000000011100000000000000000000000001111110000000000001111100000000000000000000000000011111000000000000000000000000000000000000000
669,4,TypeC,26800,000000000111111000000000000000000000000000000011100000000000000000000000001111110000000000001111100000000000000000000000000011111000000000000000000000000000000000000000
670,0,TypeA,52800,000000000000000000000000000011111111110000000000000000001111111111000000000000000000011111111100000000000000000000000000000000111111111100000000000001111111110000000000
671,1,TypeB,39100,000000111111110000000000000000000000111111110000000000001111111000000000000000000011111110000000000000000000000000000000000000000000000000000000000001111111000000000000
672,2,TypeB,39100,000000111111110000000000000000000000111111110000000000001111111000000000000000000011111110000000000000000000000000000000000000000000000000000000000001111111000000000000
673,3,TypeC,31300,000000000111111000000000000000001111110000000000000000000000000000000000001111110000000000001111100000000000000000000000000011111000000000000000000000000000000000000000
674,4,TypeC,31300,000000000111111000000000000000001111110000000000000000000000000000000000001111110000000000001111100000000000000000000000000011111000000000000000000000000000000000000000
675,0,TypeA,54400,000000000111111111000000000000000000011111111110000000000000001111111111000000000000000000000000000011111111110000000000000000000000011111111110000000000000000000000000
676,1,TypeB,39100,000000111111110000000001111111000000000000000000000000001111111000000000000000000000000011111111000000000000000000000000000000000000000000000000000001111111000000000000
677,2,TypeB,39100,000000111111110000000001111111000000000000000000000000001111111000000000000000000000000011111111000000000000000000000000000000000000000000000000000001111111000000000000
678,3,TypeC,30800,000000000111111000000000000000000000000000011111100000000000000000000001111110000000000000111111000000000000000000000000000011111000000000000000000000000000000000000000
679,4,TypeC,30800,000000000111111000000000000000000000000000011111100000000000000000000001111110000000000000111111000000000000000000000000000011111000000000000000000000000000000000000000
680,0,TypeA,53700,000000000000000000000000000011111111110000000000000000001111111111000000000001111111110000000000000000000000000000000000000000111111111100000000000111111111000000000000
681,1,TypeB,38100,000000111111110000000001111111000000000000000000000000001111111000000000000000000011111110000000000000000000000000000000000000000000000000000000000001111111000000000000
682,2,TypeB,38100,000000111111110000000001111111000000000000000000000000001111111000000000000000000011111110000000000000000000000000000000000000000000000000000000000001111111000000000000
683,3,TypeC,29800,000000000111111000000000000000000000000000011111100000000000000000000001111110000000000000001111100000000000000000000000000011111000000000000000000000000000000000000000
684,4,TypeC,29800,000000000111111000000000000000000000000000011111100000000000000000000001111110000000000000001111100000000000000000000000000011111000000000000000000000000000000000000000
685,0,TypeA,53100,000000000111111111000000000000000000000000000000000000000000001111111111000000000000000000000000000011111111110000000000000000111111111100000000000000000000001111111110
686,1,TypeB,40400,000000000001111111000000000000011111110000000000000000000000000000011111111000000000000000000000000000000111111110000000000000000000000000000000000000011111111000000000
687,2,TypeB,40400,000000000001111111000000000000011111110000000000000000000000000000011111111000000000000000000000000000000111111110000000000000000000000000000000000000011111111000000000
688,3,TypeC,24200,111100000000000000000000000000000000011111100000000000000000000000000000000000000000000000001111100000000000000000000000000011111000000000000000000000000000000000001110
689,4,TypeC,24200,111100000000000000000000000000000000011111100000000000000000000000000000000000000000000000001111100000000000000000000000000011111000000000000000000000000000000000001110
690,0,TypeA,53400,000000000111111111000000000001111111110000000000000000000000000000000000000011111111110000000000000011111111110000000000000001111111111000000000000000000000000000000000
691,1,TypeB,41400,000000000011111111000000000000011111110000000000000000000000000000011111111000000000000000000111111110000000000000000000000000000000000000000000000000011111111000000000
692,2,TypeB,41400,000000000011111111000000000000011111110000000000000000000000000000011111111000000000000000000111111110000000000000000000000000000000000000000000000000011111111000000000
693,3,TypeC,31400,000000000111111000000000000000000000011111100000000000000000000000000000000000000000011111100000000000000000000000000011100000000000011111000000000000000000000000000000
694,4,TypeC,31400,000000000111111000000000000000000000011111100000000000000000000000000000000000000000011111100000000000000000000000000011100000000000011111000000000000000000000000000000
695,0,TypeA,52400,000000000111111111000000000001111111110000000000000000000000001111111111000000000000000011111111100000000000000000000000000000111111111100000000000000000000000000000000
696,1,TypeB,40100,000000000000000000000001111111000000000000000000000000011111111000000000000000111111110000000000000000000111111110000000000000000000000000000000000001111111000000000000
697,2,TypeB,40100,000000000000000000000001111111000000000000000000000000011111111000000000000000111111110000000000000000000111111110000000000000000000000000000000000001111111000000000000
698,3,TypeC,28000,000000000000011111000000000000000001110000000000000000000000000001111110000000000000000000001111100000000000000000000000000000111111000000000000000000000000000000000000
699,4,TypeC,28000,000000000000011111000000000000000001110000000000000000000000000001111110000000000000000000001111100000000000000000000000000000111111000000000000000000000000000000000000
700,0,TypeA,51500,000000000111111111000000000000000000000000000000000000011111111000000000000011111111110000000000000011111111110000000000000000111111111100000000000000000000000000000000
701,1,TypeB,39100,000000000000000000000001111111000000000000000000000000011111111000000000000000000011111110000000000000000111111110000000000000000000000000000000000001111111000000000000
702,2,TypeB,39100,000000000000000000000001111111000000000000000000000000011111111000000000000000000011111110000000000000000111111110000000000000000000000000000000000001111111000000000000
703,3,TypeC,26100,000000000000011111000000000000000001110000000000000000000000000001111110000000000000000000001111100000000000000000000000000011111000000000000000000000000000000000000000
704,4,TypeC,26100,000000000000011111000000000000000001110000000000000000000000000001111110000000000000000000001111100000000000000000000000000011111000000000000000000000000000000000000000
705,0,TypeA,58400,000000001111111111000000000000000000011111111110000000000000000000001111111111000000000000000000111111111100000000000000000000000000011111111110000000000000000000000000
706,1,TypeB,38200,000000001111110000000001111111000000000000000000000000000000000001111111000000000000000000000000000000000000000000000000000000000000000000000111111100000000000011111110
707,2,TypeB,38200,000000001111110000000001111111000000000000000000000000000000000001111111000000000000000000000000000000000000000000000000000000000000000000000111111100000000000011111110
708,3,TypeC,29700,000000001111110000000000000000000000000000000000000000011111100000000000001111100000000000001111100000000000000000000000000011111000000000000000000000000000000000000000
709,4,TypeC,29700,000000001111110000000000000000000000000000000000000000011111100000000000001111100000000000001111100000000000000000000000000011111000000000000000000000000000000000000000
710,0,TypeA,55100,000000001111111111000000000000000000000000000000000000000000000000000000000011111111110000000000000011111111110000000000000000000000011111111110000000000001111111111000
711,1,TypeB,41400,000000000011111111000000000000011111110000000000000000011111111000000000000000000000000000000000000000000000000011111111000000000000000000000000000000011111111000000000
712,2,TypeB,41400,000000000011111111000000000000011111110000000000000000011111111000000000000000000000000000000000000000000000000011111111000000000000000000000000000000011111111000000000
713,3,TypeC,26000,000000001111110000000000000000000000000000000011100000000000000000000000000000000000000000000001111110000000000000000011100000000001111100000000000000000000000000000000
714,4,TypeC,26000,000000001111110000000000000000000000000000000011100000000000000000000000000000000000000000000001111110000000000000000011100000000001111100000000000000000000000000000000
715,0,TypeA,53900,000000001111111111000000000000000000000000000000000000001111111111000000000000011111111110000000000011111111110000000000000000000000011111111110000000000000000000000000
716,1,TypeB,40100,000000000011111111000000000000011111110000000000000000000000011111111000000000000000000000000000000000000111111110000000000000000000000000000000000000011111110000000000
717,2,TypeB,40100,000000000011111111000000000000011111110000000000000000000000011111111000000000000000000000000000000000000111111110000000000000000000000000000000000000011111110000000000
718,3,TypeC,28700,000000001111110000000000000000000000000000011111100000000000000000000000000000000000011111100000000000000000000000000000000011111000000000000111000000000000000000000000
719,4,TypeC,28700,000000001111110000000000000000000000000000011111100000000000000000000000000000000000011111100000000000000000000000000000000011111000000000000111000000000000000000000000
720,0,TypeA,55700,000000001111111111000000000000000000011111111110000000000000000000000000000011111111110000000000000011111111110000000000000000000000011111111110000000000000000000000000
721,1,TypeB,41400,000000000011111111000000000000000000000000000000000000011111111000000000001111111000000000000000000000000111111110000000000000000000000000000000000000011111111000000000
722,2,TypeB,41400,000000000011111111000000000000000000000000000000000000011111111000000000001111111000000000000000000000000111111110000000000000000000000000000000000000011111111000000000
723,3,TypeC,31700,000000001111110000000000000000000000011111100000000000000000000001111110000000000000000000000001111110000000000000000000000011111000000000000000000000000000000000000000
724,4,TypeC,31700,000000001111110000000000000000000000011111100000000000000000000001111110000000000000000000000001111110000000000000000000000011111000000000000000000000000000000000000000
725,0,TypeA,54400,000000001111111111000000000000000000011111111110000000000000000000000000000011111111110000000000000011111111110000000000000000111111111000000000000000000000000000000000
726,1,TypeB,41400,000000000011111111000000000000000000000000000000000000000000001111111100000000000011111110000000000000000111111110000000000000000000000000000000000000011111111000000000
727,2,TypeB,41400,000000000011111111000000000000000000000000000000000000000000001111111100000000000011111110000000000000000111111110000000000000000000000000000000000000011111111000000000
728,3,TypeC,28000,000000001111110000000000000000000000000000000000000000000000000000000000001111100000000000001111100000000000000000000011100000000000111111000000000000000000000000000000
729,4,TypeC,28000,000000001111110000000000000000000000000000000000000000000000000000000000001111100000000000001111100000000000000000000011100000000000111111000000000000000000000000000000
730,0,TypeA,52000,000000001111111111000000000000000000000000000000000000001111111111000000000000000000011111111100000000000000000000000000000000111111111100000000000000011111111110000000
731,1,TypeB,41200,000000000011111111000000000000000000000000000000000000000000000000000111111110000000000000111111100000000000000000000000000000000000000000000111111100000000000011111110
732,2,TypeB,41200,000000000011111111000000000000000000000000000000000000000000000000000111111110000000000000111111100000000000000000000000000000000000000000000111111100000000000011111110
733,3,TypeC,30700,000000001111110000000000000000000000011111100000000000000000000000000111111000000000000000001111100000000000000000000000000011111000000000000000000000000000000000000000
734,4,TypeC,30700,000000001111110000000000000000000000011111100000000000000000000000000111111000000000000000001111100000000000000000000000000011111000000000000000000000000000000000000000
735,0,TypeA,61000,000000000000000000000000000000000000011111111110000000000000000001111111111000000000000000000000111111111100000000000011111111100000000000000011111111110000000000000000
736,1,TypeB,42400,000000000011111111000000000000000000000000000000000000011111111000000000000000111111110000000000000000000111111110000000000000000000000000000000000000011111111000000000
737,2,TypeB,42400,000000000011111111000000000000000000000000000000000000011111111000000000000000111111110000000000000000000111111110000000000000000000000000000000000000011111111000000000
738,3,TypeC,28200,000000001111110000000000000000000000000000000000000000000000000001111110000000000000011110000000000000000000000000000011100000000001111100000000000000000000000000000000
739,4,TypeC,28200,000000001111110000000000000000000000000000000000000000000000000001111110000000000000011110000000000000000000000000000011100000000001111100000000000000000000000000000000
