col_id,emp_id,emp_type,cost,schedule_pattern,in_final_mip,is_selected
0,1,TypeB,41500,000000001111111000000000000000000000011111110000000000000000000000000000000000111111110000000000000000000000000000000000000000111111110000000000000001111111000000000000,0,0
1,2,TypeB,41500,000000001111111000000000000000000000011111110000000000000000000000000000000000111111110000000000000000000000000000000000000000111111110000000000000001111111000000000000,0,0
2,3,TypeC,28100,000000000000000000000000000000000000000000000000000000000001111000000000000000111111000000000011111100000000000000000001111110000000000000000000000000000000000000001111,0,0
3,4,TypeC,28100,000000000000000000000000000000000000000000000000000000000001111000000000000000111111000000000011111100000000000000000001111110000000000000000000000000000000000000001111,0,0
4,0,TypeA,56600,011111111100000000000000000000000000000000000000000000111111111000000000000000000000000000000001111111111000000000000001111111110000000000000000000000000001111111111000,0,0
5,1,TypeB,41400,000000000000000000001111111100000000000000000000000000000000011111110000000000111111110000000000000000111111110000000000000000000000000000000000011111111000000000000000,1,0
6,2,TypeB,41400,000000000000000000001111111100000000000000000000000000000000011111110000000000111111110000000000000000111111110000000000000000000000000000000000011111111000000000000000,1,0
7,3,TypeC,34100,000000000111111000000000000000000001111100000000000000000000000000011111100000000001111110000000000000000000000000000001111110000000000000000000000000000000000000000000,0,0
8,4,TypeC,34100,000000000111111000000000000000000001111100000000000000000000000000011111100000000001111110000000000000000000000000000001111110000000000000000000000000000000000000000000,0,0
9,0,TypeA,56900,011111111100000000000000000000000000000000000000000000111111111000000000000000000000000000111111111100000000000000000001111111110000000000000000000001111111111000000000,0,0
10,1,TypeB,40400,000000001111111000000000111111110000000000000000000000000000011111110000000000000000000000000000000000111111110000000000000000111111110000000000000000000000000000000000,0,0
11,2,TypeB,40400,000000001111111000000000111111110000000000000000000000000000011111110000000000000000000000000000000000111111110000000000000000111111110000000000000000000000000000000000,0,0
12,3,TypeC,32300,000000000000000000000000111111000000000000000000000000000000001111110000000000111111000000000000000000001111110000000000000000000000000000000000011111000000000000000000,0,0
13,4,TypeC,32300,000000000000000000000000111111000000000000000000000000000000001111110000000000111111000000000000000000001111110000000000000000000000000000000000011111000000000000000000,0,0
14,0,TypeA,57600,000000000000000000111111111100000000000000000000000000000000000000000011111111100000000000000000000000001111111110000000000011111111110000000000011111111110000000000000,0,0
15,1,TypeB,43800,000000000000000000001111111100000000000000000000111111100000000000000000000000000000000000000000000000000000011111111000000000111111110000000000011111111000000000000000,0,0
16,2,TypeB,43800,000000000000000000001111111100000000000000000000111111100000000000000000000000000000000000000000000000000000011111111000000000111111110000000000011111111000000000000000,0,0
17,3,TypeC,30200,000000000000000000000000111111000000000000000000000000000000000000011111100000000000011111100000000000000000000000000001111110000000000000000000011111000000000000000000,0,0
18,4,TypeC,30200,000000000000000000000000111111000000000000000000000000000000000000011111100000000000011111100000000000000000000000000001111110000000000000000000011111000000000000000000,0,0
19,0,TypeA,54200,011111111110000000000000000001111111110000000000000000111111111000000000000000000000000000000000000000001111111110000000000000000000000000000000011111111110000000000000,0,0
20,1,TypeB,38100,000000001111111000000000000000011111110000000000111111100000000000000000000000111111110000000000000000000000000000000000000000011111110000000000000000000000000000000000,0,0
21,2,TypeB,38100,000000001111111000000000000000011111110000000000111111100000000000000000000000111111110000000000000000000000000000000000000000011111110000000000000000000000000000000000,0,0
22,3,TypeC,28800,000001111110000000000000000000000000011111000000000000000000000000011111100000000000000000000000000111111000000000001111000000000000000000000000000000000000000000000000,0,0
23,4,TypeC,28800,000001111110000000000000000000000000011111000000000000000000000000011111100000000000000000000000000111111000000000001111000000000000000000000000000000000000000000000000,0,0
24,0,TypeA,55200,011111111110000000000000000000011111111100000000000000111111111000000000000000111111111100000000000000000000000000000000000000000000000000000000011111111110000000000000,0,0
25,1,TypeB,41400,000000000000000001111111100000000000011111110000000000111111110000000000000000111111110000000000000000000000000000000000000000111111110000000000000000000000000000000000,0,0
26,2,TypeB,41400,000000000000000001111111100000000000011111110000000000111111110000000000000000111111110000000000000000000000000000000000000000111111110000000000000000000000000000000000,0,0
27,3,TypeC,26300,000000000000001111100000000000000001111100000000000000111111000000000011100000000000000000000000000000000000000000001111000000000000000000000000000000000000000000000000,0,0
28,4,TypeC,26300,000000000000001111100000000000000001111100000000000000111111000000000011100000000000000000000000000000000000000000001111000000000000000000000000000000000000000000000000,0,0
29,0,TypeA,58700,011111111110000000000000000000000000000000000000111111111000000000000011111111100000000000000000000000000000000000000001111111110000000000000000000001111111111000000000,0,0
30,1,TypeB,40400,000000001111111000000000111111110000000000000000111111100000000000000000000000111111110000000000000000000000000000000000000000111111110000000000000000000000000000000000,0,0
31,2,TypeB,40400,000000001111111000000000111111110000000000000000111111100000000000000000000000111111110000000000000000000000000000000000000000111111110000000000000000000000000000000000,0,0
32,3,TypeC,28100,000000111110000000000000000000000001111100000000000000000000000000011111100000000000000000000011111100000000000000001111000000000000000000000000000000000000000000000000,0,0
33,4,TypeC,28100,000000111110000000000000000000000001111100000000000000000000000000011111100000000000000000000011111100000000000000001111000000000000000000000000000000000000000000000000,0,0
34,0,TypeA,54100,011111111110000000000000000000000000000000000000000000111111111000000000000000111111110000000000000000000000000000000001111111110000000000000000000001111111111000000000,0,0
35,1,TypeB,39900,000000000000001111111100000000000000000000000000000000111111110000000000000000111111110000000000000111111110000000001111111000000000000000000000000000000000000000000000,0,0
36,2,TypeB,39900,000000000000001111111100000000000000000000000000000000111111110000000000000000111111110000000000000111111110000000001111111000000000000000000000000000000000000000000000,0,0
37,3,TypeC,29400,000000000000001111110000000000000001111100000000000000000000000000011111100000000000000000000000000000000000000000000000001111110000000000000000000000000000000000001111,0,0
38,4,TypeC,29400,000000000000001111110000000000000001111100000000000000000000000000011111100000000000000000000000000000000000000000000000001111110000000000000000000000000000000000001111,0,0
39,0,TypeA,56800,011111111110000000000000000000000000000000000000000000111111111000000000000000000000000000000011111111100000000000001111111100000000000000000000011111111110000000000000,0,0
40,1,TypeB,41400,000000000000000000001111111100000000011111110000000000000000000000000000000000111111110000000000000000111111110000000000000000111111110000000000000000000000000000000000,1,0
41,2,TypeB,41400,000000000000000000001111111100000000011111110000000000000000000000000000000000111111110000000000000000111111110000000000000000111111110000000000000000000000000000000000,1,0
42,3,TypeC,26400,000000000000000000000000000000000001110000000000000000111000000000011111100000000000011111100000000000000000000000000000000000000000000000000000000000000000000011111100,0,0
43,4,TypeC,26400,000000000000000000000000000000000001110000000000000000111000000000011111100000000000011111100000000000000000000000000000000000000000000000000000000000000000000011111100,0,0
44,0,TypeA,59500,011111111110000000000000000000000000000000000000000000000000001111111111000000000000000000111111111100000000000000000001111111110000000000000000000001111111111000000000,0,0
45,1,TypeB,39000,000000000000001111111100000000011111110000000000000000000000000001111111000000000000000000000000000000000000000000001111111000000000000000011111110000000000000000000000,0,0
46,2,TypeB,39000,000000000000001111111100000000011111110000000000000000000000000001111111000000000000000000000000000000000000000000001111111000000000000000011111110000000000000000000000,0,0
47,3,TypeC,21900,000000000000000000000000000000000001110000000000000000111000000000011111000000000000000000000000000000000000000000000000000000000000000000001111110000000000000000001111,0,0
48,4,TypeC,21900,000000000000000000000000000000000001110000000000000000111000000000011111000000000000000000000000000000000000000000000000000000000000000000001111110000000000000000001111,0,0
49,0,TypeA,57300,011111111110000000000000000000000000000000000000000000111111111000000000000000000000000011111111110000000000000000000001111111110000000000000000000001111111111000000000,0,0
50,1,TypeB,41000,000000000000001111111100000000000000000000000000000000000000000001111111100000000000000011111111000000000000000000001111111000000000000000011111110000000000000000000000,0,0
51,2,TypeB,41000,000000000000001111111100000000000000000000000000000000000000000001111111100000000000000011111111000000000000000000001111111000000000000000011111110000000000000000000000,0,0
52,3,TypeC,25300,000000000000000000000000000000000001110000000000000000111000000000011111100000000000000000000000000000001111110000000000000000000000000000000000000000001111000000000000,0,0
53,4,TypeC,25300,000000000000000000000000000000000001110000000000000000111000000000011111100000000000000000000000000000001111110000000000000000000000000000000000000000001111000000000000,0,0
54,0,TypeA,53300,011111111110000000000000000001111111110000000000000000111111111000000000000000000000000000000000000000001111111110000000000011111111110000000000000000000000000000000000,0,0
55,1,TypeB,37900,000000000000001111111100000000000000011111110000000000000000011111110000000000000000000000000000000111111110000000001111111000000000000000000000000000000000000000000000,0,0
56,2,TypeB,37900,000000000000001111111100000000000000011111110000000000000000011111110000000000000000000000000000000111111110000000001111111000000000000000000000000000000000000000000000,0,0
57,3,TypeC,31600,000000000000000000000000000000000000000000000000000000000000001111110000000000000001111110000000000111111000000000000001111110000000000000000000000000001111000000000000,0,0
58,4,TypeC,31600,000000000000000000000000000000000000000000000000000000000000001111110000000000000001111110000000000111111000000000000001111110000000000000000000000000001111000000000000,0,0
59,0,TypeA,58500,011111111110000000000000000000000000000000000000000000000000001111111111000000000000000111111111000000000000000000001111111110000000000000000000011111111110000000000000,0,0
60,1,TypeB,39000,000000000000000000000111111100000000011111110000000000000000000001111111100000000000000000000000000000000000000000001111111000000000000000000000000001111111000000000000,0,0
61,2,TypeB,39000,000000000000000000000111111100000000011111110000000000000000000001111111100000000000000000000000000000000000000000001111111000000000000000000000000001111111000000000000,0,0
62,3,TypeC,28400,000000000000000000000000000111110000000000000000000000000000011111000000000000000000011111100000000000000000000000000001111110000000000000000000000000000000000000001111,0,0
63,4,TypeC,28400,000000000000000000000000000111110000000000000000000000000000011111000000000000000000011111100000000000000000000000000001111110000000000000000000000000000000000000001111,0,0
64,0,TypeA,55700,011111111110000000000000000000000000000000000000000000111111111000000000000000000000000111111111000000000000000000001111111110000000000000000000000001111111111000000000,0,0
65,1,TypeB,40000,000000000000000000001111111100000000011111110000000000111111110000000000000000000000000000000000000000000000000000001111111000000000000000000000000001111111000000000000,0,0
66,2,TypeB,40000,000000000000000000001111111100000000011111110000000000111111110000000000000000000000000000000000000000000000000000001111111000000000000000000000000001111111000000000000,0,0
67,3,TypeC,29400,000000000000000000000000000000000000000000000000000000000000011111000000000000000000011111100000000000000000000000000001111110000000000000001111110000000000000000001111,0,0
68,4,TypeC,29400,000000000000000000000000000000000000000000000000000000000000011111000000000000000000011111100000000000000000000000000001111110000000000000001111110000000000000000001111,0,0
69,0,TypeA,55600,011111111110000000000000000000000000000000000000000000000000011111111110000000000000000000000000000000001111111110000000000011111111110000000000000001111111111000000000,0,0
70,1,TypeB,41200,011111111000000000000000000000000000000000000000111111100000000000000000000000000000000000000000000000111111110000000000000000000000011111110000000001111111000000000000,0,0
71,2,TypeB,41200,011111111000000000000000000000000000000000000000111111100000000000000000000000000000000000000000000000111111110000000000000000000000011111110000000001111111000000000000,0,0
72,3,TypeC,29600,000000000000000000000000000000000001111100000000000000000000011111000000000000111111000000000000000000000000000000000001111110000000000000000000000000000000000000001111,0,0
73,4,TypeC,29600,000000000000000000000000000000000001111100000000000000000000011111000000000000111111000000000000000000000000000000000001111110000000000000000000000000000000000000001111,0,0
74,0,TypeA,56600,011111111110000000000000000011111111110000000000000000111111111000000000000000000000000000000000001111111110000000000001111111110000000000000000000000000000000000000000,0,0
75,1,TypeB,38900,000000000000001111111100000000000000011111110000000000111111110000000000000000000000000011111111000000000000000000001111111000000000000000000000000000000000000000000000,0,0
76,2,TypeB,38900,000000000000001111111100000000000000011111110000000000111111110000000000000000000000000011111111000000000000000000001111111000000000000000000000000000000000000000000000,0,0
77,3,TypeC,33200,000000000000000000011111100000000001111100000000000000000000000000011111100000000000011111100000000000001111110000000000000000000000000000000000000000000000000000000000,0,0
78,4,TypeC,33200,000000000000000000011111100000000001111100000000000000000000000000011111100000000000011111100000000000001111110000000000000000000000000000000000000000000000000000000000,0,0
79,0,TypeA,54900,011111111110000000000000000011111111110000000000000000111111111000000000000000000000000000000000000000111111111000000000000000000000000000000000000001111111111000000000,0,0
80,1,TypeB,40000,000000000000001111111100000000000000011111110000000000000000000000000000000000000000000011111111000000000000000000001111111000000000000000000000000001111111000000000000,0,0
81,2,TypeB,40000,000000000000001111111100000000000000011111110000000000000000000000000000000000000000000011111111000000000000000000001111111000000000000000000000000001111111000000000000,0,0
82,3,TypeC,30900,000000000000000000000000000000000000011111000000000000000000000000011111100000000000011111100000000000001111110000000000000000000000000000000000000000000000000000001111,0,0
83,4,TypeC,30900,000000000000000000000000000000000000011111000000000000000000000000011111100000000000011111100000000000001111110000000000000000000000000000000000000000000000000000001111,0,0
84,0,TypeA,57900,011111111110000000000000000000000000000000000000000000111111111000000000000000000000000000111111111100000000000000000001111111110000000000000000000001111111111000000000,0,0
85,1,TypeB,39000,000000000000011111111000000000011111110000000000111111100000000000000000000000000000000000000000000000000000000000001111111000000000000000011111110000000000000000000000,0,0
86,2,TypeB,39000,000000000000011111111000000000011111110000000000111111100000000000000000000000000000000000000000000000000000000000001111111000000000000000011111110000000000000000000000,0,0
87,3,TypeC,27000,000000000000000000000000000000000001110000000000000011111000000000011111100000000000011111100000000000000000000000000000000000000000000000000000000000001111000000000000,0,0
88,4,TypeC,27000,000000000000000000000000000000000001110000000000000011111000000000011111100000000000011111100000000000000000000000000000000000000000000000000000000000001111000000000000,0,0
89,0,TypeA,55900,011111111100000000000111111111000000000000000000000000111111111000000000000000000000000000000000000000000000000000000001111111110000000000000000000001111111111000000000,0,0
90,1,TypeB,40000,000000000000001111111100000000011111110000000000000000000000000000000000000000111111110000000000000000000000000000001111111000000000000000011111110000000000000000000000,0,0
91,2,TypeB,40000,000000000000001111111100000000011111110000000000000000000000000000000000000000111111110000000000000000000000000000001111111000000000000000011111110000000000000000000000,0,0
92,3,TypeC,31600,000000000000000000000000000000000000000000000000011111100000000000011111100000000000011111100000000000001111110000000000000000000000000000000000000000001111000000000000,0,0
93,4,TypeC,31600,000000000000000000000000000000000000000000000000011111100000000000011111100000000000011111100000000000001111110000000000000000000000000000000000000000001111000000000000,0,0
94,0,TypeA,53000,011111111110000000000000000000000000000000000000000000111111111000000000000000000000000000000000000000001111111110000000000000000000011111111100000000000000001111111111,0,0
95,1,TypeB,42400,000000000000000000000111111110000000000000000000111111100000000000000000000000000000000000000000000000000000000000001111111000000000000000011111110000000000000011111111,0,0
96,2,TypeB,42400,000000000000000000000111111110000000000000000000111111100000000000000000000000000000000000000000000000000000000000001111111000000000000000011111110000000000000011111111,0,0
97,3,TypeC,31700,000000000000000000000000000000000000000000011111100000000000000000011111100000000000011111100000000000000000000000000000001111110000000000000000000000000011111000000000,0,0
98,4,TypeC,31700,000000000000000000000000000000000000000000011111100000000000000000011111100000000000011111100000000000000000000000000000001111110000000000000000000000000011111000000000,0,0
99,0,TypeA,49800,011111111110000000000000000000000000000000000000000000111111111000000000000000000000000000000000000000001111111110000000000000111111110000000000000000001111111110000000,0,0
100,1,TypeB,39000,000000001111111000000000000000000000000000000000111111100000000000000000000000000000000000000000000111111110000000001111111000000000000000011111110000000000000000000000,0,0
101,2,TypeB,39000,000000001111111000000000000000000000000000000000111111100000000000000000000000000000000000000000000111111110000000001111111000000000000000011111110000000000000000000000,0,0
102,3,TypeC,28500,000000000000000000000000000000000001110000000000000000000000000000011111000000000000011111100000000000001111110000000000000000000000000000000000000000001111000000000000,0,0
103,4,TypeC,28500,000000000000000000000000000000000001110000000000000000000000000000011111000000000000011111100000000000001111110000000000000000000000000000000000000000001111000000000000,0,0
104,0,TypeA,57500,011111111110000000000000000000000001111111110000000000000000000000000011111111100000000000000000000000000000000000000001111111110000000000000000011111111110000000000000,0,0
105,1,TypeB,42800,000000001111111000000000000000000000011111110000000000000000000000000000000000000000000000000000000000000000011111111000000000111111110000000000011111111000000000000000,0,0
106,2,TypeB,42800,000000001111111000000000000000000000011111110000000000000000000000000000000000000000000000000000000000000000011111111000000000111111110000000000011111111000000000000000,0,0
107,3,TypeC,32900,000000000000000000000000111111000000000000011111100000000000011111000000000000000000011111100000000000000000000000000000000000000000000000000000000000001111110000000000,0,0
108,4,TypeC,32900,000000000000000000000000111111000000000000011111100000000000011111000000000000000000011111100000000000000000000000000000000000000000000000000000000000001111110000000000,0,0
109,0,TypeA,56200,011111111110000000000000000000000001111111110000000000000000001111111111000000000000000000000000000000000000000000000000000011111111110000000000000000000000001111111111,0,0
110,1,TypeB,42400,000000000000000000001111111100000000011111110000000000000000000000000000000000000000000000000000000000000000000000001111111000000000000000011111110000000000000011111111,0,0
111,2,TypeB,42400,000000000000000000001111111100000000011111110000000000000000000000000000000000000000000000000000000000000000000000001111111000000000000000011111110000000000000011111111,0,0
112,3,TypeC,29800,000000000111111000000000000000000000000000000000000000000000000000011111100000000000000000000011111100000000000000000000000000000000000000001111110000000000000000001111,0,0
113,4,TypeC,29800,000000000111111000000000000000000000000000000000000000000000000000011111100000000000000000000011111100000000000000000000000000000000000000001111110000000000000000001111,0,0
114,0,TypeA,55800,000000000000000000111111111100000000000000000000000000111111111000000000000000000000000000000000000000001111111110000000000011111111110000000000011111111110000000000000,0,0
115,1,TypeB,39000,000000001111111000000000000000000000000000000000111111100000000000000000000000000000000011111111000000000000000000001111111000000000000000011111110000000000000000000000,0,0
116,2,TypeB,39000,000000001111111000000000000000000000000000000000111111100000000000000000000000000000000011111111000000000000000000001111111000000000000000011111110000000000000000000000,0,0
117,3,TypeC,28600,000000000000000000000000000000000001110000000000000000000000000000011111100000000000011111100000000000001111110000000000000000000000000000000000000000000000000000001111,0,0
118,4,TypeC,28600,000000000000000000000000000000000001110000000000000000000000000000011111100000000000011111100000000000001111110000000000000000000000000000000000000000000000000000001111,0,0
119,0,TypeA,55500,011111111110000000000000000000000000000000000000000000111111111000000000000000000000000000000000000000001111111110000000000011111111110000000000011111111110000000000000,0,0
120,1,TypeB,42500,000000000000001111111100000000000000011111110000000000000000000000000000000000000000000000000000000000000000011111111000000000111111110000000000000000000011111110000000,0,0
121,2,TypeB,42500,000000000000001111111100000000000000011111110000000000000000000000000000000000000000000000000000000000000000011111111000000000111111110000000000000000000011111110000000,0,0
122,3,TypeC,33300,000000000000000000000000000000000000000000000000000000000000001111110000000000111111000000000011111100000000000000000000001111110000000000000000000000001111110000000000,0,0
123,4,TypeC,33300,000000000000000000000000000000000000000000000000000000000000001111110000000000111111000000000011111100000000000000000000001111110000000000000000000000001111110000000000,0,0
124,0,TypeA,53600,000000001111111111000000000000000000000000000000000000111111111000000000000000000000000000000000011111111110000000000001111111110000000000000000000000001111111110000000,0,0
125,1,TypeB,39000,000000000000000000000000000000000000011111110000000000000000011111110000000000111111110000000000000000000000000000001111111000000000000000011111110000000000000000000000,0,0
126,2,TypeB,39000,000000000000000000000000000000000000011111110000000000000000011111110000000000111111110000000000000000000000000000001111111000000000000000011111110000000000000000000000,0,0
127,3,TypeC,30100,000000000000000000000000111111000000000000000000000000000000000000011111100000000001111110000000000000000000000000001111000000000000000000000000000000000000000011111100,0,0
128,4,TypeC,30100,000000000000000000000000111111000000000000000000000000000000000000011111100000000001111110000000000000000000000000001111000000000000000000000000000000000000000011111100,0,0
129,0,TypeA,54800,011111111110000000000000000011111111110000000000000000111111111000000000000000000000000000000000000000000000000000000001111111110000000000000000000000001111111110000000,0,0
130,1,TypeB,39000,000000000000001111111100000000000000011111110000000000000000011111110000000000000000000000000000000000000000000000001111111000000000000000011111110000000000000000000000,0,0
131,2,TypeB,39000,000000000000001111111100000000000000011111110000000000000000011111110000000000000000000000000000000000000000000000001111111000000000000000011111110000000000000000000000,0,0
132,3,TypeC,29500,000001111110000000000000111111000000000000000000000000000000000000011111100000000000000000000011111100000000000000000000000000000000000000000000000000001111000000000000,0,0
133,4,TypeC,29500,000001111110000000000000111111000000000000000000000000000000000000011111100000000000000000000011111100000000000000000000000000000000000000000000000000001111000000000000,0,0
134,0,TypeA,55600,000001111111111000000000000000000000000000000000000000000000000000000011111111100000000000000011111111100000000000001111111110000000000000000000000000001111111110000000,0,0
135,1,TypeB,44800,011111111000000000000000111111110000000000000000000000000000000000000000000000000000000000000000000000111111110000000000000000111111110000000000000000000000000011111111,0,0
136,2,TypeB,44800,011111111000000000000000111111110000000000000000000000000000000000000000000000000000000000000000000000111111110000000000000000111111110000000000000000000000000011111111,0,0
137,3,TypeC,31200,000000000000011111100000000000000000000000000000000000000000011111000000000000111111000000000011111100000000000000000000000000000000000000000000000000001111000000000000,0,0
138,4,TypeC,31200,000000000000011111100000000000000000000000000000000000000000011111000000000000111111000000000011111100000000000000000000000000000000000000000000000000001111000000000000,0,0
139,0,TypeA,56800,011111111110000000000000000000000000000000000000000000000000000000000011111111100000000000000011111111100000000000001111111110000000000000000000000000001111111110000000,0,0
140,1,TypeB,44800,000000000000000000000000111111110000000000000000000000000000000000000000000000111111110000000000000000111111110000000000000000111111110000000000000000000000000011111111,0,0
141,2,TypeB,44800,000000000000000000000000111111110000000000000000000000000000000000000000000000111111110000000000000000111111110000000000000000111111110000000000000000000000000011111111,0,0
142,3,TypeC,30000,000000000000000000000000111111000000000000000000000000000000011111000000000000111111000000000000000111111000000000000000000000000000000000000000000000001111000000000000,0,0
143,4,TypeC,30000,000000000000000000000000111111000000000000000000000000000000011111000000000000111111000000000000000111111000000000000000000000000000000000000000000000001111000000000000,0,0
144,0,TypeA,54000,011111111100000000000000000000000000000000000000000000111111111000000000000000000000000000000011111111100000000000001111111110000000000000000000000000001111111110000000,0,0
145,1,TypeB,43800,000000000000001111111100000000000000011111110000000000000000000000000000000000000000000000000000000000111111110000000000000000111111110000000000000000000000000011111111,0,0
146,2,TypeB,43800,000000000000001111111100000000000000011111110000000000000000000000000000000000000000000000000000000000111111110000000000000000111111110000000000000000000000000011111111,0,0
147,3,TypeC,30000,000000000000000000000000111111000000000000000000000000000000011111000000000000111111000000000011111100000000000000000000000000000000000000000000000000001111000000000000,0,0
148,4,TypeC,30000,000000000000000000000000111111000000000000000000000000000000011111000000000000111111000000000011111100000000000000000000000000000000000000000000000000001111000000000000,0,0
149,0,TypeA,52300,011111111110000000000000000000000000000000000000000000111111111000000000000000000000000000000000000000111111110000000000000000111111111000000000000001111111111000000000,0,0
150,1,TypeB,41400,000000000000001111111100000000000000000000000000111111100000000000000000000000111111110000000000000000111111110000000000000000111111110000000000000000000000000000000000,0,0
151,2,TypeB,41400,000000000000001111111100000000000000000000000000111111100000000000000000000000111111110000000000000000111111110000000000000000111111110000000000000000000000000000000000,0,0
152,3,TypeC,31600,000000000000001111110000000000000001111100000000000000000000000000000000000000111111000000000000000000000000000000000000000000000000000000000111110000000000000011111100,0,0
153,4,TypeC,31600,000000000000001111110000000000000001111100000000000000000000000000000000000000111111000000000000000000000000000000000000000000000000000000000111110000000000000011111100,0,0
154,0,TypeA,55300,011111111100000000000000000000000001111111110000000000000000000000000011111111100000000000000000000000000000000000001111111110000000000000000000000001111111111000000000,0,0
155,1,TypeB,40000,011111111000000000000000111111110000000000000000111111100000000000000000000000000000000000000000000000000000000000001111111000000000000000000000000001111111000000000000,0,0
156,2,TypeB,40000,011111111000000000000000111111110000000000000000111111100000000000000000000000000000000000000000000000000000000000001111111000000000000000000000000001111111000000000000,0,0
157,3,TypeC,31600,000000111111000000000000000000000001111100000000000000000000000000011111100000000000011111100000000000000000000000000000000000000000000000000111110000000000000000000000,0,0
158,4,TypeC,31600,000000111111000000000000000000000001111100000000000000000000000000011111100000000000011111100000000000000000000000000000000000000000000000000111110000000000000000000000,0,0
159,0,TypeA,56300,011111111110000000000000000000000001111111110000000000000000000000000011111111100000000000000000000000000000000000001111111110000000000000000000000001111111111000000000,0,0
160,1,TypeB,40300,000000000000000000000000111111110000000000000000111111100000000000000000111111100000000000000000000000000000000000001111111000000000000000000011111111000000000000000000,0,0
161,2,TypeB,40300,000000000000000000000000111111110000000000000000111111100000000000000000111111100000000000000000000000000000000000001111111000000000000000000011111111000000000000000000,0,0
162,3,TypeC,30300,000000000000000000000000000000000001111100000000000000000000000000011111100000000001111110000000000000000000000000000000001111110000000000000011110000000000000000000000,0,0
163,4,TypeC,30300,000000000000000000000000000000000001111100000000000000000000000000011111100000000001111110000000000000000000000000000000001111110000000000000011110000000000000000000000,0,0
164,0,TypeA,54800,011111111110000000000000000000011111111100000000000000111111111000000000000000000000000000000000000000000000000000001111111110000000000000000000000001111111111000000000,0,0
165,1,TypeB,40000,000000000000000000000000111111110000000000000000111111100000000000000000000000111111110000000000000000000000000000001111111000000000000000000000000001111111000000000000,0,0
166,2,TypeB,40000,000000000000000000000000111111110000000000000000111111100000000000000000000000111111110000000000000000000000000000001111111000000000000000000000000001111111000000000000,0,0
167,3,TypeC,31300,000000000000000000000000000000000001111100000000000000000000000000011111100000000001111110000000000000000000000000000000001111110000000000000111110000000000000000000000,0,0
168,4,TypeC,31300,000000000000000000000000000000000001111100000000000000000000000000011111100000000001111110000000000000000000000000000000001111110000000000000111110000000000000000000000,0,0
169,0,TypeA,55700,011111111100000000000111111111000000000000000000000000111111111000000000000000000000000000000000000000000000000000000000000000000000011111111110000000000000001111111111,0,0
170,1,TypeB,41300,000000000000001111111100000000000000011111110000000000000000000000000001111111100000000000000000000000000000000000001111111000000000000000000000011111111000000000000000,0,0
171,2,TypeB,41300,000000000000001111111100000000000000011111110000000000000000000000000001111111100000000000000000000000000000000000001111111000000000000000000000011111111000000000000000,0,0
172,3,TypeC,28300,000000000000000000000000000000000001111100000000000000000000011100000000000000111111000000000000000000000000000000000000001111110000000000000111110000000000000000000000,0,0
173,4,TypeC,28300,000000000000000000000000000000000001111100000000000000000000011100000000000000111111000000000000000000000000000000000000001111110000000000000111110000000000000000000000,0,0
174,0,TypeA,56200,011111111110000000000000000000000000000000000000000000111111111000000000000000000000011111111110000000000000000000000000000000000000011111111110000000000000001111111111,0,0
175,1,TypeB,40000,000000000000001111111100000000000000011111110000000000000000000001111111100000000000000000000000000000000000000000001111111000000000000000011111110000000000000000000000,0,0
176,2,TypeB,40000,000000000000001111111100000000000000011111110000000000000000000001111111100000000000000000000000000000000000000000001111111000000000000000011111110000000000000000000000,0,0
177,3,TypeC,29600,000000000000000000000000000000000001111100000000000000000001111000000000000000111111000000000000000000000000000000000000001111110000000000000111110000000000000000000000,0,0
178,4,TypeC,29600,000000000000000000000000000000000001111100000000000000000001111000000000000000111111000000000000000000000000000000000000001111110000000000000111110000000000000000000000,0,0
179,0,TypeA,56100,011111111110000000000000000000000000000000000000000000111111111000000000000000000000000000000000001111111110000000000000000000000000011111111110000000000000001111111111,0,0
180,1,TypeB,40300,000000000000001111111100000000011111110000000000111111100000000000000000000000000000000000000000000000000000000000001111111000000000000000000000011111111000000000000000,0,0
181,2,TypeB,40300,000000000000001111111100000000011111110000000000111111100000000000000000000000000000000000000000000000000000000000001111111000000000000000000000011111111000000000000000,0,0
182,3,TypeC,28200,000000000000000000000000000000000000000000000000000000000000000000011111100000000000011111100000000000000000000000000000001111110000000000000111110000000000000000001111,0,0
183,4,TypeC,28200,000000000000000000000000000000000000000000000000000000000000000000011111100000000000011111100000000000000000000000000000001111110000000000000111110000000000000000001111,0,0
184,0,TypeA,50800,011111111110000000000000000000000000000000000000000000111111111000000000000000000000000000000000000000001111111110000000000000111111111000000000000000001111111110000000,0,0
185,1,TypeB,39000,000000001111111000000000111111110000000000000000111111100000000000000000000000000000000000000000000000000000000000001111111000000000000000011111110000000000000000000000,0,0
186,2,TypeB,39000,000000001111111000000000111111110000000000000000111111100000000000000000000000000000000000000000000000000000000000001111111000000000000000011111110000000000000000000000,0,0
187,3,TypeC,32000,000000000000011111100000000000000001111100000000000000000000011111000000000000000000011111100000000000000000000000000000000000000000000000000000000000001111000000000000,0,0
188,4,TypeC,32000,000000000000011111100000000000000001111100000000000000000000011111000000000000000000011111100000000000000000000000000000000000000000000000000000000000001111000000000000,0,0
189,0,TypeA,55500,011111111110000000000000000000000001111111110000000000000000001111111111000000000000000000000000000000000000000000001111111110000000000000000000000000011111111110000000,0,0
190,1,TypeB,37000,000000001111111000000000000000011111110000000000111111100000000000000000000000111111110000000000000000000000011111111000000000000000000000000000000000000000000000000000,0,0
191,2,TypeB,37000,000000001111111000000000000000011111110000000000111111100000000000000000000000111111110000000000000000000000011111111000000000000000000000000000000000000000000000000000,0,0
192,3,TypeC,35000,000000000111111000000000000000000001111100000000000000000000000000011111100000000000011111100000000000000000000000000000000000000000000000000000000000001111110000000000,0,0
193,4,TypeC,35000,000000000111111000000000000000000001111100000000000000000000000000011111100000000000011111100000000000000000000000000000000000000000000000000000000000001111110000000000,0,0
194,0,TypeA,54600,000000000000000000111111111100000000000000000000000000111111111000000000000000000000000000000000000000001111111110000000000000000000011111111110000000000000001111111111,0,0
195,1,TypeB,41400,000000000000001111111100000000000000011111110000000000000000000000000000000000111111110000000000000000000000011111111000000000011111111000000000000000000000000000000000,1,0
196,2,TypeB,41400,000000000000001111111100000000000000011111110000000000000000000000000000000000111111110000000000000000000000011111111000000000011111111000000000000000000000000000000000,1,0
197,3,TypeC,34100,000000000000001111110000000000000001111100000000000000000000000000011111100000000000011111100000000000000000000000000000000000000000000000000000000000001111110000000000,0,0
198,4,TypeC,34100,000000000000001111110000000000000001111100000000000000000000000000011111100000000000011111100000000000000000000000000000000000000000000000000000000000001111110000000000,0,0
199,0,TypeA,56400,011111111110000000000000000000000000000000000000000000111111111000000000000000000000000000111111111000000000000000000000000000000000011111111110000000000000001111111111,0,0
200,1,TypeB,40100,000000000000011111111000000000000000011111110000000000000000000000000000000000000001111111100000000000111111110000000000000000000000000000000000000000000011111110000000,0,0
201,2,TypeB,40100,000000000000011111111000000000000000011111110000000000000000000000000000000000000001111111100000000000111111110000000000000000000000000000000000000000000011111110000000,0,0
202,3,TypeC,31400,000000000000000000000000000000000001111100000000000000000000000000000000000000111111000000000000000000001111110000000000000000000000011100000000000001111110000000000000,0,0
203,4,TypeC,31400,000000000000000000000000000000000001111100000000000000000000000000000000000000111111000000000000000000001111110000000000000000000000011100000000000001111110000000000000,0,0
204,0,TypeA,57400,011111111110000000000000000000000000000000000000000000111111111000000000000000000000000000000000011111111110000000000000000000000000011111111110000000000000001111111111,0,0
205,1,TypeB,40100,000000000000001111111100000000000000011111110000000000000000000000000000000000000001111111100000000000111111110000000000000000000000000000000000000000000011111110000000,0,0
206,2,TypeB,40100,000000000000001111111100000000000000011111110000000000000000000000000000000000000001111111100000000000111111110000000000000000000000000000000000000000000011111110000000,0,0
207,3,TypeC,33200,000000000000000000000000000111110000000000000000000000000000000000011111100000000000011111100000000000001111110000000000000000000000000000000000000000001111110000000000,0,0
208,4,TypeC,33200,000000000000000000000000000111110000000000000000000000000000000000011111100000000000011111100000000000001111110000000000000000000000000000000000000000001111110000000000,0,0
209,0,TypeA,57000,011111111110000000000000000000000001111111110000000000000000011111111110000000000000000000000000000000000000000000001111111110000000000000000000011111111110000000000000,0,0
210,1,TypeB,39300,000000001111111000000000000000011111110000000000111111100000000000000000000000000000000000000000000000000000000000001111111000000000000000000011111111000000000000000000,0,0
211,2,TypeB,39300,000000001111111000000000000000011111110000000000111111100000000000000000000000000000000000000000000000000000000000001111111000000000000000000011111111000000000000000000,0,0
212,3,TypeC,32000,000000000000000000000000000000000000000000000000000000000000011111000000000000111111000000000000000000001111110000000000000000000000011100000000000000001111110000000000,0,0
213,4,TypeC,32000,000000000000000000000000000000000000000000000000000000000000011111000000000000111111000000000000000000001111110000000000000000000000011100000000000000001111110000000000,0,0
214,0,TypeA,56600,011111111100000000000000000000000000000000000000000000111111111000000000000000000000000000000000011111111110000000000001111111110000000000000000000001111111111000000000,0,0
215,1,TypeB,40400,000000000000001111111100000000011111110000000000111111100000000000000000000000000000000000000000000000111111110000000000000000111111110000000000000000000000000000000000,0,0
216,2,TypeB,40400,000000000000001111111100000000011111110000000000111111100000000000000000000000000000000000000000000000111111110000000000000000111111110000000000000000000000000000000000,0,0
217,3,TypeC,30200,000001111100000000000000000000000000000000000000000000000000000000000000000000111111000000000011111100000000000000000000001111110000000000001111110000000000000000000000,0,0
218,4,TypeC,30200,000001111100000000000000000000000000000000000000000000000000000000000000000000111111000000000011111100000000000000000000001111110000000000001111110000000000000000000000,0,0
219,0,TypeA,54900,011111111110000000000000000000000000000000000000000000111111111000000000000000000000000000000000000000111111111000000000000000000000011111111110000000000000001111111111,0,0
220,1,TypeB,42200,000000000000000000001111111100000000000000000000000000000000000000000001111111100000000000000000000000000000011111111000000000000000011111110000000001111111000000000000,0,0
221,2,TypeB,42200,000000000000000000001111111100000000000000000000000000000000000000000001111111100000000000000000000000000000011111111000000000000000011111110000000001111111000000000000,0,0
222,3,TypeC,30500,000000000000000000000000111111000000000000000000000000000000000000011111100000000000000000111111000000000011111000000000001111110000000000000000000000000000000000000000,0,0
223,4,TypeC,30500,000000000000000000000000111111000000000000000000000000000000000000011111100000000000000000111111000000000011111000000000001111110000000000000000000000000000000000000000,0,0
224,0,TypeA,56100,011111111110000000000000000000000001111111110000000000000000000000000011111111100000000000000000000000000000000000000000000000000000011111111110000000000000001111111111,0,0
225,1,TypeB,43500,000000000000001111111100000000000000011111110000000000000000000000000000000000000000000000000000000111111110000000000001111111100000000000000000000000011111111000000000,0,0
226,2,TypeB,43500,000000000000001111111100000000000000011111110000000000000000000000000000000000000000000000000000000111111110000000000001111111100000000000000000000000011111111000000000,0,0
227,3,TypeC,31100,000000000000000000000000111111000000000000000000000000000000000000011111100000000000011111100000000000000000000000000000001111110000000000000000000000011111000000000000,0,0
228,4,TypeC,31100,000000000000000000000000111111000000000000000000000000000000000000011111100000000000011111100000000000000000000000000000001111110000000000000000000000011111000000000000,0,0
229,0,TypeA,57100,011111111110000000000000000000000000000000000000000000111111111000000000000000000000000000000001111111111000000000000000000000000000011111111110000000000001111111111000,0,0
230,1,TypeB,40000,000000000000001111111100000000000000011111110000000000000000000000000000000000111111110000000000000000000000000000001111111000000000000000011111110000000000000000000000,0,0
231,2,TypeB,40000,000000000000001111111100000000000000011111110000000000000000000000000000000000111111110000000000000000000000000000001111111000000000000000011111110000000000000000000000,0,0
232,3,TypeC,28100,000000000000000000000000000000000001110000000000011111100000000000011111100000000000011111100000000000000000000000000000000000000000000000000111110000000000000000000000,0,0
233,4,TypeC,28100,000000000000000000000000000000000001110000000000011111100000000000011111100000000000011111100000000000000000000000000000000000000000000000000111110000000000000000000000,0,0
234,0,TypeA,57700,011111111110000000000000000000000000000000000000000000111111111000000000000000000000000000111111111100000000000000000000000000000000011111111110000000000000001111111111,0,0
235,1,TypeB,40100,000000001111111000000000111111110000000000000000000000000000000000000000000000000001111111100000000000000000000011111111000000000000011111110000000000000000000000000000,0,0
236,2,TypeB,40100,000000001111111000000000111111110000000000000000000000000000000000000000000000000001111111100000000000000000000011111111000000000000011111110000000000000000000000000000,0,0
237,3,TypeC,28500,000000000000000000000000000000000001110000000000000000000000000000011111100000000000011111100000000000000000000000000000000000000000011100000000000000001111110000000000,0,0
238,4,TypeC,28500,000000000000000000000000000000000001110000000000000000000000000000011111100000000000011111100000000000000000000000000000000000000000011100000000000000001111110000000000,0,0
239,0,TypeA,54900,011111111110000000000000000011111111110000000000000000111111111000000000000000000000000000000000000000000000000000000000000000111111111000000000000001111111111000000000,0,0
240,1,TypeB,41400,000000001111111000000000111111110000000000000000000000000000000000000000000000000001111111100000000000000000000011111111000000000000000000000000011111111000000000000000,0,0
241,2,TypeB,41400,000000001111111000000000111111110000000000000000000000000000000000000000000000000001111111100000000000000000000011111111000000000000000000000000011111111000000000000000,0,0
242,3,TypeC,30800,000000000000000000000000000000000001111100000000000000000000000000011111100000000000000000000000000000000000000000000000001111110000000000001111110000000000000011111100,0,0
243,4,TypeC,30800,000000000000000000000000000000000001111100000000000000000000000000011111100000000000000000000000000000000000000000000000001111110000000000001111110000000000000011111100,0,0
244,0,TypeA,52200,000001111111111000000000000000000000000000000000000000111111111000000000000000000000000000000000000000001111111110000000000000000000011111111110000000000001111111111000,0,0
245,1,TypeB,39100,000000001111111000000000000000000000011111110000000000000000000000000000000000000000000011111111000000000000000011111111000000000000000000011111110000000000000000000000,0,0
246,2,TypeB,39100,000000001111111000000000000000000000011111110000000000000000000000000000000000000000000011111111000000000000000011111111000000000000000000011111110000000000000000000000,0,0
247,3,TypeC,31500,000000000000000000000000111111000000000000000000000000000000000000011111100000000000000000000011111100000000000000000000001111110000000000000000000000001111110000000000,0,0
248,4,TypeC,31500,000000000000000000000000111111000000000000000000000000000000000000011111100000000000000000000011111100000000000000000000001111110000000000000000000000001111110000000000,0,0
249,0,TypeA,55200,000001111111111000000000000000000000000000000000000000111111111000000000000000000000011111111110000000000000000000001111111110000000000000000000000001111111111000000000,0,0
250,1,TypeB,39100,000000001111111000000000111111110000000000000000111111100000000000000000000000000000000000000000000000000000000011111111000000000000000000000000000001111111000000000000,0,0
251,2,TypeB,39100,000000001111111000000000111111110000000000000000111111100000000000000000000000000000000000000000000000000000000011111111000000000000000000000000000001111111000000000000,0,0
252,3,TypeC,26600,000000000000000000000000111111000000000000000000000000000000000000011111000000000000000000000000000000111110000000000000000000000000000000001111110000000000000000001111,0,0
253,4,TypeC,26600,000000000000000000000000111111000000000000000000000000000000000000011111000000000000000000000000000000111110000000000000000000000000000000001111110000000000000000001111,0,0
254,0,TypeA,55000,011111111110000000000000000000000001111111110000000000000000001111111111000000000000000000000000000000000000000000000000000000000000011111111110000000000001111111111000,0,0
255,1,TypeB,42400,000000000000000000000111111110000000000000000000111111110000000000000000000000000000000011111111000000000000011111111000000000111111110000000000000000000000000000000000,1,0
256,2,TypeB,42400,000000000000000000000111111110000000000000000000111111110000000000000000000000000000000011111111000000000000011111111000000000111111110000000000000000000000000000000000,1,0
257,3,TypeC,33100,000000000000000000000000000000000001111100000000000000000000011111000000000000111111000000000000000000000000000000000000001111110000000000000000000000001111110000000000,0,0
258,4,TypeC,33100,000000000000000000000000000000000001111100000000000000000000011111000000000000111111000000000000000000000000000000000000001111110000000000000000000000001111110000000000,0,0
259,0,TypeA,52700,011111111100000000000000000000000000000000000000000000111111111000000000000000000000000000000000000000001111111110000000000011111111110000000000000000000001111111111000,0,0
260,1,TypeB,41400,000000000000001111111100000000000000011111110000000000000000000000000000000000000000000011111111000000000000011111111000000000111111110000000000000000000000000000000000,1,0
261,2,TypeB,41400,000000000000001111111100000000000000011111110000000000000000000000000000000000000000000011111111000000000000011111111000000000111111110000000000000000000000000000000000,1,0
262,3,TypeC,33700,000000000000000000000000111111000000000000000000000000000000001111110000000000000001111110000000000000000000000000000000000000000001111000000000000000000001111110000000,0,0
263,4,TypeC,33700,000000000000000000000000111111000000000000000000000000000000001111110000000000000001111110000000000000000000000000000000000000000001111000000000000000000001111110000000,0,0
264,0,TypeA,51400,011111111100000000000000000000000000000000000000000000111111111000000000000000000000000000000000000000001111111110000000000011111111110000000000000000001111111110000000,0,0
265,1,TypeB,42400,011111111000000000000000111111110000000000000000111111110000000000000000000000000000000000000000000000111111110000000000000000111111110000000000000000000000000000000000,0,0
266,2,TypeB,42400,011111111000000000000000111111110000000000000000111111110000000000000000000000000000000000000000000000111111110000000000000000111111110000000000000000000000000000000000,0,0
267,3,TypeC,33400,000000000000000000000000111111000000000000000000000000000000000000000000000000000000011111100000000000001111110000000000000000000001111000000000000000001111110000000000,0,0
268,4,TypeC,33400,000000000000000000000000111111000000000000000000000000000000000000000000000000000000011111100000000000001111110000000000000000000001111000000000000000001111110000000000,0,0
269,0,TypeA,52400,011111111110000000000000000000000000000000000000000000111111111000000000000000000000000000000000000000001111111110000000000011111111110000000000000000001111111110000000,0,0
270,1,TypeB,41400,000000000000000000000000000000000000011111110000000000111111110000000000000000111111110000000000000000111111110000000000000000111111110000000000000000000000000000000000,1,0
271,2,TypeB,41400,000000000000000000000000000000000000011111110000000000111111110000000000000000111111110000000000000000111111110000000000000000111111110000000000000000000000000000000000,1,0
272,3,TypeC,33400,000000000000000000000000000000000000000000000000000000000000000000011111100000000000011111100000000000001111110000000000000000000001111000000000000000001111110000000000,0,0
273,4,TypeC,33400,000000000000000000000000000000000000000000000000000000000000000000011111100000000000011111100000000000001111110000000000000000000001111000000000000000001111110000000000,0,0
274,0,TypeA,52800,000000000000000000000000000000000000000000000000000000111111111000000000000000111111111100000000000000001111111110000000000000000000011111111110000000000000001111111111,0,0
275,1,TypeB,40000,000000000000000000000000111111110000000000000000111111110000000000000000000000111111110000000001111111100000000011111111000000000000000000000000000000000000000000000000,0,0
276,2,TypeB,40000,000000000000000000000000111111110000000000000000111111110000000000000000000000111111110000000001111111100000000011111111000000000000000000000000000000000000000000000000,0,0
277,3,TypeC,28600,000000000000000000000000111111000000000000000000000000000000011111000000000000000000011111100000000000000000000000000000000000000001111000000000000000000000000000001111,0,0
278,4,TypeC,28600,000000000000000000000000111111000000000000000000000000000000011111000000000000000000011111100000000000000000000000000000000000000001111000000000000000000000000000001111,0,0
279,0,TypeA,55100,000000001111111110000000000000000000000000000000000000111111111000000000000000000000000000000001111111111000000000001111111110000000000000000000000001111111111000000000,0,0
280,1,TypeB,40400,000000001111111000000000000000000000011111110000000000000000000000000000000000111111110000000000000000111111110000000000000000111111110000000000000000000000000000000000,0,0
281,2,TypeB,40400,000000001111111000000000000000000000011111110000000000000000000000000000000000111111110000000000000000111111110000000000000000111111110000000000000000000000000000000000,0,0
282,3,TypeC,28700,000000000000000000000000000000000001111100000000000000000000000000011111100000000000011111100000000000000000000000001111000000000000000000000111110000000000000000000000,0,0
283,4,TypeC,28700,000000000000000000000000000000000001111100000000000000000000000000011111100000000000011111100000000000000000000000001111000000000000000000000111110000000000000000000000,0,0
284,0,TypeA,58000,011111111110000000000000000000000000000000000000000000111111111000000000000000000000000000000001111111111000000000000000000000000000011111111110000000000000001111111111,0,0
285,1,TypeB,42500,000000000000000000000000111111110000000000000000000000000001111111000000000000000000000000000000000000000000011111111000000000000000011111111000000000001111111000000000,0,0
286,2,TypeB,42500,000000000000000000000000111111110000000000000000000000000001111111000000000000000000000000000000000000000000011111111000000000000000011111111000000000001111111000000000,0,0
287,3,TypeC,34000,000000000000000000000000000000000001111100000000000000000000011111000000000000000001111110000000000000000000000000000001111110000000000000000000000000001111110000000000,0,0
288,4,TypeC,34000,000000000000000000000000000000000001111100000000000000000000011111000000000000000001111110000000000000000000000000000001111110000000000000000000000000001111110000000000,0,0
289,0,TypeA,55000,011111111110000000000000000000000000000000000000000000111111111000000000000000111111111100000000000000000000000000000000000000000000011111111110000000000001111111111000,0,0
290,1,TypeB,42500,000000000000011111111000000000000000011111110000000000000000000000000000000000000000000000000000000000000000011111111000000000000000000000011111110000000000001111111100,0,0
291,2,TypeB,42500,000000000000011111111000000000000000011111110000000000000000000000000000000000000000000000000000000000000000011111111000000000000000000000011111110000000000001111111100,0,0
292,3,TypeC,32200,000000000000000000000000000000000001111100000000000000000000011111000000000000000000011111100000000000000000000000000001111110000000000000000000000000000000000011111100,0,0
293,4,TypeC,32200,000000000000000000000000000000000001111100000000000000000000011111000000000000000000011111100000000000000000000000000001111110000000000000000000000000000000000011111100,0,0
294,0,TypeA,55900,011111111110000000000000000000000000000000000000000000111111111000000000000000111111111100000000000000000000000000000000000000000000011111111110000000000000001111111111,0,0
295,1,TypeB,42500,000000000000000000000000111111110000000000000000111111100000000000000000000000000000000000000000000000000000011111111000000000111111110000000000000001111111000000000000,0,0
296,2,TypeB,42500,000000000000000000000000111111110000000000000000111111100000000000000000000000000000000000000000000000000000011111111000000000111111110000000000000001111111000000000000,0,0
297,3,TypeC,33400,000000000000000000000000000000000001111100000000000000000000011111000000000000000000011111100000000000000000000000000001111110000000000000000000000000001111110000000000,0,0
298,4,TypeC,33400,000000000000000000000000000000000001111100000000000000000000011111000000000000000000011111100000000000000000000000000001111110000000000000000000000000001111110000000000,0,0
299,0,TypeA,55900,011111111110000000000000000000000000000000000000000000000000001111111111000000000000000000000000000000001111111110000000000011111111110000000000000001111111111000000000,0,0
300,1,TypeB,39100,000000000000001111111100000000000000011111110000000000001111111000000000000000000000000000000000011111111000000000000000000000000000011111110000000000000000000000000000,0,0
301,2,TypeB,39100,000000000000001111111100000000000000011111110000000000001111111000000000000000000000000000000000011111111000000000000000000000000000011111110000000000000000000000000000,0,0
302,3,TypeC,31200,000000000000000000000000000000000001111100000000000011111000000000011111000000000000011111100000000000001111110000000000000000000000000000000000000000000000000000000000,0,0
303,4,TypeC,31200,000000000000000000000000000000000001111100000000000011111000000000011111000000000000011111100000000000001111110000000000000000000000000000000000000000000000000000000000,0,0
304,0,TypeA,54300,011111111110000000000000000000000000000000000000000000111111111000000000000000000000000000000000000000001111111110000000000011111111110000000000000001111111111000000000,0,0
305,1,TypeB,41400,000000001111111000000000111111110000000000000000000000000000000000000001111111100000000000000000000000000000011111111000000000000000011111111000000000000000000000000000,0,0
306,2,TypeB,41400,000000001111111000000000111111110000000000000000000000000000000000000001111111100000000000000000000000000000011111111000000000000000011111111000000000000000000000000000,0,0
307,3,TypeC,31200,000000000000000000000000111111000000000000000000011111100000000000011111100000000000011111100000000000000000000000000000000000000000000000001111110000000000000000000000,0,0
308,4,TypeC,31200,000000000000000000000000111111000000000000000000011111100000000000011111100000000000011111100000000000000000000000000000000000000000000000001111110000000000000000000000,0,0
309,0,TypeA,56000,000000111111111000000000000000000000000000000000111111111000000000000011111111100000000000000000000000000000000000000000000000000000011111111110000000000000001111111111,0,0
310,1,TypeB,39300,000000001111111000000000000000011111110000000000111111100000000000000000000000000000000000000000000000000000000000001111111000000000000000000000000000000000000011111111,0,0
311,2,TypeB,39300,000000001111111000000000000000011111110000000000111111100000000000000000000000000000000000000000000000000000000000001111111000000000000000000000000000000000000011111111,0,0
312,3,TypeC,32300,000000000000000000000000000000000001111100000000000000000000001111110000000000111111000000000011111100000000000000000000001111110000000000000000000000000000000000000000,0,0
313,4,TypeC,32300,000000000000000000000000000000000001111100000000000000000000001111110000000000111111000000000011111100000000000000000000001111110000000000000000000000000000000000000000,0,0
314,0,TypeA,53600,000000000000000000001111111110000000000000000000000000111111111000000000000000000000000000000000000000001111111110000000000000000000011111111110000000000000001111111111,0,0
315,1,TypeB,39100,000000001111111000000000000000011111110000000000111111110000000000000000000000000000000000000000000000000000000011111111000000000000011111110000000000000000000000000000,0,0
316,2,TypeB,39100,000000001111111000000000000000011111110000000000111111110000000000000000000000000000000000000000000000000000000011111111000000000000011111110000000000000000000000000000,0,0
317,3,TypeC,29200,000000000000000000000000000000000001111100000000000000000000000000011111100000000000011111100000000000111110000000000000000000000000011100000000000000000000000000000000,0,0
318,4,TypeC,29200,000000000000000000000000000000000001111100000000000000000000000000011111100000000000011111100000000000111110000000000000000000000000011100000000000000000000000000000000,0,0
319,0,TypeA,55600,011111111110000000000000000000000001111111110000000000000000011111111110000000000000000000000000000000000000000000000000000000000000011111111110000000000000001111111111,0,0
320,1,TypeB,40400,011111111000000000000000000000011111110000000000111111100000000000000000000000000000000000000000000000000000011111111000000000111111110000000000000000000000000000000000,0,0
321,2,TypeB,40400,011111111000000000000000000000011111110000000000111111100000000000000000000000000000000000000000000000000000011111111000000000111111110000000000000000000000000000000000,0,0
322,3,TypeC,30700,000000000000000000000000000000000001111100000000000000000000000000011111100000000000011111100000000000000000000000000001111110000000000000000111110000000000000000000000,0,0
323,4,TypeC,30700,000000000000000000000000000000000001111100000000000000000000000000011111100000000000011111100000000000000000000000000001111110000000000000000111110000000000000000000000,0,0
324,0,TypeA,55900,011111111110000000000000000000000001111111110000000000000000001111111111000000000000000000000000000000000000000000000000000000000000011111111110000000000000001111111111,0,0
325,1,TypeB,42800,000000000000000000111111100000000000011111110000000000000000000000000000000000000000000000000000000000000000011111111000000000111111110000000000000000000000000011111111,0,0
326,2,TypeB,42800,000000000000000000111111100000000000011111110000000000000000000000000000000000000000000000000000000000000000011111111000000000111111110000000000000000000000000011111111,0,0
327,3,TypeC,29800,000000000000000000000000000000000001111100000000000000000001111000000000000000111111000000000011111100000000000000000000000000000001111000000000000000000000000000000000,0,0
328,4,TypeC,29800,000000000000000000000000000000000001111100000000000000000001111000000000000000111111000000000011111100000000000000000000000000000001111000000000000000000000000000000000,0,0
329,0,TypeA,54300,011111111110000000000000000000000000000000000000000000111111111000000000000000000000000000000000000000001111111110000000000000000000011111111110000000000000001111111111,0,0
330,1,TypeB,42800,000000001111111000000000000000000000011111110000000000000000000000000000000000000000000000000000000000000000011111111000000000111111110000000000000000000000000011111111,0,0
331,2,TypeB,42800,000000001111111000000000000000000000011111110000000000000000000000000000000000000000000000000000000000000000011111111000000000111111110000000000000000000000000011111111,0,0
332,3,TypeC,30200,000001111100000000000000000000000001111100000000000000000000000000011111100000000000011111100000000000000000000000000000000000000001111000000000000000000000000000000000,0,0
333,4,TypeC,30200,000001111100000000000000000000000001111100000000000000000000000000011111100000000000011111100000000000000000000000000000000000000001111000000000000000000000000000000000,0,0
334,0,TypeA,54500,011111111100000000000000000000000000000000000000000000111111111000000000000000000000000111111111000000000000000000000000000000000000011111111110000000000000001111111111,0,0
335,1,TypeB,42500,000000000000001111111100000000011111110000000000000000000000000000000000000000000001111111100000000000000000000000000000000000000000000000011111110000000000000011111111,0,0
336,2,TypeB,42500,000000000000001111111100000000011111110000000000000000000000000000000000000000000001111111100000000000000000000000000000000000000000000000011111110000000000000011111111,0,0
337,3,TypeC,32300,000000000000000000000000000000000001111100000000000000000000000000011111100000000001111110000000000111111000000000000000001111110000000000000000000000000000000000000000,0,0
338,4,TypeC,32300,000000000000000000000000000000000001111100000000000000000000000000011111100000000001111110000000000111111000000000000000001111110000000000000000000000000000000000000000,0,0
339,0,TypeA,58800,000000000000000000111111111100000000000000000000111111111000000000000011111111100000000000000000000000000000000000000000000000000000011111111110000000000000001111111111,0,0
340,1,TypeB,40400,000000000000000001111111100000000000011111110000000000001111111000000000000000000001111111100000000000000000000000000000000000000000000000000000000000000000000011111111,0,0
341,2,TypeB,40400,000000000000000001111111100000000000011111110000000000001111111000000000000000000001111111100000000000000000000000000000000000000000000000000000000000000000000011111111,0,0
342,3,TypeC,32300,000001111110000000000000000000000001111100000000000000000000000000011111100000000000011111100000000000000000000000000000001111110000000000000000000000000000000000000000,0,0
343,4,TypeC,32300,000001111110000000000000000000000001111100000000000000000000000000011111100000000000011111100000000000000000000000000000001111110000000000000000000000000000000000000000,0,0
344,0,TypeA,54800,000000000000000000000111111111000000000000000000000000111111111000000000000000000000000111111111000000000000000000000000000000000000011111111110000000000000001111111111,0,0
345,1,TypeB,41400,011111111000000000000111111110000000000000000000111111100000000000000000000000000001111111100000000000000000000000000000000000000000000000000000000000000000000011111111,0,0
346,2,TypeB,41400,011111111000000000000111111110000000000000000000111111100000000000000000000000000001111111100000000000000000000000000000000000000000000000000000000000000000000011111111,0,0
347,3,TypeC,27600,000000000000000000000000000000000001111100000000000011100000000000000000000000111111000000000011111100000000000000000000000000000001111000000000000000000000000000000000,0,0
348,4,TypeC,27600,000000000000000000000000000000000001111100000000000011100000000000000000000000111111000000000011111100000000000000000000000000000001111000000000000000000000000000000000,0,0
349,0,TypeA,53000,000000111111111000000000000000000000000000000000000000111111111000000000000000000000000111111111000000000000000000000000000000000000011111111110000000000000001111111111,0,0
350,1,TypeB,41400,000000000000001111111100000000000000011111110000000000111111110000000000000000000001111111100000000000000000000000000000000000000000011111111000000000000000000000000000,0,0
351,2,TypeB,41400,000000000000001111111100000000000000011111110000000000111111110000000000000000000001111111100000000000000000000000000000000000000000011111111000000000000000000000000000,0,0
352,3,TypeC,31400,000000000000000000000000000000000001111100000000000000000000000000000000000000111111000000000011111100000000000000000000001111110000000000001111110000000000000000000000,0,0
353,4,TypeC,31400,000000000000000000000000000000000001111100000000000000000000000000000000000000111111000000000011111100000000000000000000001111110000000000001111110000000000000000000000,0,0
354,0,TypeA,56100,000000000000000000001111111111000000000000000000000000111111111000000000000000000000000111111111000000000000000000000000000000000000011111111110000000000000001111111111,0,0
355,1,TypeB,40100,000000000000001111111100000000000000011111110000000000000000111111110000000000000001111111100000000000000000000000000000000000000000011111110000000000000000000000000000,0,0
356,2,TypeB,40100,000000000000001111111100000000000000011111110000000000000000111111110000000000000001111111100000000000000000000000000000000000000000011111110000000000000000000000000000,0,0
357,3,TypeC,32900,000000000000000000000000000000000001111100000000000000000000111111000000000000111111000000000000000111111000000000000000001111110000000000000000000000000000000000000000,0,0
358,4,TypeC,32900,000000000000000000000000000000000001111100000000000000000000111111000000000000111111000000000000000111111000000000000000001111110000000000000000000000000000000000000000,0,0
359,0,TypeA,54300,000001111111111000000000000011111111110000000000000000111111111000000000000000000000000111111111000000000000000000000000000000000000011111111110000000000000000000000000,0,0
360,1,TypeB,42500,000000000000000000001111111100000000000000000000111111100000000000000000000000000001111111100000000000000000000000000000000000000000000000011111110000000000000011111111,0,0
361,2,TypeB,42500,000000000000000000001111111100000000000000000000111111100000000000000000000000000001111111100000000000000000000000000000000000000000000000011111110000000000000011111111,0,0
362,3,TypeC,31600,000000000000000000000000000000000001111100000000000000000000011111000000000000111111000000000011111100000000000000000000001111110000000000000000000000000000000000000000,0,0
363,4,TypeC,31600,000000000000000000000000000000000001111100000000000000000000011111000000000000111111000000000011111100000000000000000000001111110000000000000000000000000000000000000000,0,0
364,0,TypeA,57300,000001111111111000000000000000000000000000000000111111111000000000000011111111100000000000000000000000000000000000000000000000000000011111111110000000000000001111111111,0,0
365,1,TypeB,40000,000000001111111000000000111111110000000000000000000000000000000000000000000000000000000000000000000111111110000000001111111000000000000000000000000001111111000000000000,0,0
366,2,TypeB,40000,000000001111111000000000111111110000000000000000000000000000000000000000000000000000000000000000000111111110000000001111111000000000000000000000000001111111000000000000,0,0
367,3,TypeC,33000,000000000000000000000000000000000001111100000000000000000000000000011111100000000001111110000000000000000000000000000000000000000001111000000000000000001111110000000000,0,0
368,4,TypeC,33000,000000000000000000000000000000000001111100000000000000000000000000011111100000000001111110000000000000000000000000000000000000000001111000000000000000001111110000000000,0,0
369,0,TypeA,56100,000001111111111000000000000000000001111111110000000000000000001111111111000000000000000000000000000000000000000000001111111110000000000000000000011111111110000000000000,0,0
370,1,TypeB,40100,000000001111111000000000111111110000000000000000111111110000000000000000000000000000000000000000000000000000011111111000000000000000000000000000000001111111000000000000,0,0
371,2,TypeB,40100,000000001111111000000000111111110000000000000000111111110000000000000000000000000000000000000000000000000000011111111000000000000000000000000000000001111111000000000000,0,0
372,3,TypeC,31200,000000000000000000000000000000000001111100000000000000000000000000011111100000000000011111100000000000000000000000000000000000000001111000000000000000000000000011111100,0,0
373,4,TypeC,31200,000000000000000000000000000000000001111100000000000000000000000000011111100000000000011111100000000000000000000000000000000000000001111000000000000000000000000011111100,0,0
374,0,TypeA,53400,000000001111111111000000000000000000000000000000000000111111111000000000000000000000000111111111000000000000000000000000000011111111110000000000000001111111111000000000,0,0
375,1,TypeB,41200,000000000000001111111100000000000000011111110000000000000000000000000000000000000000000000000000000000111111110000000000000000000000011111110000000001111111000000000000,0,0
376,2,TypeB,41200,000000000000001111111100000000000000011111110000000000000000000000000000000000000000000000000000000000111111110000000000000000000000011111110000000001111111000000000000,0,0
377,3,TypeC,32400,000000000000000000000000000000000001111100000000000000000000000000011111100000000000011111100000000000000000000000000000000000000001111000000000000000001111110000000000,0,0
378,4,TypeC,32400,000000000000000000000000000000000001111100000000000000000000000000011111100000000000011111100000000000000000000000000000000000000001111000000000000000001111110000000000,0,0
379,0,TypeA,52100,000000111111111000000000000000000000000000000000000000111111111000000000000000000000000000000000000000001111111110000000000011111111110000000000000000000000001111111111,0,0
380,1,TypeB,42500,000000000000000000000000000000000000011111110000000000000000000000000000000000000000000000000001111111100000000011111111000000000000000000011111110000000000000011111111,0,0
381,2,TypeB,42500,000000000000000000000000000000000000011111110000000000000000000000000000000000000000000000000001111111100000000011111111000000000000000000011111110000000000000011111111,0,0
382,3,TypeC,29700,000000000000000000000000000000000001111100000000000000000000000000011111100000000000011111100000000000000000000000000000000000000000000000001111110000000000000000001111,0,0
383,4,TypeC,29700,000000000000000000000000000000000001111100000000000000000000000000011111100000000000011111100000000000000000000000000000000000000000000000001111110000000000000000001111,0,0
384,0,TypeA,53400,000000001111111110000000000000000000000000000000000000111111111000000000000000000000011111111110000000000000000000000000000011111111110000000000000000000000001111111111,0,0
385,1,TypeB,41100,000000000000001111111100000000000000011111110000000000000000000000000000000000000000000000000000000000000000000000001111111000000000011111110000000001111111000000000000,0,0
386,2,TypeB,41100,000000000000001111111100000000000000011111110000000000000000000000000000000000000000000000000000000000000000000000001111111000000000011111110000000001111111000000000000,0,0
387,3,TypeC,25000,000000000000000000000000000000000001110000000000000000000000000000000000000000111111000000000000000000000000000000000000000000000001111000000000011111000000000000001111,0,0
388,4,TypeC,25000,000000000000000000000000000000000001110000000000000000000000000000000000000000111111000000000000000000000000000000000000000000000001111000000000011111000000000000001111,0,0
389,0,TypeA,54300,000000000000000000001111111111000000000000000000000000111111111000000000000000000000000000000000000000001111111110000000000011111111110000000000000000011111111110000000,0,0
390,1,TypeB,40100,000000000000001111111100000000000000011111110000000000000000111111110000000000000000000000000000000000000000011111111000000000000000000000000000000001111111000000000000,0,0
391,2,TypeB,40100,000000000000001111111100000000000000011111110000000000000000111111110000000000000000000000000000000000000000011111111000000000000000000000000000000001111111000000000000,0,0
392,3,TypeC,27300,000000000000000000000000000111110000000000000000000000000000011111000000000000111111000000000000000000000000000000001111000000000001111000000000000000000000000000000000,0,0
393,4,TypeC,27300,000000000000000000000000000111110000000000000000000000000000011111000000000000111111000000000000000000000000000000001111000000000001111000000000000000000000000000000000,0,0
394,0,TypeA,56100,000000000000000000011111111110000000000000000000000000111111111000000000000000000000000000000000001111111110000000000000000011111111110000000000000000011111111110000000,0,0
395,1,TypeB,40100,000000000000001111111100000000000000011111110000000000000000000000000001111111100000000000000000000000000000011111111000000000000000000000000000000001111111000000000000,0,0
396,2,TypeB,40100,000000000000001111111100000000000000011111110000000000000000000000000001111111100000000000000000000000000000011111111000000000000000000000000000000001111111000000000000,0,0
397,3,TypeC,27900,000000000111111000000000000000000001110000000000000000000000000000011111100000000000000000000000000000000000000000000000000000000001111000000000011111000000000000000000,0,0
398,4,TypeC,27900,000000000111111000000000000000000001110000000000000000000000000000011111100000000000000000000000000000000000000000000000000000000001111000000000011111000000000000000000,0,0
399,0,TypeA,54200,000000000000000000001111111110000000000000000000000000111111111000000000000000000000000111111111000000000000000000000000000011111111110000000000000000011111111110000000,0,0
400,1,TypeB,38000,000000000000000000000000000000011111110000000000111111100000000001111111100000000001111111100000000000111111110000000000000000000000000000000000000000000000000000000000,0,0
401,2,TypeB,38000,000000000000000000000000000000011111110000000000111111100000000001111111100000000001111111100000000000111111110000000000000000000000000000000000000000000000000000000000,0,0
402,3,TypeC,25100,000000000000000000001111100000000001110000000000000000000000000000011111100000000000000000000000000000000000000000000000000000000001111000000000011111000000000000000000,0,0
403,4,TypeC,25100,000000000000000000001111100000000001110000000000000000000000000000011111100000000000000000000000000000000000000000000000000000000001111000000000011111000000000000000000,0,0
404,0,TypeA,51800,000000001111111110000000000000000000000000000000000000111111111000000000000000000000000111111111000000000000000000000000000011111111110000000000000000011111111110000000,0,0
405,1,TypeB,40100,000000000000001111111000000000000000000000000000111111100000000001111111100000000000000011111111000000000000000000000001111111100000000000000000000000000000000000000000,0,0
406,2,TypeB,40100,000000000000001111111000000000000000000000000000111111100000000001111111100000000000000011111111000000000000000000000001111111100000000000000000000000000000000000000000,0,0
407,3,TypeC,24100,000000000000000000000000000000000001110000000000000000000000000000011111100000000000000000000000000000000000000000000000000000000001111000000000011111000000000000001111,0,0
408,4,TypeC,24100,000000000000000000000000000000000001110000000000000000000000000000011111100000000000000000000000000000000000000000000000000000000001111000000000011111000000000000001111,0,0
409,0,TypeA,53000,000000111111111000000000000000000000000000000000000000000000000000000011111111100000000000000000000000001111111110000000000011111111110000000000000000011111111110000000,0,0
410,1,TypeB,41500,000000000000001111111000000000000000011111110000000000000000000000000000000000000000000000000000000000000000000011111111000000000000011111110000000000000000000011111111,0,0
411,2,TypeB,41500,000000000000001111111000000000000000011111110000000000000000000000000000000000000000000000000000000000000000000011111111000000000000011111110000000000000000000011111111,0,0
412,3,TypeC,31000,000000000000000000011111100000000000000000000000000000000000001111110000000000111111000000000011111100000000000000000000000000000001111000000000000000000000000000000000,0,0
413,4,TypeC,31000,000000000000000000011111100000000000000000000000000000000000001111110000000000111111000000000011111100000000000000000000000000000001111000000000000000000000000000000000,0,0
414,0,TypeA,53400,000000001111111111000000000000000000000000000000000000000000000000000011111111100000000000000000000000001111111110000000000011111111110000000000000000011111111110000000,0,0
415,1,TypeB,41500,000000000000000000000000000000000000011111110000000000000000000000000000111111100000000000000000000000000000000011111111000000000000011111110000000000000000000011111111,0,0
416,2,TypeB,41500,000000000000000000000000000000000000011111110000000000000000000000000000111111100000000000000000000000000000000011111111000000000000011111110000000000000000000011111111,0,0
417,3,TypeC,31900,000000000000001111110000000000000000000000000000000000000000001111110000000000111111000000000011111100000000000000000000000000000001111000000000000000000000000000000000,0,0
418,4,TypeC,31900,000000000000001111110000000000000000000000000000000000000000001111110000000000111111000000000011111100000000000000000000000000000001111000000000000000000000000000000000,0,0
419,0,TypeA,58100,011111111110000000000000000000000000000000000000000011111111110000000000000000000000000011111111110000000000000000000000000011111111110000000000000000011111111110000000,0,0
420,1,TypeB,41500,000000000000000000000000000000011111110000000000111111100000000000000000000000000000000000000000000000000000000011111111000000000000011111110000000000000000000011111111,0,0
421,2,TypeB,41500,000000000000000000000000000000011111110000000000111111100000000000000000000000000000000000000000000000000000000011111111000000000000011111110000000000000000000011111111,0,0
422,3,TypeC,28300,000000000000000000000000000000000000000000000000000000000000011111000000000000111111000000000011111100000000000000001111000000000001111000000000000000000000000000000000,0,0
423,4,TypeC,28300,000000000000000000000000000000000000000000000000000000000000011111000000000000111111000000000011111100000000000000001111000000000001111000000000000000000000000000000000,0,0
424,0,TypeA,54300,000000000000000000011111111110000000000000000000000000111111111000000000000000000000000000000000000000001111111110000000000011111111110000000000000000011111111110000000,0,0
425,1,TypeB,41500,000000001111111000000000000000000000011111110000000000000000000000000000000000000000000000000000000000000000000011111111000000000000011111110000000000000000000011111111,0,0
426,2,TypeB,41500,000000001111111000000000000000000000011111110000000000000000000000000000000000000000000000000000000000000000000011111111000000000000011111110000000000000000000011111111,0,0
427,3,TypeC,28900,000000000000000000000000000000000001110000000000000000000000001111110000000000111111000000000011111100000000000000000000000000000001111000000000000000000000000000000000,0,0
428,4,TypeC,28900,000000000000000000000000000000000001110000000000000000000000001111110000000000111111000000000011111100000000000000000000000000000001111000000000000000000000000000000000,0,0
429,0,TypeA,55200,000000000000000000111111111100000000000000000000000000111111111000000000000000000000000111111111000000000000000000000000000011111111110000000000000000011111111110000000,0,0
430,1,TypeB,43200,000000000000000000000000000000000000000000000000000000000000000001111111100000000001111111100000000000111111110000000001111111100000000000000000000000000011111110000000,0,0
431,2,TypeB,43200,000000000000000000000000000000000000000000000000000000000000000001111111100000000001111111100000000000111111110000000001111111100000000000000000000000000011111110000000,0,0
432,3,TypeC,28900,000000000000000000000000000000000001110000000000000000000000000000011111100000000001111110000000000111111000000000000000000000000001111000000000000000000000000000000000,0,0
433,4,TypeC,28900,000000000000000000000000000000000001110000000000000000000000000000011111100000000001111110000000000111111000000000000000000000000001111000000000000000000000000000000000,0,0
434,0,TypeA,53100,011111111110000000000000000000000001111111110000000000000001111111110000000000000000000000000000000000000000000000000000000011111111110000000000000000011111111110000000,0,0
435,1,TypeB,39100,000000000000000000000111111100000000011111110000000000000000000000000000111111100000000000000000000000111111110000000001111111100000000000000000000000000000000000000000,0,0
436,2,TypeB,39100,000000000000000000000111111100000000011111110000000000000000000000000000111111100000000000000000000000111111110000000001111111100000000000000000000000000000000000000000,0,0
437,3,TypeC,29200,000000000000001111110000000000000001110000000000000000000000000000011111100000000000011111100000000000000000000000000000000000000001111000000000000000000000000000000000,0,0
438,4,TypeC,29200,000000000000001111110000000000000001110000000000000000000000000000011111100000000000011111100000000000000000000000000000000000000001111000000000000000000000000000000000,0,0
439,0,TypeA,57900,011111111110000000000000000000000000000000000000111111111000000000000011111111100000000000000000000000000000000000000000000011111111110000000000000000011111111110000000,0,0
440,1,TypeB,41100,000000000000001111111100000000000000000000000000000000000000011111110000000000111111110000000000000000111111110000000001111111100000000000000000000000000000000000000000,0,0
441,2,TypeB,41100,000000000000001111111100000000000000000000000000000000000000011111110000000000111111110000000000000000111111110000000001111111100000000000000000000000000000000000000000,0,0
442,3,TypeC,30400,000000000000000000000000111111000000000000011111100000000000000000011111100000000000011111100000000000000000000000000000000000000001111000000000000000000000000000000000,0,0
443,4,TypeC,30400,000000000000000000000000111111000000000000011111100000000000000000011111100000000000011111100000000000000000000000000000000000000001111000000000000000000000000000000000,0,0
444,0,TypeA,56500,011111111110000000000000000000000000000000000000000011111111110000000000000000000000000111111111000000000000000000000000000011111111110000000000000000011111111110000000,0,0
445,1,TypeB,41300,000000000000000000000000000000000000011111110000000000000000000001111111100000000000000011111111000000000000000000001111111000000000011111111000000000000000000000000000,0,0
446,2,TypeB,41300,000000000000000000000000000000000000011111110000000000000000000001111111100000000000000011111111000000000000000000001111111000000000011111111000000000000000000000000000,0,0
447,3,TypeC,28300,000000000000000000011111100000000001110000000000000000000000000000011111100000000000011111100000000000000000000000000000000000000001111000000000000000000000000000000000,0,0
448,4,TypeC,28300,000000000000000000011111100000000001110000000000000000000000000000011111100000000000011111100000000000000000000000000000000000000001111000000000000000000000000000000000,0,0
449,0,TypeA,52400,000000000000011111111100000000000000000000000000000000111111111000000000000000000000000111111111000000000000000000000000000011111111110000000000000000011111111110000000,0,0
450,1,TypeB,43500,000000000000000000000000000000000000000000000000000000111111110000000000000000000001111111100000000000111111110000000000000000000000000000011111110000000000000011111111,0,0
451,2,TypeB,43500,000000000000000000000000000000000000000000000000000000111111110000000000000000000001111111100000000000111111110000000000000000000000000000011111110000000000000011111111,0,0
452,3,TypeC,28200,000000000000000000000000000000000001110000000000000000000000011111000000000000111111000000000000000111111000000000000000000000000001111000000000000000000000000000000000,0,0
453,4,TypeC,28200,000000000000000000000000000000000001110000000000000000000000011111000000000000111111000000000000000111111000000000000000000000000001111000000000000000000000000000000000,0,0
454,0,TypeA,53700,000001111111111000000000000000000000000000000000000000111111111000000000000000000000000111111111000000000000000000000000000011111111110000000000000000011111111110000000,0,0
455,1,TypeB,45600,000000000000000000000000000000000000000000000000000000000000000000000000000000000001111111100000000000111111110000000001111111100000000000011111110000000000000011111111,0,0
456,2,TypeB,45600,000000000000000000000000000000000000000000000000000000000000000000000000000000000001111111100000000000111111110000000001111111100000000000011111110000000000000011111111,0,0
457,3,TypeC,24300,000000000000000000000000000000000001110000000000000000111000000000011111000000000000011111100000000000000000000000000000000000000001111000000000000000000000000000000000,0,0
458,4,TypeC,24300,000000000000000000000000000000000001110000000000000000111000000000011111000000000000011111100000000000000000000000000000000000000001111000000000000000000000000000000000,0,0
459,0,TypeA,54900,011111111110000000000000000000000000000000000000000000111111111000000000000000000000000111111111000000000000000000000000000011111111110000000000000000011111111110000000,0,0
460,1,TypeB,38000,000000000000000000000111111100000000011111110000000000000000000001111111100000000001111111100000000000111111110000000000000000000000000000000000000000000000000000000000,0,0
461,2,TypeB,38000,000000000000000000000111111100000000011111110000000000000000000001111111100000000001111111100000000000111111110000000000000000000000000000000000000000000000000000000000,0,0
462,3,TypeC,28200,000000000000000000000000000000000001110000000000000000000000011111000000000000111111000000000011111100000000000000000000000000000001111000000000000000000000000000000000,0,0
463,4,TypeC,28200,000000000000000000000000000000000001110000000000000000000000011111000000000000111111000000000011111100000000000000000000000000000001111000000000000000000000000000000000,0,0
464,0,TypeA,53500,000000001111111110000000000000000000000000000000111111111000000000000011111111100000000000000000000000000000000000000000000011111111110000000000000000001111111110000000,0,0
465,1,TypeB,44500,000000000000000000000111111110000000000000000000111111110000000000000000000000000001111111100000000000000000000000000001111111100000000000000000000000000000000011111111,0,0
466,2,TypeB,44500,000000000000000000000111111110000000000000000000111111110000000000000000000000000001111111100000000000000000000000000001111111100000000000000000000000000000000011111111,0,0
467,3,TypeC,28400,000000000000000000000000000000000000011111000000000000000000000000011111100000000000011111100000000000000000000000000000000000000000000000000000011111000000000000001111,0,0
468,4,TypeC,28400,000000000000000000000000000000000000011111000000000000000000000000011111100000000000011111100000000000000000000000000000000000000000000000000000011111000000000000001111,0,0
469,0,TypeA,59100,000000000000000000011111111110000000000000000000111111111000000000000011111111100000000000000000000000000000000000000000000011111111110000000000000001111111111000000000,0,0
470,1,TypeB,40200,000000001111111000000000000000000000000000011111110000000000011111110000000000000000000000000000000000000000000000000001111111100000000000000000000000000011111110000000,0,0
471,2,TypeB,40200,000000001111111000000000000000000000000000011111110000000000011111110000000000000000000000000000000000000000000000000001111111100000000000000000000000000011111110000000,0,0
472,3,TypeC,25100,000000000000000000000000000000000001110000000000000000000000000000011111000000000000011111100000000000000000000000000000000000000000000000000000011111000000000000001111,0,0
473,4,TypeC,25100,000000000000000000000000000000000001110000000000000000000000000000011111000000000000011111100000000000000000000000000000000000000000000000000000011111000000000000001111,0,0
474,0,TypeA,54200,000000000000000000011111111110000000000000000000000000111111111000000000000000000000000111111111000000000000000000000000000011111111110000000000000000001111111110000000,0,0
475,1,TypeB,43200,000000000000000000000000111111110000000000000000000000000000000001111111100000000001111111100000000000000000000000000001111111100000000000000000000001111111000000000000,0,0
476,2,TypeB,43200,000000000000000000000000111111110000000000000000000000000000000001111111100000000001111111100000000000000000000000000001111111100000000000000000000001111111000000000000,0,0
477,3,TypeC,27800,000000000000000000000000000111110000000000000000000000000000000000011111100000000001111110000000000000000000000000000000000000000000000000000000011111000000000000001111,0,0
478,4,TypeC,27800,000000000000000000000000000111110000000000000000000000000000000000011111100000000001111110000000000000000000000000000000000000000000000000000000011111000000000000001111,0,0
479,0,TypeA,53600,011111111110000000000000000000000000000000000000000000111111111000000000000000000000000111111111000000000000000000000000000011111111110000000000000000001111111110000000,0,0
480,1,TypeB,42200,000000001111111000000000000000000000000000000000000000000000000001111111100000000001111111100000000000000000000000000001111111100000000000000000000001111111000000000000,0,0
481,2,TypeB,42200,000000001111111000000000000000000000000000000000000000000000000001111111100000000001111111100000000000000000000000000001111111100000000000000000000001111111000000000000,0,0
482,3,TypeC,26100,000000000000000000000000000000000001110000000000000000000000000000011111100000000000011111100000000000000000000000000000000000000000000000000000011111000000000000001111,0,0
483,4,TypeC,26100,000000000000000000000000000000000001110000000000000000000000000000011111100000000000011111100000000000000000000000000000000000000000000000000000011111000000000000001111,0,0
484,0,TypeA,54000,011111111110000000000000000000011111111100000000000000111111111000000000000000000000000000000000000000000000000000000000000011111111110000000000000000011111111110000000,0,0
485,3,TypeC,29300,000000000000000000000111100000000001111100000000000000000000001111110000000000000000000000000011111100000000000000000000000000000000000000000000000000011111000000000000,0,0
486,4,TypeC,29300,000000000000000000000111100000000001111100000000000000000000001111110000000000000000000000000011111100000000000000000000000000000000000000000000000000011111000000000000,0,0
487,0,TypeA,52400,000000000000000000000000000000000001111111110000000000000000000000000011111111100000000000000000000000001111111110000000000011111111110000000000000000011111111110000000,0,0
488,3,TypeC,29900,000000000000000000011111100000000000000000000000011111100000000000011111100000000000000000000011111100000000000000000000000000000000000000000000000000011111000000000000,0,0
489,4,TypeC,29900,000000000000000000011111100000000000000000000000011111100000000000011111100000000000000000000011111100000000000000000000000000000000000000000000000000011111000000000000,0,0
490,0,TypeA,54300,000001111111111000000000000000000000000000000000000000000000000000000011111111100000000000000000000000001111111110000000000011111111110000000000000000011111111110000000,0,0
491,3,TypeC,27900,000000000000000000000000000000000000000000000000011111100000000000011111100000000000000000000011111100000000000000001111000000000000000000000000000000011111000000000000,0,0
492,4,TypeC,27900,000000000000000000000000000000000000000000000000011111100000000000011111100000000000000000000011111100000000000000001111000000000000000000000000000000011111000000000000,0,0
493,0,TypeA,55500,011111111110000000000000000000000000000000000000000000000000000000000011111111100000000000000000000000001111111110000000000011111111110000000000000000011111111110000000,0,0
494,1,TypeB,41100,000000000000000000000111111100000000000000000000000000000000000000000000000000000000000000000001111111100000000000001111111000000000011111110000000001111111000000000000,0,0
495,2,TypeB,41100,000000000000000000000111111100000000000000000000000000000000000000000000000000000000000000000001111111100000000000001111111000000000011111110000000001111111000000000000,0,0
496,3,TypeC,28400,000000000000000000000000000000000001111100000000000000000000000000011111100000000000000000000011111100000000000000001111000000000000000000000000000000011111000000000000,0,0
497,4,TypeC,28400,000000000000000000000000000000000001111100000000000000000000000000011111100000000000000000000011111100000000000000001111000000000000000000000000000000011111000000000000,0,0
498,0,TypeA,53700,011111111110000000000000000000000000000000000000000000111111111000000000000000000000000000000000000000001111111110000000000011111111110000000000000000011111111110000000,0,0
499,3,TypeC,28200,011111000000000000000000000000000001111100000000000000000000011100000000000000111111000000000000000000000000000000000000000000000000000000000000000000011111000000000000,0,0
500,4,TypeC,28200,011111000000000000000000000000000001111100000000000000000000011100000000000000111111000000000000000000000000000000000000000000000000000000000000000000011111000000000000,0,0
501,0,TypeA,53600,000000111111111000000000000000000000000000000000000000111111111000000000000000111111111100000000000000000000000000001111111110000000000000000000000001111111111000000000,0,0
502,1,TypeB,40000,000000001111111000000000111111110000000000000000000000000000000000000000000000000001111111100000000000000000000000001111111000000000000000000000000001111111000000000000,0,0
503,2,TypeB,40000,000000001111111000000000111111110000000000000000000000000000000000000000000000000001111111100000000000000000000000001111111000000000000000000000000001111111000000000000,0,0
504,3,TypeC,28400,000000000000000000000000111111000000000000000000000000000000000000011111100000000000000000000000000000001111110000000000000000000000111000000000011111000000000000000000,0,0
505,4,TypeC,28400,000000000000000000000000111111000000000000000000000000000000000000011111100000000000000000000000000000001111110000000000000000000000111000000000011111000000000000000000,0,0
506,0,TypeA,55800,000000001111111110000000000000000000000000000000000011111111110000000000000000111111111100000000000000000000000000001111111110000000000000000000011111111110000000000000,0,0
507,1,TypeB,42200,000000001111111000000000111111110000000000000000000000000000000000000000000000000000000000000000000000111111110000000001111111100000000000000000000000000011111110000000,0,0
508,2,TypeB,42200,000000001111111000000000111111110000000000000000000000000000000000000000000000000000000000000000000000111111110000000001111111100000000000000000000000000011111110000000,0,0
509,3,TypeC,31700,000000000000000000000000111111000000000000000000000000000000000000011111100000000000011111100000000000001111110000000000000000000000000000000000011111000000000000000000,0,0
510,4,TypeC,31700,000000000000000000000000111111000000000000000000000000000000000000011111100000000000011111100000000000001111110000000000000000000000000000000000011111000000000000000000,0,0
511,0,TypeA,56400,000000000000000000000111111111000000000000000000000000111111111000000000000000111111111100000000000000000000000000000000000011111111110000000000011111111110000000000000,0,0
512,1,TypeB,39000,000000000000000000000111111100000000011111110000000000000000000000000000000000111111110000000000000000000000000000001111111000000000000000000000000001111111000000000000,0,0
513,2,TypeB,39000,000000000000000000000111111100000000011111110000000000000000000000000000000000111111110000000000000000000000000000001111111000000000000000000000000001111111000000000000,0,0
514,3,TypeC,29600,000000000000000000000000000000000001111100000000000000000000011111000000000000111111000000000011111100000000000000001111000000000000000000000000000000000000000000000000,0,0
515,4,TypeC,29600,000000000000000000000000000000000001111100000000000000000000011111000000000000111111000000000011111100000000000000001111000000000000000000000000000000000000000000000000,0,0
516,0,TypeA,57600,000000000000000000111111111100000000000000000000000000111111111000000000000000111111111100000000000000000000000000001111111110000000000000000000011111111110000000000000,0,0
517,1,TypeB,39100,000000000000000000000111111110000000000000000000111111100000000000000000111111100000000000000000000000111111110000000000000000000000000000000000000001111111000000000000,0,0
518,2,TypeB,39100,000000000000000000000111111110000000000000000000111111100000000000000000111111100000000000000000000000111111110000000000000000000000000000000000000001111111000000000000,0,0
519,3,TypeC,31000,000000000000000000000000000000000001111100000000000000000000000000000000000000000000011111100000000000001111110000000000000000000000011100000000000000011111000000000000,0,0
520,4,TypeC,31000,000000000000000000000000000000000001111100000000000000000000000000000000000000000000011111100000000000001111110000000000000000000000011100000000000000011111000000000000,0,0
521,0,TypeA,51400,000000001111111110000000000000000000000000000000000000111111111000000000000000000000011111111110000000000000000000001111111110000000000000000000000000001111111110000000,0,0
522,1,TypeB,37000,000000001111111000000000000000011111110000000000111111100000000000000000000000111111110000000000000000111111110000000000000000000000000000000000000000000000000000000000,0,0
523,2,TypeB,37000,000000001111111000000000000000011111110000000000111111100000000000000000000000111111110000000000000000111111110000000000000000000000000000000000000000000000000000000000,0,0
524,3,TypeC,29700,000000000000000000000000000000000001111100000000000000000000011111000000000000000000011111100000000000000000000000000000000000000000011100000000000000011111000000000000,0,0
525,4,TypeC,29700,000000000000000000000000000000000001111100000000000000000000011111000000000000000000011111100000000000000000000000000000000000000000011100000000000000011111000000000000,0,0
526,0,TypeA,51200,000000000000011111111000000000000000000000000000000000111111111000000000000000111111111100000000000000000000000000000000000000000000011111111110000000000001111111111000,0,0
527,1,TypeB,39100,000000000000001111111000000000000000011111110000000000000000000000000000000000111111110000000000000000111111110000000000000000000000000000000000000001111111000000000000,0,0
528,2,TypeB,39100,000000000000001111111000000000000000011111110000000000000000000000000000000000111111110000000000000000111111110000000000000000000000000000000000000001111111000000000000,0,0
529,3,TypeC,27500,000000000011111000000000000000000000000000000000000000000000011111000000000000111111000000000000000000000000000000000000000000000000011100000000000000000000000000001111,0,0
530,4,TypeC,27500,000000000011111000000000000000000000000000000000000000000000011111000000000000111111000000000000000000000000000000000000000000000000011100000000000000000000000000001111,0,0
531,0,TypeA,54000,000000000000001111111100000000000000000000000000000000000000011111111110000000000000000011111111110000000000000000000000000000000000011111111110000000000001111111111000,0,0
532,1,TypeB,42200,000000001111111000000000111111110000000000000000000000000000000000000000000000000000000000000000000000111111110000000001111111100000000000000000000001111111000000000000,0,0
533,2,TypeB,42200,000000001111111000000000111111110000000000000000000000000000000000000000000000000000000000000000000000111111110000000001111111100000000000000000000001111111000000000000,0,0
534,3,TypeC,28300,000000000000000000000000111111000000000000000000000000000000111111000000000000111111000000000000000000000000000000000000000000000000011100000000000000000000000000001111,0,0
535,4,TypeC,28300,000000000000000000000000111111000000000000000000000000000000111111000000000000111111000000000000000000000000000000000000000000000000011100000000000000000000000000001111,0,0
536,0,TypeA,54000,000000001111111110000000000000000000000000000000000000111111111000000000000000111111111100000000000000000000000000000000000011111111110000000000011111111110000000000000,0,0
537,1,TypeB,42500,000000001111111000000000111111110000000000000000000000000000000000000000000000000000000000000000000000111111110000000000000000011111111000000000000001111111000000000000,0,0
538,2,TypeB,42500,000000001111111000000000111111110000000000000000000000000000000000000000000000000000000000000000000000111111110000000000000000011111111000000000000001111111000000000000,0,0
539,3,TypeC,26800,000000000000000000000000111111000000000000000000000000000000000000000000000000111111000000000000000111111000000000000000000000000000011100000000000000000000000000001111,0,0
540,4,TypeC,26800,000000000000000000000000111111000000000000000000000000000000000000000000000000111111000000000000000111111000000000000000000000000000011100000000000000000000000000001111,0,0
541,0,TypeA,52400,000000000000001111111100000000000000000000000000000000111111111000000000000000111111111100000000000000000000000000000000000000000000011111111110000000000000001111111111,0,0
542,1,TypeB,40000,000000001111111000000000111111110000000000000000000000000000000000000000000000111111110000000000000000000000000000001111111000000000000000000000000001111111000000000000,0,0
543,2,TypeB,40000,000000001111111000000000111111110000000000000000000000000000000000000000000000111111110000000000000000000000000000001111111000000000000000000000000001111111000000000000,0,0
544,3,TypeC,25800,000000000000000000000000111110000000000000000000000000000000000000000000000000111111000000000011111100000000000000000000000000000000011100000000000000000000000000001111,0,0
545,4,TypeC,25800,000000000000000000000000111110000000000000000000000000000000000000000000000000111111000000000011111100000000000000000000000000000000011100000000000000000000000000001111,0,0
546,0,TypeA,53700,011111111110000000000000000000000001111111110000000000000000011111111110000000000000000000000000000000000000000000000000000011111111110000000000000000001111111110000000,0,0
547,1,TypeB,40000,000000000000001111111100000000000000011111110000000000000000000000000000000000000001111111100000000000000000000000001111111000000000000000000000000001111111000000000000,0,0
548,2,TypeB,40000,000000000000001111111100000000000000011111110000000000000000000000000000000000000001111111100000000000000000000000001111111000000000000000000000000001111111000000000000,0,0
549,3,TypeC,26800,000000000000000000000000111111000000000000000000000000000000000000000000000000111111000000000011111100000000000000000000000000000000011100000000000000000000000000001111,0,0
550,4,TypeC,26800,000000000000000000000000111111000000000000000000000000000000000000000000000000111111000000000011111100000000000000000000000000000000011100000000000000000000000000001111,0,0
551,0,TypeA,56600,000000001111111111000000000000000000000000000000000011111111110000000000000000111111111100000000000000000000000000000000000011111111110000000000011111111110000000000000,0,0
552,1,TypeB,40000,000000000000001111111100000000000000011111110000000000111111110000000000000000000000000000000000000000000000000000001111111000000000000000000000000001111111000000000000,0,0
553,2,TypeB,40000,000000000000001111111100000000000000011111110000000000111111110000000000000000000000000000000000000000000000000000001111111000000000000000000000000001111111000000000000,0,0
554,3,TypeC,28100,000000000000000000000000111111000000000000000000000000000000011111000000000000111111000000000001111100000000000000000000000000000000000000000000000000000000000000001111,0,0
555,4,TypeC,28100,000000000000000000000000111111000000000000000000000000000000011111000000000000111111000000000001111100000000000000000000000000000000000000000000000000000000000000001111,0,0
556,0,TypeA,52800,000000001111111110000000000000000000000000000000000011111111110000000000000000000000011111111110000000000000000000000000000011111111110000000000000000001111111110000000,0,0
557,1,TypeB,39000,000000001111111000000000111111110000000000000000111111100000000000000000000000000000000000000000000000000000000000001111111000000000000000000000000000000011111110000000,0,0
558,2,TypeB,39000,000000001111111000000000111111110000000000000000111111100000000000000000000000000000000000000000000000000000000000001111111000000000000000000000000000000011111110000000,0,0
559,3,TypeC,24800,000000000000000000001111100000000000000000000000000000000000011100000000000000111111000000000011111000000000000000000000000000000000000000000000000000000000000000001111,0,0
560,4,TypeC,24800,000000000000000000001111100000000000000000000000000000000000011100000000000000111111000000000011111000000000000000000000000000000000000000000000000000000000000000001111,0,0
561,0,TypeA,52500,000000001111111110000000000000000000000000000000000011111111110000000000000000111111111100000000000000000000000000000000000011111111110000000000000000001111111110000000,0,0
562,1,TypeB,39000,000000001111111000000000111111110000000000000000111111100000000000000000000000000000000000000000000000000000000000001111111000000000000000000000000001111111000000000000,0,0
563,2,TypeB,39000,000000001111111000000000111111110000000000000000111111100000000000000000000000000000000000000000000000000000000000001111111000000000000000000000000001111111000000000000,0,0
564,3,TypeC,24000,000000000000000000000000111111000000000000000000000011100000000000011111100000000000000000000011111000000000000000000000000000000000000000000000000000000000000000001111,0,0
565,4,TypeC,24000,000000000000000000000000111111000000000000000000000011100000000000011111100000000000000000000011111000000000000000000000000000000000000000000000000000000000000000001111,0,0
566,0,TypeA,51800,000000001111111110000000000011111111110000000000000000111111111000000000000000000000000000000000000000111111111000000000000000000000011111111110000000000000000000000000,0,0
567,1,TypeB,39100,011111111000000000111111100000000000011111110000000000000000000000000000000000000000000000000000000000111111110000000000000000000000000000011111110000000000000000000000,0,0
568,2,TypeB,39100,011111111000000000111111100000000000011111110000000000000000000000000000000000000000000000000000000000111111110000000000000000000000000000011111110000000000000000000000,0,0
569,3,TypeC,25700,000000000000000000000111100000000000000000000000000000111111000000000011100000000001111110000000000000000000000000000000000000000000000000000000000000000000000000001111,0,0
570,4,TypeC,25700,000000000000000000000111100000000000000000000000000000111111000000000011100000000001111110000000000000000000000000000000000000000000000000000000000000000000000000001111,0,0
571,0,TypeA,53600,000000001111111111000000000000000001111111110000000000000000000000000011111111100000000000000000001111111110000000000000000000000000011111111110000000000000000000000000,0,0
572,1,TypeB,41400,000000000000001111111100000000000000011111110000000000000000000001111111100000000000000000000000000000111111110000000000000000000000011111111000000000000000000000000000,0,0
573,2,TypeB,41400,000000000000001111111100000000000000011111110000000000000000000001111111100000000000000000000000000000111111110000000000000000000000011111111000000000000000000000000000,0,0
574,3,TypeC,25200,000000000000000000000000111110000000000000000000000011100000000000011111100000000000011111100000000000000000000000000000000000000000000000000000000000000000000000001111,0,0
575,4,TypeC,25200,000000000000000000000000111110000000000000000000000011100000000000011111100000000000011111100000000000000000000000000000000000000000000000000000000000000000000000001111,0,0
576,0,TypeA,53700,011111111110000000000000000000000001111111110000000000000000001111111111000000000000000000000000000000001111111110000000000000000000011111111110000000000000000000000000,0,0
577,1,TypeB,40100,000000000000011111111000000000000000011111110000000000000000000000000000000000000001111111100000000000111111110000000000000000000000000000011111110000000000000000000000,0,0
578,2,TypeB,40100,000000000000011111111000000000000000011111110000000000000000000000000000000000000001111111100000000000111111110000000000000000000000000000011111110000000000000000000000,0,0
579,3,TypeC,27000,000000000000011111100000000000000000000000000000000000000000011100000000000000111111000000000011111000000000000000000000000000000000000000000000000000000000000000001111,0,0
580,4,TypeC,27000,000000000000011111100000000000000000000000000000000000000000011100000000000000111111000000000011111000000000000000000000000000000000000000000000000000000000000000001111,0,0
581,0,TypeA,53000,000000000000001111111100000000000000000000000000000000111111111000000000000000000000000000000000011111111110000000000000000000000000011111111110000000000001111111111000,0,0
582,1,TypeB,40100,000000000000001111111100000000000000011111110000000000000000000000000000000000111111110000000000000000111111110000000000000000000000000000011111110000000000000000000000,0,0
583,2,TypeB,40100,000000000000001111111100000000000000011111110000000000000000000000000000000000111111110000000000000000111111110000000000000000000000000000011111110000000000000000000000,0,0
584,3,TypeC,29100,000000000000000000000000111111000000000000000000000000000000011111000000000000111111000000000011111100000000000000000000000000000000000000000000000000000000000000001111,0,0
585,4,TypeC,29100,000000000000000000000000111111000000000000000000000000000000011111000000000000111111000000000011111100000000000000000000000000000000000000000000000000000000000000001111,0,0
586,0,TypeA,56200,000000000000000000011111111100000000000000000000111111111000000000000011111111100000000000000000000000111111111000000000000000000000011111111110000000000000000000000000,0,0
587,1,TypeB,42200,000000000000001111111100000000000000011111110000000000000000000000000000000000000000000000000000000000111111110000000001111111100000000000000000000001111111000000000000,0,0
588,2,TypeB,42200,000000000000001111111100000000000000011111110000000000000000000000000000000000000000000000000000000000111111110000000001111111100000000000000000000001111111000000000000,0,0
589,3,TypeC,29000,000000000000000000000000000000000000000000011111100000000000000000011111100000000000011111100000000000000000000000000000000000000001110000000000000000011111000000000000,0,0
590,4,TypeC,29000,000000000000000000000000000000000000000000011111100000000000000000011111100000000000011111100000000000000000000000000000000000000001110000000000000000011111000000000000,0,0
591,0,TypeA,54600,000001111111111000000000000000011111111100000000000011111111110000000000000000000000000000000000001111111110000000000000000000000000011111111110000000000000000000000000,0,0
592,1,TypeB,41300,011111111000000000000000000000000000011111110000000000000000000000000000000000000000000000000000000111111110000000001111111000000000000000000000011111111000000000000000,0,0
593,2,TypeB,41300,011111111000000000000000000000000000011111110000000000000000000000000000000000000000000000000000000111111110000000001111111000000000000000000000011111111000000000000000,0,0
594,3,TypeC,26800,000000000000000000000000000000000000011100000000000000000000011111000000000000111111000000000000000000000000000000000000000000000001110000000000000000011111000000000000,0,0
595,4,TypeC,26800,000000000000000000000000000000000000011100000000000000000000011111000000000000111111000000000000000000000000000000000000000000000001110000000000000000011111000000000000,0,0
596,0,TypeA,55900,000000000000000000000000000000000001111111110000000000000000001111111111000000000000011111111110000000000000000000000000000011111111110000000000011111111110000000000000,0,0
597,1,TypeB,41400,000000001111111000000000111111110000000000000000000000000000000000000000000000000001111111100000000000111111110000000000000000000000000000000000011111111000000000000000,0,0
598,2,TypeB,41400,000000001111111000000000111111110000000000000000000000000000000000000000000000000001111111100000000000111111110000000000000000000000000000000000011111111000000000000000,0,0
599,3,TypeC,26200,000000000000000000000000000000000001111100000000000000111000000000000000000000111111000000000000000000000000000000000000000000000001110000000000000000011111000000000000,0,0
600,4,TypeC,26200,000000000000000000000000000000000001111100000000000000111000000000000000000000111111000000000000000000000000000000000000000000000001110000000000000000011111000000000000,0,0
601,0,TypeA,51500,000000001111111110000000000000000001111111110000000000000001111111110000000000000000000000000000011111111110000000000000000000000000011111111110000000000000000000000000,0,0
602,1,TypeB,41200,011111111000000000000111111110000000000000000000000000000000011111110000000000000000000000000000000000000000000000000000000000011111110000000000000001111111000000000000,0,0
603,2,TypeB,41200,011111111000000000000111111110000000000000000000000000000000011111110000000000000000000000000000000000000000000000000000000000011111110000000000000001111111000000000000,0,0
604,3,TypeC,26600,011100000000000000000000000000000000000000000000000000000000001111110000000000111111000000000000000000000000000000000000000000000001110000000000000000011111000000000000,0,0
605,4,TypeC,26600,011100000000000000000000000000000000000000000000000000000000001111110000000000111111000000000000000000000000000000000000000000000001110000000000000000011111000000000000,0,0
606,0,TypeA,52100,000000000001111111111000000000000001111111110000000000000000000000000011111111100000000000000000000000001111111110000000000000000000011111111110000000000000000000000000,0,0
607,1,TypeB,42500,000000000000000000000000000000011111110000000000000000111111110000000000000000000000000000000000000000111111110000000000000000011111110000000000011111111000000000000000,0,0
608,2,TypeB,42500,000000000000000000000000000000011111110000000000000000111111110000000000000000000000000000000000000000111111110000000000000000011111110000000000011111111000000000000000,0,0
609,3,TypeC,24700,011100000000000000000000000000000000000000000000000000000000000000000000000000111111000000000011111000000000000000000000000000000001110000000000000000011111000000000000,0,0
610,4,TypeC,24700,011100000000000000000000000000000000000000000000000000000000000000000000000000111111000000000011111000000000000000000000000000000001110000000000000000011111000000000000,0,0
611,0,TypeA,50200,000000001111111100000000000000011111111100000000000000111111111000000000000000000000011111111110000000000000000000000000000000000000011111111110000000000000000000000000,0,0
612,1,TypeB,43500,000000000000001111111100000000000000000000000000000000000000000000000001111111100000000011111111000000000000000000000000000000111111110000000000000001111111000000000000,0,0
613,2,TypeB,43500,000000000000001111111100000000000000000000000000000000000000000000000001111111100000000011111111000000000000000000000000000000111111110000000000000001111111000000000000,0,0
614,3,TypeC,27100,000000000000000000000000000000000001111100000000000000000000011100000000000000111111000000000000000000000000000000000000000000000001110000000000000000011111000000000000,0,0
615,4,TypeC,27100,000000000000000000000000000000000001111100000000000000000000011100000000000000111111000000000000000000000000000000000000000000000001110000000000000000011111000000000000,0,0
616,0,TypeA,53900,011111111110000000000000000000000001111111110000000000000000000000000011111111100000000000000000000000001111111110000000000000000000011111111110000000000000000000000000,0,0
617,1,TypeB,40500,000000000000000000111111100000000000011111110000000000000000000000000000111111100000000000000000000000000000000000000000000000111111110000000000000001111111000000000000,0,0
618,2,TypeB,40500,000000000000000000111111100000000000011111110000000000000000000000000000111111100000000000000000000000000000000000000000000000111111110000000000000001111111000000000000,0,0
619,3,TypeC,26500,000000001110000000000000000000000000000000000000000000000000011111000000000000111111000000000000000000000000000000000000000000000001110000000000000000011111000000000000,0,0
620,4,TypeC,26500,000000001110000000000000000000000000000000000000000000000000011111000000000000111111000000000000000000000000000000000000000000000001110000000000000000011111000000000000,0,0
621,0,TypeA,49800,000000000000000000000000000000011111111100000000000000111111111000000000000000000000000000000000001111111110000000000000000000000000011111111110000000000011111111000000,0,0
622,1,TypeB,39100,011111111000000000000000000000000000011111110000000000000000000000000000111111100000000000000000000000111111110000000000000000000000000000000000000001111111000000000000,0,0
623,2,TypeB,39100,011111111000000000000000000000000000011111110000000000000000000000000000111111100000000000000000000000111111110000000000000000000000000000000000000001111111000000000000,0,0
624,3,TypeC,25000,011111000000000000000000000000000000000000000000000000000000000000000011100000000000011111100000000000000000000000000000000000000001110000000000000000011111000000000000,0,0
625,4,TypeC,25000,011111000000000000000000000000000000000000000000000000000000000000000011100000000000011111100000000000000000000000000000000000000001110000000000000000011111000000000000,0,0
626,0,TypeA,50800,000000000000000000000000000001111111110000000000000000111111111000000000000000000000000000000000000000111111111000000000000011111111110000000000000000001111111110000000,0,0
627,1,TypeB,42200,000000000000000000000000000000000000000000000000111111110000000000000000111111100000000000000000000000111111110000000001111111100000000000000000000001111111000000000000,0,0
628,2,TypeB,42200,000000000000000000000000000000000000000000000000111111110000000000000000111111100000000000000000000000111111110000000001111111100000000000000000000001111111000000000000,0,0
629,3,TypeC,30300,011111100000000000000000000000000000000000000000000000000000000000011111100000000001111110000000000000000000000000000000000000000001110000000000000001111110000000000000,0,0
630,4,TypeC,30300,011111100000000000000000000000000000000000000000000000000000000000011111100000000001111110000000000000000000000000000000000000000001110000000000000001111110000000000000,0,0
631,0,TypeA,52700,000000111111111000000000000000000001111111110000000000000000011111111110000000000000000000000000001111111110000000000000000000000000011111111110000000000000000000000000,0,0
632,3,TypeC,30100,000000000000000000000000000000000001111100000000000000000000001111110000000000111111000000000000000000000000000000000000000000000001110000000000000000011111000000000000,0,0
633,4,TypeC,30100,000000000000000000000000000000000001111100000000000000000000001111110000000000111111000000000000000000000000000000000000000000000001110000000000000000011111000000000000,0,0
634,0,TypeA,49900,000000111111111000000000000000011111111100000000000000111111111000000000000000000000000000000000000000001111111110000000000000000000011111111110000000000000000000000000,0,0
635,1,TypeB,40400,000000001111111000000000000000000000000000000000111111100000000000000001111111100000000000000000000000111111110000000000000000000000000000000000011111111000000000000000,0,0
636,2,TypeB,40400,000000001111111000000000000000000000000000000000111111100000000000000001111111100000000000000000000000111111110000000000000000000000000000000000011111111000000000000000,0,0
637,3,TypeC,29400,000000000000000000000000000000000001111100000000000000000000011111000000000000111111000000000000000000000000000000000000000000000001110000000000000000011111000000000000,0,0
638,4,TypeC,29400,000000000000000000000000000000000001111100000000000000000000011111000000000000111111000000000000000000000000000000000000000000000001110000000000000000011111000000000000,0,0
639,0,TypeA,51400,000000000000000000000000000000011111111100000000000000000000000000000011111111100000000000000000000000001111111110000000000011111111110000000000000000001111111110000000,0,0
640,1,TypeB,40100,000000000000000000000000000000000000011111110000000000000000000001111111100000000000000011111111000000000000011111111000000000000000000000000000000001111111000000000000,0,0
641,2,TypeB,40100,000000000000000000000000000000000000011111110000000000000000000001111111100000000000000011111111000000000000011111111000000000000000000000000000000001111111000000000000,0,0
642,3,TypeC,32300,000000000000000000000000000000000000000000000000000000000000111111000000000000111111000000000011111100000000000000000001111110000000000000000000000000011111000000000000,0,0
643,4,TypeC,32300,000000000000000000000000000000000000000000000000000000000000111111000000000000111111000000000011111100000000000000000001111110000000000000000000000000011111000000000000,0,0
644,0,TypeA,59000,011111111110000000000000000011111111110000000000000000000000011111111110000000000000000000111111111100000000000000000000000000000000011111111110000000000000000000000000,0,0
645,1,TypeB,42500,000000000000001111111100000000011111110000000000000000000000000000000000000000000000000011111111000000000000000000000000000000011111110000000000011111111000000000000000,0,0
646,2,TypeB,42500,000000000000001111111100000000011111110000000000000000000000000000000000000000000000000011111111000000000000000000000000000000011111110000000000011111111000000000000000,0,0
647,3,TypeC,27100,000000000000000000000111100000000000011100000000000000000000000000011111100000000000011111100000000000000000000000000001111110000000000000000000000000000000000000000000,0,0
648,4,TypeC,27100,000000000000000000000111100000000000011100000000000000000000000000011111100000000000011111100000000000000000000000000001111110000000000000000000000000000000000000000000,0,0
649,0,TypeA,56300,000000000000000000011111111100000000000000000000000000000000000000000011111111100000000000000000001111111110000000000000000000000000011111111110000000000001111111111000,0,0
650,1,TypeB,41500,000000001111111000000000000000011111110000000000000000000000000000000000111111100000000000000000000000000000000000000001111111100000000000000000011111111000000000000000,0,0
651,2,TypeB,41500,000000001111111000000000000000011111110000000000000000000000000000000000111111100000000000000000000000000000000000000001111111100000000000000000011111111000000000000000,0,0
652,3,TypeC,27700,000000000000000000000000000000000000011100000000000000000000000000000000000000111111000000000011111000000000000000000001111110000000000000000000000000011111000000000000,0,0
653,4,TypeC,27700,000000000000000000000000000000000000011100000000000000000000000000000000000000111111000000000011111000000000000000000001111110000000000000000000000000011111000000000000,0,0
654,0,TypeA,55200,000000111111111000000000000011111111110000000000000000111111111000000000000000000000000000000000000000000000000000000000000011111111110000000000011111111110000000000000,0,0
655,1,TypeB,40100,000000001111111000000000111111110000000000000000000000000000000000000000111111100000000000000000000000111111110000000001111111100000000000000000000000000000000000000000,0,0
656,2,TypeB,40100,000000001111111000000000111111110000000000000000000000000000000000000000111111100000000000000000000000111111110000000001111111100000000000000000000000000000000000000000,0,0
657,3,TypeC,31600,000000000000000000000000000000000001111100000000000000000000000000011111100000000000011111100000000000000000000000000001111110000000000000000000000000011111000000000000,0,0
658,4,TypeC,31600,000000000000000000000000000000000001111100000000000000000000000000011111100000000000011111100000000000000000000000000001111110000000000000000000000000011111000000000000,0,0
659,0,TypeA,57100,000000000000000000000000000000000001111111110000000000000000011111111110000000000000000000111111111100000000000000000000000011111111110000000000011111111110000000000000,0,0
660,1,TypeB,43500,000000000000000000000000111111110000000000000000111111100000000001111111100000000000000000000000000000000000000000000001111111100000000000000000011111111000000000000000,0,0
661,2,TypeB,43500,000000000000000000000000111111110000000000000000111111100000000001111111100000000000000000000000000000000000000000000001111111100000000000000000011111111000000000000000,0,0
662,3,TypeC,27100,000000000000000000000000000111110000000000000000000011100000000000011111100000000000011111100000000000000000000000000000000000000000000000000000000000011111000000000000,0,0
663,4,TypeC,27100,000000000000000000000000000111110000000000000000000011100000000000011111100000000000011111100000000000000000000000000000000000000000000000000000000000011111000000000000,0,0
664,0,TypeA,53100,000000001111111111000000000000000000000000000000000000000000000000000011111111100000000000000000000000001111111110000000000000000000011111111110000000000001111111111000,0,0
665,1,TypeB,42500,000000000000001111111100000000000000011111110000000000000000000000000000000000000000000000000000000000000000011111111000000000111111110000000000000001111111000000000000,0,0
666,2,TypeB,42500,000000000000001111111100000000000000011111110000000000000000000000000000000000000000000000000000000000000000011111111000000000111111110000000000000001111111000000000000,0,0
667,3,TypeC,26700,000000000000000000000000000111110000000000000000000000000000000000000000000000111111000000000011111000000000000000000000000000000000011100000000000000011111000000000000,0,0
668,4,TypeC,26700,000000000000000000000000000111110000000000000000000000000000000000000000000000111111000000000011111000000000000000000000000000000000011100000000000000011111000000000000,0,0
669,0,TypeA,55100,000000000000000000000000000000000000000000000000111111111000000000000011111111100000000000000000000000111111111000000000000000000000011111111110000000000001111111111000,0,0
670,3,TypeC,29100,011111100000000000000111100000000000000000000000000000000000000000011111100000000000011111100000000000000000000000000000000000000000000000000000000000011111000000000000,0,0
671,4,TypeC,29100,011111100000000000000111100000000000000000000000000000000000000000011111100000000000011111100000000000000000000000000000000000000000000000000000000000011111000000000000,0,0
672,0,TypeA,55200,000000000000000000000000000011111111110000000000000000111111111000000000000000000000000000000000001111111110000000000000000000000000011111111110000000000000001111111111,0,0
673,1,TypeB,42500,000000000000000000000000000000011111110000000000000000111111110000000000000000000000000000000000000000111111110000000000000000000000000000011111110000000000000011111111,0,0
674,2,TypeB,42500,000000000000000000000000000000011111110000000000000000111111110000000000000000000000000000000000000000111111110000000000000000000000000000011111110000000000000011111111,0,0
675,3,TypeC,24100,000000000000000000000000000111110000000000000000000000111000000000000011100000000000011111100000000000000000000000000000000000000000000000000000000000011111000000000000,0,0
676,4,TypeC,24100,000000000000000000000000000111110000000000000000000000111000000000000011100000000000011111100000000000000000000000000000000000000000000000000000000000011111000000000000,0,0
677,0,TypeA,51200,000000000000000000000000000000011111111100000000000000111111111000000000000000000000000000000000000000111111111000000000000000000000011111111110000000000001111111111000,0,0
678,3,TypeC,27000,000000000000000000000111100000000000000000000000000000000000000000011111100000000000011111100000000000000000000000000000000000000000011100000000000000011111000000000000,0,0
679,4,TypeC,27000,000000000000000000000111100000000000000000000000000000000000000000011111100000000000011111100000000000000000000000000000000000000000011100000000000000011111000000000000,0,0
680,0,TypeA,50900,000000000000000000000000000011111111110000000000000000000001111111110000000000000000000000000000000000001111111110000000000011111111110000000000000000001111111110000000,0,0
681,1,TypeB,42500,000000001111111000000000000000000000011111110000000000000000000000000000000000000000000000000000000000111111110000000001111111100000000000000000000000000000000011111111,0,0
682,2,TypeB,42500,000000001111111000000000000000000000011111110000000000000000000000000000000000000000000000000000000000111111110000000001111111100000000000000000000000000000000011111111,0,0
683,3,TypeC,26900,000000000000000000000000000000000000000000000000000000000000011111000000000000111111000000000001111000000000000000000000000000000000011100000000000000011111000000000000,0,0
684,4,TypeC,26900,000000000000000000000000000000000000000000000000000000000000011111000000000000111111000000000001111000000000000000000000000000000000011100000000000000011111000000000000,0,0
685,0,TypeA,54000,000000001111111111000000000000011111111100000000000000111111111000000000000000000000000000000001111111111000000000000000000000000000011111111110000000000000000000000000,0,0
686,3,TypeC,28000,000000000000000000000000000111110000000000000000000000000000000000011111100000000000011111100000000000000000000000000000000000000000011100000000000000011111000000000000,0,0
687,4,TypeC,28000,000000000000000000000000000111110000000000000000000000000000000000011111100000000000011111100000000000000000000000000000000000000000011100000000000000011111000000000000,0,0
688,0,TypeA,48000,000000000000000000000000000000011111111100000000000000111111111000000000000000000001111111100000000000001111111110000000000000000000011111111110000000000000000000000000,0,0
689,1,TypeB,40100,000000000000000000000000111111110000000000000000000000111111110000000000111111100000000000000000000000111111110000000000000000000000000000000000000001111111000000000000,0,0
690,2,TypeB,40100,000000000000000000000000111111110000000000000000000000111111110000000000111111100000000000000000000000111111110000000000000000000000000000000000000001111111000000000000,0,0
691,3,TypeC,29500,000000000000000000000000000000000001111100000000000000000000000000011111100000000000011111100000000000000000000000000000000000000000011100000000000000011111000000000000,0,0
692,4,TypeC,29500,000000000000000000000000000000000001111100000000000000000000000000011111100000000000011111100000000000000000000000000000000000000000011100000000000000011111000000000000,0,0
693,0,TypeA,51900,000000000000000000000000000000000000000000000000000000111111111000000000000000111111111100000000000000001111111110000000000000000000011111111110000000000001111111111000,0,0
694,1,TypeB,43500,000000000000000000000000111111110000000000000000111111110000000000000000000000000000000000000000000000111111110000000000000000111111110000000000000001111111000000000000,0,0
695,2,TypeB,43500,000000000000000000000000111111110000000000000000111111110000000000000000000000000000000000000000000000111111110000000000000000111111110000000000000001111111000000000000,0,0
696,3,TypeC,25100,000000000000000000000000111111000000000000000000000000000000000000000011100000000000011111100000000000000000000000000000000000000000111000000000011111000000000000000000,0,0
697,4,TypeC,25100,000000000000000000000000111111000000000000000000000000000000000000000011100000000000011111100000000000000000000000000000000000000000111000000000011111000000000000000000,0,0
698,1,TypeB,42500,000000000000001111111100000000000000011111110000000000000000000000000000000000000000000000000000000000111111110000000000000000111111110000000000000001111111000000000000,0,0
699,2,TypeB,42500,000000000000001111111100000000000000011111110000000000000000000000000000000000000000000000000000000000111111110000000000000000111111110000000000000001111111000000000000,0,0
700,3,TypeC,27000,000000000000000000000000111111000000000000000000000011111000000000011111100000000000000000000011111000000000000000000000000000000000000000000000011111000000000000000000,0,0
701,4,TypeC,27000,000000000000000000000000111111000000000000000000000011111000000000011111100000000000000000000011111000000000000000000000000000000000000000000000011111000000000000000000,0,0
702,0,TypeA,46400,000000001111111110000000000000000000000000000000000000111111111000000000000000000001111111100000000000000000000000000000000000000000011111111110000000000011111111000000,0,0
703,1,TypeB,41500,000000001111111000000000000000000000000000000000000000000000000000000000111111100000000000000000000000111111110000000000000000000000011111111000000000000011111110000000,0,0
704,2,TypeB,41500,000000001111111000000000000000000000000000000000000000000000000000000000111111100000000000000000000000111111110000000000000000000000011111111000000000000011111110000000,0,0
705,3,TypeC,25000,000000000000000000000000000000000001110000000000000000000000000000011111100000000000011111100000000000000000000000000000000000000001110000000000000000000000000000001111,0,0
706,4,TypeC,25000,000000000000000000000000000000000001110000000000000000000000000000011111100000000000011111100000000000000000000000000000000000000001110000000000000000000000000000001111,0,0
707,0,TypeA,49000,000000001111111110000000000000000001111111110000000000000000011111111110000000000001111111100000000000000000000000000000000000000000011111111110000000000000000000000000,0,0
708,1,TypeB,43500,000000001111111000000000111111110000000000000000000000000000000000000000000000000000000000000000000111111110000000000001111111100000000000000000000000000000000011111111,0,0
709,2,TypeB,43500,000000001111111000000000111111110000000000000000000000000000000000000000000000000000000000000000000111111110000000000001111111100000000000000000000000000000000011111111,0,0
710,3,TypeC,27700,000000000000000000000000000000000001110000000000000000000000000000000000000000111111000000000011111100000000000000000000001111100000000000000000000000011111000000000000,0,0
711,4,TypeC,27700,000000000000000000000000000000000001110000000000000000000000000000000000000000111111000000000011111100000000000000000000001111100000000000000000000000011111000000000000,0,0
712,0,TypeA,55600,011111111110000000000000000011111111110000000000000000000000011111111110000000000000000000000000000000001111111110000000000000000000011111111110000000000000000000000000,0,0
713,1,TypeB,42200,000000000000000000000000000000000000011111110000000000000000000001111111100000000001111111100000000000000000000000000001111111100000000000000000000001111111000000000000,0,0
714,2,TypeB,42200,000000000000000000000000000000000000011111110000000000000000000001111111100000000001111111100000000000000000000000000001111111100000000000000000000001111111000000000000,0,0
715,3,TypeC,29000,000000000000000000001111100000000000000000000000000000000000011111000000000000111111000000000011111000000000000000000000000000000000000000000000000000011111000000000000,0,0
716,4,TypeC,29000,000000000000000000001111100000000000000000000000000000000000011111000000000000111111000000000011111000000000000000000000000000000000000000000000000000011111000000000000,0,0
717,0,TypeA,50600,000000001111111110000000000011111111110000000000000000000001111111110000000000000000000000000000000000001111111110000000000000000000011111111110000000000000000000000000,0,0
718,1,TypeB,40100,000000000000001111111100000000011111110000000000000000000000000000000000000000000001111111100000000000111111110000000000000000000000000000000000000001111111000000000000,0,0
719,2,TypeB,40100,000000000000001111111100000000011111110000000000000000000000000000000000000000000001111111100000000000111111110000000000000000000000000000000000000001111111000000000000,0,0
720,3,TypeC,30900,000000000000001111100000000000000000000000000000000000000000011111000000000000111111000000000011111100000000000000000000000000000000000000000000000000011111000000000000,0,0
721,4,TypeC,30900,000000000000001111100000000000000000000000000000000000000000011111000000000000111111000000000011111100000000000000000000000000000000000000000000000000011111000000000000,0,0
722,0,TypeA,53200,000000001111111110000000000000000000000000000000111111111000000000000011111111100000000000000000000000001111111110000000000000000000011111111110000000000000000000000000,0,0
723,1,TypeB,39000,000000000000001111111100000000011111110000000000000000111111110000000000000000000001111111100000000000111111110000000000000000000000000000000000000000000000000000000000,0,0
724,2,TypeB,39000,000000000000001111111100000000011111110000000000000000111111110000000000000000000001111111100000000000111111110000000000000000000000000000000000000000000000000000000000,0,0
725,3,TypeC,26800,011111000000000000000000000000000000000000000000111000000000000000000000000000111111000000000011111100000000000000000000000000000000000000000000000000011111000000000000,0,0
726,4,TypeC,26800,011111000000000000000000000000000000000000000000111000000000000000000000000000111111000000000011111100000000000000000000000000000000000000000000000000011111000000000000,0,0
727,0,TypeA,52600,000001111111111000000000000000000001111111110000000000000000000000000000111111110000000000000000000000000000000000000000000000000000011111111110000000000000000111111111,0,0
728,1,TypeB,39100,000000001111111000000000111111110000000000000000000000000000000000000000111111100000000000000000000000111111110000000000000000000000000000000000000001111111000000000000,0,0
729,2,TypeB,39100,000000001111111000000000111111110000000000000000000000000000000000000000111111100000000000000000000000111111110000000000000000000000000000000000000001111111000000000000,0,0
730,3,TypeC,28700,000000000000000000000000000000000001110000000000000000000000000000000000000000111111000000000011111100000000000000000000001111110000000000000000000000011111000000000000,0,0
731,4,TypeC,28700,000000000000000000000000000000000001110000000000000000000000000000000000000000111111000000000011111100000000000000000000001111110000000000000000000000011111000000000000,0,0
732,0,TypeA,51800,000001111111111000000000000011111111110000000000000000111111111000000000000000000001111111100000000000000000000000000000000000000000011111111110000000000000000000000000,0,0
733,1,TypeB,40100,000000000000000000000000000000011111110000000000000000000000011111110000000000000001111111100000000000111111110000000001111111100000000000000000000000000000000000000000,0,0
734,2,TypeB,40100,000000000000000000000000000000011111110000000000000000000000011111110000000000000001111111100000000000111111110000000001111111100000000000000000000000000000000000000000,0,0
735,3,TypeC,31000,000000000000000000000000000000000000000000000000000000000000011111000000000000111111000000000011111100000000000000000000001111110000000000000000000000011111000000000000,0,0
736,4,TypeC,31000,000000000000000000000000000000000000000000000000000000000000011111000000000000111111000000000011111100000000000000000000001111110000000000000000000000011111000000000000,0,0
737,0,TypeA,49000,000000000000000000000000000000000001111111110000000000000000011111111110000000000000000000000000000000001111111110000000000000000000011111111110000000000011111111000000,0,0
738,1,TypeB,38000,000000000000001111111100000000011111110000000000000000000000011111110000000000000001111111100000000000111111110000000000000000000000000000000000000000000000000000000000,0,0
739,2,TypeB,38000,000000000000001111111100000000011111110000000000000000000000011111110000000000000001111111100000000000111111110000000000000000000000000000000000000000000000000000000000,0,0
740,3,TypeC,27900,000000000000000000000000000000000001110000000000000000000000011111000000000000111111000000000011111000000000000000000000000000000000000000000000000000011111000000000000,0,0
741,4,TypeC,27900,000000000000000000000000000000000001110000000000000000000000011111000000000000111111000000000011111000000000000000000000000000000000000000000000000000011111000000000000,0,0
742,0,TypeA,57200,011111111110000000000000000011111111110000000000000011111111110000000000000000000000000000000000000000000000000000000000000000000000011111111110000000000001111111111000,0,0
743,1,TypeB,41400,000000001111111000000000111111110000000000000000000000000000000000000000000000000001111111100000000000111111110000000000000000000000000000000000000000000000000011111111,0,0
744,2,TypeB,41400,000000001111111000000000111111110000000000000000000000000000000000000000000000000001111111100000000000111111110000000000000000000000000000000000000000000000000011111111,0,0
745,3,TypeC,26600,000000000011111000000000000000000001110000000000000011100000000000011111100000000000011111100000000000000000000000000000000000000000000000000000000000000000000000000000,0,0
746,4,TypeC,26600,000000000011111000000000000000000001110000000000000011100000000000011111100000000000011111100000000000000000000000000000000000000000000000000000000000000000000000000000,0,0
747,0,TypeA,55000,000001111111111000000000000011111111110000000000000000111111111000000000000000000000011111111110000000000000000000000000000000000000011111111110000000000000000000000000,0,0
748,1,TypeB,41400,000000000000001111111100000000011111110000000000000000000000000001111111100000000001111111100000000000000000000000000000000000011111111000000000000000000000000000000000,0,0
749,2,TypeB,41400,000000000000001111111100000000011111110000000000000000000000000001111111100000000001111111100000000000000000000000000000000000011111111000000000000000000000000000000000,0,0
750,3,TypeC,27600,000000000011111000000000000000000001110000000000000000000000000000011111100000000000011111100000000000000000000000000000000000000000000000000000000000000000000000001111,0,0
751,4,TypeC,27600,000000000011111000000000000000000001110000000000000000000000000000011111100000000000011111100000000000000000000000000000000000000000000000000000000000000000000000001111,0,0
752,0,TypeA,49600,000000001111111111000000000001111111110000000000000000111111111000000000000000000001111111100000000000000000000000000000000000000000011111111110000000000000000000000000,0,0
753,1,TypeB,40100,000000001111111000000000111111110000000000000000000000000000011111110000000000000000000000000000000000111111110000000001111111100000000000000000000000000000000000000000,0,0
754,2,TypeB,40100,000000001111111000000000111111110000000000000000000000000000011111110000000000000000000000000000000000111111110000000001111111100000000000000000000000000000000000000000,0,0
755,3,TypeC,25900,000000000000000000001111100000000001110000000000000000000000011100000000000000000000011111100000000000000000000000000000000000000000000000000000000000011111000000000000,0,0
756,4,TypeC,25900,000000000000000000001111100000000001110000000000000000000000011100000000000000000000011111100000000000000000000000000000000000000000000000000000000000011111000000000000,0,0
757,0,TypeA,54000,000000001111111110000000000011111111110000000000000000111111111000000000000000000000000011111111110000000000000000000000000000000000011111111110000000000000000000000000,0,0
758,1,TypeB,40400,000000001111111000000000111111110000000000000000000000000000011111110000000000000001111111100000000000000000000000000000000000000000011111111000000000000000000000000000,0,0
759,2,TypeB,40400,000000001111111000000000111111110000000000000000000000000000011111110000000000000001111111100000000000000000000000000000000000000000011111111000000000000000000000000000,0,0
760,3,TypeC,25600,000000000000000000000000000000000001110000000000000000000000111000000000000000111111000000000001111100000000000000000000000000000000000000000000000000011111000000000000,0,0
761,4,TypeC,25600,000000000000000000000000000000000001110000000000000000000000111000000000000000111111000000000001111100000000000000000000000000000000000000000000000000011111000000000000,0,0
762,0,TypeA,53000,000000001111111110000000000011111111110000000000000000000000000000000011111111100000000000000000000000001111111110000000000000000000011111111110000000000000000000000000,0,0
763,1,TypeB,40100,000000001111111000000000111111110000000000000000000000000000011111110000000000000000000000000001111111100000000000000001111111100000000000000000000000000000000000000000,0,0
764,2,TypeB,40100,000000001111111000000000111111110000000000000000000000000000011111110000000000000000000000000001111111100000000000000001111111100000000000000000000000000000000000000000,0,0
765,3,TypeC,26000,000000000000000000000000000000000001110000000000000011100000000000011111100000000000011111100000000000000000000000000000000000000000000000000000000000011111000000000000,0,0
766,4,TypeC,26000,000000000000000000000000000000000001110000000000000011100000000000011111100000000000011111100000000000000000000000000000000000000000000000000000000000011111000000000000,0,0
767,0,TypeA,49900,000000111111111000000000000000000001111111110000000000000000001111111111000000000001111111100000000000000000000000000000000000000000011111111110000000000000000000000000,0,0
768,3,TypeC,29000,000000000000000000000000000000000001110000000000011111100000000000011111100000000000011111100000000000000000000000000000000000000000000000000000000000011111000000000000,0,0
769,4,TypeC,29000,000000000000000000000000000000000001110000000000011111100000000000011111100000000000011111100000000000000000000000000000000000000000000000000000000000011111000000000000,0,0
770,0,TypeA,49600,000001111111111000000000000000000000000000000000000000111111111000000000000000000000000000000000000000001111111110000000000000000000011111111110000000000011111111000000,0,0
771,1,TypeB,42200,000000000000000000000000000000011111110000000000111111110000000000000000000000000000000000000000000000111111110000000001111111100000000000000000000000000011111110000000,0,0
772,2,TypeB,42200,000000000000000000000000000000011111110000000000111111110000000000000000000000000000000000000000000000111111110000000001111111100000000000000000000000000011111110000000,0,0
773,3,TypeC,26700,000000000000000000000000111100000000000000000000000000000000011100000000000000111111000000000011111100000000000000000000000000000000000000000000000000011111000000000000,0,0
774,4,TypeC,26700,000000000000000000000000111100000000000000000000000000000000011100000000000000111111000000000011111100000000000000000000000000000000000000000000000000011111000000000000,0,0
775,0,TypeA,47100,000000000000000000000000000000000001111111110000000000000001111111110000000000000001111111100000000000001111111110000000000000000000011111111110000000000000000000000000,0,0
776,1,TypeB,41400,000000000000001111111100000000011111110000000000000000000000000000000000000000000000000011111111000000000000011111111000000000000000000000000000000000000000000011111111,0,0
777,2,TypeB,41400,000000000000001111111100000000011111110000000000000000000000000000000000000000000000000011111111000000000000011111111000000000000000000000000000000000000000000011111111,0,0
778,3,TypeC,24000,000000000000000000000111100000000001110000000000000000000001111000000000000000111111000000000000000000000000000000000000000000000000000000000000000000000000000000001111,0,0
779,4,TypeC,24000,000000000000000000000111100000000001110000000000000000000001111000000000000000111111000000000000000000000000000000000000000000000000000000000000000000000000000000001111,0,0
780,0,TypeA,56100,011111111110000000000000000011111111110000000000000000111111111000000000000000000000000000000000001111111110000000000000000000000000011111111110000000000000000000000000,0,0
781,1,TypeB,42200,000000000000001111111100000000011111110000000000111111110000000000000000000000000000000000000000000000000000000000000001111111100000000000000000000001111111000000000000,0,0
782,2,TypeB,42200,000000000000001111111100000000011111110000000000111111110000000000000000000000000000000000000000000000000000000000000001111111100000000000000000000001111111000000000000,0,0
783,3,TypeC,26600,000000000000000000000000000000000001110000000000000000000000111000000000000000111111000000000011111100000000000000000000000000000000000000000000000000011111000000000000,0,0
784,4,TypeC,26600,000000000000000000000000000000000001110000000000000000000000111000000000000000111111000000000011111100000000000000000000000000000000000000000000000000011111000000000000,0,0
785,0,TypeA,53500,000000001111111111000000000000000001111111110000000000000000001111111111000000000000011111111110000000000000000000000000000000000000011111111110000000000000000000000000,0,0
786,1,TypeB,41200,000000000000000000000000000000011111110000000000000000000000011111110000000000000001111111100000000000000000000000000001111111100000000000000000000001111111000000000000,0,0
787,2,TypeB,41200,000000000000000000000000000000011111110000000000000000000000011111110000000000000001111111100000000000000000000000000001111111100000000000000000000001111111000000000000,0,0
788,3,TypeC,29800,000001111100000000000000000000000001110000000000000000000000001111110000000000000001111110000000000000000000000000000000000000000000000000000000000000011111000000000000,0,0
789,4,TypeC,29800,000001111100000000000000000000000001110000000000000000000000001111110000000000000001111110000000000000000000000000000000000000000000000000000000000000011111000000000000,0,0
790,0,TypeA,55200,000001111111111000000000000011111111110000000000000000000000000000000011111111100000000000000000000000000000000000000000000011111111110000000000000000001111111110000000,0,0
791,1,TypeB,43500,000000001111111000000000111111110000000000000000000000000000000000000000000000000000000000000000000000111111110000000001111111100000000000000000000000000000000011111111,0,0
792,2,TypeB,43500,000000001111111000000000111111110000000000000000000000000000000000000000000000000000000000000000000000111111110000000001111111100000000000000000000000000000000011111111,0,0
793,3,TypeC,26100,000000000000000000001111100000000001110000000000000000000000000000011111100000000000011111100000000000000000000000000000000000000000000000000000000000000000000000001111,0,0
794,4,TypeC,26100,000000000000000000001111100000000001110000000000000000000000000000011111100000000000011111100000000000000000000000000000000000000000000000000000000000000000000000001111,0,0
795,0,TypeA,48000,000000001111111110000000000000000000000000000000000000111111111000000000000000000001111111100000000000000000000000000000000011111111110000000000000000001111111110000000,0,0
796,1,TypeB,42200,000000000000000000000000000000011111110000000000000000000000000001111111100000000000000000000000000000111111110000000001111111100000000000000000000001111111000000000000,0,0
797,2,TypeB,42200,000000000000000000000000000000011111110000000000000000000000000001111111100000000000000000000000000000111111110000000001111111100000000000000000000001111111000000000000,0,0
798,3,TypeC,25100,000000000000000000000000000000000001110000000000000000000000000000011111100000000000011111100000000000000000000000000000000000000000000000000011110000000000000000001111,0,0
799,4,TypeC,25100,000000000000000000000000000000000001110000000000000000000000000000011111100000000000011111100000000000000000000000000000000000000000000000000011110000000000000000001111,0,0
800,0,TypeA,60400,000000000000000000011111111110000000000000000000000000000000000000000011111111100000000000000001111111111000000000000000000000000000011111111110000000000000001111111111,0,0
801,1,TypeB,40400,000000000000001111111100000000011111110000000000000000000000011111110000000000000000000000000000000000111111110000000000000000000000011111111000000000000000000000000000,0,0
802,2,TypeB,40400,000000000000001111111100000000011111110000000000000000000000011111110000000000000000000000000000000000111111110000000000000000000000011111111000000000000000000000000000,0,0
803,3,TypeC,26300,000000000000000000000000000000000001110000000000000000000001111000000000000000000000011111100000000000000000000000000000001111110000000000000000000000000000000000001111,0,0
804,4,TypeC,26300,000000000000000000000000000000000001110000000000000000000001111000000000000000000000011111100000000000000000000000000000001111110000000000000000000000000000000000001111,0,0
805,0,TypeA,53000,011111111110000000000000000011111111110000000000000000111111111000000000000000000000000000000000000000000000000000000000000000000000011111111110000000000011111111000000,0,0
806,1,TypeB,40000,000000000000000000000111111110000000000000000000111111110000000001111111100000000001111111100000000000111111110000000000000000000000000000000000000000000000000000000000,0,0
807,2,TypeB,40000,000000000000000000000111111110000000000000000000111111110000000001111111100000000001111111100000000000111111110000000000000000000000000000000000000000000000000000000000,0,0
808,3,TypeC,28900,000000000000000000000000000000000001110000000000000000000000011111000000000000111111000000000011111100000000000000000000000000000000000000000000000000011111000000000000,0,0
809,4,TypeC,28900,000000000000000000000000000000000001110000000000000000000000011111000000000000111111000000000011111100000000000000000000000000000000000000000000000000011111000000000000,0,0
810,0,TypeA,47100,000000000000000000000000000000000001111111110000000000000001111111110000000000000000000000000000000000001111111110000000000000000000011111111110000000000011111111000000,0,0
811,1,TypeB,42200,000000000000001111111100000000011111110000000000000000000000000000000000000000111111110000000000000000000000000000000001111111100000000000000000000001111111000000000000,0,0
812,2,TypeB,42200,000000000000001111111100000000011111110000000000000000000000000000000000000000111111110000000000000000000000000000000001111111100000000000000000000001111111000000000000,0,0
813,3,TypeC,25900,000000000000000000000000000000000001110000000000000000000000000000011111100000000000000000111111000000000000000000000000001111110000000000000000000000000000000000001111,0,0
814,4,TypeC,25900,000000000000000000000000000000000001110000000000000000000000000000011111100000000000000000111111000000000000000000000000001111110000000000000000000000000000000000001111,0,0
815,0,TypeA,54000,000000000000000000111111111100000000000000000000000000111111111000000000000000111111111100000000000000001111111110000000000000000000011111111110000000000000000000000000,0,0
816,1,TypeB,42100,000000000000000000000000111111110000000000000000000000000000111111110000000000000001111111100000000000111111110000000001111111100000000000000000000000000000000000000000,0,0
817,2,TypeB,42100,000000000000000000000000111111110000000000000000000000000000111111110000000000000001111111100000000000111111110000000001111111100000000000000000000000000000000000000000,0,0
818,3,TypeC,27700,000000000000000000000000000000000001110000000000000000000000000000011111100000000001111110000000000000000000000000000000001111110000000000000000000000000000000000001111,0,0
819,4,TypeC,27700,000000000000000000000000000000000001110000000000000000000000000000011111100000000001111110000000000000000000000000000000001111110000000000000000000000000000000000001111,0,0
820,0,TypeA,52200,000001111111111000000000000000000001111111110000000000000000011111111110000000000000000000000000000000001111111110000000000000000000011111111110000000000000000000000000,0,0
821,1,TypeB,40100,000000001111111000000000111111110000000000000000111111100000000000000000000000000000000000000000000000111111110000000001111111100000000000000000000000000000000000000000,0,0
822,2,TypeB,40100,000000001111111000000000111111110000000000000000111111100000000000000000000000000000000000000000000000111111110000000001111111100000000000000000000000000000000000000000,0,0
823,3,TypeC,27100,000000000000000000000000000000000001110000000000000000000000000000011111100000000000011111100000000000000000000000000000001111110000000000000000000000000000000000001111,0,0
824,4,TypeC,27100,000000000000000000000000000000000001110000000000000000000000000000011111100000000000011111100000000000000000000000000000001111110000000000000000000000000000000000001111,0,0
825,0,TypeA,50900,000000001111111111000000000000011111111100000000000000111111111000000000000000000000000000000000000000111111111000000000000000000000011111111110000000000000000000000000,0,0
826,1,TypeB,37100,000000001111111000000000000000011111110000000000111111100000000000000000111111100000000000000000000000000000000000000000000000000000000000011111110000000000000000000000,0,0
827,2,TypeB,37100,000000001111111000000000000000011111110000000000111111100000000000000000111111100000000000000000000000000000000000000000000000000000000000011111110000000000000000000000,0,0
828,3,TypeC,23000,000000000000000000000000000000000000011100000000000000000000011111000000000000000000000000000001111100000000000000000000000000000000011100000000000000000000000000001111,0,0
829,4,TypeC,23000,000000000000000000000000000000000000011100000000000000000000011111000000000000000000000000000001111100000000000000000000000000000000011100000000000000000000000000001111,0,0
830,0,TypeA,54700,000001111111111000000000000011111111110000000000000011111111110000000000000000000000000000000000000000001111111110000000000000000000011111111110000000000000000000000000,0,0
831,1,TypeB,41500,000000001111111000000000000000011111110000000000000000000000000000000001111111100000000000000000000000000000000000000000000000111111110000000000000001111111000000000000,0,0
832,2,TypeB,41500,000000001111111000000000000000011111110000000000000000000000000000000001111111100000000000000000000000000000000000000000000000111111110000000000000001111111000000000000,0,0
833,3,TypeC,27000,000000000000000000000000000000000000011100000000000000000000011111000000000000111111000000000000000111111000000000000000000000000000000000000000000000000000000000001111,0,0
834,4,TypeC,27000,000000000000000000000000000000000000011100000000000000000000011111000000000000111111000000000000000111111000000000000000000000000000000000000000000000000000000000001111,0,0
835,0,TypeA,56500,011111111110000000000000000011111111110000000000000000111111111000000000000000000000000000000000000000000000000000000000000000000000011111111110000000000000001111111111,0,0
836,1,TypeB,42400,000000000000000000000000000000011111110000000000000000000000000000000000000000111111110000000000000000000000000000001111111000000000000000011111110000000000000011111111,0,0
837,2,TypeB,42400,000000000000000000000000000000011111110000000000000000000000000000000000000000111111110000000000000000000000000000001111111000000000000000011111110000000000000011111111,0,0
838,3,TypeC,24600,000001111110000000000000000000000000000000000000000011111000000000000011100000000000000000000011111100000000000000000000000000000000000000000000000000000000000000001111,0,0
839,4,TypeC,24600,000001111110000000000000000000000000000000000000000011111000000000000011100000000000000000000011111100000000000000000000000000000000000000000000000000000000000000001111,0,0
840,0,TypeA,55900,011111111110000000000000000000011111111100000000000000000000001111111111000000000000011111111110000000000000000000000000000000000000011111111110000000000000000000000000,0,0
841,1,TypeB,40000,000000001111111000000000000000000000000000000000000000000000000000000001111111100000000011111111000000000000000000001111111000000000000000000000000001111111000000000000,0,0
842,2,TypeB,40000,000000001111111000000000000000000000000000000000000000000000000000000001111111100000000011111111000000000000000000001111111000000000000000000000000001111111000000000000,0,0
843,3,TypeC,24000,000000000000000000000000000000000000011100000000000000000000011111000000000000000000000000000011111100000000000000000000000000000000011100000000000000000000000000001111,0,0
844,4,TypeC,24000,000000000000000000000000000000000000011100000000000000000000011111000000000000000000000000000011111100000000000000000000000000000000011100000000000000000000000000001111,0,0
845,0,TypeA,50300,000000001111111110000000000000000001111111110000000000000000011111111110000000000000000000000000000000001111111110000000000000000000011111111110000000000000000000000000,0,0
846,1,TypeB,42800,000000000000000000000000000000000000011111110000000000000000000000000000000000111111110000000000000000000011111110000000000000111111110000000000000000000000000011111111,0,0
847,2,TypeB,42800,000000000000000000000000000000000000011111110000000000000000000000000000000000111111110000000000000000000011111110000000000000111111110000000000000000000000000011111111,0,0
848,3,TypeC,21900,000000000000000000000000000000000000000000000000000011111000000000000011100000000000000000000011111100000000000000000000000000000000011100000000000000000000000000001111,0,0
849,4,TypeC,21900,000000000000000000000000000000000000000000000000000011111000000000000011100000000000000000000011111100000000000000000000000000000000011100000000000000000000000000001111,0,0
850,1,TypeB,39100,000000001111111000000000000000000000000000011111110000000000000001111111100000000000000000000000000000111111110000000000000000000000000000011111110000000000000000000000,0,0
851,2,TypeB,39100,000000001111111000000000000000000000000000011111110000000000000001111111100000000000000000000000000000111111110000000000000000000000000000011111110000000000000000000000,0,0
852,3,TypeC,25900,000000000000000000000000000000000000000000000000011111100000000000011111100000000000000000000011111100000000000000000000000000000000011100000000000000000000000000001111,0,0
853,4,TypeC,25900,000000000000000000000000000000000000000000000000011111100000000000011111100000000000000000000011111100000000000000000000000000000000011100000000000000000000000000001111,0,0
854,0,TypeA,50100,000000000000000000011111111100000000000000000000000000111111111000000000000000000001111111100000000000001111111110000000000000000000011111111110000000000000000000000000,0,0
855,3,TypeC,22900,000000000000000000000000000000000000000000000000000000111000000000011111100000000000000000000011111100000000000000000000000000000000011100000000000000000000000000001111,0,0
856,4,TypeC,22900,000000000000000000000000000000000000000000000000000000111000000000011111100000000000000000000011111100000000000000000000000000000000011100000000000000000000000000001111,0,0
857,0,TypeA,51800,000000000000011111111100000000000000000000000000000000111111111000000000000000000000000000000000000000001111111110000000000000000000011111111110000000000000001111111111,0,0
858,1,TypeB,44800,000000000000000000000111111110000000000000000000000000000000000000000000000000000001111111100000000000111111110000000000000000111111110000000000011111111000000000000000,0,0
859,2,TypeB,44800,000000000000000000000111111110000000000000000000000000000000000000000000000000000001111111100000000000111111110000000000000000111111110000000000011111111000000000000000,0,0
860,3,TypeC,24900,011111000000000000011111100000000000000000000000000000000000000000000000000000000000000000000011111100000000000000000000000000000000011100000000000000000000000000001111,0,0
861,4,TypeC,24900,011111000000000000011111100000000000000000000000000000000000000000000000000000000000000000000011111100000000000000000000000000000000011100000000000000000000000000001111,0,0
862,0,TypeA,52500,000000000000000000000000000011111111110000000000000000111111111000000000000000000000000000000000000000001111111110000000000000000000011111111110000000000001111111111000,0,0
863,1,TypeB,43500,000000000000001111111100000000000000000000000000000000111111110000000000000000000000000000000000000000000000011111111000000000000000000000011111110000000000000011111111,0,0
864,2,TypeB,43500,000000000000001111111100000000000000000000000000000000111111110000000000000000000000000000000000000000000000011111111000000000000000000000011111110000000000000011111111,0,0
865,3,TypeC,24000,000000000000000000011111100000000000000000000000000000000000000000000011100000000000000000000011111100000000000000000000001111100000000000000000000000000000000000001111,0,0
866,4,TypeC,24000,000000000000000000011111100000000000000000000000000000000000000000000011100000000000000000000011111100000000000000000000001111100000000000000000000000000000000000001111,0,0
867,0,TypeA,53100,000000001111111111000000000000011111111100000000000000111111111000000000000000000000000011111111110000000000000000000000000000000000011111111110000000000000000000000000,0,0
868,1,TypeB,40000,000000000000000000000111111110000000000000000000111111100000000000000000000000000000000011111111000000000000000000001111111000000000000000011111110000000000000000000000,0,0
869,2,TypeB,40000,000000000000000000000111111110000000000000000000111111100000000000000000000000000000000011111111000000000000000000001111111000000000000000011111110000000000000000000000,0,0
870,3,TypeC,27000,000000000000000000000000000000000000000000000000000000000000011111000000000000111111000000000011111100000000000000000000000000000000011100000000000000000000000000001111,0,0
871,4,TypeC,27000,000000000000000000000000000000000000000000000000000000000000011111000000000000111111000000000011111100000000000000000000000000000000011100000000000000000000000000001111,0,0
872,0,TypeA,53100,000000000000000000000000000000011111111100000000000011111111110000000000000000000000000000000000000000001111111110000000000000000000011111111110000000000000001111111111,0,0
873,3,TypeC,27500,000000000000000000011111100000000001111100000000000011111000000000000000000000000000000000000000000111111000000000000000000000000000000000000000000000000000000000001111,0,0
874,4,TypeC,27500,000000000000000000011111100000000001111100000000000011111000000000000000000000000000000000000000000111111000000000000000000000000000000000000000000000000000000000001111,0,0
875,0,TypeA,51200,000001111111111000000000000000011111111100000000000000111111111000000000000000000000000000000000000000001111111110000000000000000000011111111110000000000000000000000000,0,0
876,3,TypeC,28400,000000000000000000000000000000000001111100000000000000111111000000000000000000000000000000000011111100000000000000000000001111100000000000000000000000000000000000001111,0,0
877,4,TypeC,28400,000000000000000000000000000000000001111100000000000000111111000000000000000000000000000000000011111100000000000000000000001111100000000000000000000000000000000000001111,0,0
878,0,TypeA,51800,000000001111111111000000000000000001111111110000000000000000000000000011111111100000000000000000000000001111111110000000000000000000011111111110000000000000000000000000,0,0
879,1,TypeB,43800,000000001111111000000000000000000000000000000000000000000000000000000000000000111111110000000000000000111111110000000000000000111111110000000000011111111000000000000000,0,0
880,2,TypeB,43800,000000001111111000000000000000000000000000000000000000000000000000000000000000111111110000000000000000111111110000000000000000111111110000000000011111111000000000000000,0,0
881,3,TypeC,27400,000000000000001111100000000000000001111100000000000011111000000000000000000000000000000000000011111100000000000000000000000000000000000000000000000000000000000000001111,0,0
882,4,TypeC,27400,000000000000001111100000000000000001111100000000000011111000000000000000000000000000000000000011111100000000000000000000000000000000000000000000000000000000000000001111,0,0
883,1,TypeB,40100,000000001111111000000000111111110000000000000000111111110000000000000000000000111111110000000000000000000000000000000000000000000000000000011111110000000000000000000000,0,0
884,2,TypeB,40100,000000001111111000000000111111110000000000000000111111110000000000000000000000111111110000000000000000000000000000000000000000000000000000011111110000000000000000000000,0,0
885,3,TypeC,26300,000000000000000000000000000000000001111100000000000011111000000000000000000000111111000000000000000000000000000000000000000000000000011100000000000000000000000000001111,0,0
886,4,TypeC,26300,000000000000000000000000000000000001111100000000000011111000000000000000000000111111000000000000000000000000000000000000000000000000011100000000000000000000000000001111,0,0
887,3,TypeC,26400,000000000000000000011111100000000001111100000000000000000000000000000000000000000000000000000011111100000000000000000000000000000000011100000000000000000000000000001111,0,0
888,4,TypeC,26400,000000000000000000011111100000000001111100000000000000000000000000000000000000000000000000000011111100000000000000000000000000000000011100000000000000000000000000001111,0,0
889,0,TypeA,51500,000000000000000000000000000000011111111100000000000000111111111000000000000000000000000000000000000000001111111110000000000000000000011111111110000000000000001111111111,0,0
890,1,TypeB,40100,000000001111111000000000111111110000000000000000111111110000000000000000000000000001111111100000000000000000000000000000000000000000000000011111110000000000000000000000,0,0
891,2,TypeB,40100,000000001111111000000000111111110000000000000000111111110000000000000000000000000001111111100000000000000000000000000000000000000000000000011111110000000000000000000000,0,0
892,3,TypeC,28500,011111100000000000000000000000000001111100000000000000000000000000011111100000000000000000000011111100000000000000000000000000000000000000000000000000000000000000001111,0,0
893,4,TypeC,28500,011111100000000000000000000000000001111100000000000000000000000000011111100000000000000000000011111100000000000000000000000000000000000000000000000000000000000000001111,0,0
894,0,TypeA,52800,000000000000011111111100000000000001111111110000000000000000011111111110000000000000011111111110000000000000000000000000000000000000011111111110000000000000000000000000,0,0
895,1,TypeB,40100,011111111000000000000111111110000000000000000000111111100000000001111111100000000000000000000000000000000000000000000000000000000000000000011111110000000000000000000000,0,0
896,2,TypeB,40100,011111111000000000000111111110000000000000000000111111100000000001111111100000000000000000000000000000000000000000000000000000000000000000011111110000000000000000000000,0,0
897,3,TypeC,24900,000000000000000000000000000111110000000000000000000000000000000000011111100000000000000000000000000111111000000000000000000000000000011100000000000000000000000000001111,0,0
898,4,TypeC,24900,000000000000000000000000000111110000000000000000000000000000000000011111100000000000000000000000000111111000000000000000000000000000011100000000000000000000000000001111,0,0
899,0,TypeA,54000,000000001111111111000000000000000001111111110000000000000000000000000011111111100000000000000000000000000000000000000000000000000000011111111110000000000000001111111111,0,0
900,1,TypeB,43800,000000000000001111111100000000000000000000000000111111100000000000000000000000111111110000000000000000000000000000000000000000111111110000000000011111111000000000000000,0,0
901,2,TypeB,43800,000000000000001111111100000000000000000000000000111111100000000000000000000000111111110000000000000000000000000000000000000000111111110000000000011111111000000000000000,0,0
902,3,TypeC,26500,000000000000000000000111100000000001111100000000000000000000000000011111100000000000000000000011111100000000000000000000000000000000000000000000000000000000000000001111,0,0
903,4,TypeC,26500,000000000000000000000111100000000001111100000000000000000000000000011111100000000000000000000011111100000000000000000000000000000000000000000000000000000000000000001111,0,0
904,0,TypeA,57100,000000000000000000011111111110000000000000000000000011111111110000000000000000000000000000000000000000111111111000000000000000000000011111111110000000000000001111111111,0,0
905,1,TypeB,42500,000000000000000000000111111110000000000000000000000000111111110000000000111111100000000000000000000000000000000000000000000000111111110000000000000000001111111000000000,0,0
906,2,TypeB,42500,000000000000000000000111111110000000000000000000000000111111110000000000111111100000000000000000000000000000000000000000000000111111110000000000000000001111111000000000,0,0
907,3,TypeC,32200,000000000000000000000000000000000001111100000000000000000000011111000000000000111111000000000011111100000000000000000000000000000000000000000000000001111110000000000000,0,0
908,4,TypeC,32200,000000000000000000000000000000000001111100000000000000000000011111000000000000111111000000000011111100000000000000000000000000000000000000000000000001111110000000000000,0,0
909,0,TypeA,50300,000000001111111111000000000000011111111100000000000000111111111000000000000000000000000000000000000000001111111110000000000000000000011111111110000000000000000000000000,0,0
910,1,TypeB,43800,000000000000000000000000000000000000000000000000000000000000011111110000000000000001111111100000000000111111110000000000000000111111110000000000011111111000000000000000,0,0
911,2,TypeB,43800,000000000000000000000000000000000000000000000000000000000000011111110000000000000001111111100000000000111111110000000000000000111111110000000000011111111000000000000000,0,0
912,3,TypeC,28600,000000000000001111100000000000000001111100000000000000000000011111000000000000000000000000000011111100000000000000000000000000000000000000000000000000000000000000001111,0,0
913,4,TypeC,28600,000000000000001111100000000000000001111100000000000000000000011111000000000000000000000000000011111100000000000000000000000000000000000000000000000000000000000000001111,0,0
914,0,TypeA,55000,000000000111111111100000000000011111111100000000000011111111110000000000000000000000000000111111111100000000000000000000000000000000011111111110000000000000000000000000,0,0
915,1,TypeB,37000,000001111111000000000000000000011111110000000000111111100000000000000000000000111111110000000000000111111110000000000000000000000000000000000000000000000000000000000000,0,0
916,2,TypeB,37000,000001111111000000000000000000011111110000000000111111100000000000000000000000111111110000000000000111111110000000000000000000000000000000000000000000000000000000000000,0,0
917,3,TypeC,28600,011111000000000000000000000000000001111100000000000000000000011111000000000000111111000000000000000000000000000000000000000000000000000000000000000000000000000000001111,0,0
918,4,TypeC,28600,011111000000000000000000000000000001111100000000000000000000011111000000000000111111000000000000000000000000000000000000000000000000000000000000000000000000000000001111,0,0
919,1,TypeB,43800,000000000000000000000000000000000000000000000000000000000000111111110000000000000001111111100000000000000011111110000000000000111111110000000000011111111000000000000000,0,0
920,2,TypeB,43800,000000000000000000000000000000000000000000000000000000000000111111110000000000000001111111100000000000000011111110000000000000111111110000000000011111111000000000000000,0,0
921,3,TypeC,27900,000000000000000000000000000000000001111100000000000000000000111111000000000000000000000000000011111100000000000000000000000000000000011100000000000000000000000000001111,0,0
922,4,TypeC,27900,000000000000000000000000000000000001111100000000000000000000111111000000000000000000000000000011111100000000000000000000000000000000011100000000000000000000000000001111,0,0
923,0,TypeA,51700,011111111110000000000000000000011111111100000000000000111111111000000000000000000000000000000000000000000000011111111000000000000000011111111110000000000000000000000000,0,0
924,1,TypeB,42300,000000000000001111111100000000000000000000000000000000000000000001111111100000000000000000000001111111100000000000001111111000000000000000000000011111111000000000000000,0,0
925,2,TypeB,42300,000000000000001111111100000000000000000000000000000000000000000001111111100000000000000000000001111111100000000000001111111000000000000000000000011111111000000000000000,0,0
926,3,TypeC,27100,000000000000000000000000000111110000000000000000000000000000011111000000000000111111000000000001111100000000000000000000000000000000000000000000000000000000000000001111,0,0
927,4,TypeC,27100,000000000000000000000000000111110000000000000000000000000000011111000000000000111111000000000001111100000000000000000000000000000000000000000000000000000000000000001111,0,0
928,0,TypeA,53400,011111111110000000000000000000000001111111110000000000000001111111110000000000000000011111111110000000000000000000000000000000000000011111111110000000000000000000000000,0,0
929,1,TypeB,43800,000000000000000000000000000000000000011111110000000000000000000001111111100000000001111111100000000000000000000000000000000000111111110000000000011111111000000000000000,0,0
930,2,TypeB,43800,000000000000000000000000000000000000011111110000000000000000000001111111100000000001111111100000000000000000000000000000000000111111110000000000011111111000000000000000,0,0
931,3,TypeC,30300,000000000000000000000000000000000001111100000000000000111111000000000000000000111111000000000011111100000000000000000000000000000000000000000000000000000000000000001111,0,0
932,4,TypeC,30300,000000000000000000000000000000000001111100000000000000111111000000000000000000111111000000000011111100000000000000000000000000000000000000000000000000000000000000001111,0,0
933,0,TypeA,51100,000000001111111110000000000000011111111100000000000000111111111000000000000000000000000000000000001111111110000000000000000000000000011111111110000000000000000000000000,0,0
934,1,TypeB,41500,000000000000001111111100000000011111110000000000111111100000000000000000000000000000000000000000000000000000000000000000000000111111110000000000000001111111000000000000,0,0
935,2,TypeB,41500,000000000000001111111100000000011111110000000000111111100000000000000000000000000000000000000000000000000000000000000000000000111111110000000000000001111111000000000000,0,0
936,3,TypeC,28200,000000000000000000000000000000000001111100000000000000000000001111110000000000111111000000000000000000000000000000000000000000000000011100000000000000000000000000001111,0,0
937,4,TypeC,28200,000000000000000000000000000000000001111100000000000000000000001111110000000000111111000000000000000000000000000000000000000000000000011100000000000000000000000000001111,0,0
938,0,TypeA,51500,000000001111111110000000000000011111111100000000000000111111111000000000000000000000000000000000000000000000000000000000000000000000011111111110000000000000001111111111,0,0
939,3,TypeC,27500,000000000000000000000000000000000001111100000000000000000000011111000000000000111111000000000000000000000000000000000000000000000000011100000000000000000000000000001111,0,0
940,4,TypeC,27500,000000000000000000000000000000000001111100000000000000000000011111000000000000111111000000000000000000000000000000000000000000000000011100000000000000000000000000001111,0,0
941,0,TypeA,52400,011111111110000000000000000000011111111100000000000000111111111000000000000000000000000000000000000000001111111110000000000000000000011111111110000000000000000000000000,0,0
942,1,TypeB,39100,000000000000000000000000000000000000011111110000000000000000000000000000111111100000000011111111000000000000011111111000000000000000000000011111110000000000000000000000,0,0
943,2,TypeB,39100,000000000000000000000000000000000000011111110000000000000000000000000000111111100000000011111111000000000000011111111000000000000000000000011111110000000000000000000000,0,0
944,3,TypeC,26400,000000000000000000000000000000000001111100000000000000000000000000011111100000000000000000000011111100000000000000000000000000000000011100000000000000000000000000001111,0,0
945,4,TypeC,26400,000000000000000000000000000000000001111100000000000000000000000000011111100000000000000000000011111100000000000000000000000000000000011100000000000000000000000000001111,0,0
946,0,TypeA,58500,000000000000000000000000000011111111110000000000000000000000000000000011111111100000000000111111111000000000000000000000000011111111110000000000011111111110000000000000,0,0
947,1,TypeB,40400,000000001111111000000000111111110000000000000000000000111111110000000000111111100000000000000000000000000000000000000000000000011111111000000000000000000000000000000000,0,0
948,2,TypeB,40400,000000001111111000000000111111110000000000000000000000111111110000000000111111100000000000000000000000000000000000000000000000011111111000000000000000000000000000000000,0,0
949,3,TypeC,26400,000000000000000000000111100000000001111100000000000000000000000000000000000000111111000000000001111100000000000000000000000000000000000000000000000000000000000000001111,0,0
950,4,TypeC,26400,000000000000000000000111100000000001111100000000000000000000000000000000000000111111000000000001111100000000000000000000000000000000000000000000000000000000000000001111,0,0
951,0,TypeA,54900,000001111111111000000000000000000001111111110000000000000000000000000011111111100000000000000000000000000000000000000000000000000000011111111110000000000000001111111111,0,0
952,1,TypeB,40400,000000001111111000000000000000011111110000000000111111110000000000000001111111100000000000000000000000000000000000000000000000111111110000000000000000000000000000000000,0,0
953,2,TypeB,40400,000000001111111000000000000000011111110000000000111111110000000000000001111111100000000000000000000000000000000000000000000000111111110000000000000000000000000000000000,0,0
954,3,TypeC,31800,000000000000001111100000000000000001111100000000000000000000000000000000000000111111000000000011111100000000000000000000000000000000000000000000000000000011111000000000,0,0
955,4,TypeC,31800,000000000000001111100000000000000001111100000000000000000000000000000000000000111111000000000011111100000000000000000000000000000000000000000000000000000011111000000000,0,0
956,0,TypeA,53300,000000001111111110000000000000000000000000000000000000111111111000000000000000000000000000111111111000000000000000000000000011111111110000000000000001111111111000000000,0,0
957,3,TypeC,26400,000000000000000000000000000000000001111100000000000000111000000000000000000000111111000000000011111100000000000000000000000000000000000000000000000000000000000000001111,0,0
958,4,TypeC,26400,000000000000000000000000000000000001111100000000000000111000000000000000000000111111000000000011111100000000000000000000000000000000000000000000000000000000000000001111,0,0
959,0,TypeA,53300,000000111111111000000000000111111111000000000000000000111111111000000000000000000000000000000000000000000000000000000000000011111111110000000000000001111111111000000000,0,0
960,3,TypeC,27900,000000000000000000000000000111110000000000011111100000000000000000000000000000111111000000000011111100000000000000000000000000000000000000000000000000000000000000001111,0,0
961,4,TypeC,27900,000000000000000000000000000111110000000000011111100000000000000000000000000000111111000000000011111100000000000000000000000000000000000000000000000000000000000000001111,0,0
962,0,TypeA,53800,000000001111111111000000000000000000000000000000000000111111111000000000000000111111111100000000000000000000000000000000000000000000011111111110000000000000001111111111,0,0
963,1,TypeB,42500,000000000000000000000111111110000000000000000000000000000000011111110000000000000001111111100000000000000000000000000000000000111111110000000000000001111111000000000000,0,0
964,2,TypeB,42500,000000000000000000000111111110000000000000000000000000000000011111110000000000000001111111100000000000000000000000000000000000111111110000000000000001111111000000000000,0,0
965,3,TypeC,29600,000000000000000000000000000000000001111100000000000000000000011111000000000000111111000000000011111100000000000000000000000000000000000000000000000000000000000000001111,0,0
966,4,TypeC,29600,000000000000000000000000000000000001111100000000000000000000011111000000000000111111000000000011111100000000000000000000000000000000000000000000000000000000000000001111,0,0
967,0,TypeA,54400,000000001111111111000000000000000001111111110000000000000000001111111111000000000000000011111111110000000000000000000000000000000000011111111110000000000000000000000000,0,0
968,1,TypeB,38900,000000000000000001111111100000000000011111110000000000000000000000000001111111100000000011111111000000000000000000001111111000000000000000000000000000000000000000000000,0,0
969,2,TypeB,38900,000000000000000001111111100000000000011111110000000000000000000000000001111111100000000011111111000000000000000000001111111000000000000000000000000000000000000000000000,0,0
970,3,TypeC,31100,000000000000000000000000111111000000000000000000000000000000011111000000000000111111000000000011111100000000000000000000001111110000000000000000000000000000000000000000,0,0
971,4,TypeC,31100,000000000000000000000000111111000000000000000000000000000000011111000000000000111111000000000011111100000000000000000000001111110000000000000000000000000000000000000000,0,0
972,0,TypeA,49000,000000000000000000000000000000000001111111110000000000000000011111111110000000000001111111100000000000001111111110000000000000000000011111111110000000000000000000000000,0,0
973,1,TypeB,39900,000000000000000000000000111111110000000000000000111111110000000000000000000000111111110000000001111111100000000000001111111000000000000000000000000000000000000000000000,0,0
974,2,TypeB,39900,000000000000000000000000111111110000000000000000111111110000000000000000000000111111110000000001111111100000000000001111111000000000000000000000000000000000000000000000,0,0
975,3,TypeC,25100,000000000000000000000000000000000001110000000000111000000000000000011111100000000000011111100000000000000000000000000000001111100000000000000000000000000000000000000000,0,0
976,4,TypeC,25100,000000000000000000000000000000000001110000000000111000000000000000011111100000000000011111100000000000000000000000000000001111100000000000000000000000000000000000000000,0,0
977,0,TypeA,49500,000000001111111110000000000000000000000000000000111111111000000000000000000000000001111111100000000000001111111110000000000000000000011111111110000000000000000000000000,0,0
978,1,TypeB,42400,000000000000000000000000111111110000000000000000111111110000000000000001111111100000000000000000000000111111110000000000000000111111110000000000000000000000000000000000,0,0
979,2,TypeB,42400,000000000000000000000000111111110000000000000000111111110000000000000001111111100000000000000000000000111111110000000000000000111111110000000000000000000000000000000000,0,0
980,3,TypeC,30700,000000000000000000000000111100000000000000000000000000000000000000011111100000000000011111100000000000001111110000000000001111110000000000000000000000000000000000000000,0,0
981,4,TypeC,30700,000000000000000000000000111100000000000000000000000000000000000000011111100000000000011111100000000000001111110000000000001111110000000000000000000000000000000000000000,0,0
982,0,TypeA,53900,011111111110000000000000000000000001111111110000000000000001111111110000000000000000000000000011111111100000000000000000000000000000011111111110000000000000000000000000,0,0
983,1,TypeB,38900,000000000000000000000000111111110000000000000000111111100000000000000001111111100000000000000001111111100000000000001111111000000000000000000000000000000000000000000000,0,0
984,2,TypeB,38900,000000000000000000000000111111110000000000000000111111100000000000000001111111100000000000000001111111100000000000001111111000000000000000000000000000000000000000000000,0,0
985,3,TypeC,29600,011111000000000000000000000000000000011100000000000000000000111111000000000000000000011111100000000000000000000000000000001111110000000000000000000000000000000000000000,0,0
986,4,TypeC,29600,011111000000000000000000000000000000011100000000000000000000111111000000000000000000011111100000000000000000000000000000001111110000000000000000000000000000000000000000,0,0
987,0,TypeA,49500,000000001111111110000000000000000000000000000000000000000000000000000011111111100000000000000000000000001111111110000000000000000000011111111110000000000011111111000000,0,0
988,1,TypeB,38000,000000001111111000000000111111110000000000000000111111100000000000000000000000111111110000000000000000111111110000000000000000000000000000000000000000000000000000000000,0,0
989,2,TypeB,38000,000000001111111000000000111111110000000000000000111111100000000000000000000000111111110000000000000000111111110000000000000000000000000000000000000000000000000000000000,0,0
990,3,TypeC,30600,000000000000000000000000000000000000011100000000000000000000000000011111100000000000011111100000000000001111110000000000001111110000000000000000000000000000000000000000,0,0
991,4,TypeC,30600,000000000000000000000000000000000000011100000000000000000000000000011111100000000000011111100000000000001111110000000000001111110000000000000000000000000000000000000000,0,0
992,0,TypeA,49500,000000000001111111111000000000000000000000000000000000111111111000000000000000111111110000000000000000111111110000000000000000000000011111111110000000000000000000000000,0,0
993,1,TypeB,43500,000000000000000001111111100000000000000000000000000000111111110000000001111111100000000000000000000000000000000000000000000000111111110000000000000001111111000000000000,0,0
994,2,TypeB,43500,000000000000000001111111100000000000000000000000000000111111110000000001111111100000000000000000000000000000000000000000000000111111110000000000000001111111000000000000,0,0
995,0,TypeA,49900,000000001111111110000000000000000000000000000000000011111111110000000000000000000001111111100000000000111111111000000000000000000000011111111110000000000000000000000000,0,0
996,1,TypeB,42400,000000000000000000000000111111110000000000000000000000000000111111110000000000000001111111100000000000111111110000000000000000111111110000000000000000000000000000000000,0,0
997,2,TypeB,42400,000000000000000000000000111111110000000000000000000000000000111111110000000000000001111111100000000000111111110000000000000000111111110000000000000000000000000000000000,0,0
998,3,TypeC,31200,000000000000000000000000111111000000000000000000011111100000000000011111100000000000011111100000000000000000000000000001111110000000000000000000000000000000000000000000,0,0
999,4,TypeC,31200,000000000000000000000000111111000000000000000000011111100000000000011111100000000000011111100000000000000000000000000001111110000000000000000000000000000000000000000000,0,0
1000,0,TypeA,0,000000000000000000000000000000000000000000000000000000000000000000000000000000000000000000000000000000000000000000000000000000000000000000000000000000000000000000000000,0,0
1001,0,TypeA,8000,000000000011111111000000000000000000000000000000000000000000000000000000000000000000000000000000000000000000000000000000000000000000000000000000000000000000000000000000,0,0
1002,1,TypeB,0,000000000000000000000000000000000000000000000000000000000000000000000000000000000000000000000000000000000000000000000000000000000000000000000000000000000000000000000000,0,0
1003,1,TypeB,4000,000000000011110000000000000000000000000000000000000000000000000000000000000000000000000000000000000000000000000000000000000000000000000000000000000000000000000000000000,0,0
1004,2,TypeB,0,000000000000000000000000000000000000000000000000000000000000000000000000000000000000000000000000000000000000000000000000000000000000000000000000000000000000000000000000,0,0
1005,2,TypeB,4000,000000000011110000000000000000000000000000000000000000000000000000000000000000000000000000000000000000000000000000000000000000000000000000000000000000000000000000000000,0,0
1006,3,TypeC,0,000000000000000000000000000000000000000000000000000000000000000000000000000000000000000000000000000000000000000000000000000000000000000000000000000000000000000000000000,0,0
1007,3,TypeC,3900,000000000011100000000000000000000000000000000000000000000000000000000000000000000000000000000000000000000000000000000000000000000000000000000000000000000000000000000000,0,0
1008,4,TypeC,0,000000000000000000000000000000000000000000000000000000000000000000000000000000000000000000000000000000000000000000000000000000000000000000000000000000000000000000000000,0,0
1009,4,TypeC,3900,000000000011100000000000000000000000000000000000000000000000000000000000000000000000000000000000000000000000000000000000000000000000000000000000000000000000000000000000,0,0
1010,3,TypeC,29300,000000000000000000000000000000000111111000000000000000011111100000000000001110000000000000000000011111000000000011111100000000000000000000000000000000000000000000000000,0,0
1011,4,TypeC,29300,000000000000000000000000000000000111111000000000000000011111100000000000001110000000000000000000011111000000000011111100000000000000000000000000000000000000000000000000,0,0
1012,3,TypeC,32400,000000000000000000000000000000000000000000111111000000000000000000000000000000001111110000000000000000000000011111100000000000000000011110000000000000000000111110000000,0,0
1013,4,TypeC,32400,000000000000000000000000000000000000000000111111000000000000000000000000000000001111110000000000000000000000011111100000000000000000011110000000000000000000111110000000,0,0
1014,3,TypeC,35600,000000000000011111100000000000000111111000000000000000000000000000000000000000001111110000000000000000000000000000000000000000000011111100000000000001111100000000000000,0,0
1015,4,TypeC,35600,000000000000011111100000000000000111111000000000000000000000000000000000000000001111110000000000000000000000000000000000000000000011111100000000000001111100000000000000,0,0
1016,3,TypeC,26700,000000000000000000001111110000000000000000000000000000000000000000000000000000000000011110000000000001111100000000000111110000000000011110000000000000000000000000000000,0,0
1017,4,TypeC,26700,000000000000000000001111110000000000000000000000000000000000000000000000000000000000011110000000000001111100000000000111110000000000011110000000000000000000000000000000,0,0
1018,3,TypeC,26200,001111110000000000001111110000000000000000000000000000000000000000000000000111111000000000000000000000000000000000000000000000000000000000000001110000000000111100000000,0,0
1019,4,TypeC,26200,001111110000000000001111110000000000000000000000000000000000000000000000000111111000000000000000000000000000000000000000000000000000000000000001110000000000111100000000,0,0
1020,0,TypeA,51600,000000111111111000000000000000111111111000000000000000000000000000000000000000000011111111000000000000000000000011111111110000000000000000000001111111110000000000000000,0,0
1021,3,TypeC,26200,000000000001111000000000000000000111111000000000000000000000000000000000000000000000011110000000000000000000000000000111110000000000000000000001110000000000000000000000,0,0
1022,4,TypeC,26200,000000000001111000000000000000000111111000000000000000000000000000000000000000000000011110000000000000000000000000000111110000000000000000000001110000000000000000000000,0,0
1023,3,TypeC,23900,000000000000000000001111110000000000000000001111000000000000000011110000000000000000000000000000000000000000000000000000000001111110000000000000000000000000000000001110,0,0
1024,4,TypeC,23900,000000000000000000001111110000000000000000001111000000000000000011110000000000000000000000000000000000000000000000000000000001111110000000000000000000000000000000001110,0,0
1025,3,TypeC,28600,001111110000000000000000000000000000000000000000000000011111100000000000001110000000000000000000000000011110000000000000000000000011111100000000000000000000000000000000,0,0
1026,4,TypeC,28600,001111110000000000000000000000000000000000000000000000011111100000000000001110000000000000000000000000011110000000000000000000000011111100000000000000000000000000000000,0,0
1027,0,TypeA,47800,000000000001111111111000000000000000111111111000000000000011111111110000000000001111111110000000000000000000000000000000000000000000000000000000000000000111111110000000,0,0
1028,3,TypeC,28600,001111110000000000001111110000000000111000000000000000000000000000000000000000001111110000000000000000000000000000000000000000000000000000000000000000000000111100000000,0,0
1029,4,TypeC,28600,001111110000000000001111110000000000111000000000000000000000000000000000000000001111110000000000000000000000000000000000000000000000000000000000000000000000111100000000,0,0
1030,0,TypeA,53800,000000000000000000000000111111111100000000000000000000000000000000000000001111111110000000000000011111111110000000000000000000011111111100000000000000000111111110000000,0,0
1031,1,TypeB,40500,000000000000000000000000000000111111110000000000000000000000000000000000000000000011111100000000011111110000000000000000111111110000000000000000000000000111111100000000,0,0
1032,2,TypeB,40500,000000000000000000000000000000111111110000000000000000000000000000000000000000000011111100000000011111110000000000000000111111110000000000000000000000000111111100000000,0,0
1033,3,TypeC,26900,000000000000000000001111110000000000000000001111000000000000000000000000000000000011111100000000000000000000000000000000000000000000011100000000000000000000111100000000,0,0
1034,4,TypeC,26900,000000000000000000001111110000000000000000001111000000000000000000000000000000000011111100000000000000000000000000000000000000000000011100000000000000000000111100000000,0,0
1035,3,TypeC,29900,001111110000000000000000000000000111111000000000000000000000000011110000000000000000000000000000000001111110000000000000000000000000011110000000000000000000000000000000,0,0
1036,4,TypeC,29900,001111110000000000000000000000000111111000000000000000000000000011110000000000000000000000000000000001111110000000000000000000000000011110000000000000000000000000000000,0,0
1037,0,TypeA,54400,000000111111111000000000000000000000000000000000000000011111111110000000000000000000000000000000011111111110000000000000000000011111111110000000000000111111111100000000,0,0
1038,3,TypeC,29800,000000000000011111100000000000000000011111100000000000000000000000000000001110000000000000000000000000000000000000000000000000000000011110000000000000011111100000000000,0,0
1039,4,TypeC,29800,000000000000011111100000000000000000011111100000000000000000000000000000001110000000000000000000000000000000000000000000000000000000011110000000000000011111100000000000,0,0
1040,0,TypeA,48300,000000111111111000000000000000111111111000000000000000000011111111110000000000000000000000000000000000000000000000000000000001111111110000000000000000000111111110000000,0,0
1041,3,TypeC,25000,001111110000000000001111110000000000000000001111000000000000000000000000000000000000000000000000000000000000000000000000000001110000000000011111100000000000000000000000,0,0
1042,4,TypeC,25000,001111110000000000001111110000000000000000001111000000000000000000000000000000000000000000000000000000000000000000000000000001110000000000011111100000000000000000000000,0,0
1043,0,TypeA,53100,000000111111111000000000000000000000000000000000000000000000000000000000001111111110000000000000011111111110000000000001111111110000000000000000000000000111111110000000,0,0
1044,3,TypeC,25000,001111110000000000001111110000000000000000111111000000000000000000000000001110000000000000000000000000000000000000000111100000000000000000000000000000000000000000000000,0,0
1045,4,TypeC,25000,001111110000000000001111110000000000000000111111000000000000000000000000001110000000000000000000000000000000000000000111100000000000000000000000000000000000000000000000,0,0
1046,3,TypeC,26700,000000000000000000001111110000000000000000001111000000000000000000000000000000000000000000000000000000000000000000000111110000000000011100000000000000000111111000000000,0,0
1047,4,TypeC,26700,000000000000000000001111110000000000000000001111000000000000000000000000000000000000000000000000000000000000000000000111110000000000011100000000000000000111111000000000,0,0
1048,3,TypeC,27100,000000000000000000001111110000000000000000000000000000000000000011110000000000000000000000000000000000000000000011111100000000000000011110000000000001111100000000000000,0,0
1049,4,TypeC,27100,000000000000000000001111110000000000000000000000000000000000000011110000000000000000000000000000000000000000000011111100000000000000011110000000000001111100000000000000,0,0
1050,0,TypeA,45400,000000000000000000000000000000111111111000000000000000000011111111110000000000000011111111000000000000000111111110000000000000000000000000000000000000000000000111111110,0,0
1051,3,TypeC,27200,001111110000000000000000000000000111111000000000000000000000000000000000001110000000000000000000000000000000011110000000000000000000011110000000000000000000000000000000,0,0
1052,4,TypeC,27200,001111110000000000000000000000000111111000000000000000000000000000000000001110000000000000000000000000000000011110000000000000000000011110000000000000000000000000000000,0,0
1053,0,TypeA,53400,000000000000000000000000000000000000011111111000000000000000000000011111111110000000000000000000011111111110000000000000000001111111110000000000000000000000000111111110,0,0
1054,3,TypeC,29900,000000000000000000001111110000000000000000111111000000000000000000000000000000000000011110000000000000001111110000000000000000000000011110000000000000000000000000000000,0,0
1055,4,TypeC,29900,000000000000000000001111110000000000000000111111000000000000000000000000000000000000011110000000000000001111110000000000000000000000011110000000000000000000000000000000,0,0
1056,0,TypeA,47700,000000000000000000000000000000111111111000000000000000000011111111110000000000000011111111000000000000001111111110000000000000000000000000000000000000000000001111111110,0,0
1057,3,TypeC,27200,000000000000011111100000000000000000000000000000000000000000000000000000001110000000000000000000000000001111110000000000000000000000000000000001110000000000111110000000,0,0
1058,4,TypeC,27200,000000000000011111100000000000000000000000000000000000000000000000000000001110000000000000000000000000001111110000000000000000000000000000000001110000000000111110000000,0,0
1059,1,TypeB,40400,000000011111111000000000000000000000000000000000000000011111111000000000000000000011111110000000001111111000000000000000000000000000000000000000000001111111100000000000,0,0
1060,2,TypeB,40400,000000011111111000000000000000000000000000000000000000011111111000000000000000000011111110000000001111111000000000000000000000000000000000000000000001111111100000000000,0,0
1061,3,TypeC,28100,001111110000000000001111110000000000000000000000000000011110000000000000000000000000000000000000000000000000000011111100000000000000000000000000000000000111100000000000,0,0
1062,4,TypeC,28100,001111110000000000001111110000000000000000000000000000011110000000000000000000000000000000000000000000000000000011111100000000000000000000000000000000000111100000000000,0,0
1063,0,TypeA,45500,000000000000000000000000000000000000000000000000000000000011111111110000000000000011111111000000000000000111111111000000000001111111110000000000000000000111111110000000,0,0
1064,1,TypeB,40400,000000000000011111111000000000000000000000000000000000011111110000000000000000000011111110000000000000000000000011111111000000000000000000000000000000000111111110000000,0,0
1065,2,TypeB,40400,000000000000011111111000000000000000000000000000000000011111110000000000000000000011111110000000000000000000000011111111000000000000000000000000000000000111111110000000,0,0
1066,3,TypeC,29500,001111100000000000000000000000000111111000000000000000000000000000000000000000000000000000000000000000000000000011111100000000000000011100000000000000000000111110000000,0,0
1067,4,TypeC,29500,001111100000000000000000000000000111111000000000000000000000000000000000000000000000000000000000000000000000000011111100000000000000011100000000000000000000111110000000,0,0
1068,0,TypeA,50000,000000000000000000000000000000001111111100000000000000011111111110000000000000001111111110000000000000011111111110000000000000000000000000000000000001111111111000000000,0,0
1069,3,TypeC,26800,000000000000000000001111110000000000011111100000000000011110000000000000001110000000000000000000000000000000000000000000111111000000000000000000000000000000000000000000,0,0
1070,4,TypeC,26800,000000000000000000001111110000000000011111100000000000011110000000000000001110000000000000000000000000000000000000000000111111000000000000000000000000000000000000000000,0,0
1071,0,TypeA,49800,000000000000000000000000000000000000011111111000000000000011111111110000000000000000000000000000000000011111111110000000000000000000000000111111110000000000001111111110,0,0
1072,3,TypeC,32100,000000001111110000000000000000000000011111100000000000011111100000000000000000000000000000000000000000000000000000000000000000000000000000011111000000000000111100000000,0,0
1073,4,TypeC,32100,000000001111110000000000000000000000011111100000000000011111100000000000000000000000000000000000000000000000000000000000000000000000000000011111000000000000111100000000,0,0
1074,0,TypeA,54800,001111111100000000000000000000111111111000000000000000000000000000011111111100000000000000000000000000000000000000000000111111110000000000000000111111111100000000000000,0,0
1075,3,TypeC,31600,000000000000000000000000000000000000011111100000000000011111100000000000000000000000011110000000000000000000000000000000111111000000000000000000111111000000000000000000,0,0
1076,4,TypeC,31600,000000000000000000000000000000000000011111100000000000011111100000000000000000000000011110000000000000000000000000000000111111000000000000000000111111000000000000000000,0,0
1077,0,TypeA,49300,000000000000000000000000000000111111111000000000000000000011111111110000000000000000000000000000000000000111111111000000000000111111111100000000000001111111100000000000,0,0
1078,3,TypeC,27400,000000000001111000000000000000000000000000000000000000011111100000000000000000000000000000000000000000000000000000000000011111100000000000000000011111100000000000001110,0,0
1079,4,TypeC,27400,000000000001111000000000000000000000000000000000000000011111100000000000000000000000000000000000000000000000000000000000011111100000000000000000011111100000000000001110,0,0
1080,0,TypeA,59100,001111111111000000000000111111111100000000000000000000000000000000011111111110000000000000000000000000000000000011111111110000000000000000000000000000000000000111111110,0,0
1081,3,TypeC,27600,000000111111000000000000000000000000000000000000000000011111100000000000000000000000011110000000000000000000000000000000000000000000000000000000000001111100000000001110,0,0
1082,4,TypeC,27600,000000111111000000000000000000000000000000000000000000011111100000000000000000000000011110000000000000000000000000000000000000000000000000000000000001111100000000001110,0,0
1083,0,TypeA,54300,000000111111111000000000000000111111111000000000000000000000000000011111111110000000000000000000000000011111111110000000000000000000000000000000000000000000111111111100,0,0
1084,1,TypeB,42500,001111111000000000000000000000000000011111111000000000000000000000000000000000000000000000000000000000000111111110000000000000000000011111110000000001111111100000000000,0,0
1085,2,TypeB,42500,001111111000000000000000000000000000011111111000000000000000000000000000000000000000000000000000000000000111111110000000000000000000011111110000000001111111100000000000,0,0
1086,3,TypeC,27400,001111100000000000000000000000000000000000000000000000011111100000000000000000000000011110000000000000000000000000000111110000000000000000011111000000000000000000000000,0,0
1087,4,TypeC,27400,001111100000000000000000000000000000000000000000000000011111100000000000000000000000011110000000000000000000000000000111110000000000000000011111000000000000000000000000,0,0
1088,0,TypeA,58200,000000000000000000000000111111111000000000000000000000000000000000011111111110000000000000000000011111111110000000000000000000111111111100000000000000000000001111111110,0,0
1089,3,TypeC,27700,000000000000000000001111110000000000000000000000000000011111100000000000000000000000000000000000011111000000000000000000000000000000000000000001110000000000111110000000,0,0
1090,4,TypeC,27700,000000000000000000001111110000000000000000000000000000011111100000000000000000000000000000000000011111000000000000000000000000000000000000000001110000000000111110000000,0,0
1091,1,TypeB,42500,001111111000000000000000000000000000000000000000000000000000111111110000000000000000000000000000011111111000000000000000111111110000000000000001111111000000000000000000,0,0
1092,2,TypeB,42500,001111111000000000000000000000000000000000000000000000000000111111110000000000000000000000000000011111111000000000000000111111110000000000000001111111000000000000000000,0,0
1093,0,TypeA,56100,000000000000000000000000111111111100000000000001111111110000000000000000000000000000000000000000000000011111111110000000000001111111110000000000000000111111111100000000,0,0
1094,1,TypeB,43500,000000000000000000000000000000111111110000000000000000000000000000011111111000000000000000000000011111111000000000000000000000000000000000011111110000000000000111111110,0,0
1095,2,TypeB,43500,000000000000000000000000000000111111110000000000000000000000000000011111111000000000000000000000011111111000000000000000000000000000000000011111110000000000000111111110,0,0
1096,3,TypeC,31600,000000000000000000000000011111100000000000000000000000011111100000000000000000000000011110000000000000000000011111100000000000000000000000000000011111100000000000000000,0,0
1097,4,TypeC,31600,000000000000000000000000011111100000000000000000000000011111100000000000000000000000011110000000000000000000011111100000000000000000000000000000011111100000000000000000,0,0
1098,0,TypeA,50000,000000111111111000000000000000000000000000000000000000011111111110000000000000000011111111000000000000011111111110000000000000111111111100000000000000000000000000000000,0,0
1099,1,TypeB,41800,000000001111111000000000000000000000000000000000000000011111110000000000000000000011111110000000000000000000000000000000111111110000000000000000000000000000000111111110,0,0
1100,2,TypeB,41800,000000001111111000000000000000000000000000000000000000011111110000000000000000000011111110000000000000000000000000000000111111110000000000000000000000000000000111111110,0,0
1101,0,TypeA,55100,000000000000000000000000000000111111110000000000000000011111111110000000000011111111110000000000011111111110000000000001111111110000000000000000000000000000000000000000,0,0
1102,1,TypeB,43500,000000000000000000000000000000111111110000000000000000011111111000000000000000000000000000000000011111111000000000000000000000000000000000011111110000000000000111111110,0,0
1103,2,TypeB,43500,000000000000000000000000000000111111110000000000000000011111111000000000000000000000000000000000011111111000000000000000000000000000000000011111110000000000000111111110,0,0
1104,3,TypeC,26300,000000000000011111100000000000000000000000001111000000000000001111110000000000000000011110000000000000000000000000000000000000000000000000000000000000000000000000001110,0,0
1105,4,TypeC,26300,000000000000011111100000000000000000000000001111000000000000001111110000000000000000011110000000000000000000000000000000000000000000000000000000000000000000000000001110,0,0
1106,0,TypeA,57400,000000111111111000000000000000000000000000000001111111110000000000011111111100000000000000000000011111111100000000000000000000000000000000000000111111111100000000000000,0,0
1107,3,TypeC,26400,000000000001111000000000000000000000111000000000000000000000000011110000000000000011110000000000000000000000000000000000000000000000000000000000000000000111111000000000,0,0
1108,4,TypeC,26400,000000000001111000000000000000000000111000000000000000000000000011110000000000000011110000000000000000000000000000000000000000000000000000000000000000000111111000000000,0,0
1109,0,TypeA,53800,000000011111111000000000000000000000000000000000000000000000000000011111111110000000000000000000000000011111111110000000000001111111110000000000011111111100000000000000,0,0
1110,3,TypeC,35000,000000000000011111100000000000000111110000000000000000000000000000000000000000001111110000000000001111110000000000000000000000000000000000000000000000000111111000000000,0,0
1111,4,TypeC,35000,000000000000011111100000000000000111110000000000000000000000000000000000000000001111110000000000001111110000000000000000000000000000000000000000000000000111111000000000,0,0
1112,0,TypeA,57700,000000111111111000000000000000000000000000000001111111110000000000011111111110000000000000000000011111111100000000000111111111000000000000000000000000000000000000000000,0,0
1113,1,TypeB,38100,001111111000000000111111110000000000000000000000000000000000000000000000000000000011111110000000000000011111110000000000000000000000011111110000000000000000000000000000,0,0
1114,2,TypeB,38100,001111111000000000111111110000000000000000000000000000000000000000000000000000000011111110000000000000011111110000000000000000000000011111110000000000000000000000000000,0,0
1115,3,TypeC,32200,000000000000011111100000000000000111110000000000000000000000000000000000000000001111110000000000000000000000000000000000011111000000000000011111100000000000000000000000,0,0
1116,4,TypeC,32200,000000000000011111100000000000000111110000000000000000000000000000000000000000001111110000000000000000000000000000000000011111000000000000011111100000000000000000000000,0,0
1117,0,TypeA,54100,000000111111111000000000000000000000000000000001111111110000000000011111111100000000000000000000000000011111111110000000000001111111110000000000000000000000000000000000,0,0
1118,1,TypeB,41500,000000000000011111111000000000000000000000000000000000011111110000000000000000000000000000000000000000000011111110000000000000000000011111110000000000000111111110000000,0,0
1119,2,TypeB,41500,000000000000011111111000000000000000000000000000000000011111110000000000000000000000000000000000000000000011111110000000000000000000011111110000000000000111111110000000,0,0
1120,3,TypeC,29500,000000000000011100000000000000000111111000000000000000011110000000000000000000000000000000000000000000000000011111100000000000000000000000011111100000000000000000000000,0,0
1121,4,TypeC,29500,000000000000011100000000000000000111111000000000000000011110000000000000000000000000000000000000000000000000011111100000000000000000000000011111100000000000000000000000,0,0
1122,0,TypeA,53000,000000111111111000000000000000000000000000000000000000000011111111110000000000000000000000000000011111111110000000000000000001111111110000000000000000000000001111111110,0,0
1123,1,TypeB,38900,000000001111111000000000000000000000000000000000000000000000000000000000001111111000000000000000000000000111111110000000000000000000011111110000000000000111111000000000,0,0
1124,2,TypeB,38900,000000001111111000000000000000000000000000000000000000000000000000000000001111111000000000000000000000000111111110000000000000000000011111110000000000000111111000000000,0,0
1125,3,TypeC,33000,000000000000011100000000000000000111111000000000000000000000000000000000000000001111110000000000000000000000000000000000111111000000000000000000000000000111111000000000,0,0
1126,4,TypeC,33000,000000000000011100000000000000000111111000000000000000000000000000000000000000001111110000000000000000000000000000000000111111000000000000000000000000000111111000000000,0,0
1127,0,TypeA,53500,000000000000000000000000000000000000000000000001111111110000000000011111111110000000000000000000000000011111111110000000000001111111110000000000000000000111111110000000,0,0
1128,3,TypeC,28500,000000000000000000000000000000000000000000001111000000000000000011110000000000000000011110000000000000000000011111100000000000000000000000000000000000000111111000000000,0,0
1129,4,TypeC,28500,000000000000000000000000000000000000000000001111000000000000000011110000000000000000011110000000000000000000011111100000000000000000000000000000000000000111111000000000,0,0
1130,0,TypeA,51900,000000000000000000000000000000111111111000000000000000011111111110000000000000000011111111000000000000000000000000000111111111100000000000000001111111100000000000000000,0,0
1131,3,TypeC,24500,000000000000000000000000011111100000000000111111000000000000000011110000000000000011110000000000000000000000000000000000000000000000000000000001110000000000000000000000,0,0
1132,4,TypeC,24500,000000000000000000000000011111100000000000111111000000000000000011110000000000000011110000000000000000000000000000000000000000000000000000000001110000000000000000000000,0,0
1133,0,TypeA,51700,000000000000000000000000000000000000111111111000000000000011111111110000000000000011111111000000000000000000000011111111110000000000000000000001111111110000000000000000,0,0
1134,3,TypeC,19000,000000000000000000000000111000000000000000001111000000000000000000000000001110000000000000000000000000000000000000000000111111000000000000000001110000000000000000000000,0,0
1135,4,TypeC,19000,000000000000000000000000111000000000000000001111000000000000000000000000001110000000000000000000000000000000000000000000111111000000000000000001110000000000000000000000,0,0
1136,0,TypeA,58200,000000000000000000000000000000000000000000000001111111110000000000011111111110000000000000000000011111111110000000000000000001111111110000000000000000000000111111111100,0,0
1137,1,TypeB,39400,000000000000000000000000000000000000011111111000000000000000011111110000000000000011111110000000000000011111110000000000000000000000000000000001111111100000000000000000,0,0
1138,2,TypeB,39400,000000000000000000000000000000000000011111111000000000000000011111110000000000000011111110000000000000011111110000000000000000000000000000000001111111100000000000000000,0,0
1139,3,TypeC,24500,000000000001111000000000000000000111111000000000000000011110000000000000001110000000000000000000000000000000000000000000000000000000011100000000000000000000000000000000,0,0
1140,4,TypeC,24500,000000000001111000000000000000000111111000000000000000011110000000000000001110000000000000000000000000000000000000000000000000000000011100000000000000000000000000000000,0,0
1141,0,TypeA,60300,001111111111000000000000000000000000000000000001111111110000000000011111111100000000000000000000000000000000000011111111110000000000000000000000111111111100000000000000,0,0
1142,0,TypeA,56300,000000000001111111111000000000000000000000000001111111110000000000011111111100000000000000000000000000000000000011111111110000000000000000000000000000000000001111111110,0,0
1143,1,TypeB,38100,000000000000000000001111110000000000000000000000000000000000111111110000000000000011111110000000001111111100000000000000000000000000000000000000000000000000000011111110,0,0
1144,2,TypeB,38100,000000000000000000001111110000000000000000000000000000000000111111110000000000000011111110000000001111111100000000000000000000000000000000000000000000000000000011111110,0,0
1145,3,TypeC,28500,000000000000000000001111110000000000011111100000000000000000000000000000000000000011110000000000000000000000011111000000000000000000011100000000000000000000000000000000,0,0
1146,4,TypeC,28500,000000000000000000001111110000000000011111100000000000000000000000000000000000000011110000000000000000000000011111000000000000000000011100000000000000000000000000000000,0,0
1147,0,TypeA,54000,001111111111000000000000000000111111111000000000000000011111111110000000000000000000000000000000000000000000000011111111100000000000000000000000000000011111111110000000,0,0
1148,1,TypeB,38700,000000000000000000000000111111100000000000000000000000000011111110000000000000000000000000000000011111110000000000111111100000000000000000000000000000000111111110000000,0,0
1149,2,TypeB,38700,000000000000000000000000111111100000000000000000000000000011111110000000000000000000000000000000011111110000000000111111100000000000000000000000000000000111111110000000,0,0
1150,0,TypeA,55300,001111111111000000000000000000111111111000000000000000011111111110000000000000000000000000000000000000000000000011111111110000000000000000000000000000011111111110000000,0,0
1151,1,TypeB,40000,000000000000000000000000000000001111111000000000000000000011111110000000000000000000000000000000011111110000000000111111110000000000000000000000000000000111111110000000,0,0
1152,2,TypeB,40000,000000000000000000000000000000001111111000000000000000000011111110000000000000000000000000000000011111110000000000111111110000000000000000000000000000000111111110000000,0,0
1153,3,TypeC,27700,000000001111110000000000000000000000111000000000000000000000000000000000000000000000011110000000000000000000011111100000000000000000011100000000000000000000000000000000,0,0
1154,4,TypeC,27700,000000001111110000000000000000000000111000000000000000000000000000000000000000000000011110000000000000000000011111100000000000000000011100000000000000000000000000000000,0,0
1155,0,TypeA,53300,000000000000000000000000000000111111110000000000000000011111111110000000000000000000000000000000011111111110000000000000000001111111110000000000000001111111111000000000,0,0
1156,1,TypeB,41400,000000000000011111111000000000111111110000000000000000000000000000000000000000000011111110000000000000000111111110000000000000000000000000000001111111100000000000000000,0,0
1157,2,TypeB,41400,000000000000011111111000000000111111110000000000000000000000000000000000000000000011111110000000000000000111111110000000000000000000000000000001111111100000000000000000,0,0
1158,3,TypeC,27700,000000000000000000001111110000000000111000000000000000000000000000000000000000000000011110000000000001111110000000000000011111100000000000000000000000000000000000000000,0,0
1159,4,TypeC,27700,000000000000000000001111110000000000111000000000000000000000000000000000000000000000011110000000000001111110000000000000011111100000000000000000000000000000000000000000,0,0
1160,0,TypeA,58600,001111111111000000000000000000000000000000000001111111110000000000000000000011111111110000000000000000000000000011111111110000000000000000000000000001111111111000000000,0,0
1161,1,TypeB,40000,000000000000000000000000000000000000000000000000000000011111110000000000000000001111111000000000011111110000000000111111110000000000000000000000000000011111111000000000,0,0
1162,2,TypeB,40000,000000000000000000000000000000000000000000000000000000011111110000000000000000001111111000000000011111110000000000111111110000000000000000000000000000011111111000000000,0,0
1163,3,TypeC,28600,001111100000000000001111110000000000111000000000000000000000000000000000000000000011111000000000000000000000011111100000000000000000000000000000000000000000000000000000,0,0
1164,4,TypeC,28600,001111100000000000001111110000000000111000000000000000000000000000000000000000000011111000000000000000000000011111100000000000000000000000000000000000000000000000000000,0,0
1165,0,TypeA,62200,000000000000000000000000111111111100000000000001111111110000000000011111111110000000000000000000000000000000000011111111110000000000000000000000111111111100000000000000,0,0
1166,1,TypeB,40400,000000011111111000000000000000000000011111111000000000011111110000000000000000000000000000000000011111110000000000000000111111110000000000000000000000000000000000000000,0,0
1167,2,TypeB,40400,000000011111111000000000000000000000011111111000000000011111110000000000000000000000000000000000011111110000000000000000111111110000000000000000000000000000000000000000,0,0
1168,3,TypeC,29000,000000000000011111100000000000000000000000111111000000000000000000000000000000000000011110000000000000011110000000000000111111000000000000000000000000000000000000000000,0,0
1169,4,TypeC,29000,000000000000011111100000000000000000000000111111000000000000000000000000000000000000011110000000000000011110000000000000111111000000000000000000000000000000000000000000,0,0
1170,0,TypeA,54000,000000000000000000000000000000000000000000000000000000011111111110000000000000001111111110000000000000000000000011111111110000000000000111111111100000000000001111111110,0,0
1171,1,TypeB,41800,000000000000000000000000000000000000000000000000000000011111110000000000001111111000000000000000000000000000000001111111100000000000011111110000000000000000000111111110,0,0
1172,2,TypeB,41800,000000000000000000000000000000000000000000000000000000011111110000000000001111111000000000000000000000000000000001111111100000000000011111110000000000000000000111111110,0,0
1173,3,TypeC,24400,001111110000000000000000111000000000000000000000000000000000000000000000000000000000011110000000000000000000000011111100000000000000011100000000000000000000000000000000,0,0
1174,4,TypeC,24400,001111110000000000000000111000000000000000000000000000000000000000000000000000000000011110000000000000000000000011111100000000000000011100000000000000000000000000000000,0,0
1175,0,TypeA,59700,000000000000000000000000111111111100000000000001111111110000000000011111111110000000000000000000000000000000000011111111110000000000000000000000000000000000001111111110,0,0
1176,1,TypeB,40400,001111111000000000000000000000000000011111111000000000000000111111110000000000000011111110000000000000000000000000000000000000000000000000000000000000000000000111111110,0,0
1177,2,TypeB,40400,001111111000000000000000000000000000011111111000000000000000111111110000000000000011111110000000000000000000000000000000000000000000000000000000000000000000000111111110,0,0
1178,3,TypeC,21900,000000000000000000001111110000000000000000111111000000000000000000000000001110000000000000000000000000000000000000000000000000000000011100000000000000000000000000001110,0,0
1179,4,TypeC,21900,000000000000000000001111110000000000000000111111000000000000000000000000001110000000000000000000000000000000000000000000000000000000011100000000000000000000000000001110,0,0
1180,0,TypeA,54900,000000000000000000000000000000111111111000000000000000000011111111110000000000000000000000000000011111111110000000000001111111110000000000000000000000011111111110000000,0,0
1181,1,TypeB,42500,000000000000000000000000000000000000000000000000000000000000111111110000000000000011111110000000000000000111111110000000000000000000011111110000000000000111111110000000,0,0
1182,2,TypeB,42500,000000000000000000000000000000000000000000000000000000000000111111110000000000000011111110000000000000000111111110000000000000000000011111110000000000000111111110000000,0,0
1183,3,TypeC,31600,000000000000000000000000000000000111111000000000000000000000000000000000000000001111110000000000000000011110000000000000000000000000011100000000000000000111111000000000,0,0
1184,4,TypeC,31600,000000000000000000000000000000000111111000000000000000000000000000000000000000001111110000000000000000011110000000000000000000000000011100000000000000000111111000000000,0,0
1185,0,TypeA,53000,001111111100000000000000000000000000000000000000000000000011111111110000000000001111111110000000000000000000000011111111110000000000000000000000000001111111111000000000,0,0
1186,1,TypeB,39400,001111111000000000000000000000000000000000000000000000011111110000000000001111111000000000000000011111111000000000000000000000000000000000000001111111100000000000000000,0,0
1187,2,TypeB,39400,001111111000000000000000000000000000000000000000000000011111110000000000001111111000000000000000011111111000000000000000000000000000000000000001111111100000000000000000,0,0
1188,3,TypeC,28100,001111100000000000000000000000000000000000000000000000000000000000000000000000000000011110000000000000000000011111000000000000000000011100000000000000000111111000000000,0,0
1189,4,TypeC,28100,001111100000000000000000000000000000000000000000000000000000000000000000000000000000011110000000000000000000011111000000000000000000011100000000000000000111111000000000,0,0
1190,0,TypeA,53500,000000000000000000000000000000000000000000000000000000011111111110000000000011111111110000000000000000011111111110000000000001111111110000000000000000011111111110000000,0,0
1191,3,TypeC,28900,000000000000000000000000000000000000000000001111000000000000000000000000001110000000000000000000000000000000000011111100000000000011111100000000000000000111111000000000,0,0
1192,4,TypeC,28900,000000000000000000000000000000000000000000001111000000000000000000000000001110000000000000000000000000000000000011111100000000000011111100000000000000000111111000000000,0,0
1193,0,TypeA,51500,000000000000000000000000000000111111111000000000000000011111111110000000000000000000000000000000000000011111111110000000000001111111110000000000000000000000001111111110,0,0
1194,1,TypeB,39100,000000011111111000000000000000000000011111111000000000000000000000000000000000000011111110000000000000011111110000000000000000000000000000000000000000000111111100000000,0,0
1195,2,TypeB,39100,000000011111111000000000000000000000011111111000000000000000000000000000000000000011111110000000000000011111110000000000000000000000000000000000000000000111111100000000,0,0
1196,3,TypeC,24200,000000000000011100000000000000000000000000001111000000000000000000000000000000000000011110000000000000000000011111100000000000000000011100000000000000000000000000000000,0,0
1197,4,TypeC,24200,000000000000011100000000000000000000000000001111000000000000000000000000000000000000011110000000000000000000011111100000000000000000011100000000000000000000000000000000,0,0
1198,0,TypeA,53900,000000000000000000111111110000000000000000000000000000000011111111110000000000000000000000000000011111111110000000000000000001111111110000000000000000111111111100000000,0,0
1199,1,TypeB,42400,000000000000000000111111110000000000011111111000000000000000000000000000000000001111111100000000000000000011111111000000000000000000000000000000000001111111100000000000,0,0
1200,2,TypeB,42400,000000000000000000111111110000000000011111111000000000000000000000000000000000001111111100000000000000000011111111000000000000000000000000000000000001111111100000000000,0,0
1201,3,TypeC,26600,000000000000000000000000111000000000000000001111000000000000000000000000000000000000011110000000000001111110000000000000000000000011111100000000000000000000000000000000,0,0
1202,4,TypeC,26600,000000000000000000000000111000000000000000001111000000000000000000000000000000000000011110000000000001111110000000000000000000000011111100000000000000000000000000000000,0,0
1203,0,TypeA,51600,000000000000000000000000000000000000000000000000000000000011111111110000000000001111111110000000000000011111111110000000000001111111110000000000000001111111111000000000,0,0
1204,1,TypeB,38400,000000000000000000000000000000000000011111111000000000011111100000000000000000000011111110000000000000011111110000000000000000000000000000000000000001111111100000000000,0,0
1205,2,TypeB,38400,000000000000000000000000000000000000011111111000000000011111100000000000000000000011111110000000000000011111110000000000000000000000000000000000000001111111100000000000,0,0
1206,3,TypeC,32400,000000000000011111100000000000000111111000000000000000011111100000000000000000000000011110000000000000000000000000000111110000000000000000000000000000000000000000000000,0,0
1207,4,TypeC,32400,000000000000011111100000000000000111111000000000000000011111100000000000000000000000011110000000000000000000000000000111110000000000000000000000000000000000000000000000,0,0
1208,0,TypeA,51200,000000111111111000000000000000000001111111100000000000011111111110000000000000000000000000000000000000000000000011111111110000000000000000000000000000011111111110000000,0,0
1209,3,TypeC,28400,001111100000000000001111110000000000000000111111000000000000000000000000000000001111110000000000000000000000000000000000000000000000011100000000000000000000000000000000,0,0
1210,4,TypeC,28400,001111100000000000001111110000000000000000111111000000000000000000000000000000001111110000000000000000000000000000000000000000000000011100000000000000000000000000000000,0,0
1211,0,TypeA,56600,000000000000000000000000000000000000000000000001111111110000000000011111111100000000000000000000011111111110000000000000000001111111110000000000000000011111111110000000,0,0
1212,1,TypeB,38400,000000011111111000000000000000000111111000000000000000011111110000000000000000000000000000000000000000011111110000000000000000000000000000000000000001111111100000000000,0,0
1213,2,TypeB,38400,000000011111111000000000000000000111111000000000000000011111110000000000000000000000000000000000000000011111110000000000000000000000000000000000000001111111100000000000,0,0
1214,3,TypeC,27600,001111110000000000001111110000000000111000000000000000000000000000000000000000000000011110000000000000000000000000000000000000000000000000000000000000000000111110000000,0,0
1215,4,TypeC,27600,001111110000000000001111110000000000111000000000000000000000000000000000000000000000011110000000000000000000000000000000000000000000000000000000000000000000111110000000,0,0
1216,0,TypeA,54100,000000000001111111111000000000000000000000000000000000011111111110000000000000000000000000000000011111111100000000000000000000111111111100000000000000011111111110000000,0,0
1217,1,TypeB,44800,000000000000000000111111110000000000011111111000000000000000000000000000000000000000000000000000011111111000000000000000111111110000000000000000000000000111111110000000,0,0
1218,2,TypeB,44800,000000000000000000111111110000000000011111111000000000000000000000000000000000000000000000000000011111111000000000000000111111110000000000000000000000000111111110000000,0,0
1219,3,TypeC,37800,000000000000011111100000000000000111111000000000000000000000000000000000000000000001111110000000000000000000011111100000000000000011111100000000000000000000000000000000,0,0
1220,4,TypeC,37800,000000000000011111100000000000000111111000000000000000000000000000000000000000000001111110000000000000000000011111100000000000000011111100000000000000000000000000000000,0,0
1221,0,TypeA,48900,000000000000000000000000000000111111111000000000000000011111111110000000000000001111111100000000000000000000000011111111110000000000000000000000000000000111111110000000,0,0
1222,1,TypeB,42500,000000000000000000000000000000111111110000000000000000000000000000000000000000001111111100000000000000011111110000000000000000000000011111110000000000000111111110000000,0,0
1223,2,TypeB,42500,000000000000000000000000000000111111110000000000000000000000000000000000000000001111111100000000000000011111110000000000000000000000011111110000000000000111111110000000,0,0
1224,3,TypeC,30000,001111110000000000000000000000000000000000111111000000000000000000000000000000000011111100000000000000000000000000000111110000000000011110000000000000000000000000000000,0,0
1225,4,TypeC,30000,001111110000000000000000000000000000000000111111000000000000000000000000000000000011111100000000000000000000000000000111110000000000011110000000000000000000000000000000,0,0
1226,0,TypeA,58100,000000000000000000000000111111111000000000000000000000011111111110000000000000000000000000000000011111111110000000000001111111110000000000000001111111110000000000000000,0,0
1227,1,TypeB,41800,000000011111111000000000000000000000000000000000000000000000000000000000000000000011111110000000000000000000000000111111110000000000000000000001111111000000000011111110,0,0
1228,2,TypeB,41800,000000011111111000000000000000000000000000000000000000000000000000000000000000000011111110000000000000000000000000111111110000000000000000000001111111000000000011111110,0,0
1229,3,TypeC,28300,000000000000000000001111110000000000000000000000000000011110000000000000000000001111110000000000000000000000011111100000000000000000000000000001110000000000000000000000,0,0
1230,4,TypeC,28300,000000000000000000001111110000000000000000000000000000011110000000000000000000001111110000000000000000000000011111100000000000000000000000000001110000000000000000000000,0,0
1231,0,TypeA,51400,000000011111111000000000000000111111111000000000000000011111111110000000000000000000000000000000011111111110000000000000000000000000000000000000000000111111111000000000,0,0
1232,1,TypeB,44100,000000011111111000000000000000000000000000000000000000000000000000000000000000000000000000000000011111111000000000111111110000000000011111110000000000000111111110000000,0,0
1233,2,TypeB,44100,000000011111111000000000000000000000000000000000000000000000000000000000000000000000000000000000011111111000000000111111110000000000011111110000000000000111111110000000,0,0
1234,3,TypeC,25800,000000000000000000001111110000000000011111100000000000000000000000000000001110000000000000000000000000011110000000000111110000000000000000000000000000000000000000000000,0,0
1235,4,TypeC,25800,000000000000000000001111110000000000011111100000000000000000000000000000001110000000000000000000000000011110000000000111110000000000000000000000000000000000000000000000,0,0
1236,0,TypeA,54600,000000000000000000000000000000111111111000000000000000011111111110000000000011111111110000000000011111111100000000000000000000000000000000000000000001111111111000000000,0,0
1237,1,TypeB,41500,000000000000000000000000000000000000011111111000000000011111110000000000000000000011111110000000000000000000000000000000000000000000011111110000000000000111111110000000,0,0
1238,2,TypeB,41500,000000000000000000000000000000000000011111111000000000011111110000000000000000000011111110000000000000000000000000000000000000000000011111110000000000000111111110000000,0,0
1239,3,TypeC,28200,000000000000000000000000011111100000000000001111000000000000000000000000000000000011110000000000000000000000000000000000000000000000011110000000000000000111111000000000,0,0
1240,4,TypeC,28200,000000000000000000000000011111100000000000001111000000000000000000000000000000000011110000000000000000000000000000000000000000000000011110000000000000000111111000000000,0,0
1241,0,TypeA,59000,000000000000000000000000111111111000000000000001111111110000000000011111111110000000000000000000011111111110000000000000000001111111110000000000000000000000000000000000,0,0
1242,1,TypeB,40400,000000011111111000000000000000001111111000000000000000000000000000000000000000000011111110000000000000000000000011111111000000000000000000000000000001111111100000000000,0,0
1243,2,TypeB,40400,000000011111111000000000000000001111111000000000000000000000000000000000000000000011111110000000000000000000000011111111000000000000000000000000000001111111100000000000,0,0
1244,3,TypeC,29400,000000000001111000000000000000001111110000000000000000000000000000000000000000001111110000000000000000000000011111000000000000000000000000000000000000000000000000001110,0,0
1245,4,TypeC,29400,000000000001111000000000000000001111110000000000000000000000000000000000000000001111110000000000000000000000011111000000000000000000000000000000000000000000000000001110,0,0
1246,0,TypeA,56700,000000000000000000000000000000000000000000000001111111110000000000011111111110000000000000000000000000011111111110000000000001111111110000000000000001111111111000000000,0,0
1247,1,TypeB,42500,000000011111111000000000111111100000000000000000000000000000000000000000000000000000000000000000000000000011111111000000000000011111110000000000000000000111111110000000,0,0
1248,2,TypeB,42500,000000011111111000000000111111100000000000000000000000000000000000000000000000000000000000000000000000000011111111000000000000011111110000000000000000000111111110000000,0,0
1249,3,TypeC,33700,000000000001111000000000000000000000000000111111000000000000000000000000000000001111110000000000000000000000011111100000000000000000000000000000000000000111111000000000,0,0
1250,4,TypeC,33700,000000000001111000000000000000000000000000111111000000000000000000000000000000001111110000000000000000000000011111100000000000000000000000000000000000000111111000000000,0,0
1251,0,TypeA,52100,000000000000000000000000111111110000000000000000000000000011111111110000000000000000000000000000000000001111111111000000000001111111110000000000000000111111111100000000,0,0
1252,1,TypeB,39700,000000000000000000000000111111100000000000000000000000000011111110000000000000000011111110000000000000000000000001111111100000000000000000000000000000000111111110000000,0,0
1253,2,TypeB,39700,000000000000000000000000111111100000000000000000000000000011111110000000000000000011111110000000000000000000000001111111100000000000000000000000000000000111111110000000,0,0
1254,3,TypeC,28300,001111110000000000001111110000000000000000000000000000000000000000000000000000000000011110000000000000000000000000000000000000000000011100000000000000011111100000000000,0,0
1255,4,TypeC,28300,001111110000000000001111110000000000000000000000000000000000000000000000000000000000011110000000000000000000000000000000000000000000011100000000000000011111100000000000,0,0
1256,0,TypeA,51300,000000000000000000000000000000111111111000000000000000000011111111110000000000000000000000000000000000001111111111000000000001111111110000000000000000011111111110000000,0,0
1257,1,TypeB,41500,000000000000000000000000111111100000000000000000000000000011111110000000000000000000000000000000000000000111111110000000000000000000000000000001111111000000000111111110,0,0
1258,2,TypeB,41500,000000000000000000000000111111100000000000000000000000000011111110000000000000000000000000000000000000000111111110000000000000000000000000000001111111000000000111111110,0,0
1259,3,TypeC,26800,000000000000000000001111110000000000011100000000000000000000000000000000000000000000011110000000000000000000000000000000000000000000011100000000000000000111111000000000,0,0
1260,4,TypeC,26800,000000000000000000001111110000000000011100000000000000000000000000000000000000000000011110000000000000000000000000000000000000000000011100000000000000000111111000000000,0,0
1261,0,TypeA,51200,000000001111111100000000000000000000111111111000000000000011111111110000000000000000000000000000000000000000000011111111110000000000000000000000000000111111111100000000,0,0
1262,1,TypeB,39400,000000001111111000000000000000111111110000000000000000000011111110000000000000000000000000000000011111110000000000000000000000000000000000000000000000000111111110000000,0,0
1263,2,TypeB,39400,000000001111111000000000000000111111110000000000000000000011111110000000000000000000000000000000011111110000000000000000000000000000000000000000000000000111111110000000,0,0
1264,3,TypeC,28900,000000000000000000001111110000000000111000000000000000000000000000000000000000001111110000000000000000000000000011111100000000000000011110000000000000000000000000000000,0,0
1265,4,TypeC,28900,000000000000000000001111110000000000111000000000000000000000000000000000000000001111110000000000000000000000000011111100000000000000011110000000000000000000000000000000,0,0
1266,0,TypeA,51300,000000000000000000000000000000000000000000000000000000011111111110000000000000001111111110000000000000001111111111000000000001111111110000000000000000111111111100000000,0,0
1267,1,TypeB,42500,000000011111111000000000000000000000000000000000000000000011111110000000000000000000000000000000011111111000000000000000000000011111110000000000000000000000000111111110,0,0
1268,2,TypeB,42500,000000011111111000000000000000000000000000000000000000000011111110000000000000000000000000000000011111111000000000000000000000011111110000000000000000000000000111111110,0,0
1269,3,TypeC,25000,000000000000000000001111110000000000000000001111000000000000000000000000000000000000011110000000000000011110000000000000000000000000011110000000000000000000000000000000,0,0
1270,4,TypeC,25000,000000000000000000001111110000000000000000001111000000000000000000000000000000000000011110000000000000011110000000000000000000000000011110000000000000000000000000000000,0,0
1271,0,TypeA,54700,000000000000000000000000111111111100000000000000000000011111111110000000000000000000000000000000000000011111111110000000000001111111110000000000000000011111111110000000,0,0
1272,1,TypeB,40500,000000000000000000000000000000001111110000000000000000000011111110000000000000000000000000000000000000011111110000000001111111100000000000000000000000000111111110000000,0,0
1273,2,TypeB,40500,000000000000000000000000000000001111110000000000000000000011111110000000000000000000000000000000000000011111110000000001111111100000000000000000000000000111111110000000,0,0
1274,3,TypeC,29000,000000001111110000000000000000001111110000000000000000000000000000000000001110000000000000000000000000000000000000000111110000000000000000011111100000000000000000000000,0,0
1275,4,TypeC,29000,000000001111110000000000000000001111110000000000000000000000000000000000001110000000000000000000000000000000000000000111110000000000000000011111100000000000000000000000,0,0
1276,0,TypeA,53700,000000000000000000000000000000111111111000000000000000000011111111110000000000000000000000000000011111111110000000000000000001111111110000000000000000111111111100000000,0,0
1277,1,TypeB,40400,000000000000000000000000000000111111110000000000000000011111110000000000000000000011111110000000000000000111111110000000000000000000000000000000000000000111111110000000,0,0
1278,2,TypeB,40400,000000000000000000000000000000111111110000000000000000011111110000000000000000000011111110000000000000000111111110000000000000000000000000000000000000000111111110000000,0,0
1279,3,TypeC,27500,000000000000000000000000000000000000111000000000000000000000000000000000000000001111110000000000000000000000000000000111110000000000011100000000000000011111100000000000,0,0
1280,4,TypeC,27500,000000000000000000000000000000000000111000000000000000000000000000000000000000001111110000000000000000000000000000000111110000000000011100000000000000011111100000000000,0,0
1281,0,TypeA,52700,000000011111111000000000000000000000000000000000000000011111111110000000000000000000000000000000011111111110000000000000000001111111110000000000000000111111111100000000,0,0
1282,1,TypeB,42500,000000011111111000000000111111100000000000000000000000000000000000000000000000000011111110000000000000000000000000000001111111100000000000000001111111100000000000000000,0,0
1283,2,TypeB,42500,000000011111111000000000111111100000000000000000000000000000000000000000000000000011111110000000000000000000000000000001111111100000000000000001111111100000000000000000,0,0
1284,3,TypeC,30000,001111110000000000001111110000000000111000000000000000000000000000000000000000001111110000000000000001111110000000000000000000000000000000000000000000000000000000000000,0,0
1285,4,TypeC,30000,001111110000000000001111110000000000111000000000000000000000000000000000000000001111110000000000000001111110000000000000000000000000000000000000000000000000000000000000,0,0
1286,0,TypeA,51100,000000111111111000000000000000000000000000000000000000011111111110000000000000001111111110000000000000000000000011111111110000000000000000000000000001111111100000000000,0,0
1287,1,TypeB,41500,000000000000000000000000000000000000000000000000000000000011111110000000000000000011111110000000000000000011111111000000000000000000000000000001111111100000000011111110,0,0
1288,2,TypeB,41500,000000000000000000000000000000000000000000000000000000000011111110000000000000000011111110000000000000000011111111000000000000000000000000000001111111100000000011111110,0,0
1289,3,TypeC,30500,000000000000011111100000000000000111111000000000000000000000000000000000000000001111110000000000000000000000000000000111110000000000000000000000000000000000000000001110,0,0
1290,4,TypeC,30500,000000000000011111100000000000000111111000000000000000000000000000000000000000001111110000000000000000000000000000000111110000000000000000000000000000000000000000001110,0,0
1291,0,TypeA,55500,000000111111111000000000000000000000000000000000000000011111111110000000000000000000000000000000011111111100000000000111111111100000000000000000000000011111111110000000,0,0
1292,1,TypeB,39400,000000011111111000000000000000000000000000000000000000000011111110000000000000000011111110000000000000011111110000000000000000000000000000000000000000000111111110000000,0,0
1293,2,TypeB,39400,000000011111111000000000000000000000000000000000000000000011111110000000000000000011111110000000000000011111110000000000000000000000000000000000000000000111111110000000,0,0
1294,3,TypeC,24300,000000000000011111100000000000000111111000000000000000000000000000000000001110000000000000000000000000011100000000000000000000000000000000000001110000000000000000000000,0,0
1295,4,TypeC,24300,000000000000011111100000000000000111111000000000000000000000000000000000001110000000000000000000000000011100000000000000000000000000000000000001110000000000000000000000,0,0
1296,0,TypeA,57100,000000011111111000000000000000000000000000000001111111110000000000011111111110000000000000000000000000000000000011111111110000000000000000000001111111110000000000000000,0,0
1297,1,TypeB,43800,000000011111111000000000000000000000000000000000000000000000111111110000000000000000000000000000000000011111110000000000000000111111110000000001111111100000000000000000,0,0
1298,2,TypeB,43800,000000011111111000000000000000000000000000000000000000000000111111110000000000000000000000000000000000011111110000000000000000111111110000000001111111100000000000000000,0,0
1299,3,TypeC,30400,000000000001111000000000000000001111110000000000000000000000000000000000000000001111110000000000000000000000000000000111110000000000011110000000000000000000000000000000,0,0
1300,4,TypeC,30400,000000000001111000000000000000001111110000000000000000000000000000000000000000001111110000000000000000000000000000000111110000000000011110000000000000000000000000000000,0,0
1301,0,TypeA,57500,000000000000000000000000000000000000000000000001111111110000000000011111111110000000000000000000011111111110000000000000000001111111110000000000000000000000001111111110,0,0
1302,1,TypeB,43500,000000000000000000000000000000000000011111111000000000000011111110000000000000000000000000000000011111111000000000000001111111100000000000000000000000000000000111111110,0,0
1303,2,TypeB,43500,000000000000000000000000000000000000011111111000000000000011111110000000000000000000000000000000011111111000000000000001111111100000000000000000000000000000000111111110,0,0
1304,3,TypeC,30200,001111110000000000000000000000000000000000000000000000000000000011110000000000001111110000000000000000000000011111100000000000000000011110000000000000000000000000000000,0,0
1305,4,TypeC,30200,001111110000000000000000000000000000000000000000000000000000000011110000000000001111110000000000000000000000011111100000000000000000011110000000000000000000000000000000,0,0
1306,0,TypeA,52500,000000111111111000000000000000000000000000000000000000011111111110000000000000001111111110000000000000000000000011111111110000000000000000000000000000011111111110000000,0,0
1307,1,TypeB,41500,000000000000000000000000000000111111110000000000000000000000000000000000001111111000000000000000000000011111110000000000011111110000000000000000000000000111111110000000,0,0
1308,2,TypeB,41500,000000000000000000000000000000111111110000000000000000000000000000000000001111111000000000000000000000011111110000000000011111110000000000000000000000000111111110000000,0,0
1309,3,TypeC,26900,000000000000011111100000000000000000000000000000000000000000000000000000001110000000000000000000000000000000000000000111110000000000011110000000000000000000111110000000,0,0
1310,4,TypeC,26900,000000000000011111100000000000000000000000000000000000000000000000000000001110000000000000000000000000000000000000000111110000000000011110000000000000000000111110000000,0,0
1311,0,TypeA,53300,000000111111111000000000000000111111110000000000000000000011111111110000000000000000000000000000000000000000000011111111110000000000000011111111110000000000000000000000,0,0
1312,1,TypeB,41500,001111111000000000000000000000111111110000000000000000000011111110000000000000000000000000000000000000000000000000000000111111110000000000011111110000000000000000000000,0,0
1313,2,TypeB,41500,001111111000000000000000000000111111110000000000000000000011111110000000000000000000000000000000000000000000000000000000111111110000000000011111110000000000000000000000,0,0
1314,3,TypeC,26300,000000001111110000000000000000000111110000000000000000000000000000000000001110000000000000000000000000000000000011111100000000000000000000000001110000000000000000000000,0,0
1315,4,TypeC,26300,000000001111110000000000000000000111110000000000000000000000000000000000001110000000000000000000000000000000000011111100000000000000000000000001110000000000000000000000,0,0
1316,0,TypeA,52900,000000111111111000000000000000111111110000000000000000000011111111110000000000000000000000000000000000000000000011111111110000000000000000000001111111110000000000000000,0,0
1317,1,TypeB,44900,000000000000000000000000000000111111110000000000000000000011111110000000000000000000000000000000000000000000000000000000111111110000000000000001111111100000000011111110,0,0
1318,2,TypeB,44900,000000000000000000000000000000111111110000000000000000000011111110000000000000000000000000000000000000000000000000000000111111110000000000000001111111100000000011111110,0,0
1319,3,TypeC,25800,001111100000000000000000000000000111110000000000000000000000000000000000001110000000000000000000000000000000000011111100000000000000000000011111000000000000000000000000,0,0
1320,4,TypeC,25800,001111100000000000000000000000000111110000000000000000000000000000000000001110000000000000000000000000000000000011111100000000000000000000011111000000000000000000000000,0,0
1321,0,TypeA,53100,000000111111111000000000000000111111111000000000000000011111111110000000000000000000000000000000000000000000000011111111110000000000000000000000000000011111111110000000,0,0
1322,1,TypeB,42500,001111111000000000000000000000111111110000000000000000000000000000000000000000000000000000000000000000000000000011111111000000000000011111110000000000000111111110000000,0,0
1323,2,TypeB,42500,001111111000000000000000000000111111110000000000000000000000000000000000000000000000000000000000000000000000000011111111000000000000011111110000000000000111111110000000,0,0
1324,3,TypeC,29000,000000000000011111100000000000000111111000000000000000000000000000000000001110000000000000000000000000000000000000000111110000000000000000011111100000000000000000000000,0,0
1325,4,TypeC,29000,000000000000011111100000000000000111111000000000000000000000000000000000001110000000000000000000000000000000000000000111110000000000000000011111100000000000000000000000,0,0
1326,0,TypeA,56800,000000000000000000000000111111111100000000000000000000000011111111110000000000000000000000000000011111111110000000000000000001111111110000000000000001111111111000000000,0,0
1327,1,TypeB,42800,000000000000000000000000111111100000000000000000000000000011111110000000000000000000000000000000011111111000000000000000111111110000000000000001111111100000000000000000,0,0
1328,2,TypeB,42800,000000000000000000000000111111100000000000000000000000000011111110000000000000000000000000000000011111111000000000000000111111110000000000000001111111100000000000000000,0,0
1329,3,TypeC,32300,000000000000011111100000000000000111111000000000000000000000000000000000000000001111110000000000000000011110000000000000000000000000011110000000000000000000000000000000,0,0
1330,4,TypeC,32300,000000000000011111100000000000000111111000000000000000000000000000000000000000001111110000000000000000011110000000000000000000000000011110000000000000000000000000000000,0,0
1331,0,TypeA,57300,000000111111111000000000000000000000000000000001111111110000000000011111111110000000000000000000000000000000000011111111110000000000000000000000000000011111111110000000,0,0
1332,1,TypeB,40400,000000001111111000000000000000000000011111111000000000000011111110000000000111111110000000000000000000000000000000000000000000000000000000000000000000000111111110000000,0,0
1333,2,TypeB,40400,000000001111111000000000000000000000011111111000000000000011111110000000000111111110000000000000000000000000000000000000000000000000000000000000000000000111111110000000,0,0
1334,3,TypeC,33800,000000000000011111100000000000000111110000000000000000000000000000000000000111111000000000000000000000000000000011111100000000000000000000000000000000000111111000000000,0,0
1335,4,TypeC,33800,000000000000011111100000000000000111110000000000000000000000000000000000000111111000000000000000000000000000000011111100000000000000000000000000000000000111111000000000,0,0
1336,0,TypeA,52200,000000111111111000000000000000000000000000000000000000011111111110000000000000000000000000000000000000001111111111000000000001111111110000000000000001111111111000000000,0,0
1337,1,TypeB,39400,000000001111111000000000000000111111110000000000000000000011111110000000001111111000000000000000000000000000000000000000000000000000000000000000000000000111111110000000,0,0
1338,2,TypeB,39400,000000001111111000000000000000111111110000000000000000000011111110000000001111111000000000000000000000000000000000000000000000000000000000000000000000000111111110000000,0,0
1339,3,TypeC,25700,001111100000000000001111110000000000000000000000000000000000000011110000000000000000011110000000000000000000000000000000000000000000011110000000000000000000000000000000,0,0
1340,4,TypeC,25700,001111100000000000001111110000000000000000000000000000000000000011110000000000000000011110000000000000000000000000000000000000000000011110000000000000000000000000000000,0,0
1341,0,TypeA,54500,000000111111111000000000000000000000000000000000000000011111111110000000000000000000000000000000011111111110000000000000000001111111110000000000011111111100000000000000,0,0
1342,1,TypeB,40400,000000001111111000000000000000000000000000000000000000011111110000000000000000001111111100000000011111111000000000000000000000000000000000000001111111100000000000000000,0,0
1343,2,TypeB,40400,000000001111111000000000000000000000000000000000000000011111110000000000000000001111111100000000011111111000000000000000000000000000000000000001111111100000000000000000,0,0
1344,3,TypeC,29300,000000000000000000001111110000000000000000000000000000000000000000000000000000000011111100000000000001111110000000000111110000000000011100000000000000000000000000000000,0,0
1345,4,TypeC,29300,000000000000000000001111110000000000000000000000000000000000000000000000000000000011111100000000000001111110000000000111110000000000011100000000000000000000000000000000,0,0
1346,0,TypeA,53000,000000111111111000000000000000111111111000000000000000011111111110000000000000000000000000000000011111111110000000000000000001111111110000000000000000000000000000000000,0,0
1347,1,TypeB,40400,000000001111111000000000000000000000011111111000000000011111110000000000000000000000000000000000011111111000000000000000000000000000000000000001111111100000000000000000,0,0
1348,2,TypeB,40400,000000001111111000000000000000000000011111111000000000011111110000000000000000000000000000000000011111111000000000000000000000000000000000000001111111100000000000000000,0,0
1349,3,TypeC,25400,000000001111110000000000011111100000000000000000000000000000000000000000001110000000000000000000000000000000000000000111110000000000011100000000000000000000000000000000,0,0
1350,4,TypeC,25400,000000001111110000000000011111100000000000000000000000000000000000000000001110000000000000000000000000000000000000000111110000000000011100000000000000000000000000000000,0,0
1351,0,TypeA,54200,000000111111111000000000000000111111111000000000000000011111111110000000000000000000000000000000000000000000000011111111110000000000000000000001111111110000000000000000,0,0
1352,1,TypeB,43100,000000000000000000000000000000111111110000000000000000000011111110000000000000000000000000000000000000000000000000111111110000000000011111110000000000011111111000000000,0,0
1353,2,TypeB,43100,000000000000000000000000000000111111110000000000000000000011111110000000000000000000000000000000000000000000000000111111110000000000011111110000000000011111111000000000,0,0
1354,3,TypeC,23100,000000000000111000000000011111100000000000000000000000000000000000000000001110000000000000000000000000000000000000000111110000000000011110000000000000000000000000000000,0,0
1355,4,TypeC,23100,000000000000111000000000011111100000000000000000000000000000000000000000001110000000000000000000000000000000000000000111110000000000011110000000000000000000000000000000,0,0
1356,0,TypeA,53400,000000111111111000000000000000000000000000000000000000000011111111110000000000000000000000000000011111111110000000000000000001111111110000000000000000011111111110000000,0,0
1357,1,TypeB,43800,000000000000011111111000000000111111110000000000000000000011111110000000000000000000000000000000000000000000000000000000111111110000000000000000000000011111111000000000,0,0
1358,2,TypeB,43800,000000000000011111111000000000111111110000000000000000000011111110000000000000000000000000000000000000000000000000000000111111110000000000000000000000011111111000000000,0,0
1359,3,TypeC,21000,000000000000000000001111110000000000000000001111000000000000000000000000001110000000000000000000000000000000000000000111110000000000000000000001110000000000000000000000,0,0
1360,4,TypeC,21000,000000000000000000001111110000000000000000001111000000000000000000000000001110000000000000000000000000000000000000000111110000000000000000000001110000000000000000000000,0,0
1361,0,TypeA,56300,000000000000000000000000111111110000000000000000000000011111111110000000000011111111110000000000000000000000000011111111110000000000000000000001111111110000000000000000,0,0
1362,1,TypeB,41500,000000000000000000000000111111100000000000000000000000000011111110000000000000000000000000000000000000000000000011111111000000000000011111110000000000000000001111111100,0,0
1363,2,TypeB,41500,000000000000000000000000111111100000000000000000000000000011111110000000000000000000000000000000000000000000000011111111000000000000011111110000000000000000001111111100,0,0
1364,3,TypeC,30400,000000000001111000000000000000000000000000000000000000000000000000000000000000001111110000000000000000000000011111100000000000000000011110000000000001111100000000000000,0,0
1365,4,TypeC,30400,000000000001111000000000000000000000000000000000000000000000000000000000000000001111110000000000000000000000011111100000000000000000011110000000000001111100000000000000,0,0
1366,0,TypeA,54000,000000000001111111111000000000000000000000000000000000000011111111110000000000001111111110000000000000000000000011111111110000000000000000000001111111110000000000000000,0,0
1367,1,TypeB,41500,000000000000000000000000111111100000000000000000000000000011111110000000000000000000000000000000000000000000000011111111000000000000011111110000000000011111111000000000,0,0
1368,2,TypeB,41500,000000000000000000000000111111100000000000000000000000000011111110000000000000000000000000000000000000000000000011111111000000000000011111110000000000011111111000000000,0,0
1369,3,TypeC,29900,001111100000000000001111110000000000000000000000000000000000000000000000000000001111110000000000000000000000011111000000000000000000011110000000000000000000000000000000,0,0
1370,4,TypeC,29900,001111100000000000001111110000000000000000000000000000000000000000000000000000001111110000000000000000000000011111000000000000000000011110000000000000000000000000000000,0,0
1371,0,TypeA,53000,000000000000000000000000111111110000000000000000000000000011111111110000000000001111111110000000000000000000000011111111110000000000000000000000000000111111111100000000,0,0
1372,1,TypeB,41500,000000000000000000000000111111100000000000000000000000000011111110000000000000000000000000000000000000000000000011111111000000000000011111110000000001111111100000000000,0,0
1373,2,TypeB,41500,000000000000000000000000111111100000000000000000000000000011111110000000000000000000000000000000000000000000000011111111000000000000011111110000000001111111100000000000,0,0
1374,3,TypeC,30900,001111100000000000001111110000000000000000000000000000000000000000000000000000001111110000000000000000000000011111100000000000000000011110000000000000000000000000000000,0,0
1375,4,TypeC,30900,001111100000000000001111110000000000000000000000000000000000000000000000000000001111110000000000000000000000011111100000000000000000011110000000000000000000000000000000,0,0
1376,0,TypeA,51300,000000000000000000000000000000000000011111111000000000000011111111110000000000000000000000000000000000000000000011111111110000000000000000111111110000000000001111111110,0,0
1377,1,TypeB,42500,000000000000000000000000000000000000011111111000000000000011111110000000000000000000000000000000000000000011111111000000000000000000011111110000000000000111111110000000,0,0
1378,2,TypeB,42500,000000000000000000000000000000000000011111111000000000000011111110000000000000000000000000000000000000000011111111000000000000000000011111110000000000000111111110000000,0,0
1379,3,TypeC,29200,000000000000011111100000000000001111110000000000000000000000000000000000000000000000011110000000000000000000000011111100000000000000000000000001110000000000000000000000,0,0
1380,4,TypeC,29200,000000000000011111100000000000001111110000000000000000000000000000000000000000000000011110000000000000000000000011111100000000000000000000000001110000000000000000000000,0,0
1381,0,TypeA,56400,000000000000000000000000000000000000000000000001111111110000000000011111111110000000000000000000000000011111111110000000000001111111110000000000000000111111111100000000,0,0
1382,1,TypeB,42500,000000011111111000000000000000111111110000000000000000000011111110000000000000000000000000000000000000000000000000000000011111110000000000000001111111100000000000000000,0,0
1383,2,TypeB,42500,000000011111111000000000000000111111110000000000000000000011111110000000000000000000000000000000000000000000000000000000011111110000000000000001111111100000000000000000,0,0
1384,3,TypeC,27800,001111110000000000001111100000000000000000000000000000000000000011110000000000001111110000000000000000000000000000000111110000000000000000000000000000000000000000000000,0,0
1385,4,TypeC,27800,001111110000000000001111100000000000000000000000000000000000000011110000000000001111110000000000000000000000000000000111110000000000000000000000000000000000000000000000,0,0
1386,0,TypeA,55700,000000000000000000000000000000000000000000000001111111110000000000011111111110000000000000000000000000011111111110000000000001111111110000000000000000000000001111111110,0,0
1387,1,TypeB,43800,000000011111111000000000000000111111110000000000000000000011111110000000000000000000000000000000000000000000000000000000111111110000000000000001111111100000000000000000,0,0
1388,2,TypeB,43800,000000011111111000000000000000111111110000000000000000000011111110000000000000000000000000000000000000000000000000000000111111110000000000000001111111100000000000000000,0,0
1389,3,TypeC,28800,001111110000000000001111110000000000000000000000000000000000000011110000000000001111110000000000000000000000000000000111110000000000000000000000000000000000000000000000,0,0
1390,4,TypeC,28800,001111110000000000001111110000000000000000000000000000000000000011110000000000001111110000000000000000000000000000000111110000000000000000000000000000000000000000000000,0,0
1391,0,TypeA,50200,000000000000000000000000000000111111111000000000000000000011111111110000000000001111111110000000000000000000000011111111110000000000011111111000000000000000000000000000,0,0
1392,1,TypeB,40100,000000000000011111111000000000000000011111111000000000000011111110000000000000000000000000000000000000000111111110000000000000000000011111110000000000000000000000000000,0,0
1393,2,TypeB,40100,000000000000011111111000000000000000011111111000000000000011111110000000000000000000000000000000000000000111111110000000000000000000011111110000000000000000000000000000,0,0
1394,3,TypeC,25700,000000000000000000001111110000000000000000000000000000000000000000000000001110000000000000000000000000000000000000000111110000000000011100000000000000000111111000000000,0,0
1395,4,TypeC,25700,000000000000000000001111110000000000000000000000000000000000000000000000001110000000000000000000000000000000000000000111110000000000011100000000000000000111111000000000,0,0
1396,0,TypeA,53300,000000000000000000000000000000111111111000000000000000000011111111110000000000001111111110000000000000000000000011111111110000000000000000000001111111110000000000000000,0,0
1397,1,TypeB,42500,000000000000000000000000000000000000011111111000000000000000000000000000000000000011111110000000000000000000000011111111000000000000000000000001111111000000000111111110,0,0
1398,2,TypeB,42500,000000000000000000000000000000000000011111111000000000000000000000000000000000000011111110000000000000000000000011111111000000000000000000000001111111000000000111111110,0,0
1399,3,TypeC,24200,000000000000000000001111110000000000011111100000000000000000000000000000001110000000000000000000000000000000000000000111110000000000000000000001110000000000000000000000,0,0
1400,4,TypeC,24200,000000000000000000001111110000000000011111100000000000000000000000000000001110000000000000000000000000000000000000000111110000000000000000000001110000000000000000000000,0,0
1401,0,TypeA,52400,000000000000000000000000000000111111111000000000000000000011111111110000000000000000000000000000011111111100000000000000000001111111110000000000000000011111111110000000,0,0
1402,1,TypeB,43800,000000000000000000000000000000000000011111111000000000000000000000000000001111111000000000000000011111111000000000000000000000111111110000000000000000000111111110000000,0,0
1403,2,TypeB,43800,000000000000000000000000000000000000011111111000000000000000000000000000001111111000000000000000011111111000000000000000000000111111110000000000000000000111111110000000,0,0
1404,3,TypeC,32700,001111110000000000001111110000000000000000111111000000000000000000000000000000001111110000000000000000000000011111100000000000000000000000000000000000000000000000000000,0,0
1405,4,TypeC,32700,001111110000000000001111110000000000000000111111000000000000000000000000000000001111110000000000000000000000011111100000000000000000000000000000000000000000000000000000,0,0
1406,0,TypeA,52200,000000000000000000000000000000111111111000000000000000000011111111110000000000001111111110000000000000000000000011111111110000000000000000000000000000011111111110000000,0,0
1407,1,TypeB,42500,000000000000000000000000000000000000011111111000000000000000000000000000000000000011111110000000000000000000000011111111000000000000011111110000000000000111111110000000,0,0
1408,2,TypeB,42500,000000000000000000000000000000000000011111111000000000000000000000000000000000000011111110000000000000000000000011111111000000000000011111110000000000000111111110000000,0,0
1409,3,TypeC,24400,000000000000000000001111110000000000000000000000000000000000000011110000000000000000011110000000000000000000000000000111110000000000011100000000000000000000000000000000,0,0
1410,4,TypeC,24400,000000000000000000001111110000000000000000000000000000000000000011110000000000000000011110000000000000000000000000000111110000000000011100000000000000000000000000000000,0,0
1411,0,TypeA,52500,000000000001111111111000000000000000011111111000000000000011111111110000000000000000000000000000000000000000000011111111110000000000000000000000000000000000111111111100,0,0
1412,1,TypeB,42500,000000000000000000000000000000000000011111111000000000000011111110000000000000000000000000000000000000000111111110000000000000000000011111110000000000000111111110000000,0,0
1413,2,TypeB,42500,000000000000000000000000000000000000011111111000000000000011111110000000000000000000000000000000000000000111111110000000000000000000011111110000000000000111111110000000,0,0
1414,3,TypeC,26700,000000000001111000000000011111100000000000000000000000000000000000000000000000000000011110000000000000000000000000000111110000000000000000000000000001111100000000000000,0,0
1415,4,TypeC,26700,000000000001111000000000011111100000000000000000000000000000000000000000000000000000011110000000000000000000000000000111110000000000000000000000000001111100000000000000,0,0
1416,0,TypeA,51000,000000000000000000000000000000000000000000000000000000011111111110000000000000001111111110000000000000001111111111000000000001111111110000000000000000011111111110000000,0,0
1417,1,TypeB,38100,000000001111111000000000000000111111110000000000000000000011111110000000000000000011111110000000000000000000000000000000000000000000011111110000000000000000000000000000,0,0
1418,2,TypeB,38100,000000001111111000000000000000111111110000000000000000000011111110000000000000000011111110000000000000000000000000000000000000000000011111110000000000000000000000000000,0,0
1419,3,TypeC,31100,000000000000001111100000000000000111111000000000000000000000000000000000001110000000000000000000000000000000011111100000000000000000000000000000000000011111100000000000,0,0
1420,4,TypeC,31100,000000000000001111100000000000000111111000000000000000000000000000000000001110000000000000000000000000000000011111100000000000000000000000000000000000011111100000000000,0,0
1421,0,TypeA,56800,001111111111000000000000000000000000000000000000000000011111111110000000000000001111111110000000000000000000000011111111110000000000000000000000111111111100000000000000,0,0
1422,1,TypeB,42800,000000001111111000000000000000111111110000000000000000000000000000000000000000000011111110000000000000000000000000000000000000111111110000000000000001111111100000000000,0,0
1423,2,TypeB,42800,000000001111111000000000000000111111110000000000000000000000000000000000000000000011111110000000000000000000000000000000000000111111110000000000000001111111100000000000,0,0
1424,3,TypeC,25400,000000000001111000000000011111100000000000001111000000000000000000000000001110000000000000000000000000000000000000000000000000000000000000000000000000011111100000000000,0,0
1425,4,TypeC,25400,000000000001111000000000011111100000000000001111000000000000000000000000001110000000000000000000000000000000000000000000000000000000000000000000000000011111100000000000,0,0
1426,0,TypeA,53600,000000111111111000000000000000000000000000000000000000011111111110000000000000001111111110000000000000000000000011111111110000000000000000000001111111110000000000000000,0,0
1427,1,TypeB,41500,000000001111111000000000000000111111110000000000000000000000000000000000000000000011111110000000000000000000000000000000000000000000011111110000000001111111100000000000,0,0
1428,2,TypeB,41500,000000001111111000000000000000111111110000000000000000000000000000000000000000000011111110000000000000000000000000000000000000000000011111110000000001111111100000000000,0,0
1429,3,TypeC,26900,000000000000011111100000000000000111111000000000000000000000000000000000001110000000000000000000000000000000000000000111110000000000011100000000000000000000000000000000,0,0
1430,4,TypeC,26900,000000000000011111100000000000000111111000000000000000000000000000000000001110000000000000000000000000000000000000000111110000000000011100000000000000000000000000000000,0,0
1431,0,TypeA,56100,000000000000000000000000000000000000000000000001111111110000000000011111111110000000000000000000000000011111111110000000000001111111110000000000000000011111111110000000,0,0
1432,1,TypeB,41200,000000011111111000000000000000000000000000000000000000011111110000000000000000000000000000000000000000011111110000000001111111000000000000000000000001111111100000000000,0,0
1433,2,TypeB,41200,000000011111111000000000000000000000000000000000000000011111110000000000000000000000000000000000000000011111110000000001111111000000000000000000000001111111100000000000,0,0
1434,3,TypeC,27600,000000000001111000000000011111100000000000000000000000000000000000000000000000001111110000000000000000000000000000000111110000000000011100000000000000000000000000000000,0,0
1435,4,TypeC,27600,000000000001111000000000011111100000000000000000000000000000000000000000000000001111110000000000000000000000000000000111110000000000011100000000000000000000000000000000,0,0
1436,0,TypeA,57500,000000000001111111111000000000000000000000000000000000011111111110000000000011111111110000000000000000000000000011111111110000000000000000000000111111111100000000000000,0,0
1437,1,TypeB,40400,000000011111111000000000000000111111110000000000000000011111110000000000000000000000000000000000000000011111110000000000000000000000000000000001111111100000000000000000,0,0
1438,2,TypeB,40400,000000011111111000000000000000111111110000000000000000011111110000000000000000000000000000000000000000011111110000000000000000000000000000000001111111100000000000000000,0,0
1439,3,TypeC,25800,000000000000011111100000000000000000000000000000000000000000000000000000000111111000000000000000000000011110000000000111110000000000000000000001110000000000000000000000,0,0
1440,4,TypeC,25800,000000000000011111100000000000000000000000000000000000000000000000000000000111111000000000000000000000011110000000000111110000000000000000000001110000000000000000000000,0,0
1441,0,TypeA,55300,000000000001111111111000000000000000000000000000000000011111111110000000000000001111111110000000000000000000000011111111110000000000000000000000111111111100000000000000,0,0
1442,1,TypeB,43800,000000000000000000000000000000111111110000000000000000000011111110000000000000000000000000000000011111111000000000000000000000111111110000000001111111100000000000000000,0,0
1443,2,TypeB,43800,000000000000000000000000000000111111110000000000000000000011111110000000000000000000000000000000011111111000000000000000000000111111110000000001111111100000000000000000,0,0
1444,3,TypeC,30200,000000000000011111100000000000001111110000000000000000000000000000000000000000000000011110000000000000000000000000000111110000000000000000000000000001111100000000000000,0,0
1445,4,TypeC,30200,000000000000011111100000000000001111110000000000000000000000000000000000000000000000011110000000000000000000000000000111110000000000000000000000000001111100000000000000,0,0
1446,0,TypeA,58500,000000000000000000000000000000000000000000000001111111110000000000011111111110000000000000000000011111111110000000000000000001111111110000000000000001111111111000000000,0,0
1447,1,TypeB,42500,000000000000000000000000000000111111110000000000000000000011111110000000000000000000000000000000011111111000000000000000000000000000000000000001111111000000000111111110,0,0
1448,2,TypeB,42500,000000000000000000000000000000111111110000000000000000000011111110000000000000000000000000000000011111111000000000000000000000000000000000000001111111000000000111111110,0,0
1449,3,TypeC,28400,001111100000000000001111110000000000011111100000000000000000000000000000000000000000011110000000000000000000000000000111110000000000000000000000000000000000000000000000,0,0
1450,4,TypeC,28400,001111100000000000001111110000000000011111100000000000000000000000000000000000000000011110000000000000000000000000000111110000000000000000000000000000000000000000000000,0,0
1451,0,TypeA,57600,001111111111000000000000000000000000000000000001111111110000000000011111111110000000000000000000000000011111111110000000000001111111110000000000000000000000000000000000,0,0
1452,1,TypeB,41400,000000011111111000000000000000111111110000000000000000000011111110000000000000000000000000000000000000000000000011111111000000000000000000000001111111100000000000000000,0,0
1453,2,TypeB,41400,000000011111111000000000000000111111110000000000000000000011111110000000000000000000000000000000000000000000000011111111000000000000000000000001111111100000000000000000,0,0
1454,3,TypeC,28800,000000000000001111100000000000001111110000000000000000000000000000000000000000000000011110000000000000000000011111100000000000000000000000000001110000000000000000000000,0,0
1455,4,TypeC,28800,000000000000001111100000000000001111110000000000000000000000000000000000000000000000011110000000000000000000011111100000000000000000000000000001110000000000000000000000,0,0
1456,1,TypeB,39700,000000000000000000111111110000000000000000000000000000000011111110000000000000000011111110000000000000000000000000111111110000000000000000011111110000000000000000000000,0,0
1457,2,TypeB,39700,000000000000000000111111110000000000000000000000000000000011111110000000000000000011111110000000000000000000000000111111110000000000000000011111110000000000000000000000,0,0
1458,3,TypeC,30400,000000000000011111100000000000000111111000000000000000000000000000000000000000000000011110000000000000000000011111100000000000000000000000000001110000000000000000000000,0,0
1459,4,TypeC,30400,000000000000011111100000000000000111111000000000000000000000000000000000000000000000011110000000000000000000011111100000000000000000000000000001110000000000000000000000,0,0
1460,1,TypeB,41200,000000011111111000000000000000000000000000000000000000011111110000000000000000000000000000000000011111111000000000000000000000000000011111110000000000000000000011111110,0,0
1461,2,TypeB,41200,000000011111111000000000000000000000000000000000000000011111110000000000000000000000000000000000011111111000000000000000000000000000011111110000000000000000000011111110,0,0
1462,3,TypeC,25000,000000000000001111100000000000000000011100000000000000000000000000000000000000000000011110000000000000000000000000000111110000000000000000011111000000000000000000000000,0,0
1463,4,TypeC,25000,000000000000001111100000000000000000011100000000000000000000000000000000000000000000011110000000000000000000000000000111110000000000000000011111000000000000000000000000,0,0
1464,1,TypeB,40100,000000011111111000000000000000000000000000000000000000011111110000000000000111111110000000000000011111111000000000000000000000000000011111110000000000000000000000000000,0,0
1465,2,TypeB,40100,000000011111111000000000000000000000000000000000000000011111110000000000000111111110000000000000011111111000000000000000000000000000011111110000000000000000000000000000,0,0
1466,3,TypeC,27100,000000000000011111100000000000000000011100000000000000000000000000000000000111111000000000000000000000000000000000000111110000000000000000011111000000000000000000000000,0,0
1467,4,TypeC,27100,000000000000011111100000000000000000011100000000000000000000000000000000000111111000000000000000000000000000000000000111110000000000000000011111000000000000000000000000,0,0
1468,1,TypeB,41500,000000011111111000000000000000000000000000000000000000011111110000000000000000000000000000000000011111110000000000000000000000000000011111110000000001111111100000000000,0,0
1469,2,TypeB,41500,000000011111111000000000000000000000000000000000000000011111110000000000000000000000000000000000011111110000000000000000000000000000011111110000000001111111100000000000,0,0
1470,3,TypeC,26100,001111110000000000001111100000000000011100000000000000000000000000000000000000000000011110000000000000000000000000000000000000000000000000011111100000000000000000000000,0,0
1471,4,TypeC,26100,001111110000000000001111100000000000011100000000000000000000000000000000000000000000011110000000000000000000000000000000000000000000000000011111100000000000000000000000,0,0
1472,0,TypeA,54300,000000111111111000000000000000000000000000000000000000000011111111110000000000001111111110000000000000000000000011111111110000000000000000000000111111111100000000000000,0,0
1473,1,TypeB,39100,000000011111111000000000000000000000000000000000000000011111110000000000000000000011111110000000001111111100000000000000000000000000011111110000000000000000000000000000,0,0
1474,2,TypeB,39100,000000011111111000000000000000000000000000000000000000011111110000000000000000000011111110000000001111111100000000000000000000000000011111110000000000000000000000000000,0,0
1475,3,TypeC,24000,001111110000000000001111100000000000011100000000000000000000000000000000000000000000011110000000000000000000000000000000000000000000011100000000000000000000000000000000,0,0
1476,4,TypeC,24000,001111110000000000001111100000000000011100000000000000000000000000000000000000000000011110000000000000000000000000000000000000000000011100000000000000000000000000000000,0,0
1477,1,TypeB,39400,000000011111111000000000000000000000000000000000000000011111110000000000000000000011111110000000000000000000000001111111100000000000011111110000000000000000000000000000,0,0
1478,2,TypeB,39400,000000011111111000000000000000000000000000000000000000011111110000000000000000000011111110000000000000000000000001111111100000000000011111110000000000000000000000000000,0,0
1479,3,TypeC,26300,000000000000011111100000000000000000011100000000000000000000000000000000000000000000011110000000000000000000000000000111110000000000000000011111000000000000000000000000,0,0
1480,4,TypeC,26300,000000000000011111100000000000000000011100000000000000000000000000000000000000000000011110000000000000000000000000000111110000000000000000011111000000000000000000000000,0,0
1481,1,TypeB,42500,000000011111111000000000000000000000000000000000000000011111110000000000000000000000000000000000011111111000000000000000000000000000011111110000000001111111100000000000,0,0
1482,2,TypeB,42500,000000011111111000000000000000000000000000000000000000011111110000000000000000000000000000000000011111111000000000000000000000000000011111110000000001111111100000000000,0,0
1483,3,TypeC,25200,000000000000011111100000000000000000011100000000000000000000000000000000000000000000011110000000000000000000000000000111110000000000011100000000000000000000000000000000,0,0
1484,4,TypeC,25200,000000000000011111100000000000000000011100000000000000000000000000000000000000000000011110000000000000000000000000000111110000000000011100000000000000000000000000000000,0,0
1485,0,TypeA,52800,000000111111111000000000000000000000000000000000000000000011111111110000000000001111111110000000000000000000000011111111110000000000000000000000000001111111111000000000,0,0
1486,1,TypeB,43000,000000000000000000000000000000000000011111111000000000000000111111110000000000000000000000000000011111111000000000111111110000000000000000000000000001111111100000000000,0,0
1487,2,TypeB,43000,000000000000000000000000000000000000011111111000000000000000111111110000000000000000000000000000011111111000000000111111110000000000000000000000000001111111100000000000,0,0
1488,3,TypeC,29600,001111110000000000001111110000000000000000000000000000000000000000000000000000000000011110000000000000011110000000000000000000000011111100000000000000000000000000000000,0,0
1489,4,TypeC,29600,001111110000000000001111110000000000000000000000000000000000000000000000000000000000011110000000000000011110000000000000000000000011111100000000000000000000000000000000,0,0
1490,1,TypeB,39400,000000000000000000000000000000111111110000000000000000000011111110000000000000000011111110000000000000011111110000000000000000000000000000000000000001111111100000000000,0,0
1491,2,TypeB,39400,000000000000000000000000000000111111110000000000000000000011111110000000000000000011111110000000000000011111110000000000000000000000000000000000000001111111100000000000,0,0
1492,3,TypeC,23400,001111100000000000000000000000000000000000000000000000000000000000000000000000000000011110000000000000000000000011111100000000000000011100000000000000000000000000001110,0,0
1493,4,TypeC,23400,001111100000000000000000000000000000000000000000000000000000000000000000000000000000011110000000000000000000000011111100000000000000011100000000000000000000000000001110,0,0
1494,0,TypeA,57900,000000111111111000000000000000000000000000000001111111110000000000011111111110000000000000000000000000000000000011111111110000000000000000000000000001111111111000000000,0,0
1495,1,TypeB,41500,000000000000000000000000000000000000011111111000000000000000000000000000000000000011111110000000000000011111110000000000111111110000000000011111110000000000000000000000,0,0
1496,2,TypeB,41500,000000000000000000000000000000000000011111111000000000000000000000000000000000000011111110000000000000011111110000000000111111110000000000011111110000000000000000000000,0,0
1497,3,TypeC,29800,000000001111110000000000000000000111111000000000000000000000000000000000000000000000111110000000000000000000000000000111110000000000000000000001110000000000000000000000,0,0
1498,4,TypeC,29800,000000001111110000000000000000000111111000000000000000000000000000000000000000000000111110000000000000000000000000000111110000000000000000000001110000000000000000000000,0,0
1499,0,TypeA,57600,000000111111111000000000000000000000000000000001111111110000000000011111111110000000000000000000000000000000000011111111110000000000000000000000000000111111111100000000,0,0
1500,1,TypeB,43800,000000000000000000000000000000000000011111111000000000000000000000000000000000000011111110000000001111111100000000000000111111110000000000000001111111100000000000000000,0,0
1501,2,TypeB,43800,000000000000000000000000000000000000011111111000000000000000000000000000000000000011111110000000001111111100000000000000111111110000000000000001111111100000000000000000,0,0
1502,3,TypeC,27800,001111110000000000001111110000000000000000000000000000000000000000000000000000000001111110000000000000000000000000000111110000000000000000000001110000000000000000000000,0,0
1503,4,TypeC,27800,001111110000000000001111110000000000000000000000000000000000000000000000000000000001111110000000000000000000000000000111110000000000000000000001110000000000000000000000,0,0
1504,1,TypeB,42800,000000000000000000000000000000000000011111111000000000000000000000000000000000000011111110000000000000011111110000000000111111110000000000000000000000000000001111111100,0,0
1505,2,TypeB,42800,000000000000000000000000000000000000011111111000000000000000000000000000000000000011111110000000000000011111110000000000111111110000000000000000000000000000001111111100,0,0
1506,3,TypeC,26400,001111110000000000001111110000000000000000000000000000000000000000000000000000000000011110000000000000000000000000000000000000000000011100000000000001111100000000000000,0,0
1507,4,TypeC,26400,001111110000000000001111110000000000000000000000000000000000000000000000000000000000011110000000000000000000000000000000000000000000011100000000000001111100000000000000,0,0
1508,1,TypeB,42800,000000000000000000000000000000000000011111111000000000000000000000000000000000000011111110000000000000011111110000000000111111110000000000000000000000011111111000000000,0,0
1509,2,TypeB,42800,000000000000000000000000000000000000011111111000000000000000000000000000000000000011111110000000000000011111110000000000111111110000000000000000000000011111111000000000,0,0
1510,3,TypeC,28200,001111110000000000001111110000000000000000000000000000000000000000000000000000000000011110000000000000000000000000000000111111000000000000011111000000000000000000000000,0,0
1511,4,TypeC,28200,001111110000000000001111110000000000000000000000000000000000000000000000000000000000011110000000000000000000000000000000111111000000000000011111000000000000000000000000,0,0
1512,0,TypeA,59400,000000111111111000000000000000000000000000000001111111110000000000011111111110000000000000000000000000000000000011111111110000000000000000000000111111111100000000000000,0,0
1513,1,TypeB,42800,000000000000000000000000000000000000011111111000000000000000000000000000000000000011111110000000000000011111110000000000111111110000000000000000000000000111111110000000,0,0
1514,2,TypeB,42800,000000000000000000000000000000000000011111111000000000000000000000000000000000000011111110000000000000011111110000000000111111110000000000000000000000000111111110000000,0,0
1515,3,TypeC,27800,001111110000000000001111110000000000000000000000000000000000000000000000000000000000011110000000000000011110000000000000000000000000000000011111100000000000000000000000,0,0
1516,4,TypeC,27800,001111110000000000001111110000000000000000000000000000000000000000000000000000000000011110000000000000011110000000000000000000000000000000011111100000000000000000000000,0,0
1517,1,TypeB,40100,000000011111111000000000000000000000011111111000000000011111111000000000000000000011111110000000000000000000000000000000000000011111110000000000000000000000000000000000,0,0
1518,2,TypeB,40100,000000011111111000000000000000000000011111111000000000011111111000000000000000000011111110000000000000000000000000000000000000011111110000000000000000000000000000000000,0,0
1519,3,TypeC,25000,001111110000000000001111110000000000011100000000000000000000000000000000000000000000011110000000000000000000000000000000000000000000011100000000000000000000000000000000,0,0
1520,4,TypeC,25000,001111110000000000001111110000000000011100000000000000000000000000000000000000000000011110000000000000000000000000000000000000000000011100000000000000000000000000000000,0,0
1521,0,TypeA,54200,000000000000000000000000000000111111111000000000000000000011111111110000000000000000000000000000011111111110000000000000000001111111110000000000011111111100000000000000,0,0
1522,1,TypeB,43500,000000000000000000000000000000111111110000000000000000000000111111110000000000000000000000000000001111111100000000000000000000000000011111110000000000000111111110000000,0,0
1523,2,TypeB,43500,000000000000000000000000000000111111110000000000000000000000111111110000000000000000000000000000001111111100000000000000000000000000011111110000000000000111111110000000,0,0
1524,3,TypeC,21600,001111100000000000001111110000000000000000000000000000000000000000000000001110000000000000000000000000011110000000000000000000000000000000000000000000000000000000001110,0,0
1525,4,TypeC,21600,001111100000000000001111110000000000000000000000000000000000000000000000001110000000000000000000000000011110000000000000000000000000000000000000000000000000000000001110,0,0
1526,0,TypeA,53200,000000000001111111111000000000000000000000000000000000000011111111110000000000001111111110000000000000000000000011111111110000000000000000000000000000111111111100000000,0,0
1527,1,TypeB,42800,000000000000000000000000000000111111110000000000000000000011111110000000000000000000000000000000000000000000000001111111100000000000011111110000000000000111111110000000,0,0
1528,2,TypeB,42800,000000000000000000000000000000111111110000000000000000000011111110000000000000000000000000000000000000000000000001111111100000000000011111110000000000000111111110000000,0,0
1529,3,TypeC,25700,000000000000000000001111110000000000000000000000000000000000000000000000000000000000011110000000000000000000000000000111110000000000000000000001110000000000111110000000,0,0
1530,4,TypeC,25700,000000000000000000001111110000000000000000000000000000000000000000000000000000000000011110000000000000000000000000000111110000000000000000000001110000000000111110000000,0,0
1531,0,TypeA,53500,000000000001111111111000000000000000000000000000000000000011111111110000000000001111111110000000000000000000000011111111110000000000000000000000000001111111111000000000,0,0
1532,1,TypeB,42500,000000000000000000000000000000111111110000000000000000000000011111110000000000000000000000000000011111111000000000000000000000000000011111110000000000000111111110000000,0,0
1533,2,TypeB,42500,000000000000000000000000000000111111110000000000000000000000011111110000000000000000000000000000011111111000000000000000000000000000011111110000000000000111111110000000,0,0
1534,3,TypeC,23800,000000000000000000001111110000000000000000000000000000000000000000000000000000000000011110000000000000011110000000000111110000000000000000000001110000000000000000000000,0,0
1535,4,TypeC,23800,000000000000000000001111110000000000000000000000000000000000000000000000000000000000011110000000000000011110000000000111110000000000000000000001110000000000000000000000,0,0
1536,1,TypeB,43500,000000011111111000000000000000111111110000000000000000000000000000000000000000000000000000000000011111111000000000000000000000000000011111110000000000000111111110000000,0,0
1537,2,TypeB,43500,000000011111111000000000000000111111110000000000000000000000000000000000000000000000000000000000011111111000000000000000000000000000011111110000000000000111111110000000,0,0
1538,3,TypeC,26600,000000000000001111100000000000000000000000000000000000011111100000000000000000001111110000000000000000000000000000000000000000000000000000000001110000000000000000001110,0,0
1539,4,TypeC,26600,000000000000001111100000000000000000000000000000000000011111100000000000000000001111110000000000000000000000000000000000000000000000000000000001110000000000000000001110,0,0
1540,0,TypeA,52100,000000111111111000000000000000111111111000000000000000011111111110000000000000000000000000000000000000000000000011111111110000000000000000000000000000011111111100000000,0,0
1541,1,TypeB,40100,000000001111111000000000000000111111110000000000000000000000000000011111111000000000000000000000000000000000000011111111000000000000000000000000000000000111111100000000,0,0
1542,2,TypeB,40100,000000001111111000000000000000111111110000000000000000000000000000011111111000000000000000000000000000000000000011111111000000000000000000000000000000000111111100000000,0,0
1543,3,TypeC,28400,000000000000011100000000000000000111111000000000000000000000000000000000000000000011111000000000000000000000000000000000000000000000000000011111000000000000111100000000,0,0
1544,4,TypeC,28400,000000000000011100000000000000000111111000000000000000000000000000000000000000000011111000000000000000000000000000000000000000000000000000011111000000000000111100000000,0,0
1545,1,TypeB,41400,000000001111111000000000000000111111110000000000000000011111111000000000000000000000000000000000000000000000000011111111000000000000000000000000000000000111111110000000,0,0
1546,2,TypeB,41400,000000001111111000000000000000111111110000000000000000011111111000000000000000000000000000000000000000000000000011111111000000000000000000000000000000000111111110000000,0,0
1547,3,TypeC,23400,000000001111110000000000111000000000000000000000000000000000000000000000000111111000000000000000000000000000000000000000000000000000011100000000000000000000000000001110,0,0
1548,4,TypeC,23400,000000001111110000000000111000000000000000000000000000000000000000000000000111111000000000000000000000000000000000000000000000000000011100000000000000000000000000001110,0,0
1549,1,TypeB,42500,000000000000000000000000000000111111110000000000000000011111110000000000000000000000000000000000011111111000000000000000011111110000000000000001111111100000000000000000,0,0
1550,2,TypeB,42500,000000000000000000000000000000111111110000000000000000011111110000000000000000000000000000000000011111111000000000000000011111110000000000000001111111100000000000000000,0,0
1551,3,TypeC,26400,000000000000011100000000000000000000111000000000000000011111100000000000000000001111110000000000000000000000000000000000000000000000011100000000000000000000000000000000,0,0
1552,4,TypeC,26400,000000000000011100000000000000000000111000000000000000011111100000000000000000001111110000000000000000000000000000000000000000000000011100000000000000000000000000000000,0,0
1553,1,TypeB,43800,000000000000000000000000000000111111110000000000000000011111110000000000000000000000000000000000011111111000000000000000111111110000000000000001111111100000000000000000,0,0
1554,2,TypeB,43800,000000000000000000000000000000111111110000000000000000011111110000000000000000000000000000000000011111111000000000000000111111110000000000000001111111100000000000000000,0,0
1555,3,TypeC,28700,001111100000000000001111110000000000000000000000000000000000000000000000000000001111110000000000000000000000000011111100000000000000011100000000000000000000000000000000,0,0
1556,4,TypeC,28700,001111100000000000001111110000000000000000000000000000000000000000000000000000001111110000000000000000000000000011111100000000000000011100000000000000000000000000000000,0,0
1557,1,TypeB,42500,000000001111111000000000000000111111110000000000000000000000000000011111111000000000000000000000000000000000000000000000000000011111110000000000000001111111100000000000,0,0
1558,2,TypeB,42500,000000001111111000000000000000111111110000000000000000000000000000011111111000000000000000000000000000000000000000000000000000011111110000000000000001111111100000000000,0,0
1559,3,TypeC,28000,000000000001111000000000000000000000011100000000000000000000000000000000000000000011111100000000000000000000011111100000000000000000011100000000000000000000000000000000,0,0
1560,4,TypeC,28000,000000000001111000000000000000000000011100000000000000000000000000000000000000000011111100000000000000000000011111100000000000000000011100000000000000000000000000000000,0,0
1561,1,TypeB,41400,000000001111111000000000000000111111110000000000000000000000000000011111111000000000000000000000000000000000000011111111000000000000000000000000000001111111100000000000,0,0
1562,2,TypeB,41400,000000001111111000000000000000111111110000000000000000000000000000011111111000000000000000000000000000000000000011111111000000000000000000000000000001111111100000000000,0,0
1563,3,TypeC,31800,000000000000000000001111110000000000000000000000000000011111100000000000000000001111110000000000000000000000011111100000000000000000011100000000000000000000000000000000,0,0
1564,4,TypeC,31800,000000000000000000001111110000000000000000000000000000011111100000000000000000001111110000000000000000000000011111100000000000000000011100000000000000000000000000000000,0,0
1565,1,TypeB,40100,000000001111111000000000000000111111110000000000000000000000111111110000000000000000000000000000000000000000000011111111000000000000000000000000000000111111100000000000,0,0
1566,2,TypeB,40100,000000001111111000000000000000111111110000000000000000000000111111110000000000000000000000000000000000000000000011111111000000000000000000000000000000111111100000000000,0,0
1567,3,TypeC,27700,000000000001111000000000000000000000011100000000000000000000000000000000000000001111110000000000000000000000011111100000000000000000011100000000000000000000000000000000,0,0
1568,4,TypeC,27700,000000000001111000000000000000000000011100000000000000000000000000000000000000001111110000000000000000000000011111100000000000000000011100000000000000000000000000000000,0,0
1569,1,TypeB,42500,000000001111111000000000000000111111110000000000000000000000111111110000000000000000000000000000000000000000000000000000011111110000000000000000000001111111100000000000,0,0
1570,2,TypeB,42500,000000001111111000000000000000111111110000000000000000000000111111110000000000000000000000000000000000000000000000000000011111110000000000000000000001111111100000000000,0,0
1571,3,TypeC,33300,000000000000011111100000000000001111110000000000000000000000000000000000000000001111110000000000000000000000011111100000000000000000011100000000000000000000000000000000,0,0
1572,4,TypeC,33300,000000000000011111100000000000001111110000000000000000000000000000000000000000001111110000000000000000000000011111100000000000000000011100000000000000000000000000000000,0,0
1573,0,TypeA,54300,000000000000000000000000000000111111111000000000000000000011111111110000000000001111111110000000000000000000000011111111110000000000000000000000111111111100000000000000,0,0
1574,1,TypeB,40100,000000001111111000000000000000111111110000000000000000000000111111110000000000000000000000000000000000000000000011111111000000000000000000000000000000000111111100000000,0,0
1575,2,TypeB,40100,000000001111111000000000000000111111110000000000000000000000111111110000000000000000000000000000000000000000000011111111000000000000000000000000000000000111111100000000,0,0
1576,3,TypeC,28500,000000000000000000001111110000000000011100000000000000000000000000000000000000001111110000000000000000000000011111100000000000000000011100000000000000000000000000000000,0,0
1577,4,TypeC,28500,000000000000000000001111110000000000011100000000000000000000000000000000000000001111110000000000000000000000011111100000000000000000011100000000000000000000000000000000,0,0
1578,0,TypeA,52200,000000000001111111111000000000000000000000000000000000011111111110000000000000000000000000000000000000011111111110000000000001111111110000000000000000000000001111111110,0,0
1579,1,TypeB,42700,000000011111111000000000000000000000011111111000000000011111111000000000000000000000000000000000000000000000000001111111100000000000000000000000000000000000000111111110,0,0
1580,2,TypeB,42700,000000011111111000000000000000000000011111111000000000011111111000000000000000000000000000000000000000000000000001111111100000000000000000000000000000000000000111111110,0,0
1581,3,TypeC,26900,000000000000011111100000000000000000000000000000000000000000000000000000000000001111110000000000000001111100000000000000000000000000011100000000000000000000000000001110,0,0
1582,4,TypeC,26900,000000000000011111100000000000000000000000000000000000000000000000000000000000001111110000000000000001111100000000000000000000000000011100000000000000000000000000001110,0,0
1583,0,TypeA,53300,000000111111111000000000000000000000000000000000000000011111111110000000000000000000000000000000011111111110000000000000000001111111110000000000000000000000001111111110,0,0
1584,1,TypeB,39000,000000011111111000000000000000000000011111111000000000011111111000000000000000000011111110000000000000000011111111000000000000000000000000000000000000000000000000000000,0,0
1585,2,TypeB,39000,000000011111111000000000000000000000011111111000000000011111111000000000000000000011111110000000000000000011111111000000000000000000000000000000000000000000000000000000,0,0
1586,3,TypeC,24500,000000000000011100000000000000000000000000000000000000000000000000000000000000000011111000000000000000000000011111100000000000000000011100000000000000000000000000001110,0,0
1587,4,TypeC,24500,000000000000011100000000000000000000000000000000000000000000000000000000000000000011111000000000000000000000011111100000000000000000011100000000000000000000000000001110,0,0
1588,0,TypeA,52800,000000111111111000000000000000000000000000000000000000011111111110000000000011111111110000000000000000011111111110000000000001111111110000000000000000000000000000000000,0,0
1589,1,TypeB,39000,000000011111111000000000000000000000011111111000000000011111111000000000000000000011111110000000000000000111111110000000000000000000000000000000000000000000000000000000,0,0
1590,2,TypeB,39000,000000011111111000000000000000000000011111111000000000011111111000000000000000000011111110000000000000000111111110000000000000000000000000000000000000000000000000000000,0,0
1591,3,TypeC,28400,000000000000011100000000000000000111111000000000000000000000000000000000000000001111110000000000000001111100000000000000000000000000011100000000000000000000000000000000,0,0
1592,4,TypeC,28400,000000000000011100000000000000000111111000000000000000000000000000000000000000001111110000000000000001111100000000000000000000000000011100000000000000000000000000000000,0,0
1593,0,TypeA,50300,000000111111111000000000000000000000000000000000000000000011111111110000000000001111111110000000000000011111111110000000000001111111110000000000000000000000000000000000,0,0
1594,1,TypeB,42400,000000011111111000000000000000000000011111111000000000011111111000000000000000000000000000000000000000000011111111000000000000000000000000000000000000000000000111111110,0,0
1595,2,TypeB,42400,000000011111111000000000000000000000011111111000000000011111111000000000000000000000000000000000000000000011111111000000000000000000000000000000000000000000000111111110,0,0
1596,3,TypeC,28500,000000001111110000000000000000000000000000000000000000000000000000000000000000001111110000000000000001111110000000000000000000000000011100000000000000000000000000001110,0,0
1597,4,TypeC,28500,000000001111110000000000000000000000000000000000000000000000000000000000000000001111110000000000000001111110000000000000000000000000011100000000000000000000000000001110,0,0
1598,0,TypeA,54300,000000000000000000000000000000000000000000000000000000011111111110000000000011111111110000000000000000011111111110000000000001111111110000000000011111111100000000000000,0,0
1599,1,TypeB,42400,000000011111111000000000000000000000011111111000000000011111111000000000000000000000000000000000000000000111111110000000000000000000000000000000000001111111100000000000,0,0
1600,2,TypeB,42400,000000011111111000000000000000000000011111111000000000011111111000000000000000000000000000000000000000000111111110000000000000000000000000000000000001111111100000000000,0,0
1601,3,TypeC,27000,000000001111110000000000111000000000000000000000000000000000000000000000000000001111110000000000000000000000000000000000000000000000000000000000011111100000000000001110,0,0
1602,4,TypeC,27000,000000001111110000000000111000000000000000000000000000000000000000000000000000001111110000000000000000000000000000000000000000000000000000000000011111100000000000001110,0,0
1603,1,TypeB,41400,000000001111111000000000000000000000011111111000000000000000111111110000000000000000000000000000000000000000000011111111000000000000000000000000000001111111100000000000,0,0
1604,2,TypeB,41400,000000001111111000000000000000000000011111111000000000000000111111110000000000000000000000000000000000000000000011111111000000000000000000000000000001111111100000000000,0,0
1605,3,TypeC,24000,000000001111110000000000111000000000000000000000000000000000000000000000000000001111110000000000000000000000000000000000000000000000000000000001110000000000000000001110,0,0
1606,4,TypeC,24000,000000001111110000000000111000000000000000000000000000000000000000000000000000001111110000000000000000000000000000000000000000000000000000000001110000000000000000001110,0,0
1607,0,TypeA,52200,000000111111111000000000000000000000000000000000000000000011111111110000000000001111111110000000000000000000000011111111110000000000000000000000000000011111111110000000,0,0
1608,3,TypeC,29900,000000000000011111100000000000000000011111100000000000000000000000000000000000001111110000000000000000000000000000000000000000000000000000011111000000000000000000001110,0,0
1609,4,TypeC,29900,000000000000011111100000000000000000011111100000000000000000000000000000000000001111110000000000000000000000000000000000000000000000000000011111000000000000000000001110,0,0
1610,3,TypeC,27200,000000000000011111100000000000000000000000000000000000000000000000000000000000000000111110000000000001111110000000000000000000000000011100000000000000000000000000001110,0,0
1611,4,TypeC,27200,000000000000011111100000000000000000000000000000000000000000000000000000000000000000111110000000000001111110000000000000000000000000011100000000000000000000000000001110,0,0
1612,0,TypeA,52500,000000111111111000000000000000000000000000000000000000000011111111110000000000001111111110000000000000000000000011111111110000000000000000000000000000000000111111111100,0,0
1613,3,TypeC,29200,000000000000011111100000000000000000000000001111000000000000000000000000000000001111110000000000000001111110000000000000000000000000011100000000000000000000000000000000,0,0
1614,4,TypeC,29200,000000000000011111100000000000000000000000001111000000000000000000000000000000001111110000000000000001111110000000000000000000000000011100000000000000000000000000000000,0,0
1615,0,TypeA,53700,000000000001111111111000000000000000000000000000000000000011111111110000000000001111111110000000000000000000000011111111110000000000000000000000011111111100000000000000,0,0
1616,3,TypeC,24200,000000000000001111100000000000000000111000000000000000000000000000000000000000001111110000000000000000000000000000000000000000000000011100000000000000000000000000001110,0,0
1617,4,TypeC,24200,000000000000001111100000000000000000111000000000000000000000000000000000000000001111110000000000000000000000000000000000000000000000011100000000000000000000000000001110,0,0
1618,3,TypeC,32100,001111110000000000001111110000000000000000000000000000000000000000000000000000001111110000000000000001111110000000000000000000000000000000000000111111000000000000000000,0,0
1619,4,TypeC,32100,001111110000000000001111110000000000000000000000000000000000000000000000000000001111110000000000000001111110000000000000000000000000000000000000111111000000000000000000,0,0
1620,3,TypeC,25800,000000000000011100000000000000000000011111100000000000000000000000000000000000000011111100000000000000000000000000000000000000000000011100000000000000000000000000001110,0,0
1621,4,TypeC,25800,000000000000011100000000000000000000011111100000000000000000000000000000000000000011111100000000000000000000000000000000000000000000011100000000000000000000000000001110,0,0
1622,3,TypeC,22900,000000000000011100000000000000000000000000000000000000000000000000000000000000001111110000000000000000011110000000000000000000000000011100000000000000000000000000001110,0,0
1623,4,TypeC,22900,000000000000011100000000000000000000000000000000000000000000000000000000000000001111110000000000000000011110000000000000000000000000011100000000000000000000000000001110,0,0
1624,0,TypeA,51600,000000111111111000000000000000000000000000000000000000000011111111110000000000000000000000000000000000001111111111000000000001111111110000000000000000000000111111111100,0,0
1625,3,TypeC,25400,001111110000000000001111110000000000000000000000000000000000000000000000000000000000111110000000000000000000000000000000000000000000011100000000000000000000000000001110,0,0
1626,4,TypeC,25400,001111110000000000001111110000000000000000000000000000000000000000000000000000000000111110000000000000000000000000000000000000000000011100000000000000000000000000001110,0,0
1627,0,TypeA,55000,000000000001111111111000000000000000000000000000000000000011111111110000000000001111111110000000000000000000000011111111110000000000000000000000111111111100000000000000,0,0
1628,3,TypeC,29100,000000000000011111100000000000000000011111100000000000000000000000000000000000000011111100000000000000000000000000000000000000000000011100000000000000000000000000001110,0,0
1629,4,TypeC,29100,000000000000011111100000000000000000011111100000000000000000000000000000000000000011111100000000000000000000000000000000000000000000011100000000000000000000000000001110,0,0
1630,0,TypeA,52000,000000000001111111111000000000000000000000000000000000000011111111110000000000000000000000000000000000001111111111000000000001111111110000000000000000011111111110000000,0,0
1631,3,TypeC,27400,001111110000000000001111110000000000000000001111000000000000000000000000000000001111110000000000000000000000000000000000000000000000011100000000000000000000000000000000,0,0
1632,4,TypeC,27400,001111110000000000001111110000000000000000001111000000000000000000000000000000001111110000000000000000000000000000000000000000000000011100000000000000000000000000000000,0,0
1633,3,TypeC,25200,000000000000011111100000000000000000000000000000000000000000000000000000000000000011111000000000000000011110000000000000000000000000011100000000000000000000000000001110,0,0
1634,4,TypeC,25200,000000000000011111100000000000000000000000000000000000000000000000000000000000000011111000000000000000011110000000000000000000000000011100000000000000000000000000001110,0,0
1635,0,TypeA,51900,000000111111111000000000000000000000000000000000000000000011111111110000000000000000000000000000000000011111111110000000000001111111110000000000000000000000111111111100,0,0
1636,3,TypeC,30000,001111110000000000001111110000000000000000000000000000000000000000000000000000001111110000000000000001111110000000000000000000000000011100000000000000000000000000000000,0,0
1637,4,TypeC,30000,001111110000000000001111110000000000000000000000000000000000000000000000000000001111110000000000000001111110000000000000000000000000011100000000000000000000000000000000,0,0
1638,3,TypeC,27300,000000000000011111100000000000000000000000000000000000000000000000000000000000000011111100000000000000011100000000000000000000000000000000000000111111000000000000001110,0,0
1639,4,TypeC,27300,000000000000011111100000000000000000000000000000000000000000000000000000000000000011111100000000000000011100000000000000000000000000000000000000111111000000000000001110,0,0
1640,3,TypeC,26900,000000000000011111100000000000000000111000000000000000000000000000000000000000000011111100000000000000000000000000000000000000000000000000011111000000000000000000001110,0,0
1641,4,TypeC,26900,000000000000011111100000000000000000111000000000000000000000000000000000000000000011111100000000000000000000000000000000000000000000000000011111000000000000000000001110,0,0
1642,3,TypeC,27300,001111110000000000001111110000000000111000000000000000000000000000000000000000001111110000000000000000000000000000000000000000000000011100000000000000000000000000000000,0,0
1643,4,TypeC,27300,001111110000000000001111110000000000111000000000000000000000000000000000000000001111110000000000000000000000000000000000000000000000011100000000000000000000000000000000,0,0
1644,0,TypeA,55100,000000111111111000000000000000000000000000000001111111110000000000011111111110000000000000000000000000001111111111000000000001111111110000000000000000000000000000000000,0,0
1645,1,TypeB,40400,001111111000000000000000000000000000011111111000000000000011111110000000000000000000000000000000011111111000000000000000000000000000000000000000000001111111100000000000,0,0
1646,2,TypeB,40400,001111111000000000000000000000000000011111111000000000000011111110000000000000000000000000000000011111111000000000000000000000000000000000000000000001111111100000000000,0,0
1647,3,TypeC,26100,001111110000000000001111110000000000000000000000000000000000000000000000001110000000000000000000000000000000011111100000000000000000011100000000000000000000000000000000,0,0
1648,4,TypeC,26100,001111110000000000001111110000000000000000000000000000000000000000000000001110000000000000000000000000000000011111100000000000000000011100000000000000000000000000000000,0,0
1649,0,TypeA,50700,000000000000000000000000000000000000000000000000000000000011111111110000000000001111111110000000000000001111111111000000000001111111110000000000000000011111111110000000,0,0
1650,1,TypeB,42800,000000001111111000000000000000000000000000000000000000000011111110000000000000000000000000000000011111111000000000000000111111110000000000000000000000000111111110000000,0,0
1651,2,TypeB,42800,000000001111111000000000000000000000000000000000000000000011111110000000000000000000000000000000011111111000000000000000111111110000000000000000000000000111111110000000,0,0
1652,3,TypeC,26700,001111100000000000001111110000000000000000000000000000011110000000000000000000000011111100000000000000011100000000000000000000000000000000000000000000000000000000000000,0,0
1653,4,TypeC,26700,001111100000000000001111110000000000000000000000000000011110000000000000000000000011111100000000000000011100000000000000000000000000000000000000000000000000000000000000,0,0
1654,1,TypeB,41500,000000001111111000000000000000000000000000000000000000000000000000011111111000000000000000000000000000011111110000000000000000000000011111110000000000000000000111111110,0,0
1655,2,TypeB,41500,000000001111111000000000000000000000000000000000000000000000000000011111111000000000000000000000000000011111110000000000000000000000011111110000000000000000000111111110,0,0
1656,3,TypeC,30800,000000000000011111100000000000000000000000000000000000000000000000000000000000001111110000000000000000011110000000000000000000000000000000011111000000000000111110000000,0,0
1657,4,TypeC,30800,000000000000011111100000000000000000000000000000000000000000000000000000000000001111110000000000000000011110000000000000000000000000000000011111000000000000111110000000,0,0
1658,0,TypeA,53900,000000000000000000000000000000000000000000000000000000011111111110000000000011111111110000000000011111111100000000000000000001111111110000000000000000000000001111111110,0,0
1659,1,TypeB,40500,000000000000000000000000000000000000000000000000000000000011111110000000000000000011111110000000000000011111110000000000000000000000011111110000000000000000000111111110,0,0
1660,2,TypeB,40500,000000000000000000000000000000000000000000000000000000000011111110000000000000000011111110000000000000011111110000000000000000000000011111110000000000000000000111111110,0,0
1661,3,TypeC,31100,000000001111110000000000000000000111111000000000000000000000000000000000000000001111110000000000000000011100000000000000000000000000000000011111000000000000000000000000,0,0
1662,4,TypeC,31100,000000001111110000000000000000000111111000000000000000000000000000000000000000001111110000000000000000011100000000000000000000000000000000011111000000000000000000000000,0,0
1663,1,TypeB,40200,000000001111111000000000000000000000000000000000000000000011111110000000000000000000000000000000000000011111110000000001111111100000000000000000000000000111111100000000,0,0
1664,2,TypeB,40200,000000001111111000000000000000000000000000000000000000000011111110000000000000000000000000000000000000011111110000000001111111100000000000000000000000000111111100000000,0,0
1665,3,TypeC,30300,000000000000011111100000000000000000000000000000000000000000000000000000000000001111110000000000000000011110000000000000011111100000000000011111000000000000000000000000,0,0
1666,4,TypeC,30300,000000000000011111100000000000000000000000000000000000000000000000000000000000001111110000000000000000011110000000000000011111100000000000011111000000000000000000000000,0,0
1667,0,TypeA,51500,000000111111111000000000000000000000000000000000000000011111111110000000000000000000000000000000000000011111111110000000000001111111110000000000000000000000001111111110,0,0
1668,1,TypeB,41200,000000000000000000000000000000000000000000000000000000000011111110000000000111111110000000000000000000011111110000000001111111000000000000000001111111100000000000000000,0,0
1669,2,TypeB,41200,000000000000000000000000000000000000000000000000000000000011111110000000000111111110000000000000000000011111110000000001111111000000000000000001111111100000000000000000,0,0
1670,3,TypeC,32100,000000001111110000000000000000000111111000000000000000000000000000000000000000001111110000000000000000011100000000000000000000000000000000000000011111100000000000000000,0,0
1671,4,TypeC,32100,000000001111110000000000000000000111111000000000000000000000000000000000000000001111110000000000000000011100000000000000000000000000000000000000011111100000000000000000,0,0
1672,1,TypeB,40500,000000000000000000000000000000000000000000000000000000000011111110000000000000000011111110000000000000011111110000000000000000011111110000000001111111100000000000000000,0,0
1673,2,TypeB,40500,000000000000000000000000000000000000000000000000000000000011111110000000000000000011111110000000000000011111110000000000000000011111110000000001111111100000000000000000,0,0
1674,3,TypeC,29300,000000000000011111100000000000000000000000000000000000000000000000000000000000001111110000000000000000011110000000000111110000000000000000011111000000000000000000000000,0,0
1675,4,TypeC,29300,000000000000011111100000000000000000000000000000000000000000000000000000000000001111110000000000000000011110000000000111110000000000000000011111000000000000000000000000,0,0
1676,0,TypeA,52700,000000111111111000000000000000000000000000000000000000011111111110000000000000000000000000000000011111111100000000000000000001111111110000000000000000011111111110000000,0,0
1677,1,TypeB,40200,000000000000000000111111110000000000000000000000000000000011111110000000000000000000000000000000000000011111110000000000000000000000011111110000000000000111111100000000,0,0
1678,2,TypeB,40200,000000000000000000111111110000000000000000000000000000000011111110000000000000000000000000000000000000011111110000000000000000000000011111110000000000000111111100000000,0,0
1679,3,TypeC,27100,000000000000011111100000000000000000000000000000000000000000000000000000000000001111110000000000000000011100000000000000000000000000011100000000000000000000111100000000,0,0
1680,4,TypeC,27100,000000000000011111100000000000000000000000000000000000000000000000000000000000001111110000000000000000011100000000000000000000000000011100000000000000000000111100000000,0,0
1681,1,TypeB,41500,000000000000000000000000000000000000000000000000000000000011111110000000000111111110000000000000000000011111110000000000000000000000011111110000000000000111111110000000,0,0
1682,2,TypeB,41500,000000000000000000000000000000000000000000000000000000000011111110000000000111111110000000000000000000011111110000000000000000000000011111110000000000000111111110000000,0,0
1683,3,TypeC,31300,000000001111110000000000000000000111111000000000000000000000000000000000000000001111110000000000000000011110000000000000000000000000011100000000000000000000000000000000,0,0
1684,4,TypeC,31300,000000001111110000000000000000000111111000000000000000000000000000000000000000001111110000000000000000011110000000000000000000000000011100000000000000000000000000000000,0,0
1685,1,TypeB,40500,000000000000000000000000000000000000000000000000000000000011111110000000000000000011111110000000000000011111110000000000000000000000011111110000000000000000001111111100,0,0
1686,2,TypeB,40500,000000000000000000000000000000000000000000000000000000000011111110000000000000000011111110000000000000011111110000000000000000000000011111110000000000000000001111111100,0,0
1687,3,TypeC,25700,001111100000000000001111110000000000000000000000000000000000000000000000000000001111110000000000000000011100000000000000000000000000011100000000000000000000000000000000,0,0
1688,4,TypeC,25700,001111100000000000001111110000000000000000000000000000000000000000000000000000001111110000000000000000011100000000000000000000000000011100000000000000000000000000000000,0,0
1689,1,TypeB,40200,000000000000000000000000000000000000000000000000000000000011111110000000000000000011111110000000000000011111110000000001111111000000000000000001111111100000000000000000,0,0
1690,2,TypeB,40200,000000000000000000000000000000000000000000000000000000000011111110000000000000000011111110000000000000011111110000000001111111000000000000000001111111100000000000000000,0,0
1691,3,TypeC,28200,000000000000011111100000000000000000000000000000000000000000000000000000000000001111110000000000000000011110000000000111110000000000011100000000000000000000000000000000,0,0
1692,4,TypeC,28200,000000000000011111100000000000000000000000000000000000000000000000000000000000001111110000000000000000011110000000000111110000000000011100000000000000000000000000000000,0,0
1693,1,TypeB,43600,000000000000000000000000000000000000000000000000000000000011111110000000000000000000000000000000000000011111110000000001111111100000000000000001111111100000000011111110,0,0
1694,2,TypeB,43600,000000000000000000000000000000000000000000000000000000000011111110000000000000000000000000000000000000011111110000000001111111100000000000000001111111100000000011111110,0,0
1695,3,TypeC,25500,001111100000000000001111100000000000000000000000000000000000000000000000000000001111110000000000000000000000000000000000000000000000000000011111000000000000000000001110,0,0
1696,4,TypeC,25500,001111100000000000001111100000000000000000000000000000000000000000000000000000001111110000000000000000000000000000000000000000000000000000011111000000000000000000001110,0,0
1697,1,TypeB,41500,000000000000000000000000000000000000000000000000000000000011111110000000000000000011111110000000000000011111110000000001111111100000000000000001111111100000000000000000,0,0
1698,2,TypeB,41500,000000000000000000000000000000000000000000000000000000000011111110000000000000000011111110000000000000011111110000000001111111100000000000000001111111100000000000000000,0,0
1699,3,TypeC,27300,000000000000011100000000000000000111111000000000000000000000000000000000000111111000000000000000000000011110000000000000000000000000000000011111000000000000000000000000,0,0
1700,4,TypeC,27300,000000000000011100000000000000000111111000000000000000000000000000000000000111111000000000000000000000011110000000000000000000000000000000011111000000000000000000000000,0,0
1701,1,TypeB,40500,000000001111111000000000000000000000000000000000000000000011111110000000000000000000000000000000000000011111110000000000000000000000011111110000000000000111111110000000,0,0
1702,2,TypeB,40500,000000001111111000000000000000000000000000000000000000000011111110000000000000000000000000000000000000011111110000000000000000000000011111110000000000000111111110000000,0,0
1703,3,TypeC,30800,000000000000001111100000000000000111111000000000000000000000000000000000000000000011111000000000000000011110000000000000000000000000000000000000011111100000000000000000,0,0
1704,4,TypeC,30800,000000000000001111100000000000000111111000000000000000000000000000000000000000000011111000000000000000011110000000000000000000000000000000000000011111100000000000000000,0,0
1705,0,TypeA,58700,000000000000000000000000000000000000000000000001111111110000000000011111111110000000000000000000011111111110000000000000000001111111110000000000011111111100000000000000,0,0
1706,1,TypeB,40400,001111111000000000000000000000000000000000000000000000011111111000000000000000000011111110000000001111111100000000000000000000000000000000000001111111100000000000000000,0,0
1707,2,TypeB,40400,001111111000000000000000000000000000000000000000000000011111111000000000000000000011111110000000001111111100000000000000000000000000000000000001111111100000000000000000,0,0
1708,3,TypeC,30100,000000000000011100000000000000000111111000000000000000000000000000000000000000000011111100000000000000011110000000000000000000000000000000000000011111100000000000000000,0,0
1709,4,TypeC,30100,000000000000011100000000000000000111111000000000000000000000000000000000000000000011111100000000000000011110000000000000000000000000000000000000011111100000000000000000,0,0
1710,1,TypeB,42500,000000000000000000000000000000000000000000000000000000011111111000000000000000000011111110000000000000000111111110000000000000000000011111110000000000000111111110000000,0,0
1711,2,TypeB,42500,000000000000000000000000000000000000000000000000000000011111111000000000000000000011111110000000000000000111111110000000000000000000011111110000000000000111111110000000,0,0
1712,3,TypeC,27700,000000000000011100000000000000000111111000000000000000000000000000000000000000001111110000000000000000011110000000000000000000000000011100000000000000000000000000000000,0,0
1713,4,TypeC,27700,000000000000011100000000000000000111111000000000000000000000000000000000000000001111110000000000000000011110000000000000000000000000011100000000000000000000000000000000,0,0
1714,1,TypeB,41500,000000000000001111111000000000000000000000000000000000000011111110000000000000000000000000000000011111111000000000000000000000000000011111110000000000000111111110000000,0,0
1715,2,TypeB,41500,000000000000001111111000000000000000000000000000000000000011111110000000000000000000000000000000011111111000000000000000000000000000011111110000000000000111111110000000,0,0
1716,3,TypeC,31600,000000000000001111100000000000000111111000000000000000000000000000000000000000001111110000000000000000000000000000000000000000000000011100000000000000000000111110000000,0,0
1717,4,TypeC,31600,000000000000001111100000000000000111111000000000000000000000000000000000000000001111110000000000000000000000000000000000000000000000011100000000000000000000111110000000,0,0
1718,0,TypeA,57200,000000111111111000000000000000000000000000000001111111110000000000011111111110000000000000000000011111111110000000000000000001111111110000000000000000000000000000000000,0,0
1719,1,TypeB,42500,000000000000000000000000000000111111110000000000000000000011111110000000000000000000000000000000011111111000000000000000000000000000011111110000000000000111111110000000,0,0
1720,2,TypeB,42500,000000000000000000000000000000111111110000000000000000000011111110000000000000000000000000000000011111111000000000000000000000000000011111110000000000000111111110000000,0,0
1721,3,TypeC,27000,001111100000000000001111110000000000000000000000000000000000000000000000000000001111110000000000000000011110000000000000000000000000011100000000000000000000000000000000,0,0
1722,4,TypeC,27000,001111100000000000001111110000000000000000000000000000000000000000000000000000001111110000000000000000011110000000000000000000000000011100000000000000000000000000000000,0,0
1723,0,TypeA,51800,000000111111111000000000000000000000000000000000000000000011111111110000000000001111111110000000000000000000000011111111110000000000000000000000000000000000001111111110,0,0
1724,1,TypeB,41700,000000000000011111111000000000000000000000000000000000011111111000000000000000000000000000000000011111111000000000111111110000000000000000000000000000000000000011111110,0,0
1725,2,TypeB,41700,000000000000011111111000000000000000000000000000000000011111111000000000000000000000000000000000011111111000000000111111110000000000000000000000000000000000000011111110,0,0
1726,3,TypeC,25500,000000000000000000001111110000000000000000000000000000000000000000000000000000001111110000000000000000000000000000000000011111100000000000000001110000000000000000001110,0,0
1727,4,TypeC,25500,000000000000000000001111110000000000000000000000000000000000000000000000000000001111110000000000000000000000000000000000011111100000000000000001110000000000000000001110,0,0
1728,1,TypeB,43000,000000000000000000000000000000000000011111111000000000011111111000000000000000000000000000000000011111111000000000111111110000000000000000000001111111100000000000000000,0,0
1729,2,TypeB,43000,000000000000000000000000000000000000011111111000000000011111111000000000000000000000000000000000011111111000000000111111110000000000000000000001111111100000000000000000,0,0
1730,3,TypeC,27500,000000000000000000001111110000000000000000000000000000000000000000000000000000001111110000000000000000000000000000000111110000000000000000000000111111000000000000001110,0,0
1731,4,TypeC,27500,000000000000000000001111110000000000000000000000000000000000000000000000000000001111110000000000000000000000000000000111110000000000000000000000111111000000000000001110,0,0
1732,3,TypeC,24500,000000000000000000001111110000000000000000000000000000000000000000000000000000001111110000000000000000000000000000000111110000000000000000000001110000000000000000001110,0,0
1733,4,TypeC,24500,000000000000000000001111110000000000000000000000000000000000000000000000000000001111110000000000000000000000000000000111110000000000000000000001110000000000000000001110,0,0
1734,1,TypeB,44800,000000000000000000000000000000000000011111111000000000000000000000011111111000000000000000000000011111111000000000000000111111110000000000000000000000000000000111111110,0,0
1735,2,TypeB,44800,000000000000000000000000000000000000011111111000000000000000000000011111111000000000000000000000011111111000000000000000111111110000000000000000000000000000000111111110,0,0
1736,3,TypeC,29900,000000000000001111100000000000000111111000000000000000000000000000000000000000000000011110000000000000000000000000000111110000000000000000000000011111100000000000000000,0,0
1737,4,TypeC,29900,000000000000001111100000000000000111111000000000000000000000000000000000000000000000011110000000000000000000000000000111110000000000000000000000011111100000000000000000,0,0
1738,1,TypeB,42500,000000000000000000000000000000000000011111111000000000000000111111110000000000000011111110000000000000000000000000000000000000011111110000000001111111100000000000000000,0,0
1739,2,TypeB,42500,000000000000000000000000000000000000011111111000000000000000111111110000000000000011111110000000000000000000000000000000000000011111110000000001111111100000000000000000,0,0
1740,3,TypeC,26600,000000000000011100000000000000000111111000000000000000000000000000000000000111111000000000000000000000000000000000000111110000000000011100000000000000000000000000000000,0,0
1741,4,TypeC,26600,000000000000011100000000000000000111111000000000000000000000000000000000000111111000000000000000000000000000000000000111110000000000011100000000000000000000000000000000,0,0
1742,0,TypeA,51800,000000000000000000000000000000111111111000000000000000000011111111110000000000001111111110000000000000000000000011111111110000000000000000000000000000000000001111111110,0,0
1743,1,TypeB,41500,001111111000000000000000000000111111110000000000000000000000000000000000000000000011111110000000000000000000000000000000000000011111110000000000000000000000000111111110,0,0
1744,2,TypeB,41500,001111111000000000000000000000111111110000000000000000000000000000000000000000000011111110000000000000000000000000000000000000011111110000000000000000000000000111111110,0,0
1745,3,TypeC,26100,001111110000000000001111110000000000000000000000000000000000000000000000000000000000011110000000000000000000000000000111110000000000011100000000000000000000000000000000,0,0
1746,4,TypeC,26100,001111110000000000001111110000000000000000000000000000000000000000000000000000000000011110000000000000000000000000000111110000000000011100000000000000000000000000000000,0,0
1747,1,TypeB,40400,000000001111111000000000000000000000011111111000000000011111110000000000000000000000000000000000000000000000000011111111000000000000000000000000000001111111100000000000,0,0
1748,2,TypeB,40400,000000001111111000000000000000000000011111111000000000011111110000000000000000000000000000000000000000000000000011111111000000000000000000000000000001111111100000000000,0,0
1749,3,TypeC,24300,000000000000000000001111110000000000000000000000000000000000000000000000000000000000011110000000000000000000011111000000000000000000011100000000000000000000000000001110,0,0
1750,4,TypeC,24300,000000000000000000001111110000000000000000000000000000000000000000000000000000000000011110000000000000000000011111000000000000000000011100000000000000000000000000001110,0,0
1751,0,TypeA,52200,000000000000000000000000000000111111111000000000000000000011111111110000000000000000000000000000000000011111111110000000000001111111110000000000000001111111111000000000,0,0
1752,1,TypeB,43500,000000000000000000000000000000000000011111111000000000000000000000011111111000000000000000000000000000000011111111000000000000011111110000000000000000011111111000000000,0,0
1753,2,TypeB,43500,000000000000000000000000000000000000011111111000000000000000000000011111111000000000000000000000000000000011111111000000000000011111110000000000000000011111111000000000,0,0
1754,3,TypeC,29500,000000000000001111100000000000000111111000000000000000000000000000000000000000000011111100000000000000000000000000000111110000000000000000000001110000000000000000000000,0,0
1755,4,TypeC,29500,000000000000001111100000000000000111111000000000000000000000000000000000000000000011111100000000000000000000000000000111110000000000000000000001110000000000000000000000,0,0
1756,0,TypeA,50900,000000111111111000000000000000000000000000000000000000000011111111110000000000000000000000000000000000001111111111000000000001111111110000000000000000000000001111111110,0,0
1757,1,TypeB,43000,000000000000000000000000000000111111110000000000000000000000000000011111111000000000000000000000011111111000000000111111110000000000000000000001111111100000000000000000,0,0
1758,2,TypeB,43000,000000000000000000000000000000111111110000000000000000000000000000011111111000000000000000000000011111111000000000111111110000000000000000000001111111100000000000000000,0,0
1759,3,TypeC,33800,000000000000011111100000000000000111111000000000000000000000000000000000000000000011111100000000000000000000000000000111110000000000000000000000011111100000000000000000,0,0
1760,4,TypeC,33800,000000000000011111100000000000000111111000000000000000000000000000000000000000000011111100000000000000000000000000000111110000000000000000000000011111100000000000000000,0,0
1761,0,TypeA,50300,000000000000000000000000000000000000000000000000000000000011111111110000000000001111111110000000000000001111111111000000000001111111110000000000000000000000001111111110,0,0
1762,3,TypeC,33500,000000000000011111100000000000000111111000000000000000000000000000000000000000001111110000000000000000000000000000000111110000000000000000000000011111100000000000000000,0,0
1763,4,TypeC,33500,000000000000011111100000000000000111111000000000000000000000000000000000000000001111110000000000000000000000000000000111110000000000000000000000011111100000000000000000,0,0
1764,0,TypeA,50900,000000000000000000000000000000111111111000000000000000000011111111110000000000000000000000000000000000001111111111000000000001111111110000000000000000000000001111111110,0,0
1765,1,TypeB,44600,000000000000000000000000000000000000000000000000000000000000000000011111111000000000000000000000011111111000000000000000011111110000000000000001111111100000000011111110,0,0
1766,2,TypeB,44600,000000000000000000000000000000000000000000000000000000000000000000011111111000000000000000000000011111111000000000000000011111110000000000000001111111100000000011111110,0,0
1767,3,TypeC,28700,000000000000000000001111110000000000011111100000000000000000000000000000000000001111110000000000000000000000000000000111110000000000000000000001110000000000000000000000,0,0
1768,4,TypeC,28700,000000000000000000001111110000000000011111100000000000000000000000000000000000001111110000000000000000000000000000000111110000000000000000000001110000000000000000000000,0,0
1769,0,TypeA,51200,000000111111111000000000000000000000000000000000000000000011111111110000000000000000000000000000000000011111111110000000000001111111110000000000000000000000001111111110,0,0
1770,1,TypeB,44100,000000000000000000000000000000000000000000000000000000000000111111110000000000000000000000000000011111111000000000111111110000000000000000000001111111000000000111111110,0,0
1771,2,TypeB,44100,000000000000000000000000000000000000000000000000000000000000111111110000000000000000000000000000011111111000000000111111110000000000000000000001111111000000000111111110,0,0
1772,3,TypeC,30000,000000001111110000000000011111100000000000000000000000000000000000000000000000000000111110000000000000000000000000000111110000000000000000011111000000000000000000000000,0,0
1773,4,TypeC,30000,000000001111110000000000011111100000000000000000000000000000000000000000000000000000111110000000000000000000000000000111110000000000000000011111000000000000000000000000,0,0
1774,0,TypeA,51200,000000000000000000000000000000111111111000000000000000000011111111110000000000000000000000000000000000011111111110000000000001111111110000000000000000000000001111111110,0,0
1775,1,TypeB,44100,000000000000000000000000000000111111110000000000000000000000000000011111111000000000000000000000000000000000000000111111110000000000000000000001111111100000000011111110,0,0
1776,2,TypeB,44100,000000000000000000000000000000111111110000000000000000000000000000011111111000000000000000000000000000000000000000111111110000000000000000000001111111100000000011111110,0,0
1777,3,TypeC,30500,000000000000011111100000000000000111111000000000000000000000000000000000000000001111110000000000000000000000000000000111110000000000000000000001110000000000000000000000,0,0
1778,4,TypeC,30500,000000000000011111100000000000000111111000000000000000000000000000000000000000001111110000000000000000000000000000000111110000000000000000000001110000000000000000000000,0,0
1779,0,TypeA,57600,000000000001111111111000000000000000000000000001111111110000000000011111111110000000000000000000000000000000000011111111110000000000000000000000000000000000001111111110,0,0
1780,1,TypeB,40100,000000001111111000000000000000000000011111111000000000000000000000011111111000000000000000000000011111111000000000000000011111110000000000000000000000000000000000000000,0,0
1781,2,TypeB,40100,000000001111111000000000000000000000011111111000000000000000000000011111111000000000000000000000011111111000000000000000011111110000000000000000000000000000000000000000,0,0
1782,0,TypeA,58100,000000111111111000000000000000000000000000000001111111110000000000011111111110000000000000000000000000000000000011111111110000000000000000000000011111111100000000000000,0,0
1783,1,TypeB,40200,000000000000000000000000111111100000000000000000000000011111110000000000000000000000000000000000001111111100000000000000011111110000000000000000000000111111100000000000,0,0
1784,2,TypeB,40200,000000000000000000000000111111100000000000000000000000011111110000000000000000000000000000000000001111111100000000000000011111110000000000000000000000111111100000000000,0,0
1785,3,TypeC,25400,000000000000000000000000111000000000000000000000000000000000000000000000000000001111110000000000000000011110000000000000011111100000000000000000000000111100000000000000,0,0
1786,4,TypeC,25400,000000000000000000000000111000000000000000000000000000000000000000000000000000001111110000000000000000011110000000000000011111100000000000000000000000111100000000000000,0,0
1787,0,TypeA,56400,000000000000000000000000000000000000000000000001111111110000000000011111111110000000000000000000000000011111111110000000000001111111110000000000000000000000111111111100,0,0
1788,1,TypeB,43800,000000000000000000000000000000000000011111111000000000011111110000000000000000000000000000000000011111111000000000000000111111110000000000000000000001111111100000000000,0,0
1789,2,TypeB,43800,000000000000000000000000000000000000011111111000000000011111110000000000000000000000000000000000011111111000000000000000111111110000000000000000000001111111100000000000,0,0
1790,3,TypeC,28600,000000000000011111100000000000000000000000000000000000000000000000000000000000000011111100000000000000011110000000000000000000000000000000000000111111000000000000001110,0,0
1791,4,TypeC,28600,000000000000011111100000000000000000000000000000000000000000000000000000000000000011111100000000000000011110000000000000000000000000000000000000111111000000000000001110,0,0
1792,0,TypeA,56900,000000111111111000000000000000000000000000000001111111110000000000011111111110000000000000000000000000000000000011111111110000000000000000000000000000000000001111111110,0,0
1793,1,TypeB,43100,001111111000000000000000000000000000011111111000000000000000000000000000000000000000000000000000000000000000000000111111110000000000011111110000000001111111100000000000,0,0
1794,2,TypeB,43100,001111111000000000000000000000000000011111111000000000000000000000000000000000000000000000000000000000000000000000111111110000000000011111110000000001111111100000000000,0,0
1795,0,TypeA,51600,000000111111111000000000000000000000000000000000000000000011111111110000000000000000000000000000000000011111111110000000000001111111110000000000000000011111111110000000,0,0
1796,1,TypeB,43500,000000000000011111111000000000000000011111111000000000000000000000000000000000000000000000000000011111111000000000000000011111110000000000000000000000000111111110000000,0,0
1797,2,TypeB,43500,000000000000011111111000000000000000011111111000000000000000000000000000000000000000000000000000011111111000000000000000011111110000000000000000000000000111111110000000,0,0
1798,3,TypeC,27400,000000000000011100000000000000000000011100000000000000000000000011110000000000001111110000000000000000000000000000000000000000000011111100000000000000000000000000000000,0,0
1799,4,TypeC,27400,000000000000011100000000000000000000011100000000000000000000000011110000000000001111110000000000000000000000000000000000000000000011111100000000000000000000000000000000,0,0
1800,1,TypeB,42500,000000001111111000000000000000000000011111111000000000000000000000000000000000000000000000000000011111111000000000000000011111110000000000000000000001111111100000000000,0,0
1801,2,TypeB,42500,000000001111111000000000000000000000011111111000000000000000000000000000000000000000000000000000011111111000000000000000011111110000000000000000000001111111100000000000,0,0
1802,3,TypeC,29400,000000001111110000000000000000000000011100000000000000011111100000000000001110000000000000000000000000000000000000000000000000000011111100000000000000000000000000000000,0,0
1803,4,TypeC,29400,000000001111110000000000000000000000011100000000000000011111100000000000001110000000000000000000000000000000000000000000000000000011111100000000000000000000000000000000,0,0
1804,1,TypeB,43300,000000000000000000000000111111100000000000000000000000000000000000000000000000000000000000000000011111111000000000000001111111100000000000000001111111000000000011111110,0,0
1805,2,TypeB,43300,000000000000000000000000111111100000000000000000000000000000000000000000000000000000000000000000011111111000000000000001111111100000000000000001111111000000000011111110,0,0
1806,3,TypeC,22700,001111100000000000000000111000000000011100000000000000000000000000000000001110000000000000000000000000000000000000000000000000000011111100000000000000000000000000000000,0,0
1807,4,TypeC,22700,001111100000000000000000111000000000011100000000000000000000000000000000001110000000000000000000000000000000000000000000000000000011111100000000000000000000000000000000,0,0
1808,0,TypeA,51300,000000111111111000000000000000000000000000000000000000000011111111110000000000000000000000000000000000001111111111000000000001111111110000000000000000011111111110000000,0,0
1809,1,TypeB,42500,000000001111111000000000000000000000011111111000000000000000000000000000000000000000000000000000011111111000000000000000000000000000011111110000000001111111100000000000,0,0
1810,2,TypeB,42500,000000001111111000000000000000000000011111111000000000000000000000000000000000000000000000000000011111111000000000000000000000000000011111110000000001111111100000000000,0,0
1811,3,TypeC,28400,000000000000001111100000000000000000011100000000000000000000000011110000000000000000111110000000000000000000000000000000000000000011111100000000000000000000000000000000,0,0
1812,4,TypeC,28400,000000000000001111100000000000000000011100000000000000000000000011110000000000000000111110000000000000000000000000000000000000000011111100000000000000000000000000000000,0,0
1813,1,TypeB,43600,000000000000000000000000000000111111110000000000000000000000000000000000000000000000000000000000000000011111110000000000011111110000000000000001111111000000000111111110,0,0
1814,2,TypeB,43600,000000000000000000000000000000111111110000000000000000000000000000000000000000000000000000000000000000011111110000000000011111110000000000000001111111000000000111111110,0,0
1815,3,TypeC,27300,000000000000011111100000000000000000000000000000000000000000000011110000000000000000111110000000000000000000000011111100000000000000000000000001110000000000000000000000,0,0
1816,4,TypeC,27300,000000000000011111100000000000000000000000000000000000000000000011110000000000000000111110000000000000000000000011111100000000000000000000000001110000000000000000000000,0,0
1817,1,TypeB,43600,000000000000011111111000000000000000000000000000000000000000000000000000000000000000000000000000000000011111110000000000011111110000000000000001111111000000000111111110,0,0
1818,2,TypeB,43600,000000000000011111111000000000000000000000000000000000000000000000000000000000000000000000000000000000011111110000000000011111110000000000000001111111000000000111111110,0,0
1819,3,TypeC,27300,000000000000011111100000000000000000000000000000000000000000000011110000000000000011111000000000000000000000000011111100000000000000000000000001110000000000000000000000,0,0
1820,4,TypeC,27300,000000000000011111100000000000000000000000000000000000000000000011110000000000000011111000000000000000000000000011111100000000000000000000000001110000000000000000000000,0,0
1821,1,TypeB,44900,000000000000000000000000000000000000011111111000000000000000000000000000000000000000000000000000000000011111110000000000111111110000000000000001111111000000000111111110,0,0
1822,2,TypeB,44900,000000000000000000000000000000000000011111111000000000000000000000000000000000000000000000000000000000011111110000000000111111110000000000000001111111000000000111111110,0,0
1823,3,TypeC,28000,000000000000001111100000000000000111111000000000000000000000000000000000001110000000000000000000000000000000000011111100000000000000000000011111000000000000000000000000,0,0
1824,4,TypeC,28000,000000000000001111100000000000000111111000000000000000000000000000000000001110000000000000000000000000000000000011111100000000000000000000011111000000000000000000000000,0,0
1825,1,TypeB,41500,000000001111111000000000000000111111110000000000000000000000000000000000000000000000000000000000000000011111110000000000011111110000000000000000000000000000000111111110,0,0
1826,2,TypeB,41500,000000001111111000000000000000111111110000000000000000000000000000000000000000000000000000000000000000011111110000000000011111110000000000000000000000000000000111111110,0,0
1827,3,TypeC,25000,000000000001111000000000011111100000000000000000000000000000000011110000000000000000111110000000000000000000000000000000000000000000000000000001110000000000000000000000,0,0
1828,4,TypeC,25000,000000000001111000000000011111100000000000000000000000000000000011110000000000000000111110000000000000000000000000000000000000000000000000000001110000000000000000000000,0,0
1829,1,TypeB,43500,000000000000011111111000000000111111110000000000000000000000000000000000000000000000000000000000000000000000000011111111000000000000011111110000000000000000000111111110,0,0
1830,2,TypeB,43500,000000000000011111111000000000111111110000000000000000000000000000000000000000000000000000000000000000000000000011111111000000000000011111110000000000000000000111111110,0,0
1831,3,TypeC,26200,000000000000000000001111110000000000000000111111000000000000000000000000001110000000000000000000000000000000011111000000000000000000000000011111000000000000000000000000,0,0
1832,4,TypeC,26200,000000000000000000001111110000000000000000111111000000000000000000000000001110000000000000000000000000000000011111000000000000000000000000011111000000000000000000000000,0,0
1833,1,TypeB,42500,000000001111111000000000000000111111110000000000000000000000000000000000000000000000000000000000000000000011111111000000000000011111110000000000000000000000000111111110,0,0
1834,2,TypeB,42500,000000001111111000000000000000111111110000000000000000000000000000000000000000000000000000000000000000000011111111000000000000011111110000000000000000000000000111111110,0,0
1835,3,TypeC,23800,000000000000011111100000000000000000000000111111000000000000000000000000001110000000000000000000000000011110000000000000000000000000000000000001110000000000000000000000,0,0
1836,4,TypeC,23800,000000000000011111100000000000000000000000111111000000000000000000000000001110000000000000000000000000011110000000000000000000000000000000000001110000000000000000000000,0,0
1837,1,TypeB,43600,000000000000000000000000000000000000011111111000000000000000000000000000000000000000000000000000000000011111110000000000011111110000000000000001111111000000000111111110,0,0
1838,2,TypeB,43600,000000000000000000000000000000000000011111111000000000000000000000000000000000000000000000000000000000011111110000000000011111110000000000000001111111000000000111111110,0,0
1839,3,TypeC,29100,000000000000000000001111110000000000000000000000000000000000000011110000000000000011111100000000000000000000000000000000011111100000000000011111000000000000000000000000,0,0
1840,4,TypeC,29100,000000000000000000001111110000000000000000000000000000000000000011110000000000000011111100000000000000000000000000000000011111100000000000011111000000000000000000000000,0,0
1841,1,TypeB,42800,000000000000001111111000000000111111110000000000000000000000000000000000000000000000000000000000000000011111110000000000111111110000000000000000000000000000000111111110,0,0
1842,2,TypeB,42800,000000000000001111111000000000111111110000000000000000000000000000000000000000000000000000000000000000011111110000000000111111110000000000000000000000000000000111111110,0,0
1843,3,TypeC,30500,000000000000001111100000000000000111111000000000000000000000000011110000000000000000111110000000000000000000000000000000111111000000000000000000000000000000000000000000,0,0
1844,4,TypeC,30500,000000000000001111100000000000000111111000000000000000000000000011110000000000000000111110000000000000000000000000000000111111000000000000000000000000000000000000000000,0,0
1845,1,TypeB,41800,000000001111111000000000111111100000000000000000000000000000000000000000000000000000000000000000000000011111110000000000111111110000000000000000000000000000000111111110,0,0
1846,2,TypeB,41800,000000001111111000000000111111100000000000000000000000000000000000000000000000000000000000000000000000011111110000000000111111110000000000000000000000000000000111111110,0,0
1847,3,TypeC,27700,000000000000000000001111110000000000000000000000000000000000000011110000000000000011111100000000000000011110000000000000000000000000000000011111000000000000000000000000,0,0
1848,4,TypeC,27700,000000000000000000001111110000000000000000000000000000000000000011110000000000000011111100000000000000011110000000000000000000000000000000011111000000000000000000000000,0,0
1849,1,TypeB,42000,000000001111111000000000000000111111110000000000000000000000000000000000000000000000000000000000011111111000000000111111110000000000000000000000000001111111100000000000,0,0
1850,2,TypeB,42000,000000001111111000000000000000111111110000000000000000000000000000000000000000000000000000000000011111111000000000111111110000000000000000000000000001111111100000000000,0,0
1851,3,TypeC,27500,000000000000001111100000000000000111111000000000000000000000000011110000000000000011111000000000000000000000000000000000000000000000000000000001110000000000000000000000,0,0
1852,4,TypeC,27500,000000000000001111100000000000000111111000000000000000000000000011110000000000000011111000000000000000000000000000000000000000000000000000000001110000000000000000000000,0,0
1853,3,TypeC,26000,000000000000000000001111110000000000000000111111000000000000000000000000001110000000000000000000000000000000000000000000011111100000000000011111000000000000000000000000,0,0
1854,4,TypeC,26000,000000000000000000001111110000000000000000111111000000000000000000000000001110000000000000000000000000000000000000000000011111100000000000011111000000000000000000000000,0,0
1855,0,TypeA,50900,001111111111000000000000000000000000000000000000000000000011111111110000000000000000000000000000000000001111111111000000000001111111110000000000000000000111111110000000,0,0
1856,3,TypeC,25600,000000000000000000001111110000000000000000111111000000000000000000000000001110000000000000000000000000011110000000000000000000000000000000000000011111100000000000000000,0,0
1857,4,TypeC,25600,000000000000000000001111110000000000000000111111000000000000000000000000001110000000000000000000000000011110000000000000000000000000000000000000011111100000000000000000,0,0
1858,1,TypeB,42500,000000001111111000000000000000111111110000000000000000000000000000000000000000000000000000000000000000000011111111000000000000011111110000000000000001111111100000000000,0,0
1859,2,TypeB,42500,000000001111111000000000000000111111110000000000000000000000000000000000000000000000000000000000000000000011111111000000000000011111110000000000000001111111100000000000,0,0
1860,3,TypeC,27300,000000000000000000001111110000000000000000111111000000000000000000000000000111111000000000000000000000000000000011111100000000000000000000000001110000000000000000000000,0,0
1861,4,TypeC,27300,000000000000000000001111110000000000000000111111000000000000000000000000000111111000000000000000000000000000000011111100000000000000000000000001110000000000000000000000,0,0
1862,0,TypeA,54100,001111111111000000000000000000000000000000000000000000000011111111110000000000000000000000000000000000011111111110000000000001111111110000000000000000000000111111111100,0,0
1863,1,TypeB,41800,000000001111111000000000111111100000000000000000000000000000000000000000000000000000000000000000000000011111110000000000111111110000000000000000000001111111100000000000,0,0
1864,2,TypeB,41800,000000001111111000000000111111100000000000000000000000000000000000000000000000000000000000000000000000011111110000000000111111110000000000000000000001111111100000000000,0,0
1865,3,TypeC,24300,000000000000001111100000000000000111111000000000000000000000000000000000001110000000000000000000000000011110000000000000000000000000000000000001110000000000000000000000,0,0
1866,4,TypeC,24300,000000000000001111100000000000000111111000000000000000000000000000000000001110000000000000000000000000011110000000000000000000000000000000000001110000000000000000000000,0,0
1867,1,TypeB,42800,000000001111111000000000111111100000000000000000000000000000000000000000000000000000000000000000011111111000000000000000111111110000000000000000000000000000000111111110,0,0
1868,2,TypeB,42800,000000001111111000000000111111100000000000000000000000000000000000000000000000000000000000000000011111111000000000000000111111110000000000000000000000000000000111111110,0,0
1869,3,TypeC,26300,000000000000000000001111110000000000000000111111000000000000000000000000001110000000000000000000000000000000000011111100000000000000000000011111000000000000000000000000,0,0
1870,4,TypeC,26300,000000000000000000001111110000000000000000111111000000000000000000000000001110000000000000000000000000000000000011111100000000000000000000011111000000000000000000000000,0,0
1871,1,TypeB,41500,000000001111111000000000000000111111110000000000000000000000000000000000000000000000000000000000000000011111110000000000011111110000000000000000000001111111100000000000,0,0
1872,2,TypeB,41500,000000001111111000000000000000111111110000000000000000000000000000000000000000000000000000000000000000011111110000000000011111110000000000000000000001111111100000000000,0,0
1873,3,TypeC,25800,000000000000000000001111110000000000000000000000000000000000000011110000000000000011111000000000000000000000000000000000111111000000000000000001110000000000000000000000,0,0
1874,4,TypeC,25800,000000000000000000001111110000000000000000000000000000000000000011110000000000000011111000000000000000000000000000000000111111000000000000000001110000000000000000000000,0,0
1875,1,TypeB,44900,000000000000000000000000000000111111110000000000000000000000000000000000000000000000000000000000000000011111110000000000111111110000000000000001111111000000000111111110,0,0
1876,2,TypeB,44900,000000000000000000000000000000111111110000000000000000000000000000000000000000000000000000000000000000011111110000000000111111110000000000000001111111000000000111111110,0,0
1877,3,TypeC,25700,000000000000000000001111110000000000000000000000000000000000000011110000000000000011111100000000000000011110000000000000000000000000000000000001110000000000000000000000,0,0
1878,4,TypeC,25700,000000000000000000001111110000000000000000000000000000000000000011110000000000000011111100000000000000011110000000000000000000000000000000000001110000000000000000000000,0,0
1879,1,TypeB,43100,000000001111111000000000000000111111110000000000000000000000000000000000000000000000000000000000000000000000000000111111110000000000011111110000000000000000000111111110,0,0
1880,2,TypeB,43100,000000001111111000000000000000111111110000000000000000000000000000000000000000000000000000000000000000000000000000111111110000000000011111110000000000000000000111111110,0,0
1881,3,TypeC,27800,000000000000000000001111110000000000000000111111000000000000000011110000000000000000111110000000000000000000000000000000000000000000000000011111000000000000000000000000,0,0
1882,4,TypeC,27800,000000000000000000001111110000000000000000111111000000000000000011110000000000000000111110000000000000000000000000000000000000000000000000011111000000000000000000000000,0,0
1883,1,TypeB,42000,000000001111111000000000000000111111110000000000000000000000000000000000000000000000000000000000011111111000000000111111110000000000000000000000000000000000000111111110,0,0
1884,2,TypeB,42000,000000001111111000000000000000111111110000000000000000000000000000000000000000000000000000000000011111111000000000111111110000000000000000000000000000000000000111111110,0,0
1885,3,TypeC,24300,000000000000000000001111110000000000000000111111000000000000000000000000001110000000000000000000000000000000000011111100000000000000000000000001110000000000000000000000,0,0
1886,4,TypeC,24300,000000000000000000001111110000000000000000111111000000000000000000000000001110000000000000000000000000000000000011111100000000000000000000000001110000000000000000000000,0,0
1887,1,TypeB,44900,000000001111111000000000000000111111110000000000000000000000000000000000000000000000000000000000000000000000000000000000111111110000000000000001111111000000000111111110,0,0
1888,2,TypeB,44900,000000001111111000000000000000111111110000000000000000000000000000000000000000000000000000000000000000000000000000000000111111110000000000000001111111000000000111111110,0,0
1889,3,TypeC,24200,000000000000000000001111110000000000000000111111000000000000000000000000001110000000000000000000000000000000011111000000000000000000000000000001110000000000000000000000,0,0
1890,4,TypeC,24200,000000000000000000001111110000000000000000111111000000000000000000000000001110000000000000000000000000000000011111000000000000000000000000000001110000000000000000000000,0,0
1891,1,TypeB,42800,000000001111111000000000000000111111110000000000000000000000000000000000000000000000000000000000000000011111110000000000111111110000000000000000000000000000000111111110,0,0
1892,2,TypeB,42800,000000001111111000000000000000111111110000000000000000000000000000000000000000000000000000000000000000011111110000000000111111110000000000000000000000000000000111111110,0,0
1893,3,TypeC,27600,000000000000000000001111110000000000000000111111000000000000000000000000000111111000000000000000000000011110000000000000000000000000000000011111000000000000000000000000,0,0
1894,4,TypeC,27600,000000000000000000001111110000000000000000111111000000000000000000000000000111111000000000000000000000011110000000000000000000000000000000011111000000000000000000000000,0,0
1895,1,TypeB,43600,000000001111111000000000000000000000000000000000000000000000000000000000000000000000000000000000000000000111111110000000000000011111110000000001111111100000000011111110,0,0
1896,2,TypeB,43600,000000001111111000000000000000000000000000000000000000000000000000000000000000000000000000000000000000000111111110000000000000011111110000000001111111100000000011111110,0,0
1897,3,TypeC,25600,000000000000000000001111110000000000000000111111000000000000000000000000001110000000000000000000000000011110000000000000000000000000000000000000111111000000000000000000,0,0
1898,4,TypeC,25600,000000000000000000001111110000000000000000111111000000000000000000000000001110000000000000000000000000011110000000000000000000000000000000000000111111000000000000000000,0,0
1899,3,TypeC,24000,000000000000000000001111110000000000000000111111000000000000000000000000001110000000000000000000000000000000000000000000111111000000000000000001110000000000000000000000,0,0
1900,4,TypeC,24000,000000000000000000001111110000000000000000111111000000000000000000000000001110000000000000000000000000000000000000000000111111000000000000000001110000000000000000000000,0,0
1901,1,TypeB,41500,000000001111111000000000000000111111110000000000000000000000000000000000000000000000000000000000000000011111110000000000000000011111110000000000000000000000000111111110,0,0
1902,2,TypeB,41500,000000001111111000000000000000111111110000000000000000000000000000000000000000000000000000000000000000011111110000000000000000011111110000000000000000000000000111111110,0,0
1903,3,TypeC,24600,000000000000000000001111110000000000000000111111000000000000000000000000001110000000000000000000000000011110000000000000000000000000000000011111000000000000000000000000,0,0
1904,4,TypeC,24600,000000000000000000001111110000000000000000111111000000000000000000000000001110000000000000000000000000011110000000000000000000000000000000011111000000000000000000000000,0,0
1905,1,TypeB,43600,000000001111111000000000000000111111110000000000000000000000000000000000000000000000000000000000000000000000000000000000000000011111110000000001111111000000000111111110,0,0
1906,2,TypeB,43600,000000001111111000000000000000111111110000000000000000000000000000000000000000000000000000000000000000000000000000000000000000011111110000000001111111000000000111111110,0,0
1907,3,TypeC,22500,000000001111110000000000111000000000000000111111000000000000000000000000001110000000000000000000000000000000000000000000000000000000000000000001110000000000000000000000,0,0
1908,4,TypeC,22500,000000001111110000000000111000000000000000111111000000000000000000000000001110000000000000000000000000000000000000000000000000000000000000000001110000000000000000000000,0,0
1909,1,TypeB,41500,000000001111111000000000000000111111110000000000000000000000000000000000000000000000000000000000000000011111110000000000111111110000000000000000000000000000000011111110,0,0
1910,2,TypeB,41500,000000001111111000000000000000111111110000000000000000000000000000000000000000000000000000000000000000011111110000000000111111110000000000000000000000000000000011111110,0,0
1911,3,TypeC,22600,000000000000000000001111110000000000000000111111000000000000000000000000001110000000000000000000000000011110000000000000000000000000000000000001110000000000000000000000,0,0
1912,4,TypeC,22600,000000000000000000001111110000000000000000111111000000000000000000000000001110000000000000000000000000011110000000000000000000000000000000000001110000000000000000000000,0,0
1913,1,TypeB,42000,000000000000000000000000111111100000000000000000000000011111111000000000000000000000000000000000011111111000000000111111110000000000000000000001111111100000000000000000,0,0
1914,2,TypeB,42000,000000000000000000000000111111100000000000000000000000011111111000000000000000000000000000000000011111111000000000111111110000000000000000000001111111100000000000000000,0,0
1915,0,TypeA,54700,000000111111111000000000000000000000000000000000000000011111111110000000000011111111110000000000000000000000000011111111110000000000000000000000000000011111111110000000,0,0
1916,1,TypeB,43800,000000000000011111111000000000000000000000000000000000011111111000000000000000000000000000000000000000000000000001111111100000000000011111110000000000000111111110000000,0,0
1917,2,TypeB,43800,000000000000011111111000000000000000000000000000000000011111111000000000000000000000000000000000000000000000000001111111100000000000011111110000000000000111111110000000,0,0
1918,3,TypeC,24700,000000000000011111100000000000000000000000000000000000000000000000000000001110000000000000000000000000000000000000000111110000000000000000000001110000000000111110000000,0,0
1919,4,TypeC,24700,000000000000011111100000000000000000000000000000000000000000000000000000001110000000000000000000000000000000000000000111110000000000000000000001110000000000111110000000,0,0
1920,0,TypeA,54400,001111111111000000000000000000000000000000000000000000000011111111110000000000001111111110000000000000000000000011111111110000000000000000000000000000011111111110000000,0,0
1921,1,TypeB,43000,000000000000000000000000000000000000011111111000000000011111111000000000000000000000000000000000011111111000000000111111110000000000000000000000111111110000000000000000,0,0
1922,2,TypeB,43000,000000000000000000000000000000000000011111111000000000011111111000000000000000000000000000000000011111111000000000111111110000000000000000000000111111110000000000000000,0,0
1923,3,TypeC,26500,000000000000000000001111110000000000000000000000000000000000000000000000001110000000000000000000000000000000000000000111110000000000000000011111100000000000111110000000,0,0
1924,4,TypeC,26500,000000000000000000001111110000000000000000000000000000000000000000000000001110000000000000000000000000000000000000000111110000000000000000011111100000000000111110000000,0,0
1925,0,TypeA,54300,000000111111111000000000000000000000000000000000000000011111111110000000000011111111110000000000000000000000000011111111110000000000000000000000000000000000001111111110,0,0
1926,1,TypeB,44100,000000000000000000000000000000000000000000000000000000000000000000011111111000000000000000000000011111111000000000111111110000000000000000000001111111000000000111111110,0,0
1927,2,TypeB,44100,000000000000000000000000000000000000000000000000000000000000000000011111111000000000000000000000011111111000000000111111110000000000000000000001111111000000000111111110,0,0
1928,3,TypeC,21600,000000000000000000001111110000000000000000000000000000000000000000000000001110000000000000000000000000011110000000000111110000000000000000000001110000000000000000000000,0,0
1929,4,TypeC,21600,000000000000000000001111110000000000000000000000000000000000000000000000001110000000000000000000000000011110000000000111110000000000000000000001110000000000000000000000,0,0
1930,0,TypeA,55200,000000111111111000000000000000111111111000000000000000011111111110000000000000000000000000000000000000000000000011111111110000000000000000000000111111111100000000000000,0,0
1931,1,TypeB,41700,000000000000000000000000000000000000011111111000000000011111111000000000000000000000000000000000011111111000000000111111110000000000000000000000000000111111100000000000,0,0
1932,2,TypeB,41700,000000000000000000000000000000000000011111111000000000011111111000000000000000000000000000000000011111111000000000111111110000000000000000000000000000111111100000000000,0,0
1933,3,TypeC,20900,000000000000111000000000011111100000000000000000000000000000000000000000001110000000000000000000000000000000000000000111110000000000000000000000000000000000000000001110,0,0
1934,4,TypeC,20900,000000000000111000000000011111100000000000000000000000000000000000000000001110000000000000000000000000000000000000000111110000000000000000000000000000000000000000001110,0,0
1935,1,TypeB,43000,000000000000000000111111110000000000000000000000000000011111111000000000000000000000000000000000011111111000000000111111110000000000000000000001111111100000000000000000,0,0
1936,2,TypeB,43000,000000000000000000111111110000000000000000000000000000011111111000000000000000000000000000000000011111111000000000111111110000000000000000000001111111100000000000000000,0,0
1937,1,TypeB,42500,000000001111111000000000000000000000000000000000000000011111111000000000000000000000000000000000000000000011111111000000000000000000011111110000000000011111111000000000,0,0
1938,2,TypeB,42500,000000001111111000000000000000000000000000000000000000011111111000000000000000000000000000000000000000000011111111000000000000000000011111110000000000011111111000000000,0,0
1939,3,TypeC,27900,000000000000001111100000000000000000000000000000000000000000000011110000000000000000011110000000000000000000011111100000000000000000000000000000000001111100000000000000,0,0
1940,4,TypeC,27900,000000000000001111100000000000000000000000000000000000000000000011110000000000000000011110000000000000000000011111100000000000000000000000000000000001111100000000000000,0,0
1941,0,TypeA,52700,000000111111111000000000000000111111111000000000000000011111111110000000000000000000000000000000000000000000000011111111110000000000000000000000000000000000001111111110,0,0
1942,3,TypeC,25200,000000000000000000001111110000000000000000111111000000000000000000000000001110000000000000000000000000000000011111100000000000000000000000000001110000000000000000000000,0,0
1943,4,TypeC,25200,000000000000000000001111110000000000000000111111000000000000000000000000001110000000000000000000000000000000011111100000000000000000000000000001110000000000000000000000,0,0
1944,3,TypeC,25700,000000000000000000001111110000000000000000000000000000000000000011110000000000000000011110000000000000000000011111100000000000000000000000000001110000000000000000000000,0,0
1945,4,TypeC,25700,000000000000000000001111110000000000000000000000000000000000000011110000000000000000011110000000000000000000011111100000000000000000000000000001110000000000000000000000,0,0
1946,0,TypeA,53400,000000111111111000000000000000111111111000000000000000011111111110000000000000000000000000000000000000000000000011111111110000000000000000000000000000111111111100000000,0,0
1947,1,TypeB,42000,000000001111111000000000000000000000000000000000000000011111111000000000000000000000000000000000011111111000000000111111110000000000000000000001111111100000000000000000,0,0
1948,2,TypeB,42000,000000001111111000000000000000000000000000000000000000011111111000000000000000000000000000000000011111111000000000111111110000000000000000000001111111100000000000000000,0,0
1949,3,TypeC,30600,000000000000011111100000000000000000000000000000000000011111100000000000000111111000000000000000000000000000011111100000000000000000000000000001110000000000000000000000,0,0
1950,4,TypeC,30600,000000000000011111100000000000000000000000000000000000011111100000000000000111111000000000000000000000000000011111100000000000000000000000000001110000000000000000000000,0,0
1951,1,TypeB,43000,000000000000000000000000000000000000011111111000000000011111111000000000000000000000000000000000011111111000000000111111110000000000000000000000000000000111111110000000,0,0
1952,2,TypeB,43000,000000000000000000000000000000000000011111111000000000011111111000000000000000000000000000000000011111111000000000111111110000000000000000000000000000000111111110000000,0,0
1953,3,TypeC,25800,000000000000000000001111110000000000000000000000000000011111100000000000001110000000000000000000000000011110000000000111110000000000000000000000000000000000000000000000,0,0
1954,4,TypeC,25800,000000000000000000001111110000000000000000000000000000011111100000000000001110000000000000000000000000011110000000000111110000000000000000000000000000000000000000000000,0,0
1955,1,TypeB,42000,000000001111111000000000000000000000000000000000000000011111111000000000000000000000000000000000011111111000000000111111110000000000000000000000000000000111111110000000,0,0
1956,2,TypeB,42000,000000001111111000000000000000000000000000000000000000011111111000000000000000000000000000000000011111111000000000111111110000000000000000000000000000000111111110000000,0,0
1957,3,TypeC,24200,000000000000000000001111110000000000000000000000000000011111100000000000001110000000000000000000000000000000000000000111110000000000000000000001110000000000000000000000,0,0
1958,4,TypeC,24200,000000000000000000001111110000000000000000000000000000011111100000000000001110000000000000000000000000000000000000000111110000000000000000000001110000000000000000000000,0,0
1959,0,TypeA,55000,000000111111111000000000000000000000000000000000000000011111111110000000000011111111110000000000000000000000000011111111110000000000000000000000000000111111111100000000,0,0
1960,3,TypeC,25500,000000000000000000001111110000000000000000000000000000011111100000000000001110000000000000000000000000000000000011111100000000000000000000000001110000000000000000000000,0,0
1961,4,TypeC,25500,000000000000000000001111110000000000000000000000000000011111100000000000001110000000000000000000000000000000000011111100000000000000000000000001110000000000000000000000,0,0
1962,0,TypeA,56000,000000000001111111111000000000000000000000000000000000011111111110000000000011111111110000000000000000000000000011111111110000000000000000000000000001111111111000000000,0,0
1963,1,TypeB,44100,000000000000000000000000000000000000000000000000000000000000000000011111111000000000000000000000011111111000000000111111110000000000011111110000000000011111111000000000,0,0
1964,2,TypeB,44100,000000000000000000000000000000000000000000000000000000000000000000011111111000000000000000000000011111111000000000111111110000000000011111110000000000011111111000000000,0,0
1965,3,TypeC,22200,000000000000000000001111110000000000000000000000000000000000000000000000001110000000000000000000000000000000011111100000000000000000000000000001110000000000000000001110,0,0
1966,4,TypeC,22200,000000000000000000001111110000000000000000000000000000000000000000000000001110000000000000000000000000000000011111100000000000000000000000000001110000000000000000001110,0,0
1967,0,TypeA,52300,000000011111111110000000000000000000000000000000000000011111111110000000000000000000000000000000000000111111111100000000000000001111111111000000000000000000011111111100,1,0
1968,0,TypeA,54200,000001111111100000000000111111111100000000000000000000001111111110000000000000000000000000000000000000000000000000000000000011111111110000000000000011111111110000000000,0,0
1969,0,TypeA,55100,000000011111111110000000000000000000000000000000000000111111111100000000000000000000000000000000000011111111110000000000000011111111110000000000000000011111111110000000,0,0
1970,0,TypeA,51900,000000011111111110000000000000000000000000000000000000001111111110000000000000000000011111111100000000000000000000000000000011111111110000000000000000011111111110000000,0,0
1971,0,TypeA,57500,000000011111111110000000000000000000000000000000000000111111111100000000000000000000000000011111111110000000000000000000000011111111110000000000000011111111110000000000,0,0
1972,0,TypeA,50900,000000011111111110000000000000011111111000000000000000011111111100000000000000000000000000000000000000000000000000000000000011111111110000000000000000011111111110000000,0,0
1973,0,TypeA,52800,000000011111111110000000000000011111111000000000000000011111111110000000000000000000000000000000000000000000000000000000000011111111110000000000000011111111110000000000,0,0
1974,1,TypeB,39800,000001111111100000000000000000011111111000000000000000001111111100000000000000000000000011111111000000000000000000000000000000000000000000000000000000000000011111100000,0,0
1975,2,TypeB,39800,000001111111100000000000000000011111111000000000000000001111111100000000000000000000000011111111000000000000000000000000000000000000000000000000000000000000011111100000,0,0
1976,0,TypeA,54600,000000000000000000000001111111111000000000000000000000001111111110000000000000000000000000000000000000111111111100000000000011111111110000000000000000000000011111111100,0,0
1977,0,TypeA,52500,000000011111111110000000000000000000000000000000000000000001111111100000000000000000000000000000000000111111111100000000000011111111110000000000000011111111110000000000,0,0
1978,0,TypeA,54900,000000011111111110000000000000000000000000000000011111111000000000000000000000000000000000000000000000111111111100000000000011111111110000000000000011111111110000000000,0,0
1979,0,TypeA,54700,000000000000000111111111100000000000000000000000000000011111111110000000000000000000000000000000000000111111111100000000000011111111110000000000000000000000011111111100,1,0
1980,0,TypeA,53600,000000011111111110000000000000011111111000000000000000000000000000000000000000000000000000000111111111100000000000000000000011111111110000000000000000000000011111111100,0,0
1981,0,TypeA,55900,000000000000000000000001111111111000000000000000000000011111111110000000000000000000000000000000000000111111111100000000000011111111110000000000000000000000011111111100,1,0
1982,0,TypeA,53500,000000011111111110000000000000000000000000000000000000011111111110000000000000000000000000000000000000111111111100000000000011111111110000000000000000000000011111111100,1,0
1983,1,TypeB,39100,000000000011111110000000001111111100000000000000011111111000000000000000000000000000000000000000000111111100000000000000000000000000000000000000000000000000000111111100,0,0
1984,2,TypeB,39100,000000000011111110000000001111111100000000000000011111111000000000000000000000000000000000000000000111111100000000000000000000000000000000000000000000000000000111111100,0,0
1985,0,TypeA,54200,000000000000000000000001111111111000000000000000000000111111110000000000000000000000000000000000000011111111110000000000000000000000111111111100000000000000011111111100,0,0
1986,0,TypeA,51700,000000000000000000000001111111111000000000000000000000000001111111100000000000000000011111111100000000000000000000000000000000000000111111111100000000000000011111111100,0,0
1987,1,TypeB,41400,000001111111100000000000000000011111111000000000000000000001111111100000000000000000011111110000000000000000000000000000000000000000111111110000000000000000000000000000,0,0
1988,2,TypeB,41400,000001111111100000000000000000011111111000000000000000000001111111100000000000000000011111110000000000000000000000000000000000000000111111110000000000000000000000000000,0,0
1989,0,TypeA,53100,000000111111111100000000000000011111111000000000000000011111111110000000000000000000000000000000000011111111110000000000000000000000000000000000000011111111110000000000,0,0
1990,0,TypeA,55200,000000000000000011111111100000000000000000000000000000011111111110000000000000000000000000000111111111100000000000000000000000001111111110000000000011111111110000000000,1,0
1991,3,TypeC,34500,000000000000000011111100000000000000000000000000000000000001111110000000000000000000000000000000000011111100000000000000000000000000000011111100000000000001111110000000,0,0
1992,4,TypeC,34500,000000000000000011111100000000000000000000000000000000000001111110000000000000000000000000000000000011111100000000000000000000000000000011111100000000000001111110000000,0,0
1993,0,TypeA,57400,000000000000000000000001111111111000000000000000000000011111111110000000000000000000000000000111111111100000000000000000000000001111111110000000000011111111110000000000,1,0
1994,0,TypeA,50200,000000011111111100000000000000011111111000000000000000011111111100000000000000000000000000000000000000111111111100000000000000000000000000000000000011111111110000000000,0,0
1995,0,TypeA,51200,000000011111111100000000000000011111111000000000000000011111111110000000000000000000000000000000000000111111111100000000000000000000000000000000000011111111110000000000,0,0
1996,0,TypeA,56200,000000011111111100000000000000000000000000000000000000011111111110000000000000000000000000000111111111100000000000000000000011111111110000000000000011111111110000000000,0,0
1997,0,TypeA,53100,000000011111111110000000000000011111111000000000000000000000000000000000000000000000000000000000000000111111111100000000000011111111110000000000000011111111110000000000,0,0
1998,0,TypeA,54300,000000011111111110000000000000011111111000000000000000011111111110000000000000000000000000000111111111100000000000000000000000000000000000000000000011111111110000000000,0,0
1999,1,TypeB,39000,000000001111111100000000000000011111111000000000011111111000000000000000011111111000000000000000000000000000011111110000000000000000000000000000000000000000000000000000,0,0
2000,2,TypeB,39000,000000001111111100000000000000011111111000000000011111111000000000000000011111111000000000000000000000000000011111110000000000000000000000000000000000000000000000000000,0,0
2001,3,TypeC,25500,000000111000000000000001111000000000000000000000000000000000011111100000000000000000000000000000000000000000000000000000000011111000000000000000000011111100000000000000,1,0
2002,4,TypeC,25500,000000111000000000000001111000000000000000000000000000000000011111100000000000000000000000000000000000000000000000000000000011111000000000000000000011111100000000000000,1,0
2003,0,TypeA,48900,000000000000000000000000000000011111111000000000000000011111111110000000000000000000011111111100000000000000000000000000000000000000011111111100000000000000011111111100,0,0
2004,0,TypeA,52200,000000000000001111111111000000000000000000000000011111111000000000000000000000000000000011111111000000000000000000000000000000001111111110000000000011111111110000000000,0,0
2005,0,TypeA,49900,000001111111111000000000000000000000000000000000000000000000000000000000000000000000011111111100000000000111111110000000000000000000111111111100000000000000011111111100,1,0
2006,0,TypeA,48300,000000011111111110000000000000000000000000000000000000000000000000000000000000000000011111111100000000000111111110000000000000000000011111111100000000000000011111111100,1,0
2007,1,TypeB,39100,000000000000000000000000000000011111111000000000000000011111110000000000000000000000000011111111000000000000011111110000000000000000000000000000000000000000011111110000,1,0
2008,2,TypeB,39100,000000000000000000000000000000011111111000000000000000011111110000000000000000000000000011111111000000000000011111110000000000000000000000000000000000000000011111110000,1,0
2009,3,TypeC,27300,000001110000000000000000000000000000000000000000000000000000000000000000000000000000000011111100000000000111110000000000000000001111110000000000000011110000000000000000,1,0
2010,4,TypeC,27300,000001110000000000000000000000000000000000000000000000000000000000000000000000000000000011111100000000000111110000000000000000001111110000000000000011110000000000000000,1,0
2011,0,TypeA,55700,000000000000001111111111000000000000000000111111111000000000000000000000000000000000000000000111111111100000000000000000000000000000011111111100000000000000011111111100,1,0
2012,0,TypeA,52400,000000000000000000000000111111111100000000000000000000000000000000000000000000000011111111000000000000111111111100000000000000001111111110000000000011111111110000000000,0,0
2013,0,TypeA,49700,000001111111100000000000001111111100000000000000000000000000000000000000000000000011111111000000000000111111111100000000000000000000000000000000000011111111110000000000,0,0
2014,1,TypeB,39000,000001111111100000000000001111111100000000000000000000011111110000000000000000111111110000000001111111100000000000000000000000000000000000000000000000000000000000000000,0,0
2015,2,TypeB,39000,000001111111100000000000001111111100000000000000000000011111110000000000000000111111110000000001111111100000000000000000000000000000000000000000000000000000000000000000,0,0
2016,3,TypeC,33100,000001111110000000000111111000000000000000000000000000000000000000000000000000000000011110000000000000000000000000000000000000001111110000000000000000000001111110000000,1,0
2017,4,TypeC,33100,000001111110000000000111111000000000000000000000000000000000000000000000000000000000011110000000000000000000000000000000000000001111110000000000000000000001111110000000,1,0
2018,0,TypeA,50200,000000000000000111111111100000000000000000000000000000011111111100000000000000000011111111000000000000111111111100000000000000000000011111111100000000000000000000000000,0,0
2019,0,TypeA,53400,000000000000001111111111000000000000000000000000000000000000000000000000000000000011111111000000000000111111111100000000000011111111110000000000000011111111110000000000,0,0
2020,3,TypeC,28300,000000000000111110000000000000011100000000000000000000000000011111100000000000000000000011111100000000000000000000000000000011111000000000000000000000000000000000000000,0,0
2021,4,TypeC,28300,000000000000111110000000000000011100000000000000000000000000011111100000000000000000000011111100000000000000000000000000000011111000000000000000000000000000000000000000,0,0
2022,0,TypeA,54400,000000000000000111111111100000000000000000111111111000000000000000000000000000000000000000000001111111100000000000000000000000000000111111111100000000000000011111111100,0,0
2023,0,TypeA,53700,000000011111111110000000000000000000000000111111111000000000000000000000000000000000000000000000000000111111111100000000000000000000111111111100000000000000011111111100,1,0
2024,0,TypeA,50800,000001111111111000000000000000000000000000000000000000111111111100000000000000111111110000000000000000000000000000000000000000000000011111111100000000000000011111111100,0,0
2025,1,TypeB,36500,000000000000111111100000000000000000000000000000011111110000000000000000000000111111110000000001111111100000000000000000000000000000000000000000000011111000000000000000,0,0
2026,2,TypeB,36500,000000000000111111100000000000000000000000000000011111110000000000000000000000111111110000000001111111100000000000000000000000000000000000000000000011111000000000000000,0,0
2027,0,TypeA,47500,000000000000000000000000000000011111111000000000000000001111111110000000000000000000000000000000000111111110000000000000000000000000011111111100000000000000011111111100,0,0
2028,3,TypeC,30600,000000000000001111100000000000000000000000000000000000000000011111100000000000000000000000000001111110000000000000000000000000000000011110000000000011111100000000000000,0,0
2029,4,TypeC,30600,000000000000001111100000000000000000000000000000000000000000011111100000000000000000000000000001111110000000000000000000000000000000011110000000000011111100000000000000,0,0
2030,0,TypeA,49000,000000000000000000000000000000000111111111100000000000001111111110000000000000111111110000000000000000111111111100000000000000000000011111111100000000000000000000000000,0,0
2031,3,TypeC,29700,000000000000000000000000000000000000001111100000000000000000000000000000011111100000000000000000000111100000000000000000000000000000000011111100000000001111110000000000,0,0
2032,4,TypeC,29700,000000000000000000000000000000000000001111100000000000000000000000000000011111100000000000000000000111100000000000000000000000000000000011111100000000001111110000000000,0,0
2033,3,TypeC,27700,000000000000000000000001111000000000000000000000011111100000000000000000011111100000000000000000000000000111110000000000000000000000011110000000000000000000000000000000,0,0
2034,4,TypeC,27700,000000000000000000000001111000000000000000000000011111100000000000000000011111100000000000000000000000000111110000000000000000000000011110000000000000000000000000000000,0,0
2035,0,TypeA,49900,000000000000000000000000000000000000000000000000000000001111111110000000000000111111110000000000000000111111111100000000000000001111111110000000000011111111110000000000,0,0
2036,1,TypeB,39000,000001111111100000000000000000011111111000000000011111111000000000000000000000111111110000000000000000000000011111110000000000000000000000000000000000000000000000000000,1,0
2037,2,TypeB,39000,000001111111100000000000000000011111111000000000011111111000000000000000000000111111110000000000000000000000011111110000000000000000000000000000000000000000000000000000,1,0
2038,3,TypeC,28100,000000000000000000000000000000000000001111100000000000000001111110000000000000000011110000000000000000000000000000000000000000000000011110000000000011110000000000000000,0,0
2039,4,TypeC,28100,000000000000000000000000000000000000001111100000000000000001111110000000000000000011110000000000000000000000000000000000000000000000011110000000000011110000000000000000,0,0
2040,0,TypeA,51500,000000000000001111111111000000000000000000000000000000011111111110000000000000000000011111111100000000000000000000000000000000001111111110000000000001111111110000000000,0,0
2041,3,TypeC,29200,000000000000001111100000000000000000000000000000000000000001111110000000000000000000011110000000000000000000000000000000000011111000000000000000000001111100000000000000,0,0
2042,4,TypeC,29200,000000000000001111100000000000000000000000000000000000000001111110000000000000000000011110000000000000000000000000000000000011111000000000000000000001111100000000000000,0,0
2043,0,TypeA,50700,000000000000000000000000001111111100000000000000000000000000000000000000000000111111110000000000000000111111111100000000000000000000111111111100000000000000011111111100,0,0
2044,3,TypeC,25100,000000000000000000000000000000011100000000000000000000000000000000000000011111100000000000000000000000000000000000000000000000000000111110000000000111000000000011111100,0,0
2045,4,TypeC,25100,000000000000000000000000000000011100000000000000000000000000000000000000011111100000000000000000000000000000000000000000000000000000111110000000000111000000000011111100,0,0
2046,0,TypeA,51400,000000000000000000111111111000000000000000000000000000001111111110000000000000000000011111111100000000000000000000000000000000001111111110000000000011111111110000000000,0,0
2047,3,TypeC,27500,000000000000000000000000001111110000000000000000000000000000000000000000011111100000000000000000000000000111110000000000000011111000000000000000000011110000000000000000,0,0
2048,4,TypeC,27500,000000000000000000000000001111110000000000000000000000000000000000000000011111100000000000000000000000000111110000000000000011111000000000000000000011110000000000000000,0,0
2049,0,TypeA,51700,000000000000000000111111111000000000000000000000000000011111111100000000000000000000011111111100000000000000000000000000000000001111111110000000000011111111110000000000,0,0
2050,3,TypeC,30400,000000000000001111100000000000000000000000000000000000000001111100000000000000000000011110000000000000000000000000000000000000000000000011111100000000000001111100000000,1,0
2051,4,TypeC,30400,000000000000001111100000000000000000000000000000000000000001111100000000000000000000011110000000000000000000000000000000000000000000000011111100000000000001111100000000,1,0
2052,0,TypeA,55000,000000000000000000000000111111111100000000000000000000011111111110000000000000000000000000000000000000111111111100000000000000001111111110000000000011111111110000000000,1,0
2053,1,TypeB,36800,000000000000111111100000000000001111111000000000000000000000000000000000000000111111110000000000000111111100000000000000000000000000000011111100000000000000000000000000,0,0
2054,2,TypeB,36800,000000000000111111100000000000001111111000000000000000000000000000000000000000111111110000000000000111111100000000000000000000000000000011111100000000000000000000000000,0,0
2055,3,TypeC,31700,000000000000001111100000000000000000000000000000000000000001111110000000000000000000011110000000000000000000000000000000000000000000111110000000000011111100000000000000,1,0
2056,4,TypeC,31700,000000000000001111100000000000000000000000000000000000000001111110000000000000000000011110000000000000000000000000000000000000000000111110000000000011111100000000000000,1,0
2057,0,TypeA,51000,000000000000111111111100000000000111111111100000000000000000000000000000000000000000000000000000000000111111111100000000000000001111111110000000000000000000011111111100,0,0
2058,1,TypeB,36200,000000000000000000000000000000011111111000000000011111111000000000000000000000000000000011111111000000000111111100000000000001111000000000000000000000000000000000000000,0,0
2059,2,TypeB,36200,000000000000000000000000000000011111111000000000011111111000000000000000000000000000000011111111000000000111111100000000000001111000000000000000000000000000000000000000,0,0
2060,3,TypeC,28200,000000000000000000000111111000000000000000000000000000000000000000000000011111100000000000000001111110000000000000000000000011111000000000000000000000000000011110000000,0,0
2061,4,TypeC,28200,000000000000000000000111111000000000000000000000000000000000000000000000011111100000000000000001111110000000000000000000000011111000000000000000000000000000011110000000,0,0
2062,0,TypeA,52700,000000000000000000111111111000000000000000000000000000011111111110000000000000000000000000000000000000111111111100000000000000000000011111111100000000000000011111111100,0,0
2063,3,TypeC,33500,000000000000000000111111000000000000000000000000000000000000011111100000000000000000000011111100000000000111110000000000000000001111110000000000000000000000000000000000,0,0
2064,4,TypeC,33500,000000000000000000111111000000000000000000000000000000000000011111100000000000000000000011111100000000000111110000000000000000001111110000000000000000000000000000000000,0,0
2065,0,TypeA,49900,000000011111111110000000000000011111111000000000000000000000000000000000000000000000000000000000000000111111111100000000000000000000011111111100000000000000011111111100,0,0
2066,1,TypeB,40100,000000000000000000000000000000011111111000000000011111111000000000000000000000000000000011111111000000000111111100000000000000000000000000000000000000011111110000000000,1,0
2067,2,TypeB,40100,000000000000000000000000000000011111111000000000011111111000000000000000000000000000000011111111000000000111111100000000000000000000000000000000000000011111110000000000,1,0
2068,3,TypeC,30600,000000000000000000000000000000000000000000000000000000000000011111100000000000000000011110000000000000000111110000000000000000000000011110000000000000000001111100000000,1,0
2069,4,TypeC,30600,000000000000000000000000000000000000000000000000000000000000011111100000000000000000011110000000000000000111110000000000000000000000011110000000000000000001111100000000,1,0
2070,0,TypeA,55000,000000011111111110000000000000000000000000000000000000011111111110000000000000000000000000000111111111100000000000000000000000001111111110000000000011111111110000000000,1,0
2071,3,TypeC,31300,000000000000000000000111111000000000000000000000000000000000000000000000011111100000000000000000000011111100000000000000000000000000011110000000000000000001111110000000,1,0
2072,4,TypeC,31300,000000000000000000000111111000000000000000000000000000000000000000000000011111100000000000000000000011111100000000000000000000000000011110000000000000000001111110000000,1,0
2073,0,TypeA,50300,000000011111111110000000000000000111111111100000000000000000000000000000000000000000011111111100000000000000000000000000000000000000011111111100000000000000011111111100,1,0
2074,3,TypeC,33500,000000000000001111100000000000000000000000000000000000000000011111100000000000000000000011111100000000000000000000000000000000000000000011111100000000000001111110000000,1,0
2075,4,TypeC,33500,000000000000001111100000000000000000000000000000000000000000011111100000000000000000000011111100000000000000000000000000000000000000000011111100000000000001111110000000,1,0
2076,0,TypeA,54000,000000000000000000000001111111111000000000000000000000001111111110000000000000000000000000000000000000111111111100000000000000001111111110000000000011111111110000000000,0,0
2077,1,TypeB,37000,000000000000000011111111000000000000000000111111110000000000000000000000011111100000000011111111000000000111111100000000000000000000000000000000000000000000000000000000,1,0
2078,2,TypeB,37000,000000000000000011111111000000000000000000111111110000000000000000000000011111100000000011111111000000000111111100000000000000000000000000000000000000000000000000000000,1,0
2079,3,TypeC,28200,000000000000000000000000000000011100000000000000000000001111110000000000011111100000000000000000000000000000011100000000000000001111110000000000000000000000000000000000,0,0
2080,4,TypeC,28200,000000000000000000000000000000011100000000000000000000001111110000000000011111100000000000000000000000000000011100000000000000001111110000000000000000000000000000000000,0,0
2081,0,TypeA,53400,000000011111111110000000000000000111111111100000000000000000000000000000000000000000000000000111111111100000000000000000000000000000011111111100000000000000011111111100,1,0
2082,1,TypeB,41400,000000000000000000000000000000011111111000000000000000000001111111100000000000111111110000000000000111111100000000000000000000000000000000000111111110000000000000000000,1,0
2083,2,TypeB,41400,000000000000000000000000000000011111111000000000000000000001111111100000000000111111110000000000000111111100000000000000000000000000000000000111111110000000000000000000,1,0
2084,3,TypeC,29900,000000000000000000000111111000000000000000000000000000000000011111100000000000000000011110000000000111100000000000000000000000001111110000000000000000000000000000000000,1,0
2085,4,TypeC,29900,000000000000000000000111111000000000000000000000000000000000011111100000000000000000011110000000000111100000000000000000000000001111110000000000000000000000000000000000,1,0
2086,0,TypeA,53300,000000111111111100000000000000000000000000000000000000011111111100000000000000000000000000000111111111100000000000000000000000000000011111111100000000000000011111111100,1,0
2087,1,TypeB,36800,000000000011111110000000000000011111111000000000000000000000000000000000011111100000000000000000000000111111110000000000000000000000000011111100000000000000000000000000,0,0
2088,2,TypeB,36800,000000000011111110000000000000011111111000000000000000000000000000000000011111100000000000000000000000111111110000000000000000000000000011111100000000000000000000000000,0,0
2089,3,TypeC,29900,000000000011111100000000000000011100000000000000000000000000000000000000011111100000000000000000000000000111110000000000000000000000000011111100000000000000000000000000,0,0
2090,4,TypeC,29900,000000000011111100000000000000011100000000000000000000000000000000000000011111100000000000000000000000000111110000000000000000000000000011111100000000000000000000000000,0,0
2091,0,TypeA,52100,000000011111111110000000000000000000000000111111111000000000000000000000000000000000000000000000000000111111111100000000000000001111111110000000000000000000011111111100,1,0
2092,1,TypeB,38800,000000000000000000000000000000011111111000000000000000000001111111100000000000111111110000000000000111111100000000000000000000001111110000000000000000000000000000000000,1,0
2093,2,TypeB,38800,000000000000000000000000000000011111111000000000000000000001111111100000000000111111110000000000000111111100000000000000000000001111110000000000000000000000000000000000,1,0
2094,3,TypeC,27300,000001111000000000000000000000011100000000000000000000000000000000000000011111100000000000000000000000000111110000000000000000001111110000000000000000000000000000000000,0,0
2095,4,TypeC,27300,000001111000000000000000000000011100000000000000000000000000000000000000011111100000000000000000000000000111110000000000000000001111110000000000000000000000000000000000,0,0
2096,0,TypeA,59300,000000000000000000000000111111111100000000000000000000011111111110000000000000000000000000000111111111100000000000000000000011111111110000000000000011111111110000000000,1,0
2097,3,TypeC,34700,000000011111100000000000000000000000000000000000000000000000011111100000000000000000000000000000000000000111110000000000000000001111110000000000000011111100000000000000,0,0
2098,4,TypeC,34700,000000011111100000000000000000000000000000000000000000000000011111100000000000000000000000000000000000000111110000000000000000001111110000000000000011111100000000000000,0,0
2099,0,TypeA,53100,000000011111111110000000000000000000000000000000000000011111111100000000000000000000011111111100000000000000000000000000000011111111110000000000000011111111110000000000,1,0
2100,1,TypeB,36200,000000000000000000000000001111111100000000000000011111111000000000000000000000000000000011111111000000000111111100000000000000000000011110000000000000000000000000000000,1,0
2101,2,TypeB,36200,000000000000000000000000001111111100000000000000011111111000000000000000000000000000000011111111000000000111111100000000000000000000011110000000000000000000000000000000,1,0
2102,3,TypeC,24100,000000000000000000000111111000000000000000000000000000000000000000000000011111100000000000000000000000000000011100000000000000000000011110000000000011100000000000000000,0,0
2103,4,TypeC,24100,000000000000000000000111111000000000000000000000000000000000000000000000011111100000000000000000000000000000011100000000000000000000011110000000000011100000000000000000,0,0
2104,0,TypeA,55000,000000000000001111111111000000000000000000000000000000011111111110000000000000000000011111111100000000000000000000000000000011111111110000000000000011111111110000000000,1,0
2105,1,TypeB,37800,000000011111111000000000000000011111111000000000000000000000000000000000011111100000000000000000000000111111110000000000000000000000000011111100000000000000000000000000,0,0
2106,2,TypeB,37800,000000011111111000000000000000011111111000000000000000000000000000000000011111100000000000000000000000111111110000000000000000000000000011111100000000000000000000000000,0,0
2107,3,TypeC,30600,000000011111100000000000000000011100000000000000000000000000000000000000011111100000000000000000000000000000000000000000000000000000000011111100000000000001111110000000,0,0
2108,4,TypeC,30600,000000011111100000000000000000011100000000000000000000000000000000000000011111100000000000000000000000000000000000000000000000000000000011111100000000000001111110000000,0,0
2109,0,TypeA,57200,000000011111111110000000000000000000000000000000000000011111111110000000000000000000000000000111111111100000000000000000000011111111110000000000000011111111110000000000,1,0
2110,1,TypeB,34400,000001111111100000000000000000000000000000000000000000111111110000000000000000000000000000000000000000111111110000000000000000000000011110000000000011110000000000000000,0,0
2111,2,TypeB,34400,000001111111100000000000000000000000000000000000000000111111110000000000000000000000000000000000000000111111110000000000000000000000011110000000000011110000000000000000,0,0
2112,3,TypeC,25100,000001111000000000000000000000000000001111100000000000000000000000000000011111100000000000000000000000000000000000000000000000000000011110000000000011110000000000000000,1,0
2113,4,TypeC,25100,000001111000000000000000000000000000001111100000000000000000000000000000011111100000000000000000000000000000000000000000000000000000011110000000000011110000000000000000,1,0
2114,0,TypeA,55400,000000111111111100000000000000000000000000000000000000011111111110000000000000000000000000000000000000111111111100000000000011111111110000000000000011111111110000000000,1,0
2115,1,TypeB,35000,000000000000111111100000000000011111111000000000000000011111110000000000000000000000011111000000000000111111110000000000000000000000000000000000000000000000000000000000,0,0
2116,2,TypeB,35000,000000000000111111100000000000011111111000000000000000011111110000000000000000000000011111000000000000111111110000000000000000000000000000000000000000000000000000000000,0,0
2117,3,TypeC,33200,000000000000000000000000000000000000000000000000000000001111110000000000000000000000011111000000000000000111110000000000000000000000011110000000000000000001111110000000,0,0
2118,4,TypeC,33200,000000000000000000000000000000000000000000000000000000001111110000000000000000000000011111000000000000000111110000000000000000000000011110000000000000000001111110000000,0,0
2119,0,TypeA,55400,000000000000111111111100000000000000000000000000000000011111111110000000000000000000000000000000000000111111111100000000000011111111110000000000000011111111110000000000,0,0
2120,3,TypeC,29100,000000000000000000000000000000000000000000000000000000000000011111100000000000000000011110000000000000000111110000000000000000000000011110000000000011111000000000000000,1,0
2121,4,TypeC,29100,000000000000000000000000000000000000000000000000000000000000011111100000000000000000011110000000000000000111110000000000000000000000011110000000000011111000000000000000,1,0
2122,0,TypeA,53800,000000001111111110000000000000000000000000000000000000011111111110000000000000000000000000000000000000111111111100000000000011111111110000000000000011111111110000000000,0,0
2123,3,TypeC,29500,000000000000000000000001111000000000000000000000000000000000000000000000011111100000000000000000000000000111110000000000000000000000011110000000000000000001111110000000,1,0
2124,4,TypeC,29500,000000000000000000000001111000000000000000000000000000000000000000000000011111100000000000000000000000000111110000000000000000000000011110000000000000000001111110000000,1,0
2125,0,TypeA,53100,000000000000000111111111100000000000000000000000000000011111111110000000000000000000011111111100000000000000000000000000000000001111111110000000000011111111110000000000,1,0
2126,1,TypeB,39600,000000000000001111111100000000000000000000111111110000000000000000000000000000000000000000000000000000111111110000000000000000000000011110000000000000000111111110000000,0,0
2127,2,TypeB,39600,000000000000001111111100000000000000000000111111110000000000000000000000000000000000000000000000000000111111110000000000000000000000011110000000000000000111111110000000,0,0
2128,3,TypeC,27300,000000000000111110000000000000011100000000000000000000000000000000000000011111100000000000000000000000000000000000000000000000000000011110000000000011111100000000000000,0,0
2129,4,TypeC,27300,000000000000111110000000000000011100000000000000000000000000000000000000011111100000000000000000000000000000000000000000000000000000011110000000000011111100000000000000,0,0
2130,0,TypeA,55300,000000000000000011111111100000000000000000000000000000011111111110000000000000000000000000000000000000111111111100000000000011111111110000000000000011111111110000000000,1,0
2131,1,TypeB,40400,000000000000000011111111000000000000000000000000000000111111110000000000000000000000011111110000000000000000011111110000000000000000000000000000000000000111111110000000,1,0
2132,2,TypeB,40400,000000000000000011111111000000000000000000000000000000111111110000000000000000000000011111110000000000000000011111110000000000000000000000000000000000000111111110000000,1,0
2133,3,TypeC,32900,000000000000000011111100000000000000000000000000000000000000000000000000011111100000000000000000000000000111110000000000000000000000000011111100000000000001111110000000,0,0
2134,4,TypeC,32900,000000000000000011111100000000000000000000000000000000000000000000000000011111100000000000000000000000000111110000000000000000000000000011111100000000000001111110000000,0,0
2135,0,TypeA,53800,000000011111111110000000000000000000000000000000000000011111111110000000000000000000000000000000000000111111111100000000000001111111110000000000000011111111110000000000,0,0
2136,1,TypeB,38000,000000000000001111111100000000011111111000000000000000111111110000000000000000000000000000000111111100000000011111110000000000000000000000000000000000000000000000000000,1,0
2137,2,TypeB,38000,000000000000001111111100000000011111111000000000000000111111110000000000000000000000000000000111111100000000011111110000000000000000000000000000000000000000000000000000,1,0
2138,3,TypeC,31900,000000000000000000000111111000000000001111100000000000000000011111100000000000000000000000000000000000000111110000000000000000000000000011111100000000000000000000000000,1,0
2139,4,TypeC,31900,000000000000000000000111111000000000001111100000000000000000011111100000000000000000000000000000000000000111110000000000000000000000000011111100000000000000000000000000,1,0
2140,0,TypeA,49600,000000011111111110000000000000000000000000000000000000000000000000000000000000000000011111111100000000000000111111110000000000001111111110000000000011111111110000000000,1,0
2141,1,TypeB,38900,000000000000000000000000001111111100000000000000000000000000000000000000000000000000011111110000000000000000011111110000000000000000000011111100000000011111110000000000,1,0
2142,2,TypeB,38900,000000000000000000000000001111111100000000000000000000000000000000000000000000000000011111110000000000000000011111110000000000000000000011111100000000011111110000000000,1,0
2143,3,TypeC,27200,000000000000000000000111111000000000000000000000000000000000000000000000011111100000000000000000000000000000011100000000000011111000000000000000000011111100000000000000,1,1
2144,4,TypeC,27200,000000000000000000000111111000000000000000000000000000000000000000000000011111100000000000000000000000000000011100000000000011111000000000000000000011111100000000000000,1,0
2145,0,TypeA,54000,000000000000000000000000111111111100000000000000000000011111111110000000000000000000000000000000000000111111111100000000000000000000011111111100000000000000011111111100,1,0
2146,1,TypeB,40400,000000000000111111100000000000011111111000000000000000000000000000000000000000000000011111110000000000111111110000000000000000000000000000000000000000000111111110000000,1,0
2147,2,TypeB,40400,000000000000111111100000000000011111111000000000000000000000000000000000000000000000011111110000000000111111110000000000000000000000000000000000000000000111111110000000,1,0
2148,3,TypeC,34200,000000000000000000000000000000000000000000000000000000000000011111100000000000000000011110000000000000000111110000000000000000001111110000000000000000000001111110000000,1,0
2149,4,TypeC,34200,000000000000000000000000000000000000000000000000000000000000011111100000000000000000011110000000000000000111110000000000000000001111110000000000000000000001111110000000,1,0
2150,0,TypeA,51000,000000000000000000000001111111111000000000000000000000000000000000000000000000000000011111111100000000000000111111110000000000000000011111111100000000000000011111111100,1,0
2151,1,TypeB,35200,000000000000000000000000000000011111111000000000000000111111110000000000000000000000011111110000000000000000011111110000000000000000011110000000000000000000000000000000,1,0
2152,2,TypeB,35200,000000000000000000000000000000011111111000000000000000111111110000000000000000000000011111110000000000000000011111110000000000000000011110000000000000000000000000000000,1,0
2153,3,TypeC,27000,000000000000001111100000000000000000001111100000000000000000000000000000011111100000000000000000000111100000000000000000000000000000011110000000000000000000000000000000,1,0
2154,4,TypeC,27000,000000000000001111100000000000000000001111100000000000000000000000000000011111100000000000000000000111100000000000000000000000000000011110000000000000000000000000000000,1,0
2155,0,TypeA,55200,000000000000000111111111100000000000000000000000000000011111111110000000000000000000000000000111111111100000000000000000000000000000011111111100000000000000011111111100,1,0
2156,1,TypeB,37000,000000000000000000000000000000011111111000000000000000111111110000000000011111100000000011111111000000000111111100000000000000000000000000000000000000000000000000000000,1,0
2157,2,TypeB,37000,000000000000000000000000000000011111111000000000000000111111110000000000011111100000000011111111000000000111111100000000000000000000000000000000000000000000000000000000,1,0
2158,3,TypeC,26300,000001110000000000000000000000000000000000000000001111110000000000000000011111100000000000011111000000000000000000000000000000000000000011111100000000000000000000000000,0,0
2159,4,TypeC,26300,000001110000000000000000000000000000000000000000001111110000000000000000011111100000000000011111000000000000000000000000000000000000000011111100000000000000000000000000,0,0
2160,0,TypeA,53600,000000111111111100000000000000000000000000111111111000000000000000000000000000000000011111111100000000000000000000000000000011111111110000000000000000000000011111111100,1,0
2161,1,TypeB,37500,000000000000111111100000000000000000000000111111110000000000000000000000000000111111110000000000000000111111110000000000000011111000000000000000000000000000000000000000,1,0
2162,2,TypeB,37500,000000000000111111100000000000000000000000111111110000000000000000000000000000111111110000000000000000111111110000000000000011111000000000000000000000000000000000000000,1,0
2163,3,TypeC,28200,000000000000001111100000000000000000000000000000000000000000000000000000011111100000000000011111000000000000000000000000000011111000000000000000000000000000000011111100,0,0
2164,4,TypeC,28200,000000000000001111100000000000000000000000000000000000000000000000000000011111100000000000011111000000000000000000000000000011111000000000000000000000000000000011111100,0,0
2165,0,TypeA,53300,000000011111111110000000000000000000000000111111111000000000000000000000000000000000011111111100000000000000000000000000000011111111110000000000000000000000011111111100,1,0
2166,1,TypeB,35500,000000000000000000000000000000001111111000000000000000000000000000000000011111100000000011111111000000000111111110000000000011111000000000000000000000000000000000000000,0,0
2167,2,TypeB,35500,000000000000000000000000000000001111111000000000000000000000000000000000011111100000000011111111000000000111111110000000000011111000000000000000000000000000000000000000,0,0
2168,3,TypeC,29700,000000000000000000000111111000000000000000000000000000001111110000000000011111100000000000000000000000000000011110000000000011111000000000000000000000000000000000000000,0,0
2169,4,TypeC,29700,000000000000000000000111111000000000000000000000000000001111110000000000011111100000000000000000000000000000011110000000000011111000000000000000000000000000000000000000,0,0
2170,0,TypeA,56600,000000000000000011111111100000000000000000111111111000000000000000000000000000000000000000000111111111100000000000000000000011111111110000000000000000000000011111111100,1,0
2171,1,TypeB,40900,000000000000000000000000000000011111111000000000000000000000000000000000000000111111110000000000000000111111110000000000000011111000000000000111111110000000000000000000,1,0
2172,2,TypeB,40900,000000000000000000000000000000011111111000000000000000000000000000000000000000111111110000000000000000111111110000000000000011111000000000000111111110000000000000000000,1,0
2173,3,TypeC,33200,000000000000000000000111111000000000000000000000000000000000011111100000000000000001111110000000000000000000000000000000000011111000000000000000000000000000011111100000,1,0
2174,4,TypeC,33200,000000000000000000000111111000000000000000000000000000000000011111100000000000000001111110000000000000000000000000000000000011111000000000000000000000000000011111100000,1,0
2175,0,TypeA,57000,000001111111111000000000000000000000000000111111111000000000000000000000000000000000000000000111111111100000000000000000000011111111110000000000000000000000011111111100,1,0
2176,1,TypeB,41200,000001111111100000000000000000000000000000000000000000000000000000000000000000000000000011111111000000000000011111110000000000001111110000000000000000001111111100000000,1,0
2177,2,TypeB,41200,000001111111100000000000000000000000000000000000000000000000000000000000000000000000000011111111000000000000011111110000000000001111110000000000000000001111111100000000,1,0
2178,3,TypeC,30000,000000000000111110000000000000000000000000000000000000000000000000000000011111100000000000011111000000000000000000000000000011111000000000000000000000001111110000000000,0,0
2179,4,TypeC,30000,000000000000111110000000000000000000000000000000000000000000000000000000011111100000000000011111000000000000000000000000000011111000000000000000000000001111110000000000,0,0
2180,0,TypeA,56400,000000011111111110000000000000000000000000111111111000000000000000000000000000000000000000000111111111100000000000000000000011111111110000000000000000000000011111111100,1,0
2181,1,TypeB,38800,000000000000000011111111000000000000000000000000011111111000000000000000000000000000011111110000000000111111110000000000000000001111110000000000000000000000000000000000,1,0
2182,2,TypeB,38800,000000000000000011111111000000000000000000000000011111111000000000000000000000000000011111110000000000111111110000000000000000001111110000000000000000000000000000000000,1,0
2183,3,TypeC,30100,000000111110000000000111111000000000000000000000000000000000000000000000011111100000000000011111000000000000000000000000000000001111110000000000000000000000000000000000,1,0
2184,4,TypeC,30100,000000111110000000000111111000000000000000000000000000000000000000000000011111100000000000011111000000000000000000000000000000001111110000000000000000000000000000000000,1,0
2185,0,TypeA,54300,000000111111111100000000000000000000000000000000000000011111111110000000000000000000000000000111111111100000000000000000000000000000011111111100000000000000011111111100,1,0
2186,1,TypeB,38800,000001111111100000000000000000000000000000000000011111111000000000000000000000000000011111110000000000111111110000000000000000001111110000000000000000000000000000000000,1,0
2187,2,TypeB,38800,000001111111100000000000000000000000000000000000011111111000000000000000000000000000011111110000000000111111110000000000000000001111110000000000000000000000000000000000,1,0
2188,3,TypeC,31100,000001111110000000000111111000000000000000000000000000000000000000000000011111100000000000000000000000000000000000000000000000001111110000000000000011111000000000000000,1,0
2189,4,TypeC,31100,000001111110000000000111111000000000000000000000000000000000000000000000011111100000000000000000000000000000000000000000000000001111110000000000000011111000000000000000,1,0
2190,0,TypeA,50200,000000011111111110000000000000000000000000000000000000000000000000000000000000111111110000000000000000111111111100000000000000000000011111111100000000000000011111111100,0,0
2191,1,TypeB,38800,000000000000111111100000000000011111111000000000000000000000000000000000000000000000000011111111000000000111111110000000000000000000000011111100000000000000000000000000,1,0
2192,2,TypeB,38800,000000000000111111100000000000011111111000000000000000000000000000000000000000000000000011111111000000000111111110000000000000000000000011111100000000000000000000000000,1,0
2193,3,TypeC,28400,000000000000001111100000000000000000000000000000000000000000000000000000011111100000000000011111000000000000011110000000000000000000000011111100000000000000000000000000,1,0
2194,4,TypeC,28400,000000000000001111100000000000000000000000000000000000000000000000000000011111100000000000011111000000000000011110000000000000000000000011111100000000000000000000000000,1,0
2195,0,TypeA,50900,000000011111111110000000000000000000000000000000000000011111111100000000000000000000000000000000000000111111111100000000000000000000011111111100000000000000011111111100,1,0
2196,1,TypeB,41100,000000000000001111111100000000011111111000000000000000000000000000000000000000111111110000000000000000111111110000000000000000000000011111110000000000000000000000000000,1,0
2197,2,TypeB,41100,000000000000001111111100000000011111111000000000000000000000000000000000000000111111110000000000000000111111110000000000000000000000011111110000000000000000000000000000,1,0
2198,3,TypeC,31500,000001111110000000000000000000000000000000000000000000000000011111100000000000000000011111000000000000000111110000000000000011111000000000000000000000000000000000000000,1,0
2199,4,TypeC,31500,000001111110000000000000000000000000000000000000000000000000011111100000000000000000011111000000000000000111110000000000000011111000000000000000000000000000000000000000,1,0
2200,0,TypeA,52700,000000001111111110000000000000000000000000000000000000011111111110000000000000000000000000000111111111100000000000000000000000000000011111111100000000000000011111111100,0,0
2201,1,TypeB,39800,000000000000000000000000000000011111111000000000000000111111110000000000000000111111110000000000000000111111110000000000000000000000000011111100000000000000000000000000,1,0
2202,2,TypeB,39800,000000000000000000000000000000011111111000000000000000111111110000000000000000111111110000000000000000111111110000000000000000000000000011111100000000000000000000000000,1,0
2203,3,TypeC,27200,000000000000000000000000000000000000000000000000000000000001111110000000000000000000011110000000000111100000000000000000000000000000000011111100000000000000011100000000,1,0
2204,4,TypeC,27200,000000000000000000000000000000000000000000000000000000000001111110000000000000000000011110000000000111100000000000000000000000000000000011111100000000000000011100000000,1,0
2205,0,TypeA,54600,000001111111111000000000000000000000000000000000000000011111111110000000000000000000000000000111111111100000000000000000000000000000011111111100000000000000011111111100,1,0
2206,1,TypeB,39200,000000000000000000000000000000000000000000000000000000000001111110000000000000000000000011111111000000000000011111110000000000001111110000000000000000000111111110000000,1,0
2207,2,TypeB,39200,000000000000000000000000000000000000000000000000000000000001111110000000000000000000000011111111000000000000011111110000000000001111110000000000000000000111111110000000,1,0
2208,3,TypeC,29700,000001110000000000000000000000000000000000000000000000000001111110000000000000000000011111000000000000000000000000000000000000001111110000000000000000000000011110000000,1,0
2209,4,TypeC,29700,000001110000000000000000000000000000000000000000000000000001111110000000000000000000011111000000000000000000000000000000000000001111110000000000000000000000011110000000,1,0
2210,0,TypeA,54000,000000011111111110000000000000000000000000000000000000011111111110000000000000000000000000000111111111100000000000000000000000000000011111111100000000000000011111111100,1,0
2211,1,TypeB,38600,000001111111100000000000000000000000000000000000000000000000000000000000000000000000000011111111000000000000011111110000000000000000011110000000000000000111111110000000,1,0
2212,2,TypeB,38600,000001111111100000000000000000000000000000000000000000000000000000000000000000000000000011111111000000000000011111110000000000000000011110000000000000000111111110000000,1,0
2213,3,TypeC,30100,000001111110000000000000000000000000000000000000001111110000000000000000011111100000000000000000000000000000000000000000000000000000011110000000000000000000000011111100,0,0
2214,4,TypeC,30100,000001111110000000000000000000000000000000000000001111110000000000000000011111100000000000000000000000000000000000000000000000000000011110000000000000000000000011111100,0,0
2215,0,TypeA,55300,000000000000000000000001111111110000000000000000000000011111111110000000000000000000000000000000000000111111111100000000000000011111111110000000000011111111110000000000,1,0
2216,1,TypeB,39100,000000000000111111100000000000011111111000000000000000000000111111100000000000000000000000000001111111100000000000000000000000011111110000000000000000000000000000000000,0,0
2217,2,TypeB,39100,000000000000111111100000000000011111111000000000000000000000111111100000000000000000000000000001111111100000000000000000000000011111110000000000000000000000000000000000,0,0
2218,3,TypeC,32700,000000000000000000000111111000000000000000000000000000000000111110000000000000000000011111000000000000000000000000000000000000001111110000000000000000000001111100000000,1,0
2219,4,TypeC,32700,000000000000000000000111111000000000000000000000000000000000111110000000000000000000011111000000000000000000000000000000000000001111110000000000000000000001111100000000,1,0
2220,0,TypeA,53900,000000000000000111111111100000000000000000111111111000000000000000000000000000000000000000000000000000111111111100000000000000000000011111111100000000000000011111111100,1,0
2221,1,TypeB,38000,000000000000111111100000000000011111111000000000000000000001111111100000000000000000000011111111000000000000011111110000000000000000000000000000000000000000000000000000,1,1
2222,2,TypeB,38000,000000000000111111100000000000011111111000000000000000000001111111100000000000000000000011111111000000000000011111110000000000000000000000000000000000000000000000000000,1,0
2223,3,TypeC,32600,000001111110000000000111111000000000000000000000000000000000000000000000011111100000000000000000000000000000000000000000000000001111110000000000000000000001111100000000,1,0
2224,4,TypeC,32600,000001111110000000000111111000000000000000000000000000000000000000000000011111100000000000000000000000000000000000000000000000001111110000000000000000000001111100000000,1,0
2225,0,TypeA,53000,000000000000000000000001111111110000000000000000000000011111111110000000000000000000000000000000000000111111111100000000000000000000011111111100000000000000011111111100,1,0
2226,1,TypeB,36200,000000001111111100000000000000011111111000000000011111110000000000000000000000000000000000000001111111100000000000000000000000000000011110000000000000000000000000000000,0,0
2227,2,TypeB,36200,000000001111111100000000000000011111111000000000011111110000000000000000000000000000000000000001111111100000000000000000000000000000011110000000000000000000000000000000,0,0
2228,3,TypeC,30700,000001111110000000000000000000011100000000000000000000000001111110000000000000000000000000000000000000000000000000000000000000000000011110000000000000000001111110000000,0,0
2229,4,TypeC,30700,000001111110000000000000000000011100000000000000000000000001111110000000000000000000000000000000000000000000000000000000000000000000011110000000000000000001111110000000,0,0
2230,0,TypeA,55900,000000011111111110000000000000000000000000111111111000000000000000000000000000000000000000000000000000111111111100000000000011111111110000000000000011111111110000000000,1,0
2231,1,TypeB,36600,000000000000000000000000000000000000000000000000000000001111111100000000011111100000000000000000000111111100000000000000000000000000011110000000000011111111000000000000,0,0
2232,2,TypeB,36600,000000000000000000000000000000000000000000000000000000001111111100000000011111100000000000000000000111111100000000000000000000000000011110000000000011111111000000000000,0,0
2233,3,TypeC,30800,000000000011111100000000000000000000000000000000000000000000000000000000011111100000000000000000000111100000000000000000000000000000011110000000000000000001111110000000,0,0
2234,4,TypeC,30800,000000000011111100000000000000000000000000000000000000000000000000000000011111100000000000000000000111100000000000000000000000000000011110000000000000000001111110000000,0,0
2235,0,TypeA,54700,000000000000000000000000111111111100000000000000000000011111111110000000000000000000000000000000000000111111111100000000000000011111111110000000000000000000011111111100,1,0
2236,1,TypeB,39400,000000000000000000000000111111110000000000000000011111111000000000000000011111100000000000000000000111111100000000000000000000000000000000000000000011111111000000000000,0,0
2237,2,TypeB,39400,000000000000000000000000111111110000000000000000011111111000000000000000011111100000000000000000000111111100000000000000000000000000000000000000000011111111000000000000,0,0
2238,3,TypeC,27000,000001111000000000000000000000000000000000000000000000000000000000000000011111100000000000000000000111100000000000000000000000000000011110000000000000000001111110000000,1,0
2239,4,TypeC,27000,000001111000000000000000000000000000000000000000000000000000000000000000011111100000000000000000000111100000000000000000000000000000011110000000000000000001111110000000,1,0
2240,0,TypeA,53300,000000000000000111111111100000000000000000111111111000000000000000000000000000000000000000000000000000111111111100000000000000001111111110000000000000000000011111111100,1,0
2241,1,TypeB,37600,000000000000000000000000000000000000000000000000011111111000000000000000011111100000000000000001111111100000000000000000000000000000011110000000000011111111000000000000,0,0
2242,2,TypeB,37600,000000000000000000000000000000000000000000000000011111111000000000000000011111100000000000000001111111100000000000000000000000000000011110000000000011111111000000000000,0,0
2243,3,TypeC,32300,000000000000001111100000000000000000000000000000000000000000011111100000000000000000011111000000000000000000000000000000000000000000011110000000000000000001111110000000,1,0
2244,4,TypeC,32300,000000000000001111100000000000000000000000000000000000000000011111100000000000000000011111000000000000000000000000000000000000000000011110000000000000000001111110000000,1,0
2245,1,TypeB,38800,000000000000000000000000000000011111111000000000011111111000000000000000000000000000000011111111000000000000011111110000000000001111110000000000000000000000000000000000,1,0
2246,2,TypeB,38800,000000000000000000000000000000011111111000000000011111111000000000000000000000000000000011111111000000000000011111110000000000001111110000000000000000000000000000000000,1,0
2247,3,TypeC,33300,000000000000000000000111111000000000000000000000000000001111110000000000011111100000000000000000000000000000000000000000000000001111110000000000000011111100000000000000,0,0
2248,4,TypeC,33300,000000000000000000000111111000000000000000000000000000001111110000000000011111100000000000000000000000000000000000000000000000001111110000000000000011111100000000000000,0,0
2249,0,TypeA,55900,000000000000001111111111000000000000000000000000000000011111111110000000000000000000000000000111111111100000000000000000000000000000111111111100000000000000011111111100,1,0
2250,1,TypeB,36500,000000001111111100000000001111111100000000000000000000000000000000000000000000000000000000000111111100000000011111110000000000000000111110000000000000000000000000000000,0,0
2251,2,TypeB,36500,000000001111111100000000001111111100000000000000000000000000000000000000000000000000000000000111111100000000011111110000000000000000111110000000000000000000000000000000,0,0
2252,3,TypeC,26100,000000000000000000000000000000011100000000000000000000000000000000000000011111100000000000000000000111100000000000000000000000000000111110000000000011111100000000000000,0,0
2253,4,TypeC,26100,000000000000000000000000000000011100000000000000000000000000000000000000011111100000000000000000000111100000000000000000000000000000111110000000000011111100000000000000,0,0
2254,0,TypeA,56200,000000000000000111111111100000000000000000111111111000000000000000000000000000000000000000000000000000111111111100000000000000011111111110000000000011111111110000000000,1,0
2255,1,TypeB,38100,000000000000000000000000000000011111111000000000011111111000000000000000011111100000000000000000000111111100000000000000000000011111110000000000000000000000000000000000,0,0
2256,2,TypeB,38100,000000000000000000000000000000011111111000000000011111111000000000000000011111100000000000000000000111111100000000000000000000011111110000000000000000000000000000000000,0,0
2257,3,TypeC,28800,000000000000000000000111111000000000000000000000000000000000000000000000011111100000000000000000000111100000000000000000000011111000000000000000000000000001111110000000,1,0
2258,4,TypeC,28800,000000000000000000000111111000000000000000000000000000000000000000000000011111100000000000000000000111100000000000000000000011111000000000000000000000000001111110000000,1,0
2259,0,TypeA,51400,000000001111111110000000000000000000000000111111111000000000000000000000000000000000000000000000000000111111111100000000000000000000011111111100000000000000011111111100,0,0
2260,1,TypeB,40400,000001111111100000000000000000011111111000000000000000011111110000000000000000000000000000000000000111111100000000000000000000000000000000000111111110000000000000000000,0,0
2261,2,TypeB,40400,000001111111100000000000000000011111111000000000000000011111110000000000000000000000000000000000000111111100000000000000000000000000000000000111111110000000000000000000,0,0
2262,3,TypeC,30400,000001111110000000000001111000000000000000000000000000000000000000000000011111100000000000000000000000000000000000000000000000001111110000000000000011111100000000000000,1,0
2263,4,TypeC,30400,000001111110000000000001111000000000000000000000000000000000000000000000011111100000000000000000000000000000000000000000000000001111110000000000000011111100000000000000,1,0
2264,0,TypeA,52900,000000000000000011111111100000000000000000111111111000000000000000000000000000000000000000000000000000111111111100000000000000000000011111111100000000000000011111111100,1,0
2265,1,TypeB,36000,000000000000000000111111100000000000000000000000000000011111110000000000011111111000000000000111111100000000011111110000000000000000000000000000000000000000000000000000,0,0
2266,2,TypeB,36000,000000000000000000111111100000000000000000000000000000011111110000000000011111111000000000000111111100000000011111110000000000000000000000000000000000000000000000000000,0,0
2267,3,TypeC,29700,000000000000000000000111111000000000000000000000000000000000011111100000000000000000000000011111000000000000000000000000000000000000011110000000000011111100000000000000,1,0
2268,4,TypeC,29700,000000000000000000000111111000000000000000000000000000000000011111100000000000000000000000011111000000000000000000000000000000000000011110000000000011111100000000000000,1,0
2269,0,TypeA,52700,000000011111111110000000000000000000000000111111111000000000000000000000000000000000000000000000000000111111111100000000000000000000011111111100000000000000011111111100,1,0
2270,1,TypeB,38300,000001111111100000000000001111111100000000000000000000000000000000000000000000000000000000000000000000111111110000000000000000000000011110000000000000011111110000000000,0,0
2271,2,TypeB,38300,000001111111100000000000001111111100000000000000000000000000000000000000000000000000000000000000000000111111110000000000000000000000011110000000000000011111110000000000,0,0
2272,3,TypeC,30100,000001111110000000000111111000000000000000000000000000000000000000000000011111100000000000000000000000000000000000000000000000000000011110000000000000000000000011111100,0,0
2273,4,TypeC,30100,000001111110000000000111111000000000000000000000000000000000000000000000011111100000000000000000000000000000000000000000000000000000011110000000000000000000000011111100,0,0
2274,1,TypeB,36800,000000000011111110000000001111111100000000000000000000000000000000000000000000000000011111110000000000000000011111110000000000001111110000000000000000000000000000000000,1,0
2275,2,TypeB,36800,000000000011111110000000001111111100000000000000000000000000000000000000000000000000011111110000000000000000011111110000000000001111110000000000000000000000000000000000,1,0
2276,3,TypeC,29000,000000000000001111100000000000011100000000000000000000000000000000000000011111100000000000000000000000000000000000000000000000001111110000000000000011111100000000000000,0,0
2277,4,TypeC,29000,000000000000001111100000000000011100000000000000000000000000000000000000011111100000000000000000000000000000000000000000000000001111110000000000000011111100000000000000,0,0
2278,0,TypeA,52500,000001111111111000000000000000000000000000000000000000011111111110000000000000000000000000000000000000111111111100000000000000000000011111111100000000000000011111111100,1,0
2279,1,TypeB,35200,000001111111100000000000001111111100000000000000000000000000000000000000000000000000000000000111111100000000011111110000000000000000011110000000000000000000000000000000,1,0
2280,2,TypeB,35200,000001111111100000000000001111111100000000000000000000000000000000000000000000000000000000000111111100000000011111110000000000000000011110000000000000000000000000000000,1,0
2281,3,TypeC,30100,000001111110000000000111111000000000000000000000000000000000000000000000011111100000000000000000000000000000000000000000000000000000011110000000000011111100000000000000,1,0
2282,4,TypeC,30100,000001111110000000000111111000000000000000000000000000000000000000000000011111100000000000000000000000000000000000000000000000000000011110000000000011111100000000000000,1,0
2283,0,TypeA,52300,000000000000000000000000000000000111111111100000000000011111111110000000000000000000000000000000000000111111111100000000000000001111111110000000000011111111110000000000,1,0
2284,1,TypeB,36800,000001111111100000000000000000000000000000000000000000011111110000000000000000000000011111110000000000000111111100000000000000001111110000000000000000000000000000000000,1,0
2285,2,TypeB,36800,000001111111100000000000000000000000000000000000000000011111110000000000000000000000011111110000000000000111111100000000000000001111110000000000000000000000000000000000,1,0
2286,3,TypeC,33500,000001111110000000000000000000000000001111100000000000000000011111100000000000000000000000000000000011111100000000000000000000001111110000000000000000000000000000000000,1,0
2287,4,TypeC,33500,000001111110000000000000000000000000001111100000000000000000011111100000000000000000000000000000000011111100000000000000000000001111110000000000000000000000000000000000,1,0
2288,1,TypeB,34000,000000000000000000000000111111110000000000111111110000000000011110000000000000000000011111110000000000000111111100000000000000000000000000000000000000000000000000000000,1,0
2289,2,TypeB,34000,000000000000000000000000111111110000000000111111110000000000011110000000000000000000011111110000000000000111111100000000000000000000000000000000000000000000000000000000,1,0
2290,3,TypeC,29200,000000000000000000000111111000000000000000000000000000000000011100000000000000000000000000000000000000000111110000000000000011111000000000000000000000000001111110000000,1,0
2291,4,TypeC,29200,000000000000000000000111111000000000000000000000000000000000011100000000000000000000000000000000000000000111110000000000000011111000000000000000000000000001111110000000,1,0
2292,1,TypeB,37000,000000011111111000000000000000011111111000000000011111110000000000000000000000000000011111110000000000000111111100000000000000000000000000000000000000000000000000000000,0,0
2293,2,TypeB,37000,000000011111111000000000000000011111111000000000011111110000000000000000000000000000011111110000000000000111111100000000000000000000000000000000000000000000000000000000,0,0
2294,3,TypeC,30500,000000000000000000000111111000000000000000000000000000000000011110000000000000000000000000000000000000000111110000000000000011111000000000000000000000000001111110000000,1,0
2295,4,TypeC,30500,000000000000000000000111111000000000000000000000000000000000011110000000000000000000000000000000000000000111110000000000000011111000000000000000000000000001111110000000,1,0
2296,0,TypeA,52900,000000011111111110000000000000000000000000000000000000011111111110000000000000000000000000000000000000111111111100000000000000001111111110000000000011111111110000000000,1,0
2297,1,TypeB,38000,000001111111100000000000000000000000000000111111110000000000000000000000011111111000000000000111111100000000011111110000000000000000000000000000000000000000000000000000,1,0
2298,2,TypeB,38000,000001111111100000000000000000000000000000111111110000000000000000000000011111111000000000000111111100000000011111110000000000000000000000000000000000000000000000000000,1,0
2299,3,TypeC,30400,000001111000000000000000000000000000001111100000000000000000011110000000000000000000000000000000000000000000000000000000000000001111110000000000000000000001111110000000,1,0
2300,4,TypeC,30400,000001111000000000000000000000000000001111100000000000000000011110000000000000000000000000000000000000000000000000000000000000001111110000000000000000000001111110000000,1,0
2301,0,TypeA,53100,000000000000000011111111100000000000000000000000000000011111111110000000000000000000000000000000000000111111111100000000000000001111111110000000000011111111110000000000,1,0
2302,1,TypeB,37000,000000000011111110000000000000011111111000000000000000000000000000000000011111111000000000000111111100000000011111110000000000000000000000000000000000000000000000000000,1,0
2303,2,TypeB,37000,000000000011111110000000000000011111111000000000000000000000000000000000011111111000000000000111111100000000011111110000000000000000000000000000000000000000000000000000,1,0
2304,3,TypeC,33000,000001111110000000000000000000000000001111100000000000000000011110000000000000000000000000000000000000000000000000000000000000001111110000000000000000000001111110000000,1,0
2305,4,TypeC,33000,000001111110000000000000000000000000001111100000000000000000011110000000000000000000000000000000000000000000000000000000000000001111110000000000000000000001111110000000,1,0
2306,0,TypeA,56200,000000000000000111111111000000000000000000000000000000011111111110000000000000000000000000000111111111100000000000000000000000011111111110000000000011111111110000000000,0,0
2307,1,TypeB,37000,000000001111111100000000000000011111111000000000011111110000000000000000000000000000011111110000000000000111111100000000000000000000000000000000000000000000000000000000,0,0
2308,2,TypeB,37000,000000001111111100000000000000011111111000000000011111110000000000000000000000000000011111110000000000000111111100000000000000000000000000000000000000000000000000000000,0,0
2309,3,TypeC,27100,000000000000000111100000000000000000000000000000000000000000011111100000000000000000000000000000000111100000000000000000000011111000000000000000000011111100000000000000,0,0
2310,4,TypeC,27100,000000000000000111100000000000000000000000000000000000000000011111100000000000000000000000000000000111100000000000000000000011111000000000000000000011111100000000000000,0,0
2311,1,TypeB,37000,000000000000111111100000000000011111111000000000000000001111111100000000000000000000011111110000000000000111111100000000000000000000000000000000000000000000000000000000,1,0
2312,2,TypeB,37000,000000000000111111100000000000011111111000000000000000001111111100000000000000000000011111110000000000000111111100000000000000000000000000000000000000000000000000000000,1,0
2313,3,TypeC,28000,000000000000111110000000000000000000000000000000000000000000011111100000000000000000000000000000000000000000000000000000000011111000000000000000000111000000000011111100,0,0
2314,4,TypeC,28000,000000000000111110000000000000000000000000000000000000000000011111100000000000000000000000000000000000000000000000000000000011111000000000000000000111000000000011111100,0,0
2315,0,TypeA,55300,000001111111111000000000000000000000000000000000000000011111111110000000000000000000000000000111111111100000000000000000000000011111111110000000000000000000011111111100,1,0
2316,1,TypeB,37000,000000000000111111100000000000011111111000000000011111111000000000000000000000000000011111110000000000000111111100000000000000000000000000000000000000000000000000000000,1,0
2317,2,TypeB,37000,000000000000111111100000000000011111111000000000011111111000000000000000000000000000011111110000000000000111111100000000000000000000000000000000000000000000000000000000,1,0
2318,3,TypeC,28400,000000000000001111100000000000000000000000000000000000000000011111100000000000000000000000000000000111100000000000000000000011111000000000000000000000000000000011111100,0,0
2319,4,TypeC,28400,000000000000001111100000000000000000000000000000000000000000011111100000000000000000000000000000000111100000000000000000000011111000000000000000000000000000000011111100,0,0
2320,0,TypeA,54800,000000011111111110000000000000000000000000111111111000000000000000000000000000000000000000000111111111100000000000000000000000000000011111111100000000000000011111111100,1,0
2321,1,TypeB,37000,000000000000111111100000000000011111111000000000000000011111110000000000000000111111110000000000000000000000011111110000000000000000000000000000000000000000000000000000,1,0
2322,2,TypeB,37000,000000000000111111100000000000011111111000000000000000011111110000000000000000111111110000000000000000000000011111110000000000000000000000000000000000000000000000000000,1,0
2323,3,TypeC,33500,000000000011111100000000000000000000001111100000000000000000000000000000011111100000000000000000000000000000000000000000000000001111110000000000000011111100000000000000,0,0
2324,4,TypeC,33500,000000000011111100000000000000000000001111100000000000000000000000000000011111100000000000000000000000000000000000000000000000001111110000000000000011111100000000000000,0,0
2325,0,TypeA,57100,000000000000000000000001111111111000000000000000000000011111111110000000000000000000000000000111111111100000000000000000000000011111111110000000000000000000011111111100,1,0
2326,1,TypeB,39100,000000001111111100000000000000011111111000000000000000000000000000000000000000000000011111110000000000000000011111110000000000011111110000000000000000000000000000000000,0,0
2327,2,TypeB,39100,000000001111111100000000000000011111111000000000000000000000000000000000000000000000011111110000000000000000011111110000000000011111110000000000000000000000000000000000,0,0
2328,3,TypeC,32200,000000000000111110000000000000000000000000000000000000000000011110000000000000000000011110000000000000000000000000000000000000001111110000000000000000000001111110000000,1,0
2329,4,TypeC,32200,000000000000111110000000000000000000000000000000000000000000011110000000000000000000011110000000000000000000000000000000000000001111110000000000000000000001111110000000,1,0
2330,1,TypeB,36000,000000111111100000000000000000011111111000000000000000011111110000000000000000000000011111110000000000000000011111110000000000000000000000000000000000000000000000000000,1,0
2331,2,TypeB,36000,000000111111100000000000000000011111111000000000000000011111110000000000000000000000011111110000000000000000011111110000000000000000000000000000000000000000000000000000,1,0
2332,3,TypeC,31300,000000111110000000000000000000000000000000000000000000000000011110000000000000000000011110000000000000000000000000000000000000001111110000000000000000000001111110000000,1,0
2333,4,TypeC,31300,000000111110000000000000000000000000000000000000000000000000011110000000000000000000011110000000000000000000000000000000000000001111110000000000000000000001111110000000,1,0
2334,1,TypeB,37000,000001111111100000000000000000011111111000000000000000011111110000000000000000000000011111110000000000000000011111110000000000000000000000000000000000000000000000000000,1,0
2335,2,TypeB,37000,000001111111100000000000000000011111111000000000000000011111110000000000000000000000011111110000000000000000011111110000000000000000000000000000000000000000000000000000,1,0
2336,3,TypeC,32300,000001111110000000000000000000000000000000000000000000000000011110000000000000000000011110000000000000000000000000000000000000001111110000000000000000000001111110000000,1,0
2337,4,TypeC,32300,000001111110000000000000000000000000000000000000000000000000011110000000000000000000011110000000000000000000000000000000000000001111110000000000000000000001111110000000,1,1
2338,0,TypeA,54700,000000011111111110000000000000000000000000000000000000011111111110000000000000000000000000000111111111100000000000000000000000011111111110000000000000000000011111111100,1,0
2339,1,TypeB,40400,000001111111100000000000000000011111111000000000000000000000000000000000000000000000000000000111111100000000011111110000000000000000111111110000000000000000000000000000,1,0
2340,2,TypeB,40400,000001111111100000000000000000011111111000000000000000000000000000000000000000000000000000000111111100000000011111110000000000000000111111110000000000000000000000000000,1,0
2341,3,TypeC,30500,000000000000000000000000000000000000000000000000001111110000000000000000000000000000000011111100000000000000011100000000000000000000111110000000000000000001111110000000,0,0
2342,4,TypeC,30500,000000000000000000000000000000000000000000000000001111110000000000000000000000000000000011111100000000000000011100000000000000000000111110000000000000000001111110000000,0,0
2343,0,TypeA,54300,000000000000000000000001111111111000000000000000000000011111111110000000000000000000000000000000000000111111111100000000000000000000011111111100000000000000011111111100,1,0
2344,1,TypeB,37000,000001111111100000000000000000001111111000000000000000011111110000000000000000000000000011111111000000000111111100000000000000000000000000000000000000000000000000000000,0,0
2345,2,TypeB,37000,000001111111100000000000000000001111111000000000000000011111110000000000000000000000000011111111000000000111111100000000000000000000000000000000000000000000000000000000,0,0
2346,3,TypeC,26100,000001111110000000000000000000000000000000000000000000000000011110000000000000000000000000000000000000000000011100000000000000000000011110000000000000000000011110000000,1,0
2347,4,TypeC,26100,000001111110000000000000000000000000000000000000000000000000011110000000000000000000000000000000000000000000011100000000000000000000011110000000000000000000011110000000,1,0
2348,0,TypeA,54400,000000000000000000000000000000000111111111100000000000011111111110000000000000000000000000000111111111100000000000000000000000000000111111111100000000000000011111111100,1,0
2349,1,TypeB,37500,000001111111100000000000000000011111111000000000000000000000000000000000000000000000000011111111000000000111111100000000000000000000111110000000000000000000000000000000,1,0
2350,2,TypeB,37500,000001111111100000000000000000011111111000000000000000000000000000000000000000000000000011111111000000000111111100000000000000000000111110000000000000000000000000000000,1,0
2351,3,TypeC,31800,000000000000000000000111111000000000000000000000000000000000011110000000000000000000000011111100000000000000000000000000000000000000111110000000000000000001111110000000,1,0
2352,4,TypeC,31800,000000000000000000000111111000000000000000000000000000000000011110000000000000000000000011111100000000000000000000000000000000000000111110000000000000000001111110000000,1,0
2353,1,TypeB,39000,000001111111100000000000000000011111111000000000000000011111110000000000000000000000000011111111000000000111111110000000000000000000000000000000000000000000000000000000,1,0
2354,2,TypeB,39000,000001111111100000000000000000011111111000000000000000011111110000000000000000000000000011111111000000000111111110000000000000000000000000000000000000000000000000000000,1,0
2355,3,TypeC,29400,000000000000000000000111111000000000000000000000000000000000011110000000000000000000000000000000000000000000011110000000000000000000011110000000000000000001111110000000,1,0
2356,4,TypeC,29400,000000000000000000000111111000000000000000000000000000000000011110000000000000000000000000000000000000000000011110000000000000000000011110000000000000000001111110000000,1,0
2357,0,TypeA,52000,000000000000000000000001111111110000000000000000000000011111111110000000000000000000011111111100000000000000000000000000000000000000011111111100000000000000011111111100,1,0
2358,1,TypeB,36400,000000000000000000000000000000011111111000000000000000000000011110000000000000000000000000000111111100000000011111110000000000000000000000000000000000001111111100000000,1,0
2359,2,TypeB,36400,000000000000000000000000000000011111111000000000000000000000011110000000000000000000000000000111111100000000011111110000000000000000000000000000000000001111111100000000,1,0
2360,3,TypeC,27300,000001111110000000000000000000000000000000000000000000000000011110000000000000000000000000000000000111100000000000000000000000000000011110000000000011111100000000000000,1,0
2361,4,TypeC,27300,000001111110000000000000000000000000000000000000000000000000011110000000000000000000000000000000000111100000000000000000000000000000011110000000000011111100000000000000,1,0
2362,0,TypeA,54300,000000000000000000000001111111111000000000000000000000011111111110000000000000000000011111111100000000000000000000000000000000001111111110000000000011111111110000000000,1,0
2363,1,TypeB,37000,000000000000000000000000000000011111111000000000011111110000000000000000011111111000000000000111111100000000011111110000000000000000000000000000000000000000000000000000,1,0
2364,2,TypeB,37000,000000000000000000000000000000011111111000000000011111110000000000000000011111111000000000000111111100000000011111110000000000000000000000000000000000000000000000000000,1,0
2365,3,TypeC,27800,000000000000000000000000000000000000001111100000000000000000011110000000000000000000011110000000000000000000000000000000000000000000011110000000000011111100000000000000,1,0
2366,4,TypeC,27800,000000000000000000000000000000000000001111100000000000000000011110000000000000000000011110000000000000000000000000000000000000000000011110000000000011111100000000000000,1,0
2367,1,TypeB,37000,000000000000000000000000000000011111111000000000001111111000000000000000011111111000000000000111111100000000011111110000000000000000000000000000000000000000000000000000,0,0
2368,2,TypeB,37000,000000000000000000000000000000011111111000000000001111111000000000000000011111111000000000000111111100000000011111110000000000000000000000000000000000000000000000000000,0,0
2369,3,TypeC,25900,000000000000000000000001111000000000000000000000000000000000011110000000000000000000011110000000000000000000000000000000000000000000011110000000000011111100000000000000,1,0
2370,4,TypeC,25900,000000000000000000000001111000000000000000000000000000000000011110000000000000000000011110000000000000000000000000000000000000000000011110000000000011111100000000000000,1,0
2371,0,TypeA,50600,000000001111111110000000000000000000000000000000000000011111111110000000000000000000011111111100000000000000000000000000000000001111111110000000000011111111110000000000,0,0
2372,1,TypeB,37000,000000000000000000000000000000011111111000000000000000011111110000000000011111111000000000000111111100000000011111110000000000000000000000000000000000000000000000000000,1,0
2373,2,TypeB,37000,000000000000000000000000000000011111111000000000000000011111110000000000011111111000000000000111111100000000011111110000000000000000000000000000000000000000000000000000,1,0
2374,3,TypeC,27900,000000000000000000000111111000000000000000000000000000000000011110000000000000000000011110000000000000000000000000000000000000000000011110000000000011111100000000000000,1,0
2375,4,TypeC,27900,000000000000000000000111111000000000000000000000000000000000011110000000000000000000011110000000000000000000000000000000000000000000011110000000000011111100000000000000,1,0
2376,1,TypeB,33500,000000000000000000000000000000011111111000000000000000000000011110000000000000000000011111110000000000111111110000000000000011111000000000000000000000000000000000000000,1,0
2377,2,TypeB,33500,000000000000000000000000000000011111111000000000000000000000011110000000000000000000011111110000000000111111110000000000000011111000000000000000000000000000000000000000,1,0
2378,3,TypeC,31100,000000000000000000000000000000000000000000000000000000001111110000000000011111100000000000000000000011111100000000000000000011111000000000000000000011111100000000000000,0,0
2379,4,TypeC,31100,000000000000000000000000000000000000000000000000000000001111110000000000011111100000000000000000000011111100000000000000000011111000000000000000000011111100000000000000,0,0
2380,0,TypeA,54000,000000000000000000000000111111111100000000000000000000011111111110000000000000000000011111111100000000000000000000000000000000000000111111111100000000000000011111111100,1,0
2381,1,TypeB,37800,000000000000000000000000111111110000000000000000000000111111110000000000000000000000000000000111111100000000011111110000000000000000000011111100000000000000000000000000,1,0
2382,2,TypeB,37800,000000000000000000000000111111110000000000000000000000111111110000000000000000000000000000000111111100000000011111110000000000000000000011111100000000000000000000000000,1,0
2383,3,TypeC,27800,000001110000000000000000000000000000000000000000000000000000011111100000000000000000000000000000000011111100000000000000000011111000000000000000000011111100000000000000,1,0
2384,4,TypeC,27800,000001110000000000000000000000000000000000000000000000000000011111100000000000000000000000000000000011111100000000000000000011111000000000000000000011111100000000000000,1,0
2385,0,TypeA,51900,000000011111111110000000000000000000000000000000000000011111111110000000000000000000011111111100000000000000000000000000000000000000111111111100000000000000011111111100,1,0
2386,1,TypeB,37500,000000011111111000000000000000011111111000000000000000000000000000000000000000111111110000000000000111111100000000000000000011111000000000000000000000000000000000000000,0,0
2387,2,TypeB,37500,000000011111111000000000000000011111111000000000000000000000000000000000000000111111110000000000000111111100000000000000000011111000000000000000000000000000000000000000,0,0
2388,3,TypeC,28800,000001111000000000000000000000000000000000000000000000000000011111100000000000000000000000000000000011111100000000000000000011111000000000000000000011111100000000000000,1,0
2389,4,TypeC,28800,000001111000000000000000000000000000000000000000000000000000011111100000000000000000000000000000000011111100000000000000000011111000000000000000000011111100000000000000,1,0
2390,0,TypeA,55200,000000000000000011111111100000000000000000000000000000011111111110000000000000000000000000000111111111100000000000000000000000000000111111111100000000000000011111111100,1,0
2391,1,TypeB,36800,000000000000111111100000000000000000000000000000000000111111110000000000000000000000000000000111111100000000011111110000000000000000000011111100000000000000000000000000,1,0
2392,2,TypeB,36800,000000000000111111100000000000000000000000000000000000111111110000000000000000000000000000000111111100000000011111110000000000000000000011111100000000000000000000000000,1,0
2393,3,TypeC,30000,000000000000000000000000000000000000000000000000000000000000011111100000000000000000011110000000000011111100000000000000000011111000000000000000000011111100000000000000,1,0
2394,4,TypeC,30000,000000000000000000000000000000000000000000000000000000000000011111100000000000000000011110000000000011111100000000000000000011111000000000000000000011111100000000000000,1,0
2395,0,TypeA,57400,000000000000000000000000111111111100000000000000000000111111111100000000000000000000000000000111111111100000000000000000000000000000111111111100000000000000011111111100,1,0
2396,1,TypeB,37500,000000000000000000000000000000011111111000000000000000111111110000000000000000111111110000000000000111111100000000000000000011111000000000000000000000000000000000000000,1,0
2397,2,TypeB,37500,000000000000000000000000000000011111111000000000000000111111110000000000000000111111110000000000000111111100000000000000000011111000000000000000000000000000000000000000,1,0
2398,3,TypeC,27700,000001111000000000000000000000000000000000000000000000000000011111100000000000000000011110000000000000000000000000000000000011111000000000000000000011111100000000000000,1,0
2399,4,TypeC,27700,000001111000000000000000000000000000000000000000000000000000011111100000000000000000011110000000000000000000000000000000000011111000000000000000000011111100000000000000,1,0
2400,0,TypeA,57100,000000000000000000000000111111111100000000000000000000011111111110000000000000000000000000000111111111100000000000000000000000000000111111111100000000000000011111111100,1,0
2401,1,TypeB,33500,000000000011111110000000000000000000000000000000000000000000011111100000000000000000000000000111111100000000011111110000000000000000111110000000000000000000000000000000,1,0
2402,2,TypeB,33500,000000000011111110000000000000000000000000000000000000000000011111100000000000000000000000000111111100000000011111110000000000000000111110000000000000000000000000000000,1,0
2403,3,TypeC,31500,000001111110000000000111111000000000000000000000000000000000011111100000000000000000000000000000000000000000000000000000000000000000111110000000000000000000011110000000,1,0
2404,4,TypeC,31500,000001111110000000000111111000000000000000000000000000000000011111100000000000000000000000000000000000000000000000000000000000000000111110000000000000000000011110000000,1,0
2405,0,TypeA,56100,000000000000000000000001111111110000000000000000000000011111111110000000000000000000000000000111111111100000000000000000000000000000111111111100000000000000011111111100,1,0
2406,1,TypeB,34500,000000000000000000000000001111111100000000000000000000000000011111100000000000000000000000000111111100000000011111110000000000000000111110000000000000000000000000000000,1,0
2407,2,TypeB,34500,000000000000000000000000001111111100000000000000000000000000011111100000000000000000000000000111111100000000011111110000000000000000111110000000000000000000000000000000,1,0
2408,3,TypeC,27500,000000000000000000000111111000000000000000000000001111110000000000000000011111100000000000000000000000000000000000000000000000000000111110000000000011100000000000000000,0,0
2409,4,TypeC,27500,000000000000000000000111111000000000000000000000001111110000000000000000011111100000000000000000000000000000000000000000000000000000111110000000000011100000000000000000,0,0
2410,0,TypeA,54400,000000011111111110000000000000000111111111100000000000000000000000000000000000000000000000000111111111100000000000000000000000000000111111111100000000000000011111111100,1,0
2411,1,TypeB,35000,000000000000000000111111100000000000000000111111110000000000011111100000000000000000000000000111111100000000011111110000000000000000000000000000000000000000000000000000,0,0
2412,2,TypeB,35000,000000000000000000111111100000000000000000111111110000000000011111100000000000000000000000000111111100000000011111110000000000000000000000000000000000000000000000000000,0,0
2413,3,TypeC,30500,000000000000000000000111111000000000000000000000000000000000011111100000000000000001111110000000000000000000000000000000000000000000111110000000000011100000000000000000,0,0
2414,4,TypeC,30500,000000000000000000000111111000000000000000000000000000000000011111100000000000000001111110000000000000000000000000000000000000000000111110000000000011100000000000000000,0,0
2415,0,TypeA,55000,000000011111111110000000000000000000000000000000000000011111111110000000000000000000000000000111111111100000000000000000000000000000111111111100000000000000011111111100,1,0
2416,1,TypeB,33500,000000000000000000000000000000001111111000000000000000000000011111100000000000000000000000000111111100000000011111110000000000000000111110000000000000000000000000000000,0,0
2417,2,TypeB,33500,000000000000000000000000000000001111111000000000000000000000011111100000000000000000000000000111111100000000011111110000000000000000111110000000000000000000000000000000,0,0
2418,3,TypeC,31500,000000000000000000000111111000000000000000000000000000000000011111100000000000000001111110000000000000000000000000000000000000000000111110000000000011110000000000000000,1,0
2419,4,TypeC,31500,000000000000000000000111111000000000000000000000000000000000011111100000000000000001111110000000000000000000000000000000000000000000111110000000000011110000000000000000,1,0
2420,1,TypeB,37800,000000000000111111100000000000011111111000000000000000000000000000000000000000000000011111110000000000111111110000000000000000001111110000000000000000000000000000000000,1,0
2421,2,TypeB,37800,000000000000111111100000000000011111111000000000000000000000000000000000000000000000011111110000000000111111110000000000000000001111110000000000000000000000000000000000,1,0
2422,3,TypeC,30200,000000000000000000000000000000000000000000000000000000000000011111100000000000000000011110000000000111100000000000000000000000001111110000000000000011111100000000000000,1,0
2423,4,TypeC,30200,000000000000000000000000000000000000000000000000000000000000011111100000000000000000011110000000000111100000000000000000000000001111110000000000000011111100000000000000,1,0
2424,0,TypeA,57200,000000000000000000000000111111111100000000000000000000011111111110000000000000000000000000000000000000111111111100000000000011111111110000000000000011111111110000000000,1,0
2425,1,TypeB,35200,000000000000000000000000111111110000000000000000000000011111110000000000000000000011111110000000000000111111110000000000000000000000011110000000000000000000000000000000,0,0
2426,2,TypeB,35200,000000000000000000000000111111110000000000000000000000011111110000000000000000000011111110000000000000111111110000000000000000000000011110000000000000000000000000000000,0,0
2427,3,TypeC,27000,000001111110000000000000000000000000000000000000000000000000011111100000000000000000011110000000000000000000000000000000000011111000000000000000000011100000000000000000,0,0
2428,4,TypeC,27000,000001111110000000000000000000000000000000000000000000000000011111100000000000000000011110000000000000000000000000000000000011111000000000000000000011100000000000000000,0,0
2429,0,TypeA,52000,000000111111111000000000000000000000000000111111111000000000000000000000000000000000000000000000000000111111111100000000000000000000011111111100000000000000011111111100,1,0
2430,1,TypeB,38100,000000000000000000111111100000000000000000000000000000011111110000000000000000000011111110000000000000111111110000000000000000011111110000000000000000000000000000000000,0,0
2431,2,TypeB,38100,000000000000000000111111100000000000000000000000000000011111110000000000000000000011111110000000000000111111110000000000000000011111110000000000000000000000000000000000,0,0
2432,3,TypeC,28200,000000111110000000000000000000000000000000000000000000000000011111100000000000000000011110000000000000000000000000000000000011111000000000000000000000000000011110000000,1,0
2433,4,TypeC,28200,000000111110000000000000000000000000000000000000000000000000011111100000000000000000011110000000000000000000000000000000000011111000000000000000000000000000011110000000,1,0
2434,1,TypeB,36200,000000000000000000000000000000011111111000000000000000011111110000000000000000111111110000000000000000111111110000000000000000000000011110000000000000000000000000000000,1,0
2435,2,TypeB,36200,000000000000000000000000000000011111111000000000000000011111110000000000000000111111110000000000000000111111110000000000000000000000011110000000000000000000000000000000,1,0
2436,3,TypeC,31500,000001111110000000000000000000000000000000000000000000001111110000000000000000000000011110000000000000000000000000000000000011111000000000000000000000000000011111100000,0,0
2437,4,TypeC,31500,000001111110000000000000000000000000000000000000000000001111110000000000000000000000011110000000000000000000000000000000000011111000000000000000000000000000011111100000,0,0
2438,1,TypeB,38000,000000000011111110000000000000000000000000111111110000000001111111100000000000000000011111110000000000111111110000000000000000000000000000000000000000000000000000000000,1,0
2439,2,TypeB,38000,000000000011111110000000000000000000000000111111110000000001111111100000000000000000011111110000000000111111110000000000000000000000000000000000000000000000000000000000,1,0
2440,3,TypeC,28200,000000000000001111100000000000000000000000000000000000000000000000000000011111100000000000011111000000000000000000000000000011111000000000000000000011111100000000000000,1,0
2441,4,TypeC,28200,000000000000001111100000000000000000000000000000000000000000000000000000011111100000000000011111000000000000000000000000000011111000000000000000000011111100000000000000,1,0
2442,1,TypeB,38000,000000011111111000000000001111111100000000000000000000000000111111100000000000000000011111110000000000111111110000000000000000000000000000000000000000000000000000000000,0,0
2443,2,TypeB,38000,000000011111111000000000001111111100000000000000000000000000111111100000000000000000011111110000000000111111110000000000000000000000000000000000000000000000000000000000,0,0
2444,3,TypeC,31500,000000000000000000000000000000000000001111100000000000000000111110000000000000000001111110000000000000000000000000000000000011111000000000000000000011111100000000000000,1,0
2445,4,TypeC,31500,000000000000000000000000000000000000001111100000000000000000111110000000000000000001111110000000000000000000000000000000000011111000000000000000000011111100000000000000,1,0
2446,0,TypeA,53700,000000001111111110000000000000000000000000000000000000011111111110000000000000000000000000000111111111100000000000000000000000001111111110000000000011111111110000000000,0,0
2447,1,TypeB,40100,000000000000000000000000000000000000000000111111110000000001111111100000000000000000011111110000000000111111110000000000000000000000000000000000000000000000011111110000,1,0
2448,2,TypeB,40100,000000000000000000000000000000000000000000111111110000000001111111100000000000000000011111110000000000111111110000000000000000000000000000000000000000000000011111110000,1,0
2449,3,TypeC,29600,000000000000000000000000000000000000001111100000000000000000011111100000000000000000011110000000000000000000000000000000000011111000000000000000000011111100000000000000,1,0
2450,4,TypeC,29600,000000000000000000000000000000000000001111100000000000000000011111100000000000000000011110000000000000000000000000000000000011111000000000000000000011111100000000000000,1,0
2451,0,TypeA,53000,000000011111111100000000000000000000000000000000000000011111111110000000000000000000000000000111111111100000000000000000000000000000011111111100000000000000011111111100,0,0
2452,1,TypeB,38000,000000000011111100000000000000011111111000000000000000000001111111100000000000111111110000000001111111100000000000000000000000000000000000000000000000000000000000000000,0,0
2453,2,TypeB,38000,000000000011111100000000000000011111111000000000000000000001111111100000000000111111110000000001111111100000000000000000000000000000000000000000000000000000000000000000,0,0
2454,3,TypeC,34100,000000000011111100000000000000000000000000000000000000000000011111100000000000000001111110000000000000000000000000000000000011111000000000000000000011111100000000000000,0,0
2455,4,TypeC,34100,000000000011111100000000000000000000000000000000000000000000011111100000000000000001111110000000000000000000000000000000000011111000000000000000000011111100000000000000,0,0
2456,1,TypeB,38000,000000000011111110000000000000011111111000000000000000000001111111100000000000000000011111110000000000000111111110000000000000000000000000000000000000000000000000000000,1,0
2457,2,TypeB,38000,000000000011111110000000000000011111111000000000000000000001111111100000000000000000011111110000000000000111111110000000000000000000000000000000000000000000000000000000,1,0
2458,3,TypeC,29700,000000000000000000000111111000000000000000000000000000000000011111100000000000000000011110000000000000000000000000000000000011111000000000000000000011111100000000000000,1,0
2459,4,TypeC,29700,000000000000000000000111111000000000000000000000000000000000011111100000000000000000011110000000000000000000000000000000000011111000000000000000000011111100000000000000,1,0
2460,0,TypeA,57000,000000000000000111111111100000000000000000111111111000000000000000000000000000000000000000000111111111100000000000000000000000001111111110000000000011111111110000000000,1,0
2461,1,TypeB,39000,000000001111111100000000001111111100000000000000000000000001111111100000000000000000011111110000000000000111111110000000000000000000000000000000000000000000000000000000,0,0
2462,2,TypeB,39000,000000001111111100000000001111111100000000000000000000000001111111100000000000000000011111110000000000000111111110000000000000000000000000000000000000000000000000000000,0,0
2463,3,TypeC,27300,000000000000001111100000000000000000000000000000000000000000000000000000011111100000000000000000000000000000011110000000000011111000000000000000000000000000011110000000,1,0
2464,4,TypeC,27300,000000000000001111100000000000000000000000000000000000000000000000000000011111100000000000000000000000000000011110000000000011111000000000000000000000000000011110000000,1,0
2465,0,TypeA,56000,000000000000000011111111100000000000000000111111111000000000000000000000000000000000000000000111111111100000000000000000000000001111111110000000000011111111110000000000,1,0
2466,1,TypeB,40400,000000000000000000111111100000000000000000000000000000000001111111100000000000000000011111110000000000111111110000000000000000000000000000000000000000000001111111100000,0,0
2467,2,TypeB,40400,000000000000000000111111100000000000000000000000000000000001111111100000000000000000011111110000000000111111110000000000000000000000000000000000000000000001111111100000,0,0
2468,3,TypeC,30600,000000000000001111100000000000000000000000000000000000000000000000000000011111100000000000000000000000000111110000000000000011111000000000000000000000000000011111100000,1,0
2469,4,TypeC,30600,000000000000001111100000000000000000000000000000000000000000000000000000011111100000000000000000000000000111110000000000000011111000000000000000000000000000011111100000,1,0
2470,0,TypeA,56100,000000000000000000000000111111111000000000000000000000011111111110000000000000000000000000000111111111100000000000000000000000001111111110000000000011111111110000000000,0,0
2471,1,TypeB,39000,000000011111111000000000111111110000000000000000000000000001111111100000000000000000011111110000000000111111110000000000000000000000000000000000000000000000000000000000,0,0
2472,2,TypeB,39000,000000011111111000000000111111110000000000000000000000000001111111100000000000000000011111110000000000111111110000000000000000000000000000000000000000000000000000000000,0,0
2473,3,TypeC,29700,000000000000001111100000000000000000000000000000000000000000000000000000011111100000000000000000000000000111110000000000000011111000000000000000000011111100000000000000,1,0
2474,4,TypeC,29700,000000000000001111100000000000000000000000000000000000000000000000000000011111100000000000000000000000000111110000000000000011111000000000000000000011111100000000000000,1,0
2475,1,TypeB,40100,000000000000000000000000001111111100000000000000000000111111110000000000000000000000011111110000000000111111110000000000000000011111110000000000000000000000000000000000,1,0
2476,2,TypeB,40100,000000000000000000000000001111111100000000000000000000111111110000000000000000000000011111110000000000111111110000000000000000011111110000000000000000000000000000000000,1,0
2477,3,TypeC,29600,000000000000000000000111111000000000000000000000001111110000000000000000000000000000011111000000000000000000000000000000000000000000011111000000000000000000011110000000,0,0
2478,4,TypeC,29600,000000000000000000000111111000000000000000000000001111110000000000000000000000000000011111000000000000000000000000000000000000000000011111000000000000000000011110000000,0,0
2479,0,TypeA,54500,000000001111111110000000000000000000000000111111111000000000000000000000000000000000000000000111111111100000000000000000000000001111111110000000000011111111110000000000,0,0
2480,1,TypeB,40000,000000000000000000000000111111110000000000111111110000000001111111100000000000111111110000000001111111100000000000000000000000000000000000000000000000000000000000000000,0,0
2481,2,TypeB,40000,000000000000000000000000111111110000000000111111110000000001111111100000000000111111110000000001111111100000000000000000000000000000000000000000000000000000000000000000,0,0
2482,3,TypeC,33800,000000000000000000000111111000000000000000000000000000000001111110000000000000000000011111000000000000000000000000000000000000001111110000000000000011111100000000000000,1,0
2483,4,TypeC,33800,000000000000000000000111111000000000000000000000000000000001111110000000000000000000011111000000000000000000000000000000000000001111110000000000000011111100000000000000,1,0
2484,1,TypeB,42400,000000001111111100000000000000000000000000000000000000111111110000000000000000111111110000000000000000111111110000000000000000000000000000000111111110000000000000000000,0,0
2485,2,TypeB,42400,000000001111111100000000000000000000000000000000000000111111110000000000000000111111110000000000000000111111110000000000000000000000000000000111111110000000000000000000,0,0
2486,3,TypeC,32300,000000000000001111100000000000000000000000000000000000000000011111100000000000000000000000000000000000000000011100000000000000001111110000000000000000000001111110000000,1,0
2487,4,TypeC,32300,000000000000001111100000000000000000000000000000000000000000011111100000000000000000000000000000000000000000011100000000000000001111110000000000000000000001111110000000,1,0
2488,0,TypeA,56700,000000000000000000000001111111111000000000000000000000011111111110000000000000000000000000000111111111100000000000000000000001111111110000000000000000000000011111111100,0,0
2489,1,TypeB,38500,000000011111111000000000000000000000000000000000000000111111110000000000000000111111110000000000000000111111110000000000000000000000011111000000000000000000000000000000,0,0
2490,2,TypeB,38500,000000011111111000000000000000000000000000000000000000111111110000000000000000111111110000000000000000111111110000000000000000000000011111000000000000000000000000000000,0,0
2491,3,TypeC,29200,000001111000000000000111111000000000000000000000000000000001111110000000000000000000000000000000000000000000000000000000000000000000011111000000000000000000011110000000,1,0
2492,4,TypeC,29200,000001111000000000000111111000000000000000000000000000000001111110000000000000000000000000000000000000000000000000000000000000000000011111000000000000000000011110000000,1,0
2493,0,TypeA,57000,000000000000000111111111100000000000000000111111111000000000000000000000000000000000000000000111111111100000000000000000000000000000111111111100000000000000011111111100,1,0
2494,1,TypeB,39000,000000000000111111100000000000011111111000000000000000111111110000000000000000111111110000000000000000111111110000000000000000000000000000000000000000000000000000000000,1,0
2495,2,TypeB,39000,000000000000111111100000000000011111111000000000000000111111110000000000000000111111110000000000000000111111110000000000000000000000000000000000000000000000000000000000,1,0
2496,3,TypeC,28000,000001111000000000000111111000000000000000000000000000000000111110000000000000000000000000000000000000000000000000000000000000001111110000000000000011110000000000000000,1,0
2497,4,TypeC,28000,000001111000000000000111111000000000000000000000000000000000111110000000000000000000000000000000000000000000000000000000000000001111110000000000000011110000000000000000,1,0
2498,1,TypeB,34200,000000000000111111100000000000000000000000000000000000111111110000000000000000000000000000000111111100000000011111110000000000000000011110000000000000000000000000000000,1,0
2499,2,TypeB,34200,000000000000111111100000000000000000000000000000000000111111110000000000000000000000000000000111111100000000011111110000000000000000011110000000000000000000000000000000,1,0
2500,3,TypeC,31400,000001111110000000000000000000000000000000000000001111110000000000000000011111100000000000000000000000000000000000000000000011111000000000000000000000000001111110000000,0,0
2501,4,TypeC,31400,000001111110000000000000000000000000000000000000001111110000000000000000011111100000000000000000000000000000000000000000000011111000000000000000000000000001111110000000,0,0
2502,0,TypeA,49300,000000000000000000000000000000000000000000000000000000011111111110000000000000000000011111111100000000000111111110000000000000001111111110000000000011111111110000000000,1,0
2503,1,TypeB,40400,000000000000000000000000000000000000000000111111110000000001111111100000000000000000000000000111111100000000011111110000000000000000000000000000000000001111111100000000,1,0
2504,2,TypeB,40400,000000000000000000000000000000000000000000111111110000000001111111100000000000000000000000000111111100000000011111110000000000000000000000000000000000001111111100000000,1,0
2505,3,TypeC,31100,000001111110000000000000000000000000000000000000000000000001111110000000000000000000000000000000000000000000011100000000000011111000000000000000000000000001111110000000,1,0
2506,4,TypeC,31100,000001111110000000000000000000000000000000000000000000000001111110000000000000000000000000000000000000000000011100000000000011111000000000000000000000000001111110000000,1,0
2507,1,TypeB,35200,000000000000000000000000000000011111111000000000000000111111110000000000000000000000000000000111111100000000011111110000000000000000011110000000000000000000000000000000,1,0
2508,2,TypeB,35200,000000000000000000000000000000011111111000000000000000111111110000000000000000000000000000000111111100000000011111110000000000000000011110000000000000000000000000000000,1,0
2509,3,TypeC,29700,000000000000000000000000000000000000000000000000000000000001111110000000000000000000011110000000000000000111110000000000000011111000000000000000000000000000011110000000,1,0
2510,4,TypeC,29700,000000000000000000000000000000000000000000000000000000000001111110000000000000000000011110000000000000000111110000000000000011111000000000000000000000000000011110000000,1,0
2511,1,TypeB,39100,000000000000000000111111100000000000000000000000000000111111110000000000000000000000000011111111000000000111111100000000000000000000011111110000000000000000000000000000,0,0
2512,2,TypeB,39100,000000000000000000111111100000000000000000000000000000111111110000000000000000000000000011111111000000000111111100000000000000000000011111110000000000000000000000000000,0,0
2513,3,TypeC,29100,000001110000000000000000000000000000000000000000000000000000000000000000011111100000000000000001111110000000000000000000000000000000000011111100000000000001111110000000,0,0
2514,4,TypeC,29100,000001110000000000000000000000000000000000000000000000000000000000000000011111100000000000000001111110000000000000000000000000000000000011111100000000000001111110000000,0,0
2515,0,TypeA,49100,000000000000000000000000000000000000000000111111111000000000000000000000000000000000011111111100000000000111111110000000000000000000011111111100000000000000011111111100,1,0
2516,1,TypeB,38100,000000000000000000000000000000000000000000111111110000000001111110000000000000000000000011111111000000000111111100000000000000011111110000000000000000000000000000000000,1,0
2517,2,TypeB,38100,000000000000000000000000000000000000000000111111110000000001111110000000000000000000000011111111000000000111111100000000000000011111110000000000000000000000000000000000,1,0
2518,3,TypeC,28600,000001110000000000000000000000000000000000000000000000000000000000000000000000000001111110000000000000000111110000000000000011111000000000000000000011111100000000000000,1,0
2519,4,TypeC,28600,000001110000000000000000000000000000000000000000000000000000000000000000000000000001111110000000000000000111110000000000000011111000000000000000000011111100000000000000,1,0
2520,0,TypeA,56300,000000000000000000000000111111111100000000000000000000011111111110000000000000000000000000000000000000111111111100000000000000011111111110000000000011111111110000000000,1,0
2521,1,TypeB,40100,000000000000000000000000111111110000000000000000000000111111110000000000000000000000000011111111000000000111111100000000000000011111110000000000000000000000000000000000,1,0
2522,2,TypeB,40100,000000000000000000000000111111110000000000000000000000111111110000000000000000000000000011111111000000000111111100000000000000011111110000000000000000000000000000000000,1,0
2523,3,TypeC,32700,000001111110000000000000000000000000000000000000000000000000000000000000011111100000000000000001111110000000000000000000000000000000000011111100000000000001111110000000,0,0
2524,4,TypeC,32700,000001111110000000000000000000000000000000000000000000000000000000000000011111100000000000000001111110000000000000000000000000000000000011111100000000000001111110000000,0,0
2525,0,TypeA,54300,000001111111111000000000000000000000000000111111111000000000000000000000000000000000000000000000000000111111111100000000000000001111111110000000000011111111110000000000,1,0
2526,1,TypeB,34200,000000000000000000111111100000000000000000000000011111110000000000000000000000000000000011111111000000000111111100000000000000000000011110000000000000000000000000000000,0,0
2527,2,TypeB,34200,000000000000000000111111100000000000000000000000011111110000000000000000000000000000000011111111000000000111111100000000000000000000011110000000000000000000000000000000,0,0
2528,3,TypeC,32200,000001111110000000000000000000000000000000000000000000000000000000000000000000000001111110000000000000000111110000000000000011111000000000000000000011111100000000000000,1,0
2529,4,TypeC,32200,000001111110000000000000000000000000000000000000000000000000000000000000000000000001111110000000000000000111110000000000000011111000000000000000000011111100000000000000,1,0
2530,0,TypeA,53700,000000011111111110000000000000000000000000111111111000000000000000000000000000000000000000000000000000111111111100000000000000001111111110000000000011111111110000000000,1,0
2531,1,TypeB,35200,000000000011111110000000000000000000000000000000000000111111110000000000000000000000000011111111000000000111111100000000000000000000011110000000000000000000000000000000,1,0
2532,2,TypeB,35200,000000000011111110000000000000000000000000000000000000111111110000000000000000000000000011111111000000000111111100000000000000000000011110000000000000000000000000000000,1,0
2533,3,TypeC,28300,000001111110000000000000000000000000000000000000000000000000000000000000000000000000011111000000000000000111110000000000000011111000000000000000000011110000000000000000,1,0
2534,4,TypeC,28300,000001111110000000000000000000000000000000000000000000000000000000000000000000000000011111000000000000000111110000000000000011111000000000000000000011110000000000000000,1,0
2535,1,TypeB,38600,000000000000000000000000000000000000000000000000000000111111110000000000000000000000000011111111000000000111111100000000000000000000011110000000000000001111111100000000,1,0
2536,2,TypeB,38600,000000000000000000000000000000000000000000000000000000111111110000000000000000000000000011111111000000000111111100000000000000000000011110000000000000001111111100000000,1,0
2537,3,TypeC,29800,000001110000000000000000000000000000000000000000000000000000000000000000000000000000011111000000000000000111110000000000000000000000000011111100000000000001111110000000,1,0
2538,4,TypeC,29800,000001110000000000000000000000000000000000000000000000000000000000000000000000000000011111000000000000000111110000000000000000000000000011111100000000000001111110000000,1,0
2539,0,TypeA,53800,000000000000001111111111000000000000000000000000000000011111111110000000000000000000000000000000000000111111111100000000000000001111111110000000000011111111110000000000,1,0
2540,1,TypeB,39000,000000011111111000000000111111110000000000000000000000111111110000000000000000000000000011111111000000000111111100000000000000000000000000000000000000000000000000000000,0,0
2541,2,TypeB,39000,000000011111111000000000111111110000000000000000000000111111110000000000000000000000000011111111000000000111111100000000000000000000000000000000000000000000000000000000,0,0
2542,3,TypeC,30600,000001111110000000000000000000000000000000000000000000000000000000000000000000000000011111000000000000000111110000000000000011111000000000000000000011111100000000000000,1,0
2543,4,TypeC,30600,000001111110000000000000000000000000000000000000000000000000000000000000000000000000011111000000000000000111110000000000000011111000000000000000000011111100000000000000,1,0
2544,1,TypeB,36200,000000001111111100000000000000000000000000000000000000111111110000000000000000000000000011111111000000000111111100000000000000000000011110000000000000000000000000000000,0,0
2545,2,TypeB,36200,000000001111111100000000000000000000000000000000000000111111110000000000000000000000000011111111000000000111111100000000000000000000011110000000000000000000000000000000,0,0
2546,3,TypeC,31100,000001111110000000000000000000000000000000000000000000000001111110000000000000000000011110000000000000000111110000000000000011111000000000000000000000000000000000000000,1,0
2547,4,TypeC,31100,000001111110000000000000000000000000000000000000000000000001111110000000000000000000011110000000000000000111110000000000000011111000000000000000000000000000000000000000,1,0
2548,1,TypeB,41400,000000000000000000000000111111110000000000000000000000111111110000000000000000000000000011111111000000000111111100000000000000000000000000000000000000000111111110000000,1,0
2549,2,TypeB,41400,000000000000000000000000111111110000000000000000000000111111110000000000000000000000000011111111000000000111111100000000000000000000000000000000000000000111111110000000,1,0
2550,3,TypeC,30800,000000000000000000000000000000000000000000000000000000000000111110000000000000000000011110000000000000000111110000000000000011111100000000000000000011111100000000000000,1,0
2551,4,TypeC,30800,000000000000000000000000000000000000000000000000000000000000111110000000000000000000011110000000000000000111110000000000000011111100000000000000000011111100000000000000,1,0
2552,1,TypeB,35200,000000000000000000000000111111110000000000000000011111110000000000000000000000000000000011111111000000000111111100000000000000000000011110000000000000000000000000000000,1,0
2553,2,TypeB,35200,000000000000000000000000111111110000000000000000011111110000000000000000000000000000000011111111000000000111111100000000000000000000011110000000000000000000000000000000,1,0
2554,3,TypeC,29900,000001111110000000000000000000000000000000000000000000000000000000000000011111100000000000000001111110000000000000000000000011111000000000000000000000000000000011111100,0,0
2555,4,TypeC,29900,000001111110000000000000000000000000000000000000000000000000000000000000011111100000000000000001111110000000000000000000000011111000000000000000000000000000000011111100,0,0
2556,0,TypeA,55900,000000000000001111111111000000000000000000111111111000000000000000000000000000000000000000000000000000111111111100000000000000011111111110000000000011111111110000000000,1,0
2557,1,TypeB,42500,000000000000000000000000000000000000000000000000000000111111110000000000000000000000000011111111000000000111111100000000000000011111110000000000000000000111111110000000,1,0
2558,2,TypeB,42500,000000000000000000000000000000000000000000000000000000111111110000000000000000000000000011111111000000000111111100000000000000011111110000000000000000000111111110000000,1,0
2559,3,TypeC,29600,000001111110000000000000000000000000000000000000000000000000000000000000000000000000011110000000000000000111110000000000000011111000000000000000000011111100000000000000,1,0
2560,4,TypeC,29600,000001111110000000000000000000000000000000000000000000000000000000000000000000000000011110000000000000000111110000000000000011111000000000000000000011111100000000000000,1,0
2561,0,TypeA,54200,000000011111111110000000000000000000000000000000000000011111111110000000000000000000000000000000000000111111111100000000000000011111111110000000000011111111110000000000,1,0
2562,1,TypeB,36100,000000000000000000111111100000000000000000000000000000000000111110000000000000000000000011111111000000000111111100000000000000011111110000000000000000000000000000000000,0,0
2563,2,TypeB,36100,000000000000000000111111100000000000000000000000000000000000111110000000000000000000000011111111000000000111111100000000000000011111110000000000000000000000000000000000,0,0
2564,3,TypeC,28200,000000000000000000000000000000000000000000000000000000000000111100000000000000000000011111000000000000000111110000000000000001111000000000000000000011111100000000000000,0,0
2565,4,TypeC,28200,000000000000000000000000000000000000000000000000000000000000111100000000000000000000011111000000000000000111110000000000000001111000000000000000000011111100000000000000,0,0
2566,1,TypeB,36000,000000000000000000111111100000000000000000111111110000000001111110000000000000000000000011111111000000000111111100000000000000000000000000000000000000000000000000000000,0,0
2567,2,TypeB,36000,000000000000000000111111100000000000000000111111110000000001111110000000000000000000000011111111000000000111111100000000000000000000000000000000000000000000000000000000,0,0
2568,3,TypeC,34600,000000000000000000000000000000000000000000000000000000000001111110000000000000000000011111000000000000000111110000000000000000000000000011111100000000000001111110000000,1,0
2569,4,TypeC,34600,000000000000000000000000000000000000000000000000000000000001111110000000000000000000011111000000000000000111110000000000000000000000000011111100000000000001111110000000,1,0
2570,1,TypeB,40100,000000000000000000000000111111110000000000000000000000111111110000000000000000000000000011111111000000000111111100000000000000000000011111110000000000000000000000000000,1,0
2571,2,TypeB,40100,000000000000000000000000111111110000000000000000000000111111110000000000000000000000000011111111000000000111111100000000000000000000011111110000000000000000000000000000,1,0
2572,3,TypeC,27900,000001110000000000000000000000000000000000000000000000000001111100000000000000000000011111000000000000000000000000000000000011111000000000000000000000000000011111100000,1,0
2573,4,TypeC,27900,000001110000000000000000000000000000000000000000000000000001111100000000000000000000011111000000000000000000000000000000000011111000000000000000000000000000011111100000,1,0
2574,1,TypeB,39900,000000000000000000000000000000000000000000000000000000111111110000000000000000000000000011111111000000000111111100000000000000000000011111000000000000000111111110000000,1,0
2575,2,TypeB,39900,000000000000000000000000000000000000000000000000000000111111110000000000000000000000000011111111000000000111111100000000000000000000011111000000000000000111111110000000,1,0
2576,3,TypeC,33000,000000000000000000000000000000000000000000000000000000000001111110000000000000000000011111000000000000000111110000000000000000000000011111000000000000000000000011111100,0,0
2577,4,TypeC,33000,000000000000000000000000000000000000000000000000000000000001111110000000000000000000011111000000000000000111110000000000000000000000011111000000000000000000000011111100,0,0
2578,1,TypeB,37000,000000011111111000000000000000000000000000111111110000000001111110000000000000000000000011111111000000000111111100000000000000000000000000000000000000000000000000000000,0,0
2579,2,TypeB,37000,000000011111111000000000000000000000000000111111110000000001111110000000000000000000000011111111000000000111111100000000000000000000000000000000000000000000000000000000,0,0
2580,3,TypeC,31400,000000000000000000000000000000000000000000000000000000000001111100000000000000000000011111000000000000000111110000000000000011111000000000000000000000000000011111100000,1,0
2581,4,TypeC,31400,000000000000000000000000000000000000000000000000000000000001111100000000000000000000011111000000000000000111110000000000000011111000000000000000000000000000011111100000,1,0
2582,0,TypeA,57100,000000000000000111111111100000000000000000111111111000000000000000000000000000000000000000000000000000111111111100000000000011111111110000000000000011111111110000000000,1,0
2583,1,TypeB,38900,000000000000000000111111100000000000000000000000000000000000000000000000000000000000000011111111000000000111111100000000000000000000011111000000000011111111000000000000,0,0
2584,2,TypeB,38900,000000000000000000111111100000000000000000000000000000000000000000000000000000000000000011111111000000000111111100000000000000000000011111000000000011111111000000000000,0,0
2585,3,TypeC,33000,000000000000000000000000000000000000000000000000000000000001111110000000000000000000011111000000000000000111110000000000000000000000011111000000000011111100000000000000,1,0
2586,4,TypeC,33000,000000000000000000000000000000000000000000000000000000000001111110000000000000000000011111000000000000000111110000000000000000000000011111000000000011111100000000000000,1,0
2587,0,TypeA,56800,000000000000001111111111000000000000000000111111111000000000000000000000000000000000000000000000000000111111111100000000000011111111110000000000000011111111110000000000,1,0
2588,1,TypeB,36200,000000000000000000000000000000011111111000000000000000111111110000000000000000000000000011111111000000000111111100000000000000000000011110000000000000000000000000000000,1,0
2589,2,TypeB,36200,000000000000000000000000000000011111111000000000000000111111110000000000000000000000000011111111000000000111111100000000000000000000011110000000000000000000000000000000,1,0
2590,3,TypeC,30400,000001111110000000000000000000000000000000000000000000000001111100000000000000000000000000000001111110000000000000000000000011111000000000000000000011111100000000000000,0,0
2591,4,TypeC,30400,000001111110000000000000000000000000000000000000000000000001111100000000000000000000000000000001111110000000000000000000000011111000000000000000000011111100000000000000,0,0
2592,0,TypeA,56100,000000111111111100000000000000000000000000111111111000000000000000000000000000000000000000000111111111100000000000000000000000001111111110000000000011111111110000000000,1,0
2593,1,TypeB,32800,000000000000000000000000000000000000001111100000000000000000111110000000000000111111110000000000000111111100000000000000000000000000111111000000000000000000000000000000,1,0
2594,2,TypeB,32800,000000000000000000000000000000000000001111100000000000000000111110000000000000111111110000000000000111111100000000000000000000000000111111000000000000000000000000000000,1,0
2595,3,TypeC,33000,000000000000000000000000000000000000000000000000000000000000111110000000000000000000011111000000000000000111110000000000000000000000111111000000000011111100000000000000,1,0
2596,4,TypeC,33000,000000000000000000000000000000000000000000000000000000000000111110000000000000000000011111000000000000000111110000000000000000000000111111000000000011111100000000000000,1,0
2597,0,TypeA,57000,000000000000000000000001111111111000000000000000000000001111111110000000000000000000000000000111111111100000000000000000000011111111110000000000000001111111110000000000,0,0
2598,1,TypeB,34800,000000000000000000000000111111110000000000000000000000000000011110000000000000111111110000000000000111111100000000000000000000000000000000000000000000001111110000000000,0,0
2599,2,TypeB,34800,000000000000000000000000111111110000000000000000000000000000011110000000000000111111110000000000000111111100000000000000000000000000000000000000000000001111110000000000,0,0
2600,3,TypeC,32500,000000000000000000000111111000000000000000000000000000000000000000000000011111100000000000000000000000000111110000000000000000000000111110000000000000001111110000000000,0,0
2601,4,TypeC,32500,000000000000000000000111111000000000000000000000000000000000000000000000011111100000000000000000000000000111110000000000000000000000111110000000000000001111110000000000,0,0
2602,0,TypeA,56700,000000000000001111111111000000000000000000111111111000000000000000000000000000000000000000000111111111100000000000000000000000001111111110000000000011111111110000000000,1,0
2603,1,TypeB,34400,000000000000001111100000000000000000000000000000000000000000011110000000000000111111110000000000000111111100000000000000000000000000111111110000000000000000000000000000,1,0
2604,2,TypeB,34400,000000000000001111100000000000000000000000000000000000000000011110000000000000111111110000000000000111111100000000000000000000000000111111110000000000000000000000000000,1,0
2605,3,TypeC,27500,000000000000000000000111111000000000000000000000000000000000000000000000011111100000000000011111000000000000000000000000000000000000111110000000000011110000000000000000,1,0
2606,4,TypeC,27500,000000000000000000000111111000000000000000000000000000000000000000000000011111100000000000011111000000000000000000000000000000000000111110000000000011110000000000000000,1,0
2607,0,TypeA,55800,000000011111111110000000000000000000000000111111111000000000000000000000000000000000000000000111111111100000000000000000000000000000111111111100000000000000011111111100,1,0
2608,1,TypeB,30500,000000000000001111100000000000000000000000000000000000000000011110000000000000111111110000000000000111111100000000000000000000000000111110000000000000000000000000000000,1,0
2609,2,TypeB,30500,000000000000001111100000000000000000000000000000000000000000011110000000000000111111110000000000000111111100000000000000000000000000111110000000000000000000000000000000,1,0
2610,3,TypeC,27800,000001111000000000000000000000000000000000000000000000000000000000000000011111100000000000011111000000000000000000000000000000000000111110000000000011111100000000000000,1,0
2611,4,TypeC,27800,000001111000000000000000000000000000000000000000000000000000000000000000011111100000000000011111000000000000000000000000000000000000111110000000000011111100000000000000,1,0
2612,0,TypeA,50100,000000000000000000000000000000000000000000111111111000000000000000000000000000000000011111111100000000000111111110000000000000001111111110000000000011111111110000000000,1,0
2613,1,TypeB,32200,000000000000000000111111100000000000000000000000000000000000111110000000000000111111110000000000000111111100000000000000000000000000011110000000000000000000000000000000,0,0
2614,2,TypeB,32200,000000000000000000111111100000000000000000000000000000000000111110000000000000111111110000000000000111111100000000000000000000000000011110000000000000000000000000000000,0,0
2615,3,TypeC,31900,000000000000000000000000000000000000000000000000000000000000111110000000000000000000011111000000000000000111110000000000000000001111110000000000000000000000011110000000,1,0
2616,4,TypeC,31900,000000000000000000000000000000000000000000000000000000000000111110000000000000000000011111000000000000000111110000000000000000001111110000000000000000000000011110000000,1,0
2617,0,TypeA,48000,000000000000000000000000000000000000000000000000000000001111111110000000000000000000011111111100000000000111111110000000000000001111111110000000000011111111110000000000,0,0
2618,1,TypeB,35000,000000000000111111100000000000011111111000000000000000000000111110000000000000111111110000000000000111111100000000000000000000000000000000000000000000000000000000000000,1,0
2619,2,TypeB,35000,000000000000111111100000000000011111111000000000000000000000111110000000000000111111110000000000000111111100000000000000000000000000000000000000000000000000000000000000,1,0
2620,3,TypeC,27800,000000000000000000000000000000000000000000000000000000000000000000000000011111100000000000011111000000000000000000000000000000001111110000000000000111000000000011111100,0,0
2621,4,TypeC,27800,000000000000000000000000000000000000000000000000000000000000000000000000011111100000000000011111000000000000000000000000000000001111110000000000000111000000000011111100,0,0
2622,1,TypeB,34200,000000000000000000000000111111110000000000000000000000000001111110000000000000111111110000000000000111111100000000000000000000000000011110000000000000000000000000000000,1,0
2623,2,TypeB,34200,000000000000000000000000111111110000000000000000000000000001111110000000000000111111110000000000000111111100000000000000000000000000011110000000000000000000000000000000,1,0
2624,3,TypeC,29000,000000000000000000000000000000000000000000000000001111110000000000000000011111100000000000000000000000000111110000000000000000001111110000000000000011100000000000000000,0,0
2625,4,TypeC,29000,000000000000000000000000000000000000000000000000001111110000000000000000011111100000000000000000000000000111110000000000000000001111110000000000000011100000000000000000,0,0
2626,0,TypeA,49600,000000001111111110000000000000000000000000000000000000011111111110000000000000000000011111111100000000000000000000000000000000000000011111111100000000000000011111111100,0,0
2627,1,TypeB,32200,000000000000000011111111000000000000000000000000000000000000011110000000000000111111110000000000000111111100000000000000000000000000011110000000000000000000000000000000,1,0
2628,2,TypeB,32200,000000000000000011111111000000000000000000000000000000000000011110000000000000111111110000000000000111111100000000000000000000000000011110000000000000000000000000000000,1,0
2629,3,TypeC,27000,000000000000000000000000000000011100000000000000000000000000000000000000011111100000000000011111000000000000000000000000000000001111110000000000000000000000011110000000,0,0
2630,4,TypeC,27000,000000000000000000000000000000011100000000000000000000000000000000000000011111100000000000011111000000000000000000000000000000001111110000000000000000000000011110000000,0,0
2631,0,TypeA,52100,000000000000000011111111100000000000000000000000000000011111111110000000000000000000000000000000000000111111111100000000000000000000011111111100000000000000011111111100,1,0
2632,1,TypeB,32200,000000000000000000000000000000011111111000000000000000000000011110000000000000111111110000000000000111111100000000000000000000000000000000000000000000000000011110000000,1,0
2633,2,TypeB,32200,000000000000000000000000000000011111111000000000000000000000011110000000000000111111110000000000000111111100000000000000000000000000000000000000000000000000011110000000,1,0
2634,3,TypeC,27100,000001110000000000000000000000000000000000000000000000000000011110000000000000000000011111000000000000000000000000000000000000001111110000000000000000000000011110000000,1,0
2635,4,TypeC,27100,000001110000000000000000000000000000000000000000000000000000011110000000000000000000011111000000000000000000000000000000000000001111110000000000000000000000011110000000,1,0
2636,0,TypeA,51900,000000011111111110000000000000000000000000000000000000011111111100000000000000000000000000000000000000111111111100000000000000000000111111111100000000000000011111111100,1,1
2637,1,TypeB,34000,000000000000111111100000000000011111111000000000000000000000011110000000000000111111110000000000000111111100000000000000000000000000000000000000000000000000000000000000,1,0
2638,2,TypeB,34000,000000000000111111100000000000011111111000000000000000000000011110000000000000111111110000000000000111111100000000000000000000000000000000000000000000000000000000000000,1,0
2639,3,TypeC,28100,000000000000000000000000000000000000000000000000000000000000011100000000000000000000011111000000000000000111110000000000000000000000000011111100000000000000011110000000,1,0
2640,4,TypeC,28100,000000000000000000000000000000000000000000000000000000000000011100000000000000000000011111000000000000000111110000000000000000000000000011111100000000000000011110000000,1,0
2641,0,TypeA,54000,000000111111111100000000000000000000000000111111111000000000000000000000000000000000000000000000000000111111111100000000000000001111111110000000000011111111110000000000,1,0
2642,1,TypeB,37000,000000011111111000000000000000011111111000000000000000000001111110000000000000111111110000000000000111111100000000000000000000000000000000000000000000000000000000000000,0,0
2643,2,TypeB,37000,000000011111111000000000000000011111111000000000000000000001111110000000000000111111110000000000000111111100000000000000000000000000000000000000000000000000000000000000,0,0
2644,3,TypeC,29200,000000000000000000000000000000000000000000000000000000000000011100000000000000000000011111000000000000000111110000000000000000000000000011111100000000000000000011111100,0,0
2645,4,TypeC,29200,000000000000000000000000000000000000000000000000000000000000011100000000000000000000011111000000000000000111110000000000000000000000000011111100000000000000000011111100,0,0
2646,0,TypeA,55000,000000000000000000000001111111111000000000000000000000011111111110000000000000000000000000000000000000111111111100000000000000001111111111000000000001111111110000000000,0,0
2647,1,TypeB,36000,000000000000111111100000000000000000000000111111110000000001111110000000000000111111110000000000000111111100000000000000000000000000000000000000000000000000000000000000,1,0
2648,2,TypeB,36000,000000000000111111100000000000000000000000111111110000000001111110000000000000111111110000000000000111111100000000000000000000000000000000000000000000000000000000000000,1,0
2649,3,TypeC,29800,000000000000000000000111111000000000000000000000000000000000000000000000011111100000000000011111000000000000000000000000000000001111110000000000000001111100000000000000,0,0
2650,4,TypeC,29800,000000000000000000000111111000000000000000000000000000000000000000000000011111100000000000011111000000000000000000000000000000001111110000000000000001111100000000000000,0,0
2651,1,TypeB,35000,000000000000111111100000000000001111111000000000000000000001111110000000000000111111110000000000000111111100000000000000000000000000000000000000000000000000000000000000,0,0
2652,2,TypeB,35000,000000000000111111100000000000001111111000000000000000000001111110000000000000111111110000000000000111111100000000000000000000000000000000000000000000000000000000000000,0,0
2653,3,TypeC,31100,000000000000000000000000000000000000001111100000000000000000000000000000011111100000000000000000000000000111110000000000000000001111110000000000000000000000011110000000,1,0
2654,4,TypeC,31100,000000000000000000000000000000000000001111100000000000000000000000000000011111100000000000000000000000000111110000000000000000001111110000000000000000000000011110000000,1,0
2655,0,TypeA,55800,000000000000000111111111100000000000000000111111111000000000000000000000000000000000000000000000000000111111111100000000000001111111110000000000000011111111110000000000,0,0
2656,1,TypeB,34200,000000000000000011111111000000000000000000000000000000000001111110000000000000111111110000000000000111111100000000000000000000000000011110000000000000000000000000000000,1,0
2657,2,TypeB,34200,000000000000000011111111000000000000000000000000000000000001111110000000000000111111110000000000000111111100000000000000000000000000011110000000000000000000000000000000,1,0
2658,3,TypeC,31800,000000000000000000000111111000000000000000000000000000000000000000000000011111100000000000000001111110000000000000000000000000001111110000000000000011111100000000000000,0,0
2659,4,TypeC,31800,000000000000000000000111111000000000000000000000000000000000000000000000011111100000000000000001111110000000000000000000000000001111110000000000000011111100000000000000,0,0
2660,0,TypeA,51900,000000011111111110000000000000000000000000000000000000011111111110000000000000000000011111111100000000000000000000000000000000001111111110000000000011111111110000000000,1,0
2661,1,TypeB,36000,000000000000111111100000000000011111111000000000000000000001111110000000000000111111110000000000000111111100000000000000000000000000000000000000000000000000000000000000,1,0
2662,2,TypeB,36000,000000000000111111100000000000011111111000000000000000000001111110000000000000111111110000000000000111111100000000000000000000000000000000000000000000000000000000000000,1,0
2663,3,TypeC,29300,000000000000000000000000000000000000000000000000000000000000011100000000000000000000011111000000000000000111110000000000000000001111110000000000000000000000011110000000,1,0
2664,4,TypeC,29300,000000000000000000000000000000000000000000000000000000000000011100000000000000000000011111000000000000000111110000000000000000001111110000000000000000000000011110000000,1,0
2665,1,TypeB,39400,000000000000111111100000000000001111111000000000000000000000000000000000000000111111110000000000000111111100000000000000000000000000000000000000000000001111111100000000,0,0
2666,2,TypeB,39400,000000000000111111100000000000001111111000000000000000000000000000000000000000111111110000000000000111111100000000000000000000000000000000000000000000001111111100000000,0,0
2667,3,TypeC,29100,000001111110000000000000000000000000000000000000000000000000000000000000011111100000000000011111000000000000000000000000000000000000000011111100000000000000011110000000,1,0
2668,4,TypeC,29100,000001111110000000000000000000000000000000000000000000000000000000000000011111100000000000011111000000000000000000000000000000000000000011111100000000000000011110000000,1,0
2669,0,TypeA,49000,000000011111111110000000000000000000000000000000000000000000000000000000000000000000011111111100000000000111111110000000000000001111111111000000000001111111110000000000,0,0
2670,1,TypeB,38800,000000000000000000000000000000011111111000000000011111111000000000000000000000111111110000000000000111111100000000000000000000000000111111000000000000000000000000000000,1,0
2671,2,TypeB,38800,000000000000000000000000000000011111111000000000011111111000000000000000000000111111110000000000000111111100000000000000000000000000111111000000000000000000000000000000,1,0
2672,3,TypeC,31800,000001111110000000000000000000000000000000000000000000000000000000000000011111100000000000000000000000000111110000000000000000000000111111000000000000000000011110000000,1,0
2673,4,TypeC,31800,000001111110000000000000000000000000000000000000000000000000000000000000011111100000000000000000000000000111110000000000000000000000111111000000000000000000011110000000,1,0
2674,0,TypeA,48300,000000000000000000000000000000000000000000000000000000011111111110000000000000000000011111111100000000000111111110000000000000000000011111111100000000000000011111111100,1,0
2675,1,TypeB,40400,000000000000000000111111100000000000000000000000011111111000000000000000000000111111110000000000000111111100000000000000000000000000000000000000000000001111111100000000,0,0
2676,2,TypeB,40400,000000000000000000111111100000000000000000000000011111111000000000000000000000111111110000000000000111111100000000000000000000000000000000000000000000001111111100000000,0,0
2677,3,TypeC,26900,000001110000000000000000000000000000000000000000000000000000011100000000000000000000011111000000000000000000000000000000000000001111110000000000000011111100000000000000,1,0
2678,4,TypeC,26900,000001110000000000000000000000000000000000000000000000000000011100000000000000000000011111000000000000000000000000000000000000001111110000000000000011111100000000000000,1,0
2679,1,TypeB,36200,000000000000000000000000111111110000000000111111110000000000000000000000000000111111110000000000000111111100000000000000000000000000000000000000000000000000011110000000,1,0
2680,2,TypeB,36200,000000000000000000000000111111110000000000111111110000000000000000000000000000111111110000000000000111111100000000000000000000000000000000000000000000000000011110000000,1,0
2681,3,TypeC,31800,000001111110000000000000000000000000000000000000000000000000000000000000011111100000000000000000000000000111110000000000000000001111110000000000000000000000011110000000,1,0
2682,4,TypeC,31800,000001111110000000000000000000000000000000000000000000000000000000000000011111100000000000000000000000000111110000000000000000001111110000000000000000000000011110000000,1,0
2683,1,TypeB,35200,000000000000000000111111100000000000000000111111110000000000000000000000000000111111110000000000000111111100000000000000000000000000011110000000000000000000000000000000,0,0
2684,2,TypeB,35200,000000000000000000111111100000000000000000111111110000000000000000000000000000111111110000000000000111111100000000000000000000000000011110000000000000000000000000000000,0,0
2685,3,TypeC,31800,000001111110000000000000000000000000000000000000000000000000111100000000000000000000011111000000000000000000000000000000000000001111110000000000000011111100000000000000,1,0
2686,4,TypeC,31800,000001111110000000000000000000000000000000000000000000000000111100000000000000000000011111000000000000000000000000000000000000001111110000000000000011111100000000000000,1,0
2687,0,TypeA,47000,000000001111111110000000000000000000000000000000000000000000000000000000000000000000011111111100000000000111111110000000000000000000011111111100000000000000011111111100,0,0
2688,1,TypeB,32200,000000000000000111100000000000011111111000000000000000000000000000000000000000111111110000000000000111111100000000000000000000000000011110000000000000000000000000000000,0,0
2689,2,TypeB,32200,000000000000000111100000000000011111111000000000000000000000000000000000000000111111110000000000000111111100000000000000000000000000011110000000000000000000000000000000,0,0
2690,3,TypeC,27200,000000000000000011100000000000000000000000000000000000000000011100000000000000000000011111000000000000000000000000000000000000001111110000000000000000000000000011111100,0,0
2691,4,TypeC,27200,000000000000000011100000000000000000000000000000000000000000011100000000000000000000011111000000000000000000000000000000000000001111110000000000000000000000000011111100,0,0
2692,0,TypeA,48600,000001111111111000000000000000000000000000000000000000000000000000000000000000000000011111111100000000000111111110000000000000001111111110000000000001111111110000000000,0,0
2693,1,TypeB,39100,000000000000111111100000000000011111111000000000000000000000000000000000000000111111110000000000000111111100000000000000000000000000011111110000000000000000000000000000,1,0
2694,2,TypeB,39100,000000000000111111100000000000011111111000000000000000000000000000000000000000111111110000000000000111111100000000000000000000000000011111110000000000000000000000000000,1,0
2695,3,TypeC,32900,000001111110000000000000000000000000000000000000000000000000000000000000011111100000000000000000000000000111110000000000000000001111110000000000000011111100000000000000,1,0
2696,4,TypeC,32900,000001111110000000000000000000000000000000000000000000000000000000000000011111100000000000000000000000000111110000000000000000001111110000000000000011111100000000000000,1,0
2697,1,TypeB,39600,000000000000000000000000000000000000000000000000011111111000000000000000000000111111110000000000000000000111111110000000000000000000111110000000000000000000011111110000,1,0
2698,2,TypeB,39600,000000000000000000000000000000000000000000000000011111111000000000000000000000111111110000000000000000000111111110000000000000000000111110000000000000000000011111110000,1,0
2699,3,TypeC,26100,000001111110000000000000000000000000000000000000000000000000011100000000000000000000011110000000000000000000011100000000000000000000111110000000000000000000000000000000,1,0
2700,4,TypeC,26100,000001111110000000000000000000000000000000000000000000000000011100000000000000000000011110000000000000000000011100000000000000000000111110000000000000000000000000000000,1,0
2701,1,TypeB,36200,000000000000111111100000000000011111111000000000000000000000000000000000000000111111110000000000000000000111111110000000000000000000011110000000000000000000000000000000,1,0
2702,2,TypeB,36200,000000000000111111100000000000011111111000000000000000000000000000000000000000111111110000000000000000000111111110000000000000000000011110000000000000000000000000000000,1,0
2703,3,TypeC,25500,000001111110000000000000000000000000000000000000000000000000000000000000011111100000000000000000000000000000011100000000000011111000000000000000000011110000000000000000,1,0
2704,4,TypeC,25500,000001111110000000000000000000000000000000000000000000000000000000000000011111100000000000000000000000000000011100000000000011111000000000000000000011110000000000000000,1,0
2705,1,TypeB,35200,000000000000111111100000000000000000000000111111110000000000000000000000000000111111110000000000000000000000011111110000000000000000011110000000000000000000000000000000,1,0
2706,2,TypeB,35200,000000000000111111100000000000000000000000111111110000000000000000000000000000111111110000000000000000000000011111110000000000000000011110000000000000000000000000000000,1,0
2707,3,TypeC,30800,000001111110000000000000000000000000000000000000000000000000111110000000000000000000011110000000000000000000000000000000000011111000000000000000000000001111110000000000,0,0
2708,4,TypeC,30800,000001111110000000000000000000000000000000000000000000000000111110000000000000000000011110000000000000000000000000000000000011111000000000000000000000001111110000000000,0,0
2709,0,TypeA,55300,000000000000000000000001111111111000000000000000000000011111111110000000000000000000000000000000000000111111111100000000000000000000111111111100000000000000011111111100,1,0
2710,1,TypeB,39100,000000000000111111100000000000000000000000000000011111111000000000000000000000111111110000000000000000000000011111110000000000000000011111110000000000000000000000000000,1,0
2711,2,TypeB,39100,000000000000111111100000000000000000000000000000011111111000000000000000000000111111110000000000000000000000011111110000000000000000011111110000000000000000000000000000,1,0
2712,3,TypeC,27900,000001111110000000000000000000000000000000000000000000000000011111100000000000000000011110000000000000000000011100000000000011111000000000000000000000000000000000000000,1,0
2713,4,TypeC,27900,000001111110000000000000000000000000000000000000000000000000011111100000000000000000011110000000000000000000011100000000000011111000000000000000000000000000000000000000,1,0
2714,1,TypeB,36200,000000000000000000111111100000000000000000000000011111111000000000000000000000111111110000000000000000000111111110000000000000000000011110000000000000000000000000000000,0,0
2715,2,TypeB,36200,000000000000000000111111100000000000000000000000011111111000000000000000000000111111110000000000000000000111111110000000000000000000011110000000000000000000000000000000,0,0
2716,3,TypeC,31800,000001111110000000000000000000000000000000000000000000000000011111100000000000000000011110000000000000000000000000000000000011111000000000000000000000000001111110000000,1,0
2717,4,TypeC,31800,000001111110000000000000000000000000000000000000000000000000011111100000000000000000011110000000000000000000000000000000000011111000000000000000000000000001111110000000,1,0
2718,1,TypeB,32800,000000000000000000000000000000000000001111100000000000000000011110000000000000111111110000000000000000000111111110000000000000000000000000000000000000000001111110000000,1,0
2719,2,TypeB,32800,000000000000000000000000000000000000001111100000000000000000011110000000000000111111110000000000000000000111111110000000000000000000000000000000000000000001111110000000,1,0
2720,3,TypeC,30200,000000000000000000000111111000000000000000000000000000000000011110000000000000000000011111000000000000000000000000000000000011111000000000000000000000000001111110000000,1,0
2721,4,TypeC,30200,000000000000000000000111111000000000000000000000000000000000011110000000000000000000011111000000000000000000000000000000000011111000000000000000000000000001111110000000,1,0
2722,0,TypeA,56500,000000000000000011111111100000000000000000000000000000011111111110000000000000000000000000000111111111100000000000000000000000011111111110000000000011111111110000000000,1,0
2723,1,TypeB,37100,000000000000000000000000000000000000000000000000000000001111111100000000011111100000000000000111111100000000011111110000000000011111110000000000000000000000000000000000,1,0
2724,2,TypeB,37100,000000000000000000000000000000000000000000000000000000001111111100000000011111100000000000000111111100000000011111110000000000011111110000000000000000000000000000000000,1,0
2725,3,TypeC,27200,000001110000000000000111111000000000001111100000000000000000000000000000011111100000000000000000000000000000000000000000000000000000000011111100000000000000000000000000,1,0
2726,4,TypeC,27200,000001110000000000000111111000000000001111100000000000000000000000000000011111100000000000000000000000000000000000000000000000000000000011111100000000000000000000000000,1,0
2727,0,TypeA,56500,000001111111111000000000000000000000000000000000000000001111111110000000000000000000000000000111111111100000000000000000000011111111110000000000000011111111110000000000,0,0
2728,1,TypeB,33200,000000000000000000000000000000000000000000000000000000001111111100000000011111100000000000000111111100000000011111110000000000000000011110000000000000000000000000000000,1,0
2729,2,TypeB,33200,000000000000000000000000000000000000000000000000000000001111111100000000011111100000000000000111111100000000011111110000000000000000011110000000000000000000000000000000,1,0
2730,3,TypeC,27500,000001111000000000000111111000000000000000000000000000000000000000000000011111100000000000000000000000000000000000000000000000001111110000000000000011110000000000000000,1,0
2731,4,TypeC,27500,000001111000000000000111111000000000000000000000000000000000000000000000011111100000000000000000000000000000000000000000000000001111110000000000000011110000000000000000,1,0
2732,1,TypeB,33000,000000000000001111100000000000000000000000000000011111111000000000000000011111100000000000000111111100000000011111110000000000000000000000000000000000000000000000000000,1,0
2733,2,TypeB,33000,000000000000001111100000000000000000000000000000011111111000000000000000011111100000000000000111111100000000011111110000000000000000000000000000000000000000000000000000,1,0
2734,3,TypeC,26500,000001110000000000000111111000000000000000000000000000000000000000000000011111100000000000000000000000000000000000000000000000001111110000000000000011110000000000000000,1,0
2735,4,TypeC,26500,000001110000000000000111111000000000000000000000000000000000000000000000011111100000000000000000000000000000000000000000000000001111110000000000000011110000000000000000,1,0
2736,0,TypeA,55500,000000000000000000000000111111111100000000000000000000011111111110000000000000000000000000000111111111100000000000000000000000001111111110000000000000000000011111111100,1,0
2737,1,TypeB,36000,000000000000000000000000000000011111111000000000011111111000000000000000011111100000000000000111111100000000011111110000000000000000000000000000000000000000000000000000,1,0
2738,2,TypeB,36000,000000000000000000000000000000011111111000000000011111111000000000000000011111100000000000000111111100000000011111110000000000000000000000000000000000000000000000000000,1,0
2739,3,TypeC,31300,000001111000000000000111111000000000000000000000000000000000000000000000011111100000000000000000000000000000000000000000000000001111110000000000000000000001111110000000,1,0
2740,4,TypeC,31300,000001111000000000000111111000000000000000000000000000000000000000000000011111100000000000000000000000000000000000000000000000001111110000000000000000000001111110000000,1,0
2741,1,TypeB,35200,000000000000000000000000001111111100000000000000001111111000000000000000000000111111110000000000000000000000011111110000000000000000011110000000000000000000000000000000,0,0
2742,2,TypeB,35200,000000000000000000000000001111111100000000000000001111111000000000000000000000111111110000000000000000000000011111110000000000000000011110000000000000000000000000000000,0,0
2743,3,TypeC,33900,000001111110000000000111111000000000000000000000000000000000000000000000011111100000000000000000000000000000000000000000000000001111110000000000000000000001111110000000,1,0
2744,4,TypeC,33900,000001111110000000000111111000000000000000000000000000000000000000000000011111100000000000000000000000000000000000000000000000001111110000000000000000000001111110000000,1,0
2745,0,TypeA,51600,000000011111111110000000000000000000000000000000000000001111111110000000000000000000000000000000000000111111111100000000000000001111111110000000000011111111110000000000,0,0
2746,1,TypeB,35200,000000000000000000111111100000000000000000000000011111111000000000000000000000000011111111000000000000000000011111110000000000000000011110000000000000000000000000000000,0,0
2747,2,TypeB,35200,000000000000000000111111100000000000000000000000011111111000000000000000000000000011111111000000000000000000011111110000000000000000011110000000000000000000000000000000,0,0
2748,3,TypeC,31500,000000111110000000000000000000000000001111100000000000001111110000000000000000000000011111000000000000000000000000000000000000000000000011111100000000000000000000000000,0,0
2749,4,TypeC,31500,000000111110000000000000000000000000001111100000000000001111110000000000000000000000011111000000000000000000000000000000000000000000000011111100000000000000000000000000,0,0
2750,1,TypeB,37600,000000000000000000000000000000000000000000000000011111110000000000000000000000111111110000000000000000000000011111110000000000000000011110000000000000000111111110000000,1,0
2751,2,TypeB,37600,000000000000000000000000000000000000000000000000011111110000000000000000000000111111110000000000000000000000011111110000000000000000011110000000000000000111111110000000,1,0
2752,3,TypeC,31800,000000000000000000000000000000000000001111100000000000000000011111100000000000000000011111000000000000000000000000000000000000000000011111000000000011111100000000000000,1,0
2753,4,TypeC,31800,000000000000000000000000000000000000001111100000000000000000011111100000000000000000011111000000000000000000000000000000000000000000011111000000000011111100000000000000,1,0
2754,0,TypeA,55000,000000000000000000000000111111111100000000000000000000011111111110000000000000000000000000000000000000111111111100000000000000000000111111111100000000000000011111111100,1,0
2755,1,TypeB,36200,000000000000001111111100000000000000000000000000011111110000000000000000000000111111110000000000000000000111111110000000000000000000011110000000000000000000000000000000,1,0
2756,2,TypeB,36200,000000000000001111111100000000000000000000000000011111110000000000000000000000111111110000000000000000000111111110000000000000000000011110000000000000000000000000000000,1,0
2757,0,TypeA,51600,000000011111111110000000000000000000000000000000000000001111111110000000000000000000000000000000000000111111111100000000000000000000111111111100000000000000011111111100,0,0
2758,1,TypeB,35000,000000000000000111100000000000001111111000000000011111111000000000000000000000111111110000000000000000000111111110000000000000000000000000000000000000000000000000000000,0,0
2759,2,TypeB,35000,000000000000000111100000000000001111111000000000011111111000000000000000000000111111110000000000000000000111111110000000000000000000000000000000000000000000000000000000,0,0
2760,3,TypeC,27500,000000000000000111100000000000000000000000000000000000000000000000000000000000000000011111000000000000000000011110000000000000000000000011111100000000000000011110000000,0,0
2761,4,TypeC,27500,000000000000000111100000000000000000000000000000000000000000000000000000000000000000011111000000000000000000011110000000000000000000000011111100000000000000011110000000,0,0
2762,1,TypeB,35000,000000000000000111100000000000011111111000000000011111111000000000000000000000111111110000000000000000000000011111110000000000000000000000000000000000000000000000000000,0,0
2763,2,TypeB,35000,000000000000000111100000000000011111111000000000011111111000000000000000000000111111110000000000000000000000011111110000000000000000000000000000000000000000000000000000,0,0
2764,3,TypeC,24000,000000111110000000000000111000000000000000000000000000000000000000000000000000000000011111000000000000000000000000000000000001111000000000000000000000000000011110000000,0,0
2765,4,TypeC,24000,000000111110000000000000111000000000000000000000000000000000000000000000000000000000011111000000000000000000000000000000000001111000000000000000000000000000011110000000,0,0
2766,0,TypeA,50700,000000000000000000000000000000000111111111100000000000011111111110000000000000000000000000000000000000111111111100000000000000001111111110000000000000000000011111111100,1,0
2767,1,TypeB,36300,000000000000000000000000000000000000000000000000011111110000000000000000000000000011111111000000000000000000011111110000000000000000011110000000000000000000011111110000,0,0
2768,2,TypeB,36300,000000000000000000000000000000000000000000000000011111110000000000000000000000000011111111000000000000000000011111110000000000000000011110000000000000000000011111110000,0,0
2769,3,TypeC,28500,000000000000000000000001111000000000001111100000000000000000011111100000000000000000011111000000000000000000000000000000000000000000011110000000000000000000000000000000,1,0
2770,4,TypeC,28500,000000000000000000000001111000000000001111100000000000000000011111100000000000000000011111000000000000000000000000000000000000000000011110000000000000000000000000000000,1,0
2771,0,TypeA,54000,000000011111111100000000000000000000000000111111111000000000000000000000000000000000000000000000000000111111111100000000000000011111111110000000000011111111110000000000,0,0
2772,1,TypeB,37100,000000000011111100000000000000000000000000000000011111110000000000000000000000111111110000000000000000000000011111110000000000011111110000000000000000000000000000000000,0,0
2773,2,TypeB,37100,000000000011111100000000000000000000000000000000011111110000000000000000000000111111110000000000000000000000011111110000000000011111110000000000000000000000000000000000,0,0
2774,3,TypeC,27200,000000000000001111100000000000000000000000000000000000000000011111100000000000000000011111000000000000000000011100000000000001111000000000000000000000000000000000000000,0,0
2775,4,TypeC,27200,000000000000001111100000000000000000000000000000000000000000011111100000000000000000011111000000000000000000011100000000000001111000000000000000000000000000000000000000,0,0
2776,0,TypeA,51900,000000011111111110000000000000000000000000000000000000011111111110000000000000000000000000000000000000111111111100000000000000000000011111111100000000000000011111111100,1,0
2777,1,TypeB,37800,000000000000000000111111100000000000000000000000011111111000000000000000000000111111110000000000000000000000011111110000000000000000000000000000000000000001111110000000,0,0
2778,2,TypeB,37800,000000000000000000111111100000000000000000000000011111111000000000000000000000111111110000000000000000000000011111110000000000000000000000000000000000000001111110000000,0,0
2779,3,TypeC,30500,000000000000000000000000000000011100000000000000000000000000011111100000000000000000011111000000000000000000000000000000000000000000000011111100000000001111110000000000,0,0
2780,4,TypeC,30500,000000000000000000000000000000011100000000000000000000000000011111100000000000000000011111000000000000000000000000000000000000000000000011111100000000001111110000000000,0,0
2781,0,TypeA,53900,000000000000000011111111100000000000000000000000000000011111111110000000000000000000000000000111111111100000000000000000000000001111111110000000000001111111110000000000,0,0
2782,1,TypeB,35200,000000000000001111111100000000000000000000000000001111111000000000000000000000000011111111000000000000000000011111110000000000000000011110000000000000000000000000000000,0,0
2783,2,TypeB,35200,000000000000001111111100000000000000000000000000001111111000000000000000000000000011111111000000000000000000011111110000000000000000011110000000000000000000000000000000,0,0
2784,3,TypeC,28000,000000000000001111100000000000000000001111100000000000000000000000000000011111100000000000011111000000000000000000000000000000000000011110000000000000000000000000000000,1,0
2785,4,TypeC,28000,000000000000001111100000000000000000001111100000000000000000000000000000011111100000000000011111000000000000000000000000000000000000011110000000000000000000000000000000,1,0
2786,0,TypeA,53500,000001111111111000000000000000000000000000000000000000011111111110000000000000000000000000000000000000111111111100000000000000000000111111111100000000000000011111111100,1,0
2787,1,TypeB,37200,000000000000000000000000000000011111111000000000011111111000000000000000000000111111110000000000000000000111111110000000000000000000011110000000000000000000000000000000,1,0
2788,2,TypeB,37200,000000000000000000000000000000011111111000000000011111111000000000000000000000111111110000000000000000000111111110000000000000000000011110000000000000000000000000000000,1,0
2789,3,TypeC,31900,000000000000000000000111111000000000000000000000000000000000011111100000000000000000011111000000000000000000000000000000000000000000011111000000000000000000000011111100,0,0
2790,4,TypeC,31900,000000000000000000000111111000000000000000000000000000000000011111100000000000000000011111000000000000000000000000000000000000000000011111000000000000000000000011111100,0,0
2791,0,TypeA,48400,000000000000000000000000000000000111111111100000000000001111111110000000000000000000011111111100000000000000000000000000000000001111111110000000000000000000011111111100,0,0
2792,1,TypeB,35200,000000000011111110000000000000000000000000000000011111111000000000000000000000111111110000000000000000000000011111110000000000000000011110000000000000000000000000000000,1,0
2793,2,TypeB,35200,000000000011111110000000000000000000000000000000011111111000000000000000000000111111110000000000000000000000011111110000000000000000011110000000000000000000000000000000,1,0
2794,3,TypeC,28800,000000000000000000000000000000000000000000000000000000000000011111100000000000000000011111000000000000000000011100000000000000000000011110000000000011111100000000000000,1,0
2795,4,TypeC,28800,000000000000000000000000000000000000000000000000000000000000011111100000000000000000011111000000000000000000011100000000000000000000011110000000000011111100000000000000,1,0
2796,0,TypeA,52700,000000011111111100000000000000000000000000111111111000000000000000000000000000000000000000000000000000111111111100000000000000001111111110000000000011111111110000000000,0,0
2797,1,TypeB,39000,000000000000001111111100000000011111111000000000011111111000000000000000000000111111110000000000000000000000011111110000000000000000000000000000000000000000000000000000,1,0
2798,2,TypeB,39000,000000000000001111111100000000011111111000000000011111111000000000000000000000111111110000000000000000000000011111110000000000000000000000000000000000000000000000000000,1,0
2799,3,TypeC,30300,000001111110000000000111111000000000000000000000000000000000000000000000000000000000011111000000000000000000000000000000000000000000011110000000000011111100000000000000,1,0
2800,4,TypeC,30300,000001111110000000000111111000000000000000000000000000000000000000000000000000000000011111000000000000000000000000000000000000000000011110000000000011111100000000000000,1,0
2801,0,TypeA,51400,000000001111111110000000000000000000000000111111111000000000000000000000000000000000011111111100000000000000000000000000000000000000111111111100000000000000011111111100,0,0
2802,1,TypeB,36300,000000000000000000000000000000000000000000000000011111110000000000000000000000111111110000000000000000000000011111110000000000000000011110000000000000000000011111110000,1,0
2803,2,TypeB,36300,000000000000000000000000000000000000000000000000011111110000000000000000000000111111110000000000000000000000011111110000000000000000011110000000000000000000011111110000,1,0
2804,1,TypeB,35200,000000000000000000000000000000011111111000000000000000000000000000000000011111111000000000000111111100000000011111110000000000000000011110000000000000000000000000000000,1,0
2805,2,TypeB,35200,000000000000000000000000000000011111111000000000000000000000000000000000011111111000000000000111111100000000011111110000000000000000011110000000000000000000000000000000,1,0
2806,3,TypeC,27900,000000000000000000000000000000000000000000000000000000000000011111100000000000000000011111000000000000000000000000000000000000000000011110000000000111000000000011111100,0,0
2807,4,TypeC,27900,000000000000000000000000000000000000000000000000000000000000011111100000000000000000011111000000000000000000000000000000000000000000011110000000000111000000000011111100,0,0
2808,0,TypeA,53600,000000000000000111111111100000000000000000111111111000000000000000000000000000000000000000000000000000111111111100000000000000001111111110000000000001111111110000000000,0,0
2809,1,TypeB,35300,000000000000000000000000000000000000000000000000000000000000000000000000011111100000000011111111000000000000011111110000000000000000011110000000000000000000011111110000,1,0
2810,2,TypeB,35300,000000000000000000000000000000000000000000000000000000000000000000000000011111100000000011111111000000000000011111110000000000000000011110000000000000000000011111110000,1,0
2811,3,TypeC,28800,000000000000000000000111111000000000000000000000000000000000000000000000000000000000011111000000000000000000011100000000000000000000011110000000000000001111110000000000,0,0
2812,4,TypeC,28800,000000000000000000000111111000000000000000000000000000000000000000000000000000000000011111000000000000000000011100000000000000000000011110000000000000001111110000000000,0,0
2813,1,TypeB,34200,000000000000111111100000000000000000000000000000001111111000000000000000000000111111110000000000000000000000011111110000000000000000011110000000000000000000000000000000,0,0
2814,2,TypeB,34200,000000000000111111100000000000000000000000000000001111111000000000000000000000111111110000000000000000000000011111110000000000000000011110000000000000000000000000000000,0,0
2815,0,TypeA,49300,000000001111111110000000000000000000000000000000000000001111111110000000000000000000000000000000000000111111111100000000000000000000011111111100000000000000011111111100,0,0
2816,1,TypeB,38600,000000000000000000000000000000000000000000000000011111111000000000000000000000111111110000000000000000000000011111110000000000000000011110000000000011111111000000000000,1,0
2817,2,TypeB,38600,000000000000000000000000000000000000000000000000011111111000000000000000000000111111110000000000000000000000011111110000000000000000011110000000000011111111000000000000,1,0
2818,0,TypeA,51000,000000000000000000000000000000000000000000111111111000000000000000000000000000000000011111111100000000000111111110000000000011111111110000000000000001111111110000000000,0,0
2819,1,TypeB,36300,000000000000000000111111100000000000000000000000000000000000000000000000000000111111110000000000000000000000011111110000000000000000011110000000000000011111110000000000,0,0
2820,2,TypeB,36300,000000000000000000111111100000000000000000000000000000000000000000000000000000111111110000000000000000000000011111110000000000000000011110000000000000011111110000000000,0,0
2821,1,TypeB,35200,000000000000000000000000000000011111111000000000011111110000000000000000000000111111110000000000000000000000011111110000000000000000011110000000000000000000000000000000,1,0
2822,2,TypeB,35200,000000000000000000000000000000011111111000000000011111110000000000000000000000111111110000000000000000000000011111110000000000000000011110000000000000000000000000000000,1,0
2823,3,TypeC,25600,000000000000000000000111100000000000000000000000000000000000000000000000000000000000011111000000000000000000011100000000000000000000000011111100000000000000011110000000,0,0
2824,4,TypeC,25600,000000000000000000000111100000000000000000000000000000000000000000000000000000000000011111000000000000000000011100000000000000000000000011111100000000000000011110000000,0,0
2825,1,TypeB,38600,000000000000000000000000000000000000000000000000011111111000000000000000000000111111110000000000000000000000011111110000000000000000011110000000000000000001111111100000,1,0
2826,2,TypeB,38600,000000000000000000000000000000000000000000000000011111111000000000000000000000111111110000000000000000000000011111110000000000000000011110000000000000000001111111100000,1,0
2827,3,TypeC,25200,000000000000000000000001111000000000001111100000000000000000011100000000000000000000011111000000000000000000000000000000000000000000011110000000000000000000000000000000,1,0
2828,4,TypeC,25200,000000000000000000000001111000000000001111100000000000000000011100000000000000000000011111000000000000000000000000000000000000000000011110000000000000000000000000000000,1,0
2829,0,TypeA,51200,000000111111111000000000000000000000000000000000000000011111111110000000000000000000011111111100000000000000000000000000000000000000111111111100000000000000011111111100,1,0
2830,1,TypeB,36000,000000000000001111100000000000011111111000000000011111111000000000000000000000111111110000000000000000000000011111110000000000000000000000000000000000000000000000000000,1,0
2831,2,TypeB,36000,000000000000001111100000000000011111111000000000011111111000000000000000000000111111110000000000000000000000011111110000000000000000000000000000000000000000000000000000,1,0
2832,3,TypeC,28900,000000000000000000000001111000000000000000000000000000000000011111100000000000000000011111000000000000000000000000000000000000000000011110000000000000000000000011111100,0,0
2833,4,TypeC,28900,000000000000000000000001111000000000000000000000000000000000011111100000000000000000011111000000000000000000000000000000000000000000011110000000000000000000000011111100,0,0
2834,0,TypeA,53000,000000111111111000000000000000000000000000111111111000000000000000000000000000000000000000000000000000111111111100000000000000000000111111111100000000000000011111111100,1,0
2835,1,TypeB,38600,000000000000000000000000000000000000000000000000011111111000000000000000000000111111110000000000000000000000011111110000000000000000011110000000000000001111111100000000,1,0
2836,2,TypeB,38600,000000000000000000000000000000000000000000000000011111111000000000000000000000111111110000000000000000000000011111110000000000000000011110000000000000001111111100000000,1,0
2837,1,TypeB,35200,000000000000000000000000000000001111111000000000011111111000000000000000000000111111110000000000000000000000011111110000000000000000011110000000000000000000000000000000,0,0
2838,2,TypeB,35200,000000000000000000000000000000001111111000000000011111111000000000000000000000111111110000000000000000000000011111110000000000000000011110000000000000000000000000000000,0,0
2839,3,TypeC,29000,000000000000001111100000000000000000000000000000000000000000011100000000000000000000011111000000000000000000000000000000000000000000011110000000000000000001111110000000,1,0
2840,4,TypeC,29000,000000000000001111100000000000000000000000000000000000000000011100000000000000000000011111000000000000000000000000000000000000000000011110000000000000000001111110000000,1,0
2841,1,TypeB,33200,000000000000111111100000000000000000000000000000000000000000000000000000011111100000000011111111000000000000011111110000000000000000011110000000000000000000000000000000,1,0
2842,2,TypeB,33200,000000000000111111100000000000000000000000000000000000000000000000000000011111100000000011111111000000000000011111110000000000000000011110000000000000000000000000000000,1,0
2843,3,TypeC,30000,000000000000000000000000000000000000000000000000000000000000111110000000000000000000011111000000000000000000011100000000000000000000011111000000000000000000011111100000,1,0
2844,4,TypeC,30000,000000000000000000000000000000000000000000000000000000000000111110000000000000000000011111000000000000000000011100000000000000000000011111000000000000000000011111100000,1,0
2845,0,TypeA,49300,000000000000000000000000000000000000000000000000000000011111111110000000000000000000011111111100000000000111111110000000000000000000111111111100000000000000011111111100,1,0
2846,1,TypeB,35200,000000000000000000111111100000000000000000000000011111111000000000000000000000111111110000000000000000000000011111110000000000000000011110000000000000000000000000000000,0,0
2847,2,TypeB,35200,000000000000000000111111100000000000000000000000011111111000000000000000000000111111110000000000000000000000011111110000000000000000011110000000000000000000000000000000,0,0
2848,3,TypeC,30800,000000000000000000000000000000000000001111100000000000000000011111100000000000000000011111000000000000000000000000000000000000000000000011111100000000000000011110000000,1,0
2849,4,TypeC,30800,000000000000000000000000000000000000001111100000000000000000011111100000000000000000011111000000000000000000000000000000000000000000000011111100000000000000011110000000,1,0
2850,0,TypeA,51300,000000011111111110000000000000000000000000000000000000001111111110000000000000000000000000000000000000111111111100000000000000001111111111000000000001111111110000000000,0,0
2851,1,TypeB,41400,000000001111111100000000000000000000000000000000011111111000000000000000000000111111110000000000000000000000011111110000000000000000000000000000000000000111111110000000,0,0
2852,2,TypeB,41400,000000001111111100000000000000000000000000000000011111111000000000000000000000111111110000000000000000000000011111110000000000000000000000000000000000000111111110000000,0,0
2853,3,TypeC,31400,000000000000001111100000000000000000001111100000000000000000011111100000000000000000011111000000000000000000000000000000000000000000011111000000000000000000000000000000,1,0
2854,4,TypeC,31400,000000000000001111100000000000000000001111100000000000000000011111100000000000000000011111000000000000000000000000000000000000000000011111000000000000000000000000000000,1,0
2855,0,TypeA,54000,000000000000000000000001111111110000000000000000000000011111111110000000000000000000000000000000000000111111111100000000000000000000111111111100000000000000011111111100,1,0
2856,1,TypeB,35200,000000000000111111100000000000011111111000000000000000000000000000000000000000111111110000000000000000000000011111110000000000000000011110000000000000000000000000000000,1,0
2857,2,TypeB,35200,000000000000111111100000000000011111111000000000000000000000000000000000000000111111110000000000000000000000011111110000000000000000011110000000000000000000000000000000,1,0
2858,1,TypeB,36200,000000000000000000000000000000011111111000000000011111111000000000000000000000111111110000000000000000000000011111110000000000000000011110000000000000000000000000000000,1,0
2859,2,TypeB,36200,000000000000000000000000000000011111111000000000011111111000000000000000000000111111110000000000000000000000011111110000000000000000011110000000000000000000000000000000,1,0
2860,1,TypeB,38000,000000000000111111100000000000011111111000000000011111111000000000000000000000000000000011111111000000000000011111110000000000000000000000000000000000000000000000000000,1,0
2861,2,TypeB,38000,000000000000111111100000000000011111111000000000011111111000000000000000000000000000000011111111000000000000011111110000000000000000000000000000000000000000000000000000,1,0
2862,3,TypeC,28200,000001110000000000000000000000000000000000000000000000000000111110000000000000000000011111000000000000000000000000000000000000000000011111000000000011111100000000000000,1,0
2863,4,TypeC,28200,000001110000000000000000000000000000000000000000000000000000111110000000000000000000011111000000000000000000000000000000000000000000011111000000000011111100000000000000,1,0
2864,0,TypeA,53100,000000000000000111111111100000000000000000000000000000011111111110000000000000000000000000000000000000111111111100000000000000000000011111111100000000000000011111111100,1,0
2865,1,TypeB,40400,000000000011111110000000000000011111111000000000000000000000000000000000000000111111110000000000000111111100000000000000000000000000000000000000000011111111000000000000,1,0
2866,2,TypeB,40400,000000000011111110000000000000011111111000000000000000000000000000000000000000111111110000000000000111111100000000000000000000000000000000000000000011111111000000000000,1,0
2867,3,TypeC,29300,000000000000000000000000000000011100000000000000000000000000000000000000011111100000000000011111000000000000000000000000000000001111110000000000000000001111110000000000,0,0
2868,4,TypeC,29300,000000000000000000000000000000011100000000000000000000000000000000000000011111100000000000011111000000000000000000000000000000001111110000000000000000001111110000000000,0,0
2869,0,TypeA,52900,000000011111111110000000000000000000000000000000000000011111111110000000000000000000000000000000000000111111111100000000000000000000111111111100000000000000011111111100,1,0
2870,1,TypeB,40400,000000000000000000000000000000011111111000000000000000011111110000000000000000111111110000000000000111111100000000000000000000000000111111110000000000000000000000000000,1,0
2871,2,TypeB,40400,000000000000000000000000000000011111111000000000000000011111110000000000000000111111110000000000000111111100000000000000000000000000111111110000000000000000000000000000,1,0
2872,3,TypeC,26800,000001110000000000000000000000000000000000000000000000000000000000000000011111100000000000011111000000000000000000000000000000000000111110000000000000000000000011111100,0,0
2873,4,TypeC,26800,000001110000000000000000000000000000000000000000000000000000000000000000011111100000000000011111000000000000000000000000000000000000111110000000000000000000000011111100,0,0
2874,0,TypeA,55300,000000000000000000000001111111111000000000000000000000011111111110000000000000000000000000000000000000111111111100000000000000001111111110000000000011111111110000000000,1,0
2875,1,TypeB,38100,000000000000000000000000001111111000000000000000000000011111110000000000000000111111110000000000000111111100000000000000000000000000000000000000000000011111110000000000,0,0
2876,2,TypeB,38100,000000000000000000000000001111111000000000000000000000011111110000000000000000111111110000000000000111111100000000000000000000000000000000000000000000011111110000000000,0,0
2877,3,TypeC,28700,000000000000000000000000000000000000000000000000000000000000011100000000000000000000011111000000000000000000011100000000000000001111110000000000000000000000011111100000,1,0
2878,4,TypeC,28700,000000000000000000000000000000000000000000000000000000000000011100000000000000000000011111000000000000000000011100000000000000001111110000000000000000000000011111100000,1,0
2879,1,TypeB,37000,000000000000001111111100000000011111111000000000000000000000011111100000000000111111110000000000000111111100000000000000000000000000000000000000000000000000000000000000,1,0
2880,2,TypeB,37000,000000000000001111111100000000011111111000000000000000000000011111100000000000111111110000000000000111111100000000000000000000000000000000000000000000000000000000000000,1,0
2881,3,TypeC,27600,000000000000000000000000000000000000000000000000000000000000000000000000011111100000000000011111000000000000011100000000000000001111110000000000000000000000011110000000,1,0
2882,4,TypeC,27600,000000000000000000000000000000000000000000000000000000000000000000000000011111100000000000011111000000000000011100000000000000001111110000000000000000000000011110000000,1,0
2883,0,TypeA,51600,000000001111111110000000000000000000000000000000000000011111111110000000000000000000000000000000000000111111111100000000000000001111111110000000000011111111110000000000,0,0
2884,1,TypeB,36000,000000000011111110000000000000001111111000000000000000011111110000000000000000111111110000000000000111111100000000000000000000000000000000000000000000000000000000000000,0,0
2885,2,TypeB,36000,000000000011111110000000000000001111111000000000000000011111110000000000000000111111110000000000000111111100000000000000000000000000000000000000000000000000000000000000,0,0
2886,3,TypeC,23600,000000000000000000000000000000011100000000000000000000000000011100000000000000000000011111000000000000000000011100000000000000000000000011111100000000000000000000000000,0,0
2887,4,TypeC,23600,000000000000000000000000000000011100000000000000000000000000011100000000000000000000011111000000000000000000011100000000000000000000000011111100000000000000000000000000,0,0
2888,0,TypeA,51300,000000011111111110000000000000000000000000000000000000011111111110000000000000000000000000000000000000111111111100000000000000001111111110000000000000000000011111111100,1,0
2889,1,TypeB,39400,000000000000111111100000000000000000000000000000000000011111110000000000000000111111110000000000000111111100000000000000000000000000000000000000000000000111111110000000,1,0
2890,2,TypeB,39400,000000000000111111100000000000000000000000000000000000011111110000000000000000111111110000000000000111111100000000000000000000000000000000000000000000000111111110000000,1,0
2891,3,TypeC,28700,000000000000000000000000000000000000000000000000000000000000000000000000011111100000000000011111000000000000011100000000000000001111110000000000000011111100000000000000,1,0
2892,4,TypeC,28700,000000000000000000000000000000000000000000000000000000000000000000000000011111100000000000011111000000000000011100000000000000001111110000000000000011111100000000000000,1,0
2893,1,TypeB,34000,000000000000001111100000000000000000000000111111110000000000011111100000000000111111110000000000000111111100000000000000000000000000000000000000000000000000000000000000,1,0
2894,2,TypeB,34000,000000000000001111100000000000000000000000111111110000000000011111100000000000111111110000000000000111111100000000000000000000000000000000000000000000000000000000000000,1,0
2895,3,TypeC,31100,000000000000000000000000000000000000000000000000000000000000011111100000000000000000011111000000000000000000011100000000000000001111110000000000000000000000000011111100,0,0
2896,4,TypeC,31100,000000000000000000000000000000000000000000000000000000000000011111100000000000000000011111000000000000000000011100000000000000001111110000000000000000000000000011111100,0,0
2897,0,TypeA,53400,000000000000000000000000111111111100000000000000000000011111111110000000000000000000000000000000000000111111111100000000000000001111111110000000000000000000011111111100,1,0
2898,1,TypeB,37000,000000000000111111100000000000011111111000000000000000011111110000000000000000111111110000000000000111111100000000000000000000000000000000000000000000000000000000000000,1,0
2899,2,TypeB,37000,000000000000111111100000000000011111111000000000000000011111110000000000000000111111110000000000000111111100000000000000000000000000000000000000000000000000000000000000,1,0
2900,3,TypeC,31000,000000000000001111100000000000000000000000000000000000000000000000000000000000000000011111000000000000000000011100000000000000001111110000000000000000001111110000000000,0,0
2901,4,TypeC,31000,000000000000001111100000000000000000000000000000000000000000000000000000000000000000011111000000000000000000011100000000000000001111110000000000000000001111110000000000,0,0
2902,0,TypeA,54900,000000000000001111111111000000000000000000000000000000011111111110000000000000000000000000000111111111100000000000000000000000000000011111111100000000000000011111111100,1,0
2903,1,TypeB,35300,000000000000000000000000000000000000000000000000000000000000011111100000000000000000011111110000000000111111110000000000000000000000011110000000000000000000011111110000,1,0
2904,2,TypeB,35300,000000000000000000000000000000000000000000000000000000000000011111100000000000000000011111110000000000111111110000000000000000000000011110000000000000000000011111110000,1,0
2905,3,TypeC,32000,000000000000001111100000000000000000000000000000000000000000011111100000000000000000011111000000000000000000000000000000000000001111110000000000000000000000011110000000,1,0
2906,4,TypeC,32000,000000000000001111100000000000000000000000000000000000000000011111100000000000000000011111000000000000000000000000000000000000001111110000000000000000000000011110000000,1,0
2907,1,TypeB,38000,000000001111111100000000000000011111111000000000001111111000000000000000000000111111110000000000000111111100000000000000000000000000000000000000000000000000000000000000,0,0
2908,2,TypeB,38000,000000001111111100000000000000011111111000000000001111111000000000000000000000111111110000000000000111111100000000000000000000000000000000000000000000000000000000000000,0,0
2909,3,TypeC,33400,000000000000001111100000000000000000000000000000000000000000011111100000000000000000011111000000000000000000000000000000000000000000000011111100000000000001111110000000,1,0
2910,4,TypeC,33400,000000000000001111100000000000000000000000000000000000000000011111100000000000000000011111000000000000000000000000000000000000000000000011111100000000000001111110000000,1,0
2911,1,TypeB,35100,000000000000000000000000000000000000001111100000000000000000011111100000000000000000011111110000000000111111110000000000000000000000011111110000000000000000000000000000,1,0
2912,2,TypeB,35100,000000000000000000000000000000000000001111100000000000000000011111100000000000000000011111110000000000111111110000000000000000000000011111110000000000000000000000000000,1,0
2913,3,TypeC,30200,000000000000000000000000000000000000000000000000000000000000011111100000000000000000011111000000000000000000000000000000000000001111110000000000000111000000000011111100,0,0
2914,4,TypeC,30200,000000000000000000000000000000000000000000000000000000000000011111100000000000000000011111000000000000000000000000000000000000001111110000000000000111000000000011111100,0,0
2915,1,TypeB,37100,000000000000001111100000000000000000000000000000011111111000000000000000000000111111110000000000000111111100000000000000000000000000011111110000000000000000000000000000,1,0
2916,2,TypeB,37100,000000000000001111100000000000000000000000000000011111111000000000000000000000111111110000000000000111111100000000000000000000000000011111110000000000000000000000000000,1,0
2917,3,TypeC,30200,000001110000000000000000000000000000000000000000000000000000011111100000000000000000011111000000000000000000000000000000000000001111110000000000000011111100000000000000,1,0
2918,4,TypeC,30200,000001110000000000000000000000000000000000000000000000000000011111100000000000000000011111000000000000000000000000000000000000001111110000000000000011111100000000000000,1,0
2919,0,TypeA,49600,000000111111111100000000000000000000000000000000000000000000000000000000000000000000011111111100000000000111111110000000000000001111111110000000000011111111110000000000,1,0
2920,1,TypeB,35200,000000000000111111100000000000000000000000000000011111111000000000000000000000000000011111110000000000111111110000000000000000000000011110000000000000000000000000000000,1,0
2921,2,TypeB,35200,000000000000111111100000000000000000000000000000011111111000000000000000000000000000011111110000000000111111110000000000000000000000011110000000000000000000000000000000,1,0
2922,3,TypeC,29800,000000000000001111100000000000000000000000000000000000000000000000000000000000000000011111000000000000000000011100000000000000001111110000000000000011111100000000000000,1,0
2923,4,TypeC,29800,000000000000001111100000000000000000000000000000000000000000000000000000000000000000011111000000000000000000011100000000000000001111110000000000000011111100000000000000,1,0
2924,1,TypeB,36200,000000001111111100000000000000011111111000000000000000000000000000000000000000000000011111110000000000111111110000000000000000000000011110000000000000000000000000000000,0,0
2925,2,TypeB,36200,000000001111111100000000000000011111111000000000000000000000000000000000000000000000011111110000000000111111110000000000000000000000011110000000000000000000000000000000,0,0
2926,3,TypeC,25500,000000000000000000000000000000000000000000000000000000000000011100000000000000000000011110000000000000000000011100000000000000000000011111000000000011111100000000000000,1,0
2927,4,TypeC,25500,000000000000000000000000000000000000000000000000000000000000011100000000000000000000011110000000000000000000011100000000000000000000011111000000000011111100000000000000,1,0
2928,1,TypeB,35200,000000000000111111100000000000011111111000000000000000000000000000000000000000000000011111110000000000111111110000000000000000000000011110000000000000000000000000000000,1,0
2929,2,TypeB,35200,000000000000111111100000000000011111111000000000000000000000000000000000000000000000011111110000000000111111110000000000000000000000011110000000000000000000000000000000,1,0
2930,3,TypeC,27800,000000000000000000000000000000000000000000000000000000000000011100000000000000000000011111000000000000000000011100000000000000000000000011111100000000001111110000000000,0,0
2931,4,TypeC,27800,000000000000000000000000000000000000000000000000000000000000011100000000000000000000011111000000000000000000011100000000000000000000000011111100000000001111110000000000,0,0
2932,1,TypeB,39100,000000000000000000111111100000000000000000000000000000000001111111100000000000000000011111110000000000111111110000000000000000000000000000000000000000000000011111110000,0,0
2933,2,TypeB,39100,000000000000000000111111100000000000000000000000000000000001111111100000000000000000011111110000000000111111110000000000000000000000000000000000000000000000011111110000,0,0
2934,3,TypeC,32300,000000000000000000000000000000000000000000000000000000000000011111100000000000000000011111000000000000000000011100000000000000001111110000000000000000001111110000000000,0,0
2935,4,TypeC,32300,000000000000000000000000000000000000000000000000000000000000011111100000000000000000011111000000000000000000011100000000000000001111110000000000000000001111110000000000,0,0
2936,1,TypeB,39100,000000000000000000111111100000000000000000000000011111111000000000000000000000111111110000000000000111111100000000000000000000000000011111110000000000000000000000000000,0,0
2937,2,TypeB,39100,000000000000000000111111100000000000000000000000011111111000000000000000000000111111110000000000000111111100000000000000000000000000011111110000000000000000000000000000,0,0
2938,3,TypeC,32000,000000000000000000000000000000000000000000000000000000000000011111100000000000000000011111000000000000000000011100000000000000001111110000000000000000000000011111100000,1,0
2939,4,TypeC,32000,000000000000000000000000000000000000000000000000000000000000011111100000000000000000011111000000000000000000011100000000000000001111110000000000000000000000011111100000,1,0
2940,0,TypeA,52700,000000011111111100000000000000000000000000111111111000000000000000000000000000000000000000000000000000111111111100000000000000000000111111111100000000000000011111111100,0,0
2941,1,TypeB,36200,000000000000000000000000000000011111111000000000011111111000000000000000000000111111110000000000000111111100000000000000000000000000011110000000000000000000000000000000,1,0
2942,2,TypeB,36200,000000000000000000000000000000011111111000000000011111111000000000000000000000111111110000000000000111111100000000000000000000000000011110000000000000000000000000000000,1,1
2943,3,TypeC,27700,000000000000000000000000000000000000000000000000000000000000011111100000000000000000011110000000000000000000011100000000000000000000011111000000000000000000011110000000,1,0
2944,4,TypeC,27700,000000000000000000000000000000000000000000000000000000000000011111100000000000000000011110000000000000000000011100000000000000000000011111000000000000000000011110000000,1,0
2945,1,TypeB,38100,000000000000000000000000001111111100000000000000000000000000011111100000000000000000011111110000000000111111110000000000000000000000000000000000000000011111110000000000,1,0
2946,2,TypeB,38100,000000000000000000000000001111111100000000000000000000000000011111100000000000000000011111110000000000111111110000000000000000000000000000000000000000011111110000000000,1,0
2947,3,TypeC,30000,000000000000000000000000000000000000000000000000000000000000011111100000000000000000011111000000000000000000011100000000000000001111110000000000000000000000011110000000,1,0
2948,4,TypeC,30000,000000000000000000000000000000000000000000000000000000000000011111100000000000000000011111000000000000000000011100000000000000001111110000000000000000000000011110000000,1,0
2949,0,TypeA,52800,000000000000001111111111000000000000000000000000000000011111111110000000000000000000000000000000000000111111111100000000000000000000011111111100000000000000011111111100,1,0
2950,1,TypeB,36000,000000000011111110000000001111111100000000000000000000000000011111100000000000000000011111110000000000111111110000000000000000000000000000000000000000000000000000000000,1,0
2951,2,TypeB,36000,000000000011111110000000001111111100000000000000000000000000011111100000000000000000011111110000000000111111110000000000000000000000000000000000000000000000000000000000,1,0
2952,3,TypeC,27800,000000000000000000000000000000000000000000000000000000000000011100000000000000000000011111000000000000000000011100000000000000001111110000000000000011111100000000000000,1,0
2953,4,TypeC,27800,000000000000000000000000000000000000000000000000000000000000011100000000000000000000011111000000000000000000011100000000000000001111110000000000000011111100000000000000,1,0
2954,1,TypeB,38100,000000000000000000000000001111111100000000000000000000000000011111100000000000000000011111110000000000111111110000000000000000000000011111110000000000000000000000000000,1,0
2955,2,TypeB,38100,000000000000000000000000001111111100000000000000000000000000011111100000000000000000011111110000000000111111110000000000000000000000011111110000000000000000000000000000,1,0
2956,3,TypeC,27200,000000000000000000000000000000011100000000000000000000000000000000000000000000000000011111000000000000000000011100000000000000001111110000000000000011111100000000000000,0,0
2957,4,TypeC,27200,000000000000000000000000000000011100000000000000000000000000000000000000000000000000011111000000000000000000011100000000000000001111110000000000000011111100000000000000,0,0
2958,0,TypeA,51500,000000000000001111111111000000000000000000000000000000001111111110000000000000000000000000000000000000111111111100000000000000000000011111111100000000000000011111111100,0,0
2959,1,TypeB,37000,000000011111111000000000001111111100000000000000000000000000011111100000000000000000011111110000000000111111110000000000000000000000000000000000000000000000000000000000,0,0
2960,2,TypeB,37000,000000011111111000000000001111111100000000000000000000000000011111100000000000000000011111110000000000111111110000000000000000000000000000000000000000000000000000000000,0,0
2961,3,TypeC,31400,000000000000000000000000000000000000000000000000000000000000011111100000000000000000011111000000000000000000011100000000000000000000000011111100000000000001111110000000,1,0
2962,4,TypeC,31400,000000000000000000000000000000000000000000000000000000000000011111100000000000000000011111000000000000000000011100000000000000000000000011111100000000000001111110000000,1,0
2963,0,TypeA,52300,000000000000000000000000111111111100000000000000000000000000000000000000000000000000011111111100000000000111111110000000000011111111110000000000000001111111110000000000,0,0
2964,1,TypeB,39400,000000000000000000000000000000000000000000111111110000000000011111100000000000000000011111110000000000111111110000000000000000000000000000000000000000000001111111100000,1,0
2965,2,TypeB,39400,000000000000000000000000000000000000000000111111110000000000011111100000000000000000011111110000000000111111110000000000000000000000000000000000000000000001111111100000,1,0
2966,3,TypeC,30100,000000000000000000000000000000000000000000000000000000000000011111100000000000000000011111000000000000000000011100000000000000001111110000000000000001111100000000000000,0,0
2967,4,TypeC,30100,000000000000000000000000000000000000000000000000000000000000011111100000000000000000011111000000000000000000011100000000000000001111110000000000000001111100000000000000,0,0
2968,1,TypeB,39400,000000000000000000000000001111111100000000000000000000000000011111100000000000000000011111110000000000111111110000000000000000000000000000000111111110000000000000000000,1,0
2969,2,TypeB,39400,000000000000000000000000001111111100000000000000000000000000011111100000000000000000011111110000000000111111110000000000000000000000000000000111111110000000000000000000,1,0
2970,3,TypeC,31100,000000000000000000000000000000000000000000000000000000000000011111100000000000000000011111000000000000000000011100000000000000001111110000000000000011111100000000000000,1,0
2971,4,TypeC,31100,000000000000000000000000000000000000000000000000000000000000011111100000000000000000011111000000000000000000011100000000000000001111110000000000000011111100000000000000,1,0
2972,0,TypeA,50000,000000000000000000000000000000000111111111100000000000001111111110000000000000000000000000000000000000111111111100000000000000000000011111111100000000000000011111111100,0,0
2973,1,TypeB,34200,000000000000000000000000001111111100000000000000000000000000011111100000000000000000011111110000000000111111110000000000000000000000011110000000000000000000000000000000,1,0
2974,2,TypeB,34200,000000000000000000000000001111111100000000000000000000000000011111100000000000000000011111110000000000111111110000000000000000000000011110000000000000000000000000000000,1,0
2975,3,TypeC,28800,000000000000000000000000000000000000000000000000000000000000011111100000000000000000011110000000000000000000011100000000000000000000011111000000000011111100000000000000,1,0
2976,4,TypeC,28800,000000000000000000000000000000000000000000000000000000000000011111100000000000000000011110000000000000000000011100000000000000000000011111000000000011111100000000000000,1,0
2977,1,TypeB,40100,000000000000000000000000111111110000000000000000000000000001111111100000000000000000011111110000000000111111110000000000000000000000000000000000000000000000011111110000,1,0
2978,2,TypeB,40100,000000000000000000000000111111110000000000000000000000000001111111100000000000000000011111110000000000111111110000000000000000000000000000000000000000000000011111110000,1,0
2979,3,TypeC,28500,000000000000000000000000000000000000000000000000000000000000000000000000000000000001111110000000000000000000011100000000000000001111110000000000000111000000000011111100,0,0
2980,4,TypeC,28500,000000000000000000000000000000000000000000000000000000000000000000000000000000000001111110000000000000000000011100000000000000001111110000000000000111000000000011111100,0,0
2981,1,TypeB,38000,000000000000000000000000111111110000000000111111110000000000111111100000000000000000011111110000000000111111110000000000000000000000000000000000000000000000000000000000,1,0
2982,2,TypeB,38000,000000000000000000000000111111110000000000111111110000000000111111100000000000000000011111110000000000111111110000000000000000000000000000000000000000000000000000000000,1,0
2983,3,TypeC,29700,000000000000000000000000000000000000000000000000000000000000111110000000000000000000011110000000000000000000011100000000000000000000000011111100000000000001111110000000,1,0
2984,4,TypeC,29700,000000000000000000000000000000000000000000000000000000000000111110000000000000000000011110000000000000000000011100000000000000000000000011111100000000000001111110000000,1,0
2985,0,TypeA,50500,000000000000000111111111100000000000000000000000000000000000000000000000000000000000011111111100000000000111111110000000000000000000111111111100000000000000011111111100,1,0
2986,1,TypeB,40400,000000000000000000000000000000000000000000111111110000000000111111100000000000000011111110000000000000111111110000000000000000000000111111110000000000000000000000000000,0,0
2987,2,TypeB,40400,000000000000000000000000000000000000000000111111110000000000111111100000000000000011111110000000000000111111110000000000000000000000111111110000000000000000000000000000,0,0
2988,3,TypeC,32700,000000000000000000000000000000000000000000000000000000000000011111100000000000000001111110000000000000000000011100000000000000001111110000000000000011111100000000000000,1,0
2989,4,TypeC,32700,000000000000000000000000000000000000000000000000000000000000011111100000000000000001111110000000000000000000011100000000000000001111110000000000000011111100000000000000,1,0
2990,1,TypeB,38100,000000000000000000000000000000011111111000000000000000000000011111100000000000000000011111110000000000111111110000000000000000000000000000000000000000011111110000000000,1,0
2991,2,TypeB,38100,000000000000000000000000000000011111111000000000000000000000011111100000000000000000011111110000000000111111110000000000000000000000000000000000000000011111110000000000,1,0
2992,3,TypeC,29800,000000000000000000000000000000000000000000000000000000000000011111100000000000000000011110000000000000000000011100000000000000000000000011111100000000000000011111100000,1,0
2993,4,TypeC,29800,000000000000000000000000000000000000000000000000000000000000011111100000000000000000011110000000000000000000011100000000000000000000000011111100000000000000011111100000,1,0
2994,1,TypeB,38100,000000000000000000000000000000011111111000000000000000000000011111100000000000000000011111110000000000111111110000000000000000000000011111110000000000000000000000000000,1,0
2995,2,TypeB,38100,000000000000000000000000000000011111111000000000000000000000011111100000000000000000011111110000000000111111110000000000000000000000011111110000000000000000000000000000,1,0
2996,3,TypeC,25900,000000000000000000000000000000000000000000000000000000000000000000000000000000000000011110000000000000000000011100000000000000001111110000000000000111000000000011111100,0,0
2997,4,TypeC,25900,000000000000000000000000000000000000000000000000000000000000000000000000000000000000011110000000000000000000011100000000000000001111110000000000000111000000000011111100,0,0
2998,0,TypeA,54000,000000000000000000000001111111111000000000000000000000011111111110000000000000000000000000000000000000111111111100000000000000001111111110000000000001111111110000000000,0,0
2999,1,TypeB,36400,000000000000000000000000000000000000001111100000000000000000011111100000000000000000011111110000000000111111110000000000000000000000000000000000000000000001111111100000,1,0
3000,2,TypeB,36400,000000000000000000000000000000000000001111100000000000000000011111100000000000000000011111110000000000111111110000000000000000000000000000000000000000000001111111100000,1,0
3001,3,TypeC,30000,000000000000000000000000000000000000000000000000000000000000011111100000000000000000011110000000000000000000011100000000000000000000111110000000000000000000011111100000,1,0
3002,4,TypeC,30000,000000000000000000000000000000000000000000000000000000000000011111100000000000000000011110000000000000000000011100000000000000000000111110000000000000000000011111100000,1,0
3003,1,TypeB,36000,000000000011111110000000000000011111111000000000000000000000011111100000000000000000011111110000000000111111110000000000000000000000000000000000000000000000000000000000,1,0
3004,2,TypeB,36000,000000000011111110000000000000011111111000000000000000000000011111100000000000000000011111110000000000111111110000000000000000000000000000000000000000000000000000000000,1,0
3005,3,TypeC,29000,000000000000000000000000000000000000000000000000000000000000011111100000000000000000011110000000000000000000011100000000000000001111110000000000000000000000011110000000,1,0
3006,4,TypeC,29000,000000000000000000000000000000000000000000000000000000000000011111100000000000000000011110000000000000000000011100000000000000001111110000000000000000000000011110000000,1,0
3007,1,TypeB,35000,000000000000111111100000000000001111111000000000000000000000011111100000000000000000011111110000000000111111110000000000000000000000000000000000000000000000000000000000,0,0
3008,2,TypeB,35000,000000000000111111100000000000001111111000000000000000000000011111100000000000000000011111110000000000111111110000000000000000000000000000000000000000000000000000000000,0,0
3009,3,TypeC,30100,000000000000000000000000000000000000000000000000000000000000011111100000000000000000011110000000000000000000011100000000000000001111110000000000000000000000000011111100,0,0
3010,4,TypeC,30100,000000000000000000000000000000000000000000000000000000000000011111100000000000000000011110000000000000000000011100000000000000001111110000000000000000000000000011111100,0,0
3011,1,TypeB,39400,000000000000000000000000111111110000000000000000000000000000011111100000000000000000011111110000000000111111110000000000000000000000000000000111111110000000000000000000,1,0
3012,2,TypeB,39400,000000000000000000000000111111110000000000000000000000000000011111100000000000000000011111110000000000111111110000000000000000000000000000000111111110000000000000000000,1,0
3013,3,TypeC,31000,000000000000000000000000000000000000000000000000000000000000011111100000000000000000011110000000000000000000011100000000000000001111110000000000000000000000011111100000,1,0
3014,4,TypeC,31000,000000000000000000000000000000000000000000000000000000000000011111100000000000000000011110000000000000000000011100000000000000001111110000000000000000000000011111100000,1,0
3015,0,TypeA,47000,000000000000000000000000000000000000000000000000000000001111111110000000000000000000011111111100000000000111111110000000000000000000011111111100000000000000011111111100,0,0
3016,1,TypeB,35200,000000000000000000000000111111110000000000000000001111111000000000000000000000000000011111110000000000111111110000000000000000000000011110000000000000000000000000000000,0,0
3017,2,TypeB,35200,000000000000000000000000111111110000000000000000001111111000000000000000000000000000011111110000000000111111110000000000000000000000011110000000000000000000000000000000,0,0
3018,3,TypeC,30100,000000000000000000000000000000000000000000000000000000000000011111100000000000000000011110000000000000000000011100000000000000001111110000000000000011111100000000000000,1,0
3019,4,TypeC,30100,000000000000000000000000000000000000000000000000000000000000011111100000000000000000011110000000000000000000011100000000000000001111110000000000000011111100000000000000,1,0
3020,1,TypeB,41400,000000000000000000000000000000011111111000000000000000000001111111100000000000000000011111110000000000111111110000000000000000000000000000000000000000001111111100000000,1,0
3021,2,TypeB,41400,000000000000000000000000000000011111111000000000000000000001111111100000000000000000011111110000000000111111110000000000000000000000000000000000000000001111111100000000,1,0
3022,1,TypeB,36000,000000000000111111100000000000011111111000000000000000000000011111100000000000000000011111110000000000111111110000000000000000000000000000000000000000000000000000000000,1,0
3023,2,TypeB,36000,000000000000111111100000000000011111111000000000000000000000011111100000000000000000011111110000000000111111110000000000000000000000000000000000000000000000000000000000,1,0
3024,1,TypeB,41400,000000000000000000000000001111111100000000000000000000000001111111100000000000000000011111110000000000111111110000000000000000000000000000000000000011111111000000000000,1,0
3025,2,TypeB,41400,000000000000000000000000001111111100000000000000000000000001111111100000000000000000011111110000000000111111110000000000000000000000000000000000000011111111000000000000,1,0
3026,1,TypeB,34200,000000000000000000000000000000000000001111100000000000000001111111100000000000000011111111000000000000111111110000000000000000000000000000000000000000000000011110000000,0,0
3027,2,TypeB,34200,000000000000000000000000000000000000001111100000000000000001111111100000000000000011111111000000000000111111110000000000000000000000000000000000000000000000011110000000,0,0
3028,3,TypeC,26600,000000000000000000000000000000000000000000000000000000000000000000000000011111100000000000011111000000000000011100000000000000000000111110000000000000000000011110000000,1,0
3029,4,TypeC,26600,000000000000000000000000000000000000000000000000000000000000000000000000011111100000000000011111000000000000011100000000000000000000111110000000000000000000011110000000,1,0
3030,0,TypeA,56200,000000000000000000000001111111111000000000000000000000011111111110000000000000000000000000000000000000111111111100000000000011111111110000000000000001111111110000000000,0,0
3031,1,TypeB,35000,000000000000000011111111000000000000001111100000000000000000111111100000000000000000011111110000000000111111110000000000000000000000000000000000000000000000000000000000,1,0
3032,2,TypeB,35000,000000000000000011111111000000000000001111100000000000000000111111100000000000000000011111110000000000111111110000000000000000000000000000000000000000000000000000000000,1,0
3033,1,TypeB,40400,000000000000000000000000000000001111111000000000000000000001111111100000000000000000011111110000000000111111110000000000000000000000000000000111111110000000000000000000,0,0
3034,2,TypeB,40400,000000000000000000000000000000001111111000000000000000000001111111100000000000000000011111110000000000111111110000000000000000000000000000000111111110000000000000000000,0,0
3035,1,TypeB,40400,000000000000000000000000000000011111111000000000000000000000111111100000000000000000011111110000000000111111110000000000000000000000000000000111111110000000000000000000,1,0
3036,2,TypeB,40400,000000000000000000000000000000011111111000000000000000000000111111100000000000000000011111110000000000111111110000000000000000000000000000000111111110000000000000000000,1,0
3037,1,TypeB,41400,000000000000000000000000001111111100000000000000000000000001111111100000000000000000011111110000000000111111110000000000000000000000000000000111111110000000000000000000,1,0
3038,2,TypeB,41400,000000000000000000000000001111111100000000000000000000000001111111100000000000000000011111110000000000111111110000000000000000000000000000000111111110000000000000000000,1,0
3039,1,TypeB,39000,000000000000000011111111000000000000000000111111110000000001111111100000000000000000011111110000000000111111110000000000000000000000000000000000000000000000000000000000,1,0
3040,2,TypeB,39000,000000000000000011111111000000000000000000111111110000000001111111100000000000000000011111110000000000111111110000000000000000000000000000000000000000000000000000000000,1,0
3041,1,TypeB,40100,000000000000000000000000001111111100000000000000000000000001111111100000000000000000011111110000000000111111110000000000000000000000000000000000000000000000011111110000,1,0
3042,2,TypeB,40100,000000000000000000000000001111111100000000000000000000000001111111100000000000000000011111110000000000111111110000000000000000000000000000000000000000000000011111110000,1,0
3043,1,TypeB,40100,000000000000000000000000001111111100000000000000000000000001111111100000000000000000011111110000000000111111110000000000000000000000000000000000000000011111110000000000,1,0
3044,2,TypeB,40100,000000000000000000000000001111111100000000000000000000000001111111100000000000000000011111110000000000111111110000000000000000000000000000000000000000011111110000000000,1,0
3045,1,TypeB,38000,000000000000000000111111100000000000000000111111110000000001111111100000000000000000011111110000000000111111110000000000000000000000000000000000000000000000000000000000,0,0
3046,2,TypeB,38000,000000000000000000111111100000000000000000111111110000000001111111100000000000000000011111110000000000111111110000000000000000000000000000000000000000000000000000000000,0,0
3047,3,TypeC,27600,000000000000000000111111000000000000000000000000000000000000000000000000000000000000011111000000000000000000011100000000000000000000000011111100000000000000011110000000,0,0
3048,4,TypeC,27600,000000000000000000111111000000000000000000000000000000000000000000000000000000000000011111000000000000000000011100000000000000000000000011111100000000000000011110000000,0,0
3049,1,TypeB,39000,000000000000000000000000111111110000000000111111110000000001111111100000000000000000011111110000000000111111110000000000000000000000000000000000000000000000000000000000,1,0
3050,2,TypeB,39000,000000000000000000000000111111110000000000111111110000000001111111100000000000000000011111110000000000111111110000000000000000000000000000000000000000000000000000000000,1,0
3051,0,TypeA,50400,000000000000000000000000111111111100000000000000000000000000000000000000000000000000011111111100000000000111111110000000000000000000011111111100000000000000011111111100,1,0
3052,1,TypeB,40100,000000000000000000000000000000011111111000000000000000000001111111100000000000000000011111110000000000111111110000000000000000000000011111110000000000000000000000000000,1,0
3053,2,TypeB,40100,000000000000000000000000000000011111111000000000000000000001111111100000000000000000011111110000000000111111110000000000000000000000011111110000000000000000000000000000,1,0
3054,1,TypeB,40400,000000000000000000000000000000011111111000000000001111111000000000000000000000000000011111110000000000111111110000000000000000000000000000000000000000000111111110000000,0,0
3055,2,TypeB,40400,000000000000000000000000000000011111111000000000001111111000000000000000000000000000011111110000000000111111110000000000000000000000000000000000000000000111111110000000,0,0
3056,1,TypeB,36500,000000000000000000000000001111111000000000000000011111111000000000000000000000000000011111110000000000111111110000000000000000000000111110000000000000000000000000000000,0,0
3057,2,TypeB,36500,000000000000000000000000001111111000000000000000011111111000000000000000000000000000011111110000000000111111110000000000000000000000111110000000000000000000000000000000,0,0
3058,3,TypeC,27300,000000000000001111100000000000000000000000000000000000000000000000000000011111100000000000011111000000000000011100000000000000000000111110000000000000000000000000000000,1,0
3059,4,TypeC,27300,000000000000001111100000000000000000000000000000000000000000000000000000011111100000000000011111000000000000011100000000000000000000111110000000000000000000000000000000,1,0
3060,1,TypeB,36200,000000000000000000000000001111111100000000000000000000000001111111100000000000000000011111110000000000111111110000000000000000000000011110000000000000000000000000000000,1,0
3061,2,TypeB,36200,000000000000000000000000001111111100000000000000000000000001111111100000000000000000011111110000000000111111110000000000000000000000011110000000000000000000000000000000,1,0
3062,1,TypeB,41400,000000000000000000000000111111110000000000000000000000000001111111100000000000000000011111110000000000111111110000000000000000000000000000000111111110000000000000000000,1,0
3063,2,TypeB,41400,000000000000000000000000111111110000000000000000000000000001111111100000000000000000011111110000000000111111110000000000000000000000000000000111111110000000000000000000,1,0
3064,1,TypeB,40100,000000000000000000000000000000011111111000000000000000000000111111100000000000000011111111000000000000111111110000000000000000000000000000000000000000011111110000000000,0,0
3065,2,TypeB,40100,000000000000000000000000000000011111111000000000000000000000111111100000000000000011111111000000000000111111110000000000000000000000000000000000000000011111110000000000,0,0
3066,0,TypeA,50700,000000000000000000000001111111111000000000000000000000000000000000000000000000000000011111111100000000000111111110000000000000000000011111111100000000000000011111111100,1,0
3067,1,TypeB,38800,000000000000000000000000000000011111111000000000000000000001111111100000000000000000011111110000000000111111110000000000000000000000000000000000000000000001111110000000,1,0
3068,2,TypeB,38800,000000000000000000000000000000011111111000000000000000000001111111100000000000000000011111110000000000111111110000000000000000000000000000000000000000000001111110000000,1,0
3069,0,TypeA,51300,000000000000000000000000000000000111111111100000000000011111111110000000000000000000000000000000000000111111111100000000000000000000011111111100000000000000011111111100,1,0
3070,1,TypeB,38800,000000000000000000000000000000000000000000111111110000000001111111100000000000000000011111110000000000111111110000000000000000000001111110000000000000000000000000000000,1,0
3071,2,TypeB,38800,000000000000000000000000000000000000000000111111110000000001111111100000000000000000011111110000000000111111110000000000000000000001111110000000000000000000000000000000,1,0
3072,3,TypeC,29900,000000000000000000000000000000000000000000000000000000000000000000000000011111100000000000011111000000000000011100000000000000000001111110000000000000000000011111100000,1,0
3073,4,TypeC,29900,000000000000000000000000000000000000000000000000000000000000000000000000011111100000000000011111000000000000011100000000000000000001111110000000000000000000011111100000,1,0
3074,1,TypeB,40400,000000000000000000000000000000011111111000000000001111111000000000000000000000000000011111110000000000111111110000000000000000000000000000000000000000000001111111100000,0,0
3075,2,TypeB,40400,000000000000000000000000000000011111111000000000001111111000000000000000000000000000011111110000000000111111110000000000000000000000000000000000000000000001111111100000,0,0
3076,1,TypeB,40100,000000000000000000000000000000011111111000000000000000000001111111100000000000000000011111110000000000111111110000000000000000000000000000000000000000011111110000000000,1,0
3077,2,TypeB,40100,000000000000000000000000000000011111111000000000000000000001111111100000000000000000011111110000000000111111110000000000000000000000000000000000000000011111110000000000,1,0
3078,3,TypeC,28700,000000000000000000111111000000000000000000000000000000000000000000000000000000000000011111000000000000000000011100000000000000000000000011111100000000000000000011111100,0,0
3079,4,TypeC,28700,000000000000000000111111000000000000000000000000000000000000000000000000000000000000011111000000000000000000011100000000000000000000000011111100000000000000000011111100,0,0
3080,1,TypeB,41400,000000000000000000000000000000011111111000000000000000000001111111100000000000000000011111110000000000111111110000000000000000000000000000000111111110000000000000000000,1,0
3081,2,TypeB,41400,000000000000000000000000000000011111111000000000000000000001111111100000000000000000011111110000000000111111110000000000000000000000000000000111111110000000000000000000,1,0
3082,1,TypeB,38000,000000000000111111100000000000011111111000000000000000000001111111100000000000000000011111110000000000111111110000000000000000000000000000000000000000000000000000000000,1,0
3083,2,TypeB,38000,000000000000111111100000000000011111111000000000000000000001111111100000000000000000011111110000000000111111110000000000000000000000000000000000000000000000000000000000,1,0
3084,3,TypeC,24700,000000000000000000000111100000000000000000000000000000000000000000000000000000000000011111000000000000000000000000000000000000000000011110000000000111000000000011111100,0,0
3085,4,TypeC,24700,000000000000000000000111100000000000000000000000000000000000000000000000000000000000011111000000000000000000000000000000000000000000011110000000000111000000000011111100,0,0
3086,1,TypeB,39200,000000000000000000000000000000000000000000000000000000000000011111100000000000000011111111000000000000000000011111110000000000000000011111110000000000011111110000000000,0,0
3087,2,TypeB,39200,000000000000000000000000000000000000000000000000000000000000011111100000000000000011111111000000000000000000011111110000000000000000011111110000000000011111110000000000,0,0
3088,0,TypeA,52600,000000011111111110000000000000000000000000000000000000011111111110000000000000000000000000000000000000111111111100000000000000001111111111000000000001111111110000000000,0,0
3089,3,TypeC,26400,000000000000000000000000000000000000000000000000000000000000000000000000011111100000000000011111000000000000011100000000000011111100000000000000000000000000011110000000,1,0
3090,4,TypeC,26400,000000000000000000000000000000000000000000000000000000000000000000000000011111100000000000011111000000000000011100000000000011111100000000000000000000000000011110000000,1,0
