col_id,emp_id,emp_type,cost,schedule_pattern
0,0,TypeA,0,000000000000000000000000000000000000000000000000000000000000000000000000000000000000000000000000000000000000000000000000000000000000000000000000000000000000000000000000
1,0,TypeA,8000,000000000011111111000000000000000000000000000000000000000000000000000000000000000000000000000000000000000000000000000000000000000000000000000000000000000000000000000000
2,1,TypeA,0,000000000000000000000000000000000000000000000000000000000000000000000000000000000000000000000000000000000000000000000000000000000000000000000000000000000000000000000000
3,1,TypeA,8000,000000000011111111000000000000000000000000000000000000000000000000000000000000000000000000000000000000000000000000000000000000000000000000000000000000000000000000000000
4,2,TypeB,0,000000000000000000000000000000000000000000000000000000000000000000000000000000000000000000000000000000000000000000000000000000000000000000000000000000000000000000000000
5,2,TypeB,4000,000000000011110000000000000000000000000000000000000000000000000000000000000000000000000000000000000000000000000000000000000000000000000000000000000000000000000000000000
6,3,TypeB,0,000000000000000000000000000000000000000000000000000000000000000000000000000000000000000000000000000000000000000000000000000000000000000000000000000000000000000000000000
7,3,TypeB,4000,000000000011110000000000000000000000000000000000000000000000000000000000000000000000000000000000000000000000000000000000000000000000000000000000000000000000000000000000
8,4,TypeB,0,000000000000000000000000000000000000000000000000000000000000000000000000000000000000000000000000000000000000000000000000000000000000000000000000000000000000000000000000
9,4,TypeB,4000,000000000011110000000000000000000000000000000000000000000000000000000000000000000000000000000000000000000000000000000000000000000000000000000000000000000000000000000000
10,5,TypeB,0,000000000000000000000000000000000000000000000000000000000000000000000000000000000000000000000000000000000000000000000000000000000000000000000000000000000000000000000000
11,5,TypeB,4000,000000000011110000000000000000000000000000000000000000000000000000000000000000000000000000000000000000000000000000000000000000000000000000000000000000000000000000000000
12,6,TypeC,0,000000000000000000000000000000000000000000000000000000000000000000000000000000000000000000000000000000000000000000000000000000000000000000000000000000000000000000000000
13,6,TypeC,3900,000000000011100000000000000000000000000000000000000000000000000000000000000000000000000000000000000000000000000000000000000000000000000000000000000000000000000000000000
14,7,TypeC,0,000000000000000000000000000000000000000000000000000000000000000000000000000000000000000000000000000000000000000000000000000000000000000000000000000000000000000000000000
15,7,TypeC,3900,000000000011100000000000000000000000000000000000000000000000000000000000000000000000000000000000000000000000000000000000000000000000000000000000000000000000000000000000
16,8,TypeC,0,000000000000000000000000000000000000000000000000000000000000000000000000000000000000000000000000000000000000000000000000000000000000000000000000000000000000000000000000
17,8,TypeC,3900,000000000011100000000000000000000000000000000000000000000000000000000000000000000000000000000000000000000000000000000000000000000000000000000000000000000000000000000000
18,9,TypeC,0,000000000000000000000000000000000000000000000000000000000000000000000000000000000000000000000000000000000000000000000000000000000000000000000000000000000000000000000000
19,9,TypeC,3900,000000000011100000000000000000000000000000000000000000000000000000000000000000000000000000000000000000000000000000000000000000000000000000000000000000000000000000000000
20,0,TypeA,52100,000000000000000000000000000000000000000000000000000000001111111111000000000000011111111110000000000000011111111110000000000000000111111111100000000000011111111110000000
21,1,TypeA,52100,000000000000000000000000000000000000000000000000000000001111111111000000000000011111111110000000000000011111111110000000000000000111111111100000000000011111111110000000
22,2,TypeB,42400,000000000000000000000000000000000111111110000000000000000011111111000000000000000111111110000000000000000111111110000000000000000000000000000000000000000111111110000000
23,3,TypeB,42400,000000000000000000000000000000000111111110000000000000000011111111000000000000000111111110000000000000000111111110000000000000000000000000000000000000000111111110000000
24,4,TypeB,42400,000000000000000000000000000000000111111110000000000000000011111111000000000000000111111110000000000000000111111110000000000000000000000000000000000000000111111110000000
25,5,TypeB,42400,000000000000000000000000000000000111111110000000000000000011111111000000000000000111111110000000000000000111111110000000000000000000000000000000000000000111111110000000
26,6,TypeC,33900,000000000000000000000000000000000000000000000000000000111111000000000000000000111111000000000000000001111110000000000000000001111110000000000000000000111111000000000000
27,7,TypeC,33900,000000000000000000000000000000000000000000000000000000111111000000000000000000111111000000000000000001111110000000000000000001111110000000000000000000111111000000000000
28,8,TypeC,33900,000000000000000000000000000000000000000000000000000000111111000000000000000000111111000000000000000001111110000000000000000001111110000000000000000000111111000000000000
29,9,TypeC,33900,000000000000000000000000000000000000000000000000000000111111000000000000000000111111000000000000000001111110000000000000000001111110000000000000000000111111000000000000
30,0,TypeA,49400,000000011111111110000000000000000000000000111111110000000000000000000000000000000000000000000000000000000000000111111110000000000000111111110000000000000000011111111110
31,1,TypeA,49400,000000011111111110000000000000000000000000111111110000000000000000000000000000000000000000000000000000000000000111111110000000000000111111110000000000000000011111111110
32,2,TypeB,38900,000000000111111110000000000111111000000000111111110000000000000000000000000000000000000000000000000000000000000000000000000000000000111111110000000000000000000000111110
33,3,TypeB,38900,000000000111111110000000000111111000000000111111110000000000000000000000000000000000000000000000000000000000000000000000000000000000111111110000000000000000000000111110
34,4,TypeB,38900,000000000111111110000000000111111000000000111111110000000000000000000000000000000000000000000000000000000000000000000000000000000000111111110000000000000000000000111110
35,5,TypeB,38900,000000000111111110000000000111111000000000111111110000000000000000000000000000000000000000000000000000000000000000000000000000000000111111110000000000000000000000111110
36,6,TypeC,30300,000000000001111110000000000111111000000000000000000000000000000000000000000000000000000000000000000000000000000000111110000000000000111110000000000000000000000000111110
37,7,TypeC,30300,000000000001111110000000000111111000000000000000000000000000000000000000000000000000000000000000000000000000000000111110000000000000111110000000000000000000000000111110
38,8,TypeC,30300,000000000001111110000000000111111000000000000000000000000000000000000000000000000000000000000000000000000000000000111110000000000000111110000000000000000000000000111110
39,9,TypeC,30300,000000000001111110000000000111111000000000000000000000000000000000000000000000000000000000000000000000000000000000111110000000000000111110000000000000000000000000111110
40,0,TypeA,50000,000000111111111000000000000000001111111110000000000000000000000011111111000000000000011111111110000000000000000000000000000000000000000000000000001111111100000000000000
41,1,TypeA,50000,000000111111111000000000000000001111111110000000000000000000000011111111000000000000011111111110000000000000000000000000000000000000000000000000001111111100000000000000
42,2,TypeB,29000,000000011111111000000000000000001111111000000000000000111100000000011111000000000000000000111110000000000000000000000000000000000000000000000000000000000000000000000000
43,3,TypeB,29000,000000011111111000000000000000001111111000000000000000111100000000011111000000000000000000111110000000000000000000000000000000000000000000000000000000000000000000000000
44,4,TypeB,29000,000000011111111000000000000000001111111000000000000000111100000000011111000000000000000000111110000000000000000000000000000000000000000000000000000000000000000000000000
45,5,TypeB,29000,000000011111111000000000000000001111111000000000000000111100000000011111000000000000000000111110000000000000000000000000000000000000000000000000000000000000000000000000
46,6,TypeC,25000,000111111000000000011111100000000000000000000000000000000000000000011111000000000000000000111110000000000000000000000000000000000000000000000000001110000000000000000000
47,7,TypeC,25000,000111111000000000011111100000000000000000000000000000000000000000011111000000000000000000111110000000000000000000000000000000000000000000000000001110000000000000000000
48,8,TypeC,25000,000111111000000000011111100000000000000000000000000000000000000000011111000000000000000000111110000000000000000000000000000000000000000000000000001110000000000000000000
49,9,TypeC,25000,000111111000000000011111100000000000000000000000000000000000000000011111000000000000000000111110000000000000000000000000000000000000000000000000001110000000000000000000
50,0,TypeA,43400,000000111111111000000000000000000000111111110000000000000000000000000000000000111111110000000000000000000000000000000000000000001111111100000000000000000001111111100000
51,1,TypeA,43400,000000111111111000000000000000000000111111110000000000000000000000000000000000111111110000000000000000000000000000000000000000001111111100000000000000000001111111100000
52,0,TypeA,45600,000000111111110000000000000000000000000000000000000000111111110000000000000000111111111000000000000000001111111100000000000000000000000000000000000000000000111111111000
53,1,TypeA,45600,000000111111110000000000000000000000000000000000000000111111110000000000000000111111111000000000000000001111111100000000000000000000000000000000000000000000111111111000
54,2,TypeB,35400,000000111111110000000000000000000000000000000000000000111111110000000000000000000000011110000000000000001111100000000000000000000000000000000000000000000000011111111000
55,3,TypeB,35400,000000111111110000000000000000000000000000000000000000111111110000000000000000000000011110000000000000001111100000000000000000000000000000000000000000000000011111111000
56,4,TypeB,35400,000000111111110000000000000000000000000000000000000000111111110000000000000000000000011110000000000000001111100000000000000000000000000000000000000000000000011111111000
57,5,TypeB,35400,000000111111110000000000000000000000000000000000000000111111110000000000000000000000011110000000000000001111100000000000000000000000000000000000000000000000011111111000
58,6,TypeC,29600,000111111000000000000000000000001111110000000000011111100000000000000000000000000000011100000000000000001111100000000000000000000000000000000000000000000000000000000000
59,7,TypeC,29600,000111111000000000000000000000001111110000000000011111100000000000000000000000000000011100000000000000001111100000000000000000000000000000000000000000000000000000000000
60,8,TypeC,29600,000111111000000000000000000000001111110000000000011111100000000000000000000000000000011100000000000000001111100000000000000000000000000000000000000000000000000000000000
61,9,TypeC,29600,000111111000000000000000000000001111110000000000011111100000000000000000000000000000011100000000000000001111100000000000000000000000000000000000000000000000000000000000
62,0,TypeA,47200,000000000001111111110000000000001111111110000000000000000111111110000000000000000000000000000000000001111111110000000000011111111000000000000000000000000000000000000000
63,1,TypeA,47200,000000000001111111110000000000001111111110000000000000000111111110000000000000000000000000000000000001111111110000000000011111111000000000000000000000000000000000000000
64,2,TypeB,39400,000000000000011111110000000000001111111000000000000000000000011111110000000000000000000000000000000001111111100000000000011111111000000000000000000000000000000000000000
65,3,TypeB,39400,000000000000011111110000000000001111111000000000000000000000011111110000000000000000000000000000000001111111100000000000011111111000000000000000000000000000000000000000
66,4,TypeB,39400,000000000000011111110000000000001111111000000000000000000000011111110000000000000000000000000000000001111111100000000000011111111000000000000000000000000000000000000000
67,5,TypeB,39400,000000000000011111110000000000001111111000000000000000000000011111110000000000000000000000000000000001111111100000000000011111111000000000000000000000000000000000000000
68,6,TypeC,29700,000000000001111110000000000000000011111000000000000000000000011100000000000000000000000000000000000000001111110000000000000001111000000000000000000000000000000000000000
69,7,TypeC,29700,000000000001111110000000000000000011111000000000000000000000011100000000000000000000000000000000000000001111110000000000000001111000000000000000000000000000000000000000
70,8,TypeC,29700,000000000001111110000000000000000011111000000000000000000000011100000000000000000000000000000000000000001111110000000000000001111000000000000000000000000000000000000000
71,9,TypeC,29700,000000000001111110000000000000000011111000000000000000000000011100000000000000000000000000000000000000001111110000000000000001111000000000000000000000000000000000000000
72,2,TypeB,36800,000000111111110000000000000000000000001111111000000000111111110000000000000000000000000000000000000000000000011111100000000000000000001111110000000000000000000000000000
73,3,TypeB,36800,000000111111110000000000000000000000001111111000000000111111110000000000000000000000000000000000000000000000011111100000000000000000001111110000000000000000000000000000
74,4,TypeB,36800,000000111111110000000000000000000000001111111000000000111111110000000000000000000000000000000000000000000000011111100000000000000000001111110000000000000000000000000000
75,5,TypeB,36800,000000111111110000000000000000000000001111111000000000111111110000000000000000000000000000000000000000000000011111100000000000000000001111110000000000000000000000000000
76,6,TypeC,31900,000000000000000000011111100000000000000011111000000000000111110000000000000000000000000000000000000000000000011111100000000000000000001111110000000000000000000000000000
77,7,TypeC,31900,000000000000000000011111100000000000000011111000000000000111110000000000000000000000000000000000000000000000011111100000000000000000001111110000000000000000000000000000
78,8,TypeC,31900,000000000000000000011111100000000000000011111000000000000111110000000000000000000000000000000000000000000000011111100000000000000000001111110000000000000000000000000000
79,9,TypeC,31900,000000000000000000011111100000000000000011111000000000000111110000000000000000000000000000000000000000000000011111100000000000000000001111110000000000000000000000000000
80,6,TypeC,33400,000000001111110000000000000000000000000000000000000000000000001111110000000000000000111110000000000000000000000000000000000000000011111000000000001111110000000000000000
81,7,TypeC,33400,000000001111110000000000000000000000000000000000000000000000001111110000000000000000111110000000000000000000000000000000000000000011111000000000001111110000000000000000
82,8,TypeC,33400,000000001111110000000000000000000000000000000000000000000000001111110000000000000000111110000000000000000000000000000000000000000011111000000000001111110000000000000000
83,9,TypeC,33400,000000001111110000000000000000000000000000000000000000000000001111110000000000000000111110000000000000000000000000000000000000000011111000000000001111110000000000000000
84,0,TypeA,47900,000000111111111000000000000000001111111100000000000000000000000000000000000000111111110000000000000000000000011111111110000000000000000000000000000000000000111111111000
85,1,TypeA,47900,000000111111111000000000000000001111111100000000000000000000000000000000000000111111110000000000000000000000011111111110000000000000000000000000000000000000111111111000
86,0,TypeA,49400,000000001111111110000000000000011111111110000000000000000000000000000000000000000000000000000000000000011111111110000000000000000011111111110000000000000000011111111000
87,1,TypeA,49400,000000001111111110000000000000011111111110000000000000000000000000000000000000000000000000000000000000011111111110000000000000000011111111110000000000000000011111111000
88,2,TypeB,36200,000000001111111000000000000000000000000000000000000000000000000000011110000000000000000000000000000000011111110000000000000000000000001111110000000000000000011111111000
89,3,TypeB,36200,000000001111111000000000000000000000000000000000000000000000000000011110000000000000000000000000000000011111110000000000000000000000001111110000000000000000011111111000
90,4,TypeB,36200,000000001111111000000000000000000000000000000000000000000000000000011110000000000000000000000000000000011111110000000000000000000000001111110000000000000000011111111000
91,5,TypeB,36200,000000001111111000000000000000000000000000000000000000000000000000011110000000000000000000000000000000011111110000000000000000000000001111110000000000000000011111111000
92,0,TypeA,49900,000111111110000000000000000111111110000000000000111111111100000000000000000000000001111111100000000000000000111111111000000000000000000000000000000000000000000000000000
93,1,TypeA,49900,000111111110000000000000000111111110000000000000111111111100000000000000000000000001111111100000000000000000111111111000000000000000000000000000000000000000000000000000
94,6,TypeC,31000,000111111000000000000000000111111000000000000000000000000000000000000000000000000000011111100000000000000000111110000000000001111100000000000000000000000000000000000000
95,7,TypeC,31000,000111111000000000000000000111111000000000000000000000000000000000000000000000000000011111100000000000000000111110000000000001111100000000000000000000000000000000000000
96,8,TypeC,31000,000111111000000000000000000111111000000000000000000000000000000000000000000000000000011111100000000000000000111110000000000001111100000000000000000000000000000000000000
97,9,TypeC,31000,000111111000000000000000000111111000000000000000000000000000000000000000000000000000011111100000000000000000111110000000000001111100000000000000000000000000000000000000
98,0,TypeA,49500,000000001111111110000000000000000000000011111111110000000000000000000000000000111111111000000000000001111111110000000000000000000000000000000000000000000111111110000000
99,1,TypeA,49500,000000001111111110000000000000000000000011111111110000000000000000000000000000111111111000000000000001111111110000000000000000000000000000000000000000000111111110000000
100,0,TypeA,47700,000000000000000000000000000000001111111110000000000000000111111110000000000000111111111000000000000000001111111110000000000000000000000000000000000000000000011111111110
101,1,TypeA,47700,000000000000000000000000000000001111111110000000000000000111111110000000000000111111111000000000000000001111111110000000000000000000000000000000000000000000011111111110
102,2,TypeB,35600,000000000000000000000000000000001111111000000000000000000111110000000000000000111111110000000000000000000000000000000000000000000000000000000000001111111100000000011110
103,3,TypeB,35600,000000000000000000000000000000001111111000000000000000000111110000000000000000111111110000000000000000000000000000000000000000000000000000000000001111111100000000011110
104,4,TypeB,35600,000000000000000000000000000000001111111000000000000000000111110000000000000000111111110000000000000000000000000000000000000000000000000000000000001111111100000000011110
105,5,TypeB,35600,000000000000000000000000000000001111111000000000000000000111110000000000000000111111110000000000000000000000000000000000000000000000000000000000001111111100000000011110
106,6,TypeC,25400,000111111000000000000000000000000000001110000000000000000111110000000000000000000000000000000000000000000000000000000000000000000000000000000000001111110000000000001110
107,7,TypeC,25400,000111111000000000000000000000000000001110000000000000000111110000000000000000000000000000000000000000000000000000000000000000000000000000000000001111110000000000001110
108,8,TypeC,25400,000111111000000000000000000000000000001110000000000000000111110000000000000000000000000000000000000000000000000000000000000000000000000000000000001111110000000000001110
109,9,TypeC,25400,000111111000000000000000000000000000001110000000000000000111110000000000000000000000000000000000000000000000000000000000000000000000000000000000001111110000000000001110
110,0,TypeA,55100,000000000000000000000000000000000000000000000000111111111100000000000001111111100000000000000000000000001111111110000000000001111111111000000000000011111111110000000000
111,1,TypeA,55100,000000000000000000000000000000000000000000000000111111111100000000000001111111100000000000000000000000001111111110000000000001111111111000000000000011111111110000000000
112,2,TypeB,35400,000000000000000000000000000111111000000000000000111111100000000000011111000000000000000000000000000000000000111111100000000000000000000000000000000000000000111111110000
113,3,TypeB,35400,000000000000000000000000000111111000000000000000111111100000000000011111000000000000000000000000000000000000111111100000000000000000000000000000000000000000111111110000
114,4,TypeB,35400,000000000000000000000000000111111000000000000000111111100000000000011111000000000000000000000000000000000000111111100000000000000000000000000000000000000000111111110000
115,5,TypeB,35400,000000000000000000000000000111111000000000000000111111100000000000011111000000000000000000000000000000000000111111100000000000000000000000000000000000000000111111110000
116,6,TypeC,27700,000000000000000000000000000111111000000000000000111000000000000000011111000000000000000000000000000000000000011111100000000000000000000000000000000000000111110000000000
117,7,TypeC,27700,000000000000000000000000000111111000000000000000111000000000000000011111000000000000000000000000000000000000011111100000000000000000000000000000000000000111110000000000
118,8,TypeC,27700,000000000000000000000000000111111000000000000000111000000000000000011111000000000000000000000000000000000000011111100000000000000000000000000000000000000111110000000000
119,9,TypeC,27700,000000000000000000000000000111111000000000000000111000000000000000011111000000000000000000000000000000000000011111100000000000000000000000000000000000000111110000000000
120,0,TypeA,52900,000000000000001111111100000000000000000000000000111111111100000000000000000000000000001111111110000000000000000000000000000001111111111000000000000000000000011111111100
121,1,TypeA,52900,000000000000001111111100000000000000000000000000111111111100000000000000000000000000001111111110000000000000000000000000000001111111111000000000000000000000011111111100
122,6,TypeC,27600,000000000000000011111100000000001111110000000000111000000000000000000000000000000000000000000011100000000000000000000000000000000111111000000000000000000000000000000000
123,7,TypeC,27600,000000000000000011111100000000001111110000000000111000000000000000000000000000000000000000000011100000000000000000000000000000000111111000000000000000000000000000000000
124,8,TypeC,27600,000000000000000011111100000000001111110000000000111000000000000000000000000000000000000000000011100000000000000000000000000000000111111000000000000000000000000000000000
125,9,TypeC,27600,000000000000000011111100000000001111110000000000111000000000000000000000000000000000000000000011100000000000000000000000000000000111111000000000000000000000000000000000
126,0,TypeA,55600,000000111111111000000000000000000000000000000000111111111100000000000000000000000000000000000000000000011111111110000000000001111111111000000000000000000000011111111110
127,1,TypeA,55600,000000111111111000000000000000000000000000000000111111111100000000000000000000000000000000000000000000011111111110000000000001111111111000000000000000000000011111111110
128,0,TypeA,48800,000000000000000000000000000000000000011111111000000000000000000011111111000000000000001111111110000000000000000000000000000000001111111110000000000000000000011111111110
129,1,TypeA,48800,000000000000000000000000000000000000011111111000000000000000000011111111000000000000001111111110000000000000000000000000000000001111111110000000000000000000011111111110
130,2,TypeB,27600,000000000000000000000000000000000000011111111000000000111100000000000000000000000000000000000000000000000000000000000000000001111000000000000000111100000000011110000000
131,3,TypeB,27600,000000000000000000000000000000000000011111111000000000111100000000000000000000000000000000000000000000000000000000000000000001111000000000000000111100000000011110000000
132,4,TypeB,27600,000000000000000000000000000000000000011111111000000000111100000000000000000000000000000000000000000000000000000000000000000001111000000000000000111100000000011110000000
133,5,TypeB,27600,000000000000000000000000000000000000011111111000000000111100000000000000000000000000000000000000000000000000000000000000000001111000000000000000111100000000011110000000
134,6,TypeC,20400,000000000000000000000000000000000000011110000000000000111100000000000000000000000000000000000000000000000000000000000000000001111000000000000000111000000000011100000000
135,7,TypeC,20400,000000000000000000000000000000000000011110000000000000111100000000000000000000000000000000000000000000000000000000000000000001111000000000000000111000000000011100000000
136,8,TypeC,20400,000000000000000000000000000000000000011110000000000000111100000000000000000000000000000000000000000000000000000000000000000001111000000000000000111000000000011100000000
137,9,TypeC,20400,000000000000000000000000000000000000011110000000000000111100000000000000000000000000000000000000000000000000000000000000000001111000000000000000111000000000011100000000
138,0,TypeA,49600,000000000000000000000000000000000011111111000000000000000000000000000000000000001111111100000000000000011111111110000000000001111111111000000000000011111111110000000000
139,1,TypeA,49600,000000000000000000000000000000000011111111000000000000000000000000000000000000001111111100000000000000011111111110000000000001111111111000000000000011111111110000000000
140,2,TypeB,28500,000000000000001111000000000000000011111110000000000000000000000000000000000000001111111000000000000000000000000011110000000000000000111110000000000000000000000000000000
141,3,TypeB,28500,000000000000001111000000000000000011111110000000000000000000000000000000000000001111111000000000000000000000000011110000000000000000111110000000000000000000000000000000
142,4,TypeB,28500,000000000000001111000000000000000011111110000000000000000000000000000000000000001111111000000000000000000000000011110000000000000000111110000000000000000000000000000000
143,5,TypeB,28500,000000000000001111000000000000000011111110000000000000000000000000000000000000001111111000000000000000000000000011110000000000000000111110000000000000000000000000000000
144,2,TypeB,23000,000000000000000000000000000000111110000000000000000000000000011111000000000000111100000000000011110000000000111110000000000000000000000000000000000000000000000000000000
145,3,TypeB,23000,000000000000000000000000000000111110000000000000000000000000011111000000000000111100000000000011110000000000111110000000000000000000000000000000000000000000000000000000
146,4,TypeB,23000,000000000000000000000000000000111110000000000000000000000000011111000000000000111100000000000011110000000000111110000000000000000000000000000000000000000000000000000000
147,5,TypeB,23000,000000000000000000000000000000111110000000000000000000000000011111000000000000111100000000000011110000000000111110000000000000000000000000000000000000000000000000000000
148,0,TypeA,47900,000000000000011111111100000000000000111111110000000000000011111111110000000000000000000000000000000000001111111110000000000000000000000000000000001111111100000000000000
149,1,TypeA,47900,000000000000011111111100000000000000111111110000000000000011111111110000000000000000000000000000000000001111111110000000000000000000000000000000001111111100000000000000
150,2,TypeB,31400,000000000000011110000000000000000000011111110000000000000000000111110000000000000000000000000000000000000000111110000000000000000000000000000000001111111100000000000000
151,3,TypeB,31400,000000000000011110000000000000000000011111110000000000000000000111110000000000000000000000000000000000000000111110000000000000000000000000000000001111111100000000000000
152,4,TypeB,31400,000000000000011110000000000000000000011111110000000000000000000111110000000000000000000000000000000000000000111110000000000000000000000000000000001111111100000000000000
153,5,TypeB,31400,000000000000011110000000000000000000011111110000000000000000000111110000000000000000000000000000000000000000111110000000000000000000000000000000001111111100000000000000
154,6,TypeC,28500,000000000000011110000000000000000000011110000000000000000000000111110000000000000000000000000000000000000000111110000000000000000000000000000000001111110000000000000000
155,7,TypeC,28500,000000000000011110000000000000000000011110000000000000000000000111110000000000000000000000000000000000000000111110000000000000000000000000000000001111110000000000000000
156,8,TypeC,28500,000000000000011110000000000000000000011110000000000000000000000111110000000000000000000000000000000000000000111110000000000000000000000000000000001111110000000000000000
157,9,TypeC,28500,000000000000011110000000000000000000011110000000000000000000000111110000000000000000000000000000000000000000111110000000000000000000000000000000001111110000000000000000
158,0,TypeA,44200,000000000000000000000000000000000011111111110000000000000111111110000000000000000011111111000000000000000000000000000000000000001111111110000000000000000000011111111000
159,1,TypeA,44200,000000000000000000000000000000000011111111110000000000000111111110000000000000000011111111000000000000000000000000000000000000001111111110000000000000000000011111111000
160,2,TypeB,37500,000000000000000000000000000000001111000000000000000000000111111100000000000000000011111110000000000000000000000000000000000000001111111000000000000000000000011111111000
161,3,TypeB,37500,000000000000000000000000000000001111000000000000000000000111111100000000000000000011111110000000000000000000000000000000000000001111111000000000000000000000011111111000
162,4,TypeB,37500,000000000000000000000000000000001111000000000000000000000111111100000000000000000011111110000000000000000000000000000000000000001111111000000000000000000000011111111000
163,5,TypeB,37500,000000000000000000000000000000001111000000000000000000000111111100000000000000000011111110000000000000000000000000000000000000001111111000000000000000000000011111111000
164,0,TypeA,46600,000000000000111111110000000000001111111110000000000000000000001111111111000000000000000000000000000000000000000000000000000000111111110000000000000000011111111000000000
165,1,TypeA,46600,000000000000111111110000000000001111111110000000000000000000001111111111000000000000000000000000000000000000000000000000000000111111110000000000000000011111111000000000
166,6,TypeC,29300,000000000000000000011111100000000000001111110000000000000000000000000000000000000011111000000000000001111110000000000000000000000000000000000000000000011100000000000000
167,7,TypeC,29300,000000000000000000011111100000000000001111110000000000000000000000000000000000000011111000000000000001111110000000000000000000000000000000000000000000011100000000000000
168,8,TypeC,29300,000000000000000000011111100000000000001111110000000000000000000000000000000000000011111000000000000001111110000000000000000000000000000000000000000000011100000000000000
169,9,TypeC,29300,000000000000000000011111100000000000001111110000000000000000000000000000000000000011111000000000000001111110000000000000000000000000000000000000000000011100000000000000
170,6,TypeC,22400,000000000000111000000000000000000000000000000000000000000000011100000000000000111110000000000000000000000000000000000000011111000000000000000000000000000000000000011110
171,7,TypeC,22400,000000000000111000000000000000000000000000000000000000000000011100000000000000111110000000000000000000000000000000000000011111000000000000000000000000000000000000011110
172,8,TypeC,22400,000000000000111000000000000000000000000000000000000000000000011100000000000000111110000000000000000000000000000000000000011111000000000000000000000000000000000000011110
173,9,TypeC,22400,000000000000111000000000000000000000000000000000000000000000011100000000000000111110000000000000000000000000000000000000011111000000000000000000000000000000000000011110
174,6,TypeC,25400,000000000000000000000000000000000000000000000000111000000000000000000000000000111110000000000000000000000000000000000011110000000000111110000000000011111100000000000000
175,7,TypeC,25400,000000000000000000000000000000000000000000000000111000000000000000000000000000111110000000000000000000000000000000000011110000000000111110000000000011111100000000000000
176,8,TypeC,25400,000000000000000000000000000000000000000000000000111000000000000000000000000000111110000000000000000000000000000000000011110000000000111110000000000011111100000000000000
177,9,TypeC,25400,000000000000000000000000000000000000000000000000111000000000000000000000000000111110000000000000000000000000000000000011110000000000111110000000000011111100000000000000
178,0,TypeA,51600,000000000000000000000000000000001111111110000000000000111111111100000000000000000000000000000000000000011111111110000000000000001111111110000000000011111111110000000000
179,1,TypeA,51600,000000000000000000000000000000001111111110000000000000111111111100000000000000000000000000000000000000011111111110000000000000001111111110000000000011111111110000000000
180,2,TypeB,30800,000000000000000000000000000000000011111110000000000000000000011111110000000000000000011110000000000000000000000011111000000000000000000000000000000011111100000000000000
181,3,TypeB,30800,000000000000000000000000000000000011111110000000000000000000011111110000000000000000011110000000000000000000000011111000000000000000000000000000000011111100000000000000
182,4,TypeB,30800,000000000000000000000000000000000011111110000000000000000000011111110000000000000000011110000000000000000000000011111000000000000000000000000000000011111100000000000000
183,5,TypeB,30800,000000000000000000000000000000000011111110000000000000000000011111110000000000000000011110000000000000000000000011111000000000000000000000000000000011111100000000000000
184,6,TypeC,25000,000000000000111000000000000000000000000000000000000000111100000000000000000000000000011110000000000000000000000011111000000000000000000000000000000011111100000000000000
185,7,TypeC,25000,000000000000111000000000000000000000000000000000000000111100000000000000000000000000011110000000000000000000000011111000000000000000000000000000000011111100000000000000
186,8,TypeC,25000,000000000000111000000000000000000000000000000000000000111100000000000000000000000000011110000000000000000000000011111000000000000000000000000000000011111100000000000000
187,9,TypeC,25000,000000000000111000000000000000000000000000000000000000111100000000000000000000000000011110000000000000000000000011111000000000000000000000000000000011111100000000000000
188,0,TypeA,49700,000000000000000000000000000000000000000000000000000000000011111111110000000000000011111111100000000000001111111110000000000000111111111000000000000000000000011111111110
189,1,TypeA,49700,000000000000000000000000000000000000000000000000000000000011111111110000000000000011111111100000000000001111111110000000000000111111111000000000000000000000011111111110
190,2,TypeB,28500,000000000000000000000000000000111110000000000000000000111110000000000000000000000000011111100000000000001111110000000000000000000011111000000000000000000000000000000000
191,3,TypeB,28500,000000000000000000000000000000111110000000000000000000111110000000000000000000000000011111100000000000001111110000000000000000000011111000000000000000000000000000000000
192,4,TypeB,28500,000000000000000000000000000000111110000000000000000000111110000000000000000000000000011111100000000000001111110000000000000000000011111000000000000000000000000000000000
193,5,TypeB,28500,000000000000000000000000000000111110000000000000000000111110000000000000000000000000011111100000000000001111110000000000000000000011111000000000000000000000000000000000
194,6,TypeC,25000,000000000000000000000000000000111110000000000000000000111110000000000000000000000000000011100000000000000000000000000000000000000011111000000000000000000000000000011110
195,7,TypeC,25000,000000000000000000000000000000111110000000000000000000111110000000000000000000000000000011100000000000000000000000000000000000000011111000000000000000000000000000011110
196,8,TypeC,25000,000000000000000000000000000000111110000000000000000000111110000000000000000000000000000011100000000000000000000000000000000000000011111000000000000000000000000000011110
197,9,TypeC,25000,000000000000000000000000000000111110000000000000000000111110000000000000000000000000000011100000000000000000000000000000000000000011111000000000000000000000000000011110
198,6,TypeC,26900,000000000000000011111100000000000000000000000000000000000111111000000000000000000000000000000011100000000000000011100000000000000000000000000000000000000111110000000000
199,7,TypeC,26900,000000000000000011111100000000000000000000000000000000000111111000000000000000000000000000000011100000000000000011100000000000000000000000000000000000000111110000000000
200,8,TypeC,26900,000000000000000011111100000000000000000000000000000000000111111000000000000000000000000000000011100000000000000011100000000000000000000000000000000000000111110000000000
201,9,TypeC,26900,000000000000000011111100000000000000000000000000000000000111111000000000000000000000000000000011100000000000000011100000000000000000000000000000000000000111110000000000
202,2,TypeB,31000,000000000001111110000000000000000000011111110000000000000000011111110000000000000011111110000000000000000011110000000000000000000000000000000000000000000000000000000000
203,3,TypeB,31000,000000000001111110000000000000000000011111110000000000000000011111110000000000000011111110000000000000000011110000000000000000000000000000000000000000000000000000000000
204,4,TypeB,31000,000000000001111110000000000000000000011111110000000000000000011111110000000000000011111110000000000000000011110000000000000000000000000000000000000000000000000000000000
205,5,TypeB,31000,000000000001111110000000000000000000011111110000000000000000011111110000000000000011111110000000000000000011110000000000000000000000000000000000000000000000000000000000
206,2,TypeB,33100,000000001111111000000000000000000000011110000000000000000111111100000000000000000000000000000000000000001111110000000000000000111111100000000000000000000000000000000000
207,3,TypeB,33100,000000001111111000000000000000000000011110000000000000000111111100000000000000000000000000000000000000001111110000000000000000111111100000000000000000000000000000000000
208,4,TypeB,33100,000000001111111000000000000000000000011110000000000000000111111100000000000000000000000000000000000000001111110000000000000000111111100000000000000000000000000000000000
209,5,TypeB,33100,000000001111111000000000000000000000011110000000000000000111111100000000000000000000000000000000000000001111110000000000000000111111100000000000000000000000000000000000
210,0,TypeA,45600,000000000001111111110000000000000000011111111000000000000000000000000000000000111111111000000000000000000000000000000000000001111111100000000000000000011111111000000000
211,1,TypeA,45600,000000000001111111110000000000000000011111111000000000000000000000000000000000111111111000000000000000000000000000000000000001111111100000000000000000011111111000000000
212,2,TypeB,38400,000000000000111111110000000000000000011111111000000000111111110000000000000000000000000000000000000001111000000000000000000000000000000000000000000000011111111000000000
213,3,TypeB,38400,000000000000111111110000000000000000011111111000000000111111110000000000000000000000000000000000000001111000000000000000000000000000000000000000000000011111111000000000
214,4,TypeB,38400,000000000000111111110000000000000000011111111000000000111111110000000000000000000000000000000000000001111000000000000000000000000000000000000000000000011111111000000000
215,5,TypeB,38400,000000000000111111110000000000000000011111111000000000111111110000000000000000000000000000000000000001111000000000000000000000000000000000000000000000011111111000000000
216,6,TypeC,24000,000000000000000011110000000000000000000011111000000000000000000000000000000000000000000000000000000001111000000000000000000000000000111110000000000000000000011100000000
217,7,TypeC,24000,000000000000000011110000000000000000000011111000000000000000000000000000000000000000000000000000000001111000000000000000000000000000111110000000000000000000011100000000
218,8,TypeC,24000,000000000000000011110000000000000000000011111000000000000000000000000000000000000000000000000000000001111000000000000000000000000000111110000000000000000000011100000000
219,9,TypeC,24000,000000000000000011110000000000000000000011111000000000000000000000000000000000000000000000000000000001111000000000000000000000000000111110000000000000000000011100000000
220,6,TypeC,27600,000000000001111110000000000000111110000000000000000000000000000000000000000000000000000000000000000000011110000000000000000000001110000000000000001111110000000000000000
221,7,TypeC,27600,000000000001111110000000000000111110000000000000000000000000000000000000000000000000000000000000000000011110000000000000000000001110000000000000001111110000000000000000
222,8,TypeC,27600,000000000001111110000000000000111110000000000000000000000000000000000000000000000000000000000000000000011110000000000000000000001110000000000000001111110000000000000000
223,9,TypeC,27600,000000000001111110000000000000111110000000000000000000000000000000000000000000000000000000000000000000011110000000000000000000001110000000000000001111110000000000000000
224,6,TypeC,27900,000000001111110000000000000000111110000000000000000000111110000000000000000000000000000000000000000000000000000000000000000001111100000000000000000000000000011100000000
225,7,TypeC,27900,000000001111110000000000000000111110000000000000000000111110000000000000000000000000000000000000000000000000000000000000000001111100000000000000000000000000011100000000
226,8,TypeC,27900,000000001111110000000000000000111110000000000000000000111110000000000000000000000000000000000000000000000000000000000000000001111100000000000000000000000000011100000000
227,9,TypeC,27900,000000001111110000000000000000111110000000000000000000111110000000000000000000000000000000000000000000000000000000000000000001111100000000000000000000000000011100000000
228,0,TypeA,47400,000000000000000000000000000000000000000000000000000000111111111100000000000000001111111110000000000000001111111110000000000000001111111110000000000000011111111000000000
229,1,TypeA,47400,000000000000000000000000000000000000000000000000000000111111111100000000000000001111111110000000000000001111111110000000000000001111111110000000000000011111111000000000
230,6,TypeC,26400,000111111000000000000000000000000000000000000000000000000000000000000000000000000000111110000000000000000000000011100000000001111110000000000000000000000000000000011110
231,7,TypeC,26400,000111111000000000000000000000000000000000000000000000000000000000000000000000000000111110000000000000000000000011100000000001111110000000000000000000000000000000011110
232,8,TypeC,26400,000111111000000000000000000000000000000000000000000000000000000000000000000000000000111110000000000000000000000011100000000001111110000000000000000000000000000000011110
233,9,TypeC,26400,000111111000000000000000000000000000000000000000000000000000000000000000000000000000111110000000000000000000000011100000000001111110000000000000000000000000000000011110
234,0,TypeA,46700,000000000000111111110000000000000000000000000000000000000000000000000000000000111111111000000000000000000000111111111000000000000011111111110000000000000000011111111000
235,1,TypeA,46700,000000000000111111110000000000000000000000000000000000000000000000000000000000111111111000000000000000000000111111111000000000000011111111110000000000000000011111111000
236,2,TypeB,38100,000000111111110000000000000000000011111110000000000000000000000000000000000000001111111000000000000000000011111110000000000000000000000000000000000000011111110000000000
237,3,TypeB,38100,000000111111110000000000000000000011111110000000000000000000000000000000000000001111111000000000000000000011111110000000000000000000000000000000000000011111110000000000
238,4,TypeB,38100,000000111111110000000000000000000011111110000000000000000000000000000000000000001111111000000000000000000011111110000000000000000000000000000000000000011111110000000000
239,5,TypeB,38100,000000111111110000000000000000000011111110000000000000000000000000000000000000001111111000000000000000000011111110000000000000000000000000000000000000011111110000000000
240,6,TypeC,23800,000000000000000000000000000000000000000000000000000000000000111100000000000000111000000000000000000001111110000000000000000001110000000000000000001111110000000000000000
241,7,TypeC,23800,000000000000000000000000000000000000000000000000000000000000111100000000000000111000000000000000000001111110000000000000000001110000000000000000001111110000000000000000
242,8,TypeC,23800,000000000000000000000000000000000000000000000000000000000000111100000000000000111000000000000000000001111110000000000000000001110000000000000000001111110000000000000000
243,9,TypeC,23800,000000000000000000000000000000000000000000000000000000000000111100000000000000111000000000000000000001111110000000000000000001110000000000000000001111110000000000000000
244,0,TypeA,47000,000000000000000000000000000000000000000000000000000000000111111111000000000000111111110000000000000000001111111110000000000001111111111000000000000000011111111000000000
245,1,TypeA,47000,000000000000000000000000000000000000000000000000000000000111111111000000000000111111110000000000000000001111111110000000000001111111111000000000000000011111111000000000
246,2,TypeB,37100,000000000000000000000000000000000000001111111000000000000011111111000000000000111111110000000000000000000000000011111000000000000000000000000000000000011111110000000000
247,3,TypeB,37100,000000000000000000000000000000000000001111111000000000000011111111000000000000111111110000000000000000000000000011111000000000000000000000000000000000011111110000000000
248,4,TypeB,37100,000000000000000000000000000000000000001111111000000000000011111111000000000000111111110000000000000000000000000011111000000000000000000000000000000000011111110000000000
249,5,TypeB,37100,000000000000000000000000000000000000001111111000000000000011111111000000000000111111110000000000000000000000000011111000000000000000000000000000000000011111110000000000
250,6,TypeC,30100,000000000000000000000000000000000000000000000000000000000000011111000000000000111110000000000000000000000000000011111000000000000011111000000000000000000111110000000000
251,7,TypeC,30100,000000000000000000000000000000000000000000000000000000000000011111000000000000111110000000000000000000000000000011111000000000000011111000000000000000000111110000000000
252,8,TypeC,30100,000000000000000000000000000000000000000000000000000000000000011111000000000000111110000000000000000000000000000011111000000000000011111000000000000000000111110000000000
253,9,TypeC,30100,000000000000000000000000000000000000000000000000000000000000011111000000000000111110000000000000000000000000000011111000000000000011111000000000000000000111110000000000
254,0,TypeA,45100,000000111111111000000000000000001111111110000000000000000111111111000000000000000000000000000000000000000000000000000000000000000111111110000000000000111111110000000000
255,1,TypeA,45100,000000111111111000000000000000001111111110000000000000000111111111000000000000000000000000000000000000000000000000000000000000000111111110000000000000111111110000000000
256,2,TypeB,39400,000000000000001111111100000000000000001111111000000000000000000111111100000000001111111000000000000000000000000000000000000000000111111110000000000000000000000000000000
257,3,TypeB,39400,000000000000001111111100000000000000001111111000000000000000000111111100000000001111111000000000000000000000000000000000000000000111111110000000000000000000000000000000
258,4,TypeB,39400,000000000000001111111100000000000000001111111000000000000000000111111100000000001111111000000000000000000000000000000000000000000111111110000000000000000000000000000000
259,5,TypeB,39400,000000000000001111111100000000000000001111111000000000000000000111111100000000001111111000000000000000000000000000000000000000000111111110000000000000000000000000000000
260,6,TypeC,24600,000000000000000000000000000111111000000000000000000000000000000111110000000000000000000000000000000000000000000000000011110000000000000000000000001111110000000000011100
261,7,TypeC,24600,000000000000000000000000000111111000000000000000000000000000000111110000000000000000000000000000000000000000000000000011110000000000000000000000001111110000000000011100
262,8,TypeC,24600,000000000000000000000000000111111000000000000000000000000000000111110000000000000000000000000000000000000000000000000011110000000000000000000000001111110000000000011100
263,9,TypeC,24600,000000000000000000000000000111111000000000000000000000000000000111110000000000000000000000000000000000000000000000000011110000000000000000000000001111110000000000011100
264,0,TypeA,46800,000000000000000000000000000000001111111110000000000000000011111111110000000000000000000000000000000000001111111110000000000000001111111110000000000000011111111000000000
265,1,TypeA,46800,000000000000000000000000000000001111111110000000000000000011111111110000000000000000000000000000000000001111111110000000000000001111111110000000000000011111111000000000
266,2,TypeB,37100,000000111111110000000000000000001111111000000000000000000011111000000000000000000000000000000000000001111111100000000000000000001111111000000000000000000000000000000000
267,3,TypeB,37100,000000111111110000000000000000001111111000000000000000000011111000000000000000000000000000000000000001111111100000000000000000001111111000000000000000000000000000000000
268,4,TypeB,37100,000000111111110000000000000000001111111000000000000000000011111000000000000000000000000000000000000001111111100000000000000000001111111000000000000000000000000000000000
269,5,TypeB,37100,000000111111110000000000000000001111111000000000000000000011111000000000000000000000000000000000000001111111100000000000000000001111111000000000000000000000000000000000
270,0,TypeA,48900,000000000000011111111100000000000011111111110000000000000000000000000000000000111111111000000000000000000000000000000000000000111111111000000000000000111111110000000000
271,1,TypeA,48900,000000000000011111111100000000000011111111110000000000000000000000000000000000111111111000000000000000000000000000000000000000111111111000000000000000111111110000000000
272,6,TypeC,24000,000000000000000000011100000000000000000000011111100000000000000000000000000000111000000000000000000000000000000000000000011111100000000000000000001111110000000000000000
273,7,TypeC,24000,000000000000000000011100000000000000000000011111100000000000000000000000000000111000000000000000000000000000000000000000011111100000000000000000001111110000000000000000
274,8,TypeC,24000,000000000000000000011100000000000000000000011111100000000000000000000000000000111000000000000000000000000000000000000000011111100000000000000000001111110000000000000000
275,9,TypeC,24000,000000000000000000011100000000000000000000011111100000000000000000000000000000111000000000000000000000000000000000000000011111100000000000000000001111110000000000000000
276,0,TypeA,48500,000000000000000000000000000000001111111110000000000000000111111111000000000000001111111110000000000000011111111110000000000000000011111111110000000000000000000000000000
277,1,TypeA,48500,000000000000000000000000000000001111111110000000000000000111111111000000000000001111111110000000000000011111111110000000000000000011111111110000000000000000000000000000
278,0,TypeA,51900,000000001111111110000000000000000000000000000000000000111111111100000000000000111111111000000000000000011111111110000000000001111111111000000000000000000000000000000000
279,1,TypeA,51900,000000001111111110000000000000000000000000000000000000111111111100000000000000111111111000000000000000011111111110000000000001111111111000000000000000000000000000000000
280,2,TypeB,35000,000000000000011111110000000000001111111000000000111111100000000000000000000000001111111000000000000000011111110000000000000000000000000000000000000000000000000000000000
281,3,TypeB,35000,000000000000011111110000000000001111111000000000111111100000000000000000000000001111111000000000000000011111110000000000000000000000000000000000000000000000000000000000
282,4,TypeB,35000,000000000000011111110000000000001111111000000000111111100000000000000000000000001111111000000000000000011111110000000000000000000000000000000000000000000000000000000000
283,5,TypeB,35000,000000000000011111110000000000001111111000000000111111100000000000000000000000001111111000000000000000011111110000000000000000000000000000000000000000000000000000000000
284,6,TypeC,21600,000000111000000000000000000000000000000000000000000000111110000000000000000000000000000000000000000000000000000000000000000001111000000000000000001111110000000000011100
285,7,TypeC,21600,000000111000000000000000000000000000000000000000000000111110000000000000000000000000000000000000000000000000000000000000000001111000000000000000001111110000000000011100
286,8,TypeC,21600,000000111000000000000000000000000000000000000000000000111110000000000000000000000000000000000000000000000000000000000000000001111000000000000000001111110000000000011100
287,9,TypeC,21600,000000111000000000000000000000000000000000000000000000111110000000000000000000000000000000000000000000000000000000000000000001111000000000000000001111110000000000011100
288,0,TypeA,48700,000000001111111110000000000000001111111110000000000000000000000000000000000000000000011111111110000000000000000000000000000000000011111111110000000000011111111000000000
289,1,TypeA,48700,000000001111111110000000000000001111111110000000000000000000000000000000000000000000011111111110000000000000000000000000000000000011111111110000000000011111111000000000
290,6,TypeC,24700,000000000000111110000000000000001110000000000000000000000000000000000000000000111110000000000011100000000000000000000000000000000000000000000000001111110000000000000000
291,7,TypeC,24700,000000000000111110000000000000001110000000000000000000000000000000000000000000111110000000000011100000000000000000000000000000000000000000000000001111110000000000000000
292,8,TypeC,24700,000000000000111110000000000000001110000000000000000000000000000000000000000000111110000000000011100000000000000000000000000000000000000000000000001111110000000000000000
293,9,TypeC,24700,000000000000111110000000000000001110000000000000000000000000000000000000000000111110000000000011100000000000000000000000000000000000000000000000001111110000000000000000
294,0,TypeA,48000,000000001111111110000000000000000000000000000000000000000000111111110000000000000000000000000000000000011111111110000000000000111111111000000000000000111111111000000000
295,1,TypeA,48000,000000001111111110000000000000000000000000000000000000000000111111110000000000000000000000000000000000011111111110000000000000111111111000000000000000111111111000000000
296,2,TypeB,29800,000000001111110000000000000000000000000000000000000000000111110000000000000000000000011111100000000000000000111110000000000000000000000000000000000000000111111000000000
297,3,TypeB,29800,000000001111110000000000000000000000000000000000000000000111110000000000000000000000011111100000000000000000111110000000000000000000000000000000000000000111111000000000
298,4,TypeB,29800,000000001111110000000000000000000000000000000000000000000111110000000000000000000000011111100000000000000000111110000000000000000000000000000000000000000111111000000000
299,5,TypeB,29800,000000001111110000000000000000000000000000000000000000000111110000000000000000000000011111100000000000000000111110000000000000000000000000000000000000000111111000000000
300,6,TypeC,22000,000000000000000000011100000000000000000000000000000000000111110000000000000000000000000000000000000001110000000000000000000000111110000000000000000000000000111000000000
301,7,TypeC,22000,000000000000000000011100000000000000000000000000000000000111110000000000000000000000000000000000000001110000000000000000000000111110000000000000000000000000111000000000
302,8,TypeC,22000,000000000000000000011100000000000000000000000000000000000111110000000000000000000000000000000000000001110000000000000000000000111110000000000000000000000000111000000000
303,9,TypeC,22000,000000000000000000011100000000000000000000000000000000000111110000000000000000000000000000000000000001110000000000000000000000111110000000000000000000000000111000000000
304,0,TypeA,49000,000000001111111110000000000000111111111000000000000000000111111110000000000000000000000000000000000000000000000000000000000001111111111000000000000000011111111110000000
305,1,TypeA,49000,000000001111111110000000000000111111111000000000000000000111111110000000000000000000000000000000000000000000000000000000000001111111111000000000000000011111111110000000
306,2,TypeB,28200,000000000000011110000000000000001111111000000000000000000111110000000000000000001111111000000000000000000000000000000000000000000000000000000000000000000000011110000000
307,3,TypeB,28200,000000000000011110000000000000001111111000000000000000000111110000000000000000001111111000000000000000000000000000000000000000000000000000000000000000000000011110000000
308,4,TypeB,28200,000000000000011110000000000000001111111000000000000000000111110000000000000000001111111000000000000000000000000000000000000000000000000000000000000000000000011110000000
309,5,TypeB,28200,000000000000011110000000000000001111111000000000000000000111110000000000000000001111111000000000000000000000000000000000000000000000000000000000000000000000011110000000
310,6,TypeC,20400,000000000000000000000000000000111000000000000000000000000000000000011111000000000000000000000000000000000000000011100000000000000000111000000000000000000000011110000000
311,7,TypeC,20400,000000000000000000000000000000111000000000000000000000000000000000011111000000000000000000000000000000000000000011100000000000000000111000000000000000000000011110000000
312,8,TypeC,20400,000000000000000000000000000000111000000000000000000000000000000000011111000000000000000000000000000000000000000011100000000000000000111000000000000000000000011110000000
313,9,TypeC,20400,000000000000000000000000000000111000000000000000000000000000000000011111000000000000000000000000000000000000000011100000000000000000111000000000000000000000011110000000
314,2,TypeB,38100,000000001111111000000000000000000000001111110000000000000111111110000000000000111111110000000000000000000000000000000000000000000011111110000000000000000000000000000000
315,3,TypeB,38100,000000001111111000000000000000000000001111110000000000000111111110000000000000111111110000000000000000000000000000000000000000000011111110000000000000000000000000000000
316,4,TypeB,38100,000000001111111000000000000000000000001111110000000000000111111110000000000000111111110000000000000000000000000000000000000000000011111110000000000000000000000000000000
317,5,TypeB,38100,000000001111111000000000000000000000001111110000000000000111111110000000000000111111110000000000000000000000000000000000000000000011111110000000000000000000000000000000
318,0,TypeA,48400,000000000001111111110000000000000000000000000000000000111111111100000000000000000000000000000000000000000011111111100000000000001111111110000000000000111111111000000000
319,1,TypeA,48400,000000000001111111110000000000000000000000000000000000111111111100000000000000000000000000000000000000000011111111100000000000001111111110000000000000111111111000000000
320,2,TypeB,33400,000000000001111000000000000000001111111000000000000000111110000000000000000000000000000000000000000000000011111110000000000000000000000000000000000000111111110000000000
321,3,TypeB,33400,000000000001111000000000000000001111111000000000000000111110000000000000000000000000000000000000000000000011111110000000000000000000000000000000000000111111110000000000
322,4,TypeB,33400,000000000001111000000000000000001111111000000000000000111110000000000000000000000000000000000000000000000011111110000000000000000000000000000000000000111111110000000000
323,5,TypeB,33400,000000000001111000000000000000001111111000000000000000111110000000000000000000000000000000000000000000000011111110000000000000000000000000000000000000111111110000000000
324,6,TypeC,26800,000000000001111000000000000000000000000000000000000000000000000000000000000000000000000000000000000001111110000000000000011111100000000000000000001111110000000000001110
325,7,TypeC,26800,000000000001111000000000000000000000000000000000000000000000000000000000000000000000000000000000000001111110000000000000011111100000000000000000001111110000000000001110
326,8,TypeC,26800,000000000001111000000000000000000000000000000000000000000000000000000000000000000000000000000000000001111110000000000000011111100000000000000000001111110000000000001110
327,9,TypeC,26800,000000000001111000000000000000000000000000000000000000000000000000000000000000000000000000000000000001111110000000000000011111100000000000000000001111110000000000001110
328,0,TypeA,49700,000000000000000000000000000000000011111111110000000000000000111111111100000000000000000000000000000000011111111110000000000000001111111110000000000000000000011111111000
329,1,TypeA,49700,000000000000000000000000000000000011111111110000000000000000111111111100000000000000000000000000000000011111111110000000000000001111111110000000000000000000011111111000
330,2,TypeB,37400,000000000001111110000000000000001111111000000000000000000000111111000000000000111111110000000000000000000000000000000000000000000000111111110000000000000000000000000000
331,3,TypeB,37400,000000000001111110000000000000001111111000000000000000000000111111000000000000111111110000000000000000000000000000000000000000000000111111110000000000000000000000000000
332,4,TypeB,37400,000000000001111110000000000000001111111000000000000000000000111111000000000000111111110000000000000000000000000000000000000000000000111111110000000000000000000000000000
333,5,TypeB,37400,000000000001111110000000000000001111111000000000000000000000111111000000000000111111110000000000000000000000000000000000000000000000111111110000000000000000000000000000
334,0,TypeA,45200,000000000000000000000000000000000000000000000000000000000000111111110000000000000011111111100000000000000011111111100000000000000111111111100000000000111111110000000000
335,1,TypeA,45200,000000000000000000000000000000000000000000000000000000000000111111110000000000000011111111100000000000000011111111100000000000000111111111100000000000111111110000000000
336,2,TypeB,42500,000000000000000000000000000000000000000000000000000000111111110000000000000000111111110000000000000000000000111111100000000000001111111000000000000000111111110000000000
337,3,TypeB,42500,000000000000000000000000000000000000000000000000000000111111110000000000000000111111110000000000000000000000111111100000000000001111111000000000000000111111110000000000
338,4,TypeB,42500,000000000000000000000000000000000000000000000000000000111111110000000000000000111111110000000000000000000000111111100000000000001111111000000000000000111111110000000000
339,5,TypeB,42500,000000000000000000000000000000000000000000000000000000111111110000000000000000111111110000000000000000000000111111100000000000001111111000000000000000111111110000000000
340,6,TypeC,24500,000000000000000000000000000000000000000000000000000000000000000000000000000000111110000000000000000000000000000011100000000001111110000000000000001111110000000000111000
341,7,TypeC,24500,000000000000000000000000000000000000000000000000000000000000000000000000000000111110000000000000000000000000000011100000000001111110000000000000001111110000000000111000
342,8,TypeC,24500,000000000000000000000000000000000000000000000000000000000000000000000000000000111110000000000000000000000000000011100000000001111110000000000000001111110000000000111000
343,9,TypeC,24500,000000000000000000000000000000000000000000000000000000000000000000000000000000111110000000000000000000000000000011100000000001111110000000000000001111110000000000111000
344,6,TypeC,23000,000000000000000000011100000000000000000000000000111000000000011100000000000000000000000000000000000000000000000000000000000001111110000000000000000000000111110000000000
345,7,TypeC,23000,000000000000000000011100000000000000000000000000111000000000011100000000000000000000000000000000000000000000000000000000000001111110000000000000000000000111110000000000
346,8,TypeC,23000,000000000000000000011100000000000000000000000000111000000000011100000000000000000000000000000000000000000000000000000000000001111110000000000000000000000111110000000000
347,9,TypeC,23000,000000000000000000011100000000000000000000000000111000000000011100000000000000000000000000000000000000000000000000000000000001111110000000000000000000000111110000000000
348,2,TypeB,32000,000000000000011111110000000000000000001111111000000000000111111100000000000000000000011110000000000000000011111110000000000000000000000000000000000000000000000000000000
349,3,TypeB,32000,000000000000011111110000000000000000001111111000000000000111111100000000000000000000011110000000000000000011111110000000000000000000000000000000000000000000000000000000
350,4,TypeB,32000,000000000000011111110000000000000000001111111000000000000111111100000000000000000000011110000000000000000011111110000000000000000000000000000000000000000000000000000000
351,5,TypeB,32000,000000000000011111110000000000000000001111111000000000000111111100000000000000000000011110000000000000000011111110000000000000000000000000000000000000000000000000000000
352,0,TypeA,47400,000000000000000000000000000000000011111111110000000000000111111111000000000000000000000000000000000001111111110000000000000000001111111110000000000000000000011111111000
353,1,TypeA,47400,000000000000000000000000000000000011111111110000000000000111111111000000000000000000000000000000000001111111110000000000000000001111111110000000000000000000011111111000
354,2,TypeB,27600,000000001111110000000000000000000000001111110000000000000000011111000000000000000000000000000000000001111110000000000011110000000000000000000000000000000000000000000000
355,3,TypeB,27600,000000001111110000000000000000000000001111110000000000000000011111000000000000000000000000000000000001111110000000000011110000000000000000000000000000000000000000000000
356,4,TypeB,27600,000000001111110000000000000000000000001111110000000000000000011111000000000000000000000000000000000001111110000000000011110000000000000000000000000000000000000000000000
357,5,TypeB,27600,000000001111110000000000000000000000001111110000000000000000011111000000000000000000000000000000000001111110000000000011110000000000000000000000000000000000000000000000
358,6,TypeC,21100,000000000000000000000000000000001110000000000000000000000000000000000111000000000000000000000000000001111110000000000011110000000000000000000000000000000000011100000000
359,7,TypeC,21100,000000000000000000000000000000001110000000000000000000000000000000000111000000000000000000000000000001111110000000000011110000000000000000000000000000000000011100000000
360,8,TypeC,21100,000000000000000000000000000000001110000000000000000000000000000000000111000000000000000000000000000001111110000000000011110000000000000000000000000000000000011100000000
361,9,TypeC,21100,000000000000000000000000000000001110000000000000000000000000000000000111000000000000000000000000000001111110000000000011110000000000000000000000000000000000011100000000
362,0,TypeA,49900,000000000000011111111100000000000000000000000000000000000111111111000000000000111111111000000000000000000000000000000000000001111111111000000000000000111111111000000000
363,1,TypeA,49900,000000000000011111111100000000000000000000000000000000000111111111000000000000111111111000000000000000000000000000000000000001111111111000000000000000111111111000000000
364,6,TypeC,22900,000000000000000000011111100000000000000000000000000000000000000000000000000000111000000000000000000000000000000000001111110000000000111000000000000000000000000000011110
365,7,TypeC,22900,000000000000000000011111100000000000000000000000000000000000000000000000000000111000000000000000000000000000000000001111110000000000111000000000000000000000000000011110
366,8,TypeC,22900,000000000000000000011111100000000000000000000000000000000000000000000000000000111000000000000000000000000000000000001111110000000000111000000000000000000000000000011110
367,9,TypeC,22900,000000000000000000011111100000000000000000000000000000000000000000000000000000111000000000000000000000000000000000001111110000000000111000000000000000000000000000011110
368,0,TypeA,47600,000000000000000000000000000000000000000000000000000000111111110000000000000000000011111111000000000000011111111110000000000001111111111000000000000000111111110000000000
369,1,TypeA,47600,000000000000000000000000000000000000000000000000000000111111110000000000000000000011111111000000000000011111111110000000000001111111111000000000000000111111110000000000
370,0,TypeA,48400,000000000000011111111100000000000000000000000000000000000000000000000000000000000011111111100000000000011111111110000000000000000011111111110000000000011111111000000000
371,1,TypeA,48400,000000000000011111111100000000000000000000000000000000000000000000000000000000000011111111100000000000011111111110000000000000000011111111110000000000011111111000000000
372,0,TypeA,49600,000000000000000000000000000000001111111110000000000000000000000000000000000000111111111000000000000000011111111110000000000001111111111000000000000000011111111000000000
373,1,TypeA,49600,000000000000000000000000000000001111111110000000000000000000000000000000000000111111111000000000000000011111111110000000000001111111111000000000000000011111111000000000
374,2,TypeB,39100,000000111111110000000000000111111110000000000000000000000000011111110000000000000000000000000000000000011111110000000000000000001111111000000000000000000000000000000000
375,3,TypeB,39100,000000111111110000000000000111111110000000000000000000000000011111110000000000000000000000000000000000011111110000000000000000001111111000000000000000000000000000000000
376,4,TypeB,39100,000000111111110000000000000111111110000000000000000000000000011111110000000000000000000000000000000000011111110000000000000000001111111000000000000000000000000000000000
377,5,TypeB,39100,000000111111110000000000000111111110000000000000000000000000011111110000000000000000000000000000000000011111110000000000000000001111111000000000000000000000000000000000
378,0,TypeA,52500,000000111111111000000000000000000000000000000000000000000000111111111100000000000000000000000000000001111111110000000000000000000011111111110000000000000000011111111110
379,1,TypeA,52500,000000111111111000000000000000000000000000000000000000000000111111111100000000000000000000000000000001111111110000000000000000000011111111110000000000000000011111111110
380,2,TypeB,33300,000000111111110000000000000000000000000000000000000000000000000111111100000000000000000000000000000001111000000000000000000000000011111000000000000000000111111000000000
381,3,TypeB,33300,000000111111110000000000000000000000000000000000000000000000000111111100000000000000000000000000000001111000000000000000000000000011111000000000000000000111111000000000
382,4,TypeB,33300,000000111111110000000000000000000000000000000000000000000000000111111100000000000000000000000000000001111000000000000000000000000011111000000000000000000111111000000000
383,5,TypeB,33300,000000111111110000000000000000000000000000000000000000000000000111111100000000000000000000000000000001111000000000000000000000000011111000000000000000000111111000000000
384,6,TypeC,20400,000000111000000000000000000000000000000000000000000000000000000000011100000000000000000000000000000001111000000000000000000000000011111000000000000000000000011100000000
385,7,TypeC,20400,000000111000000000000000000000000000000000000000000000000000000000011100000000000000000000000000000001111000000000000000000000000011111000000000000000000000011100000000
386,8,TypeC,20400,000000111000000000000000000000000000000000000000000000000000000000011100000000000000000000000000000001111000000000000000000000000011111000000000000000000000011100000000
387,9,TypeC,20400,000000111000000000000000000000000000000000000000000000000000000000011100000000000000000000000000000001111000000000000000000000000011111000000000000000000000011100000000
388,2,TypeB,32200,000000001111111000000000000000000000011110000000000000000000000000000000000000111111110000000000000001111111100000000000000000000000000000000000000000000000011110000000
389,3,TypeB,32200,000000001111111000000000000000000000011110000000000000000000000000000000000000111111110000000000000001111111100000000000000000000000000000000000000000000000011110000000
390,4,TypeB,32200,000000001111111000000000000000000000011110000000000000000000000000000000000000111111110000000000000001111111100000000000000000000000000000000000000000000000011110000000
391,5,TypeB,32200,000000001111111000000000000000000000011110000000000000000000000000000000000000111111110000000000000001111111100000000000000000000000000000000000000000000000011110000000
392,6,TypeC,21200,000000000000000000011100000000000000000000000000000000000000000000000000000000000000000000000000000001111000000000000000011111100000000000000000111000000000011110000000
393,7,TypeC,21200,000000000000000000011100000000000000000000000000000000000000000000000000000000000000000000000000000001111000000000000000011111100000000000000000111000000000011110000000
394,8,TypeC,21200,000000000000000000011100000000000000000000000000000000000000000000000000000000000000000000000000000001111000000000000000011111100000000000000000111000000000011110000000
395,9,TypeC,21200,000000000000000000011100000000000000000000000000000000000000000000000000000000000000000000000000000001111000000000000000011111100000000000000000111000000000011110000000
396,2,TypeB,37100,000000000000111110000000000000000000000000000000000000000111111100000000000000111111110000000000000001111111100000000000000000000000000000000000000000000000011111110000
397,3,TypeB,37100,000000000000111110000000000000000000000000000000000000000111111100000000000000111111110000000000000001111111100000000000000000000000000000000000000000000000011111110000
398,4,TypeB,37100,000000000000111110000000000000000000000000000000000000000111111100000000000000111111110000000000000001111111100000000000000000000000000000000000000000000000011111110000
399,5,TypeB,37100,000000000000111110000000000000000000000000000000000000000111111100000000000000111111110000000000000001111111100000000000000000000000000000000000000000000000011111110000
400,6,TypeC,28200,000111111000000000000000000000000000000000011111100000000000000000011111000000000000000000000000000000000000000000000000000000000000001111110000000000111100000000000000
401,7,TypeC,28200,000111111000000000000000000000000000000000011111100000000000000000011111000000000000000000000000000000000000000000000000000000000000001111110000000000111100000000000000
402,8,TypeC,28200,000111111000000000000000000000000000000000011111100000000000000000011111000000000000000000000000000000000000000000000000000000000000001111110000000000111100000000000000
403,9,TypeC,28200,000111111000000000000000000000000000000000011111100000000000000000011111000000000000000000000000000000000000000000000000000000000000001111110000000000111100000000000000
404,6,TypeC,23200,000000000000000000000000000000000000000000000000000000000000000000011111000000000000000000000000000001111000000000000000000000000000001111110000000000111100000000001110
405,7,TypeC,23200,000000000000000000000000000000000000000000000000000000000000000000011111000000000000000000000000000001111000000000000000000000000000001111110000000000111100000000001110
406,8,TypeC,23200,000000000000000000000000000000000000000000000000000000000000000000011111000000000000000000000000000001111000000000000000000000000000001111110000000000111100000000001110
407,9,TypeC,23200,000000000000000000000000000000000000000000000000000000000000000000011111000000000000000000000000000001111000000000000000000000000000001111110000000000111100000000001110
408,2,TypeB,27500,000000001111111000000000000000000000000000000000000000111110000000000000000000000000011110000000000000000000000011111000000000000000111110000000000000000000000000000000
409,3,TypeB,27500,000000001111111000000000000000000000000000000000000000111110000000000000000000000000011110000000000000000000000011111000000000000000111110000000000000000000000000000000
410,4,TypeB,27500,000000001111111000000000000000000000000000000000000000111110000000000000000000000000011110000000000000000000000011111000000000000000111110000000000000000000000000000000
411,5,TypeB,27500,000000001111111000000000000000000000000000000000000000111110000000000000000000000000011110000000000000000000000011111000000000000000111110000000000000000000000000000000
412,6,TypeC,18800,000000111000000000011100000000000000000000000000000000000000000000000000000000000000000000000000000000000000000011100000000000000000111110000000000000000000000000111000
413,7,TypeC,18800,000000111000000000011100000000000000000000000000000000000000000000000000000000000000000000000000000000000000000011100000000000000000111110000000000000000000000000111000
414,8,TypeC,18800,000000111000000000011100000000000000000000000000000000000000000000000000000000000000000000000000000000000000000011100000000000000000111110000000000000000000000000111000
415,9,TypeC,18800,000000111000000000011100000000000000000000000000000000000000000000000000000000000000000000000000000000000000000011100000000000000000111110000000000000000000000000111000
416,0,TypeA,47700,000000000000000000000000000000000011111111110000000000000000000000000000000000111111111000000000000000001111111110000000000000001111111110000000000000111111110000000000
417,1,TypeA,47700,000000000000000000000000000000000011111111110000000000000000000000000000000000111111111000000000000000001111111110000000000000001111111110000000000000111111110000000000
418,2,TypeB,32000,000111111000000000000000000000000000011111110000000000000000011111110000000000000000011110000000000001111111100000000000000000000000000000000000000000000000000000000000
419,3,TypeB,32000,000111111000000000000000000000000000011111110000000000000000011111110000000000000000011110000000000001111111100000000000000000000000000000000000000000000000000000000000
420,4,TypeB,32000,000111111000000000000000000000000000011111110000000000000000011111110000000000000000011110000000000001111111100000000000000000000000000000000000000000000000000000000000
421,5,TypeB,32000,000111111000000000000000000000000000011111110000000000000000011111110000000000000000011110000000000001111111100000000000000000000000000000000000000000000000000000000000
422,0,TypeA,46500,000000000000000000000000000000011111111110000000000000000000000000000000000000000011111111100000000000001111111110000000000000000011111111100000000000011111111000000000
423,1,TypeA,46500,000000000000000000000000000000011111111110000000000000000000000000000000000000000011111111100000000000001111111110000000000000000011111111100000000000011111111000000000
424,2,TypeB,30100,000000000000000000000000000000011110000000000000000000000000011111110000000000000011111000000000000000000000111110000000000000000000111111100000000000000000000000000000
425,3,TypeB,30100,000000000000000000000000000000011110000000000000000000000000011111110000000000000011111000000000000000000000111110000000000000000000111111100000000000000000000000000000
426,4,TypeB,30100,000000000000000000000000000000011110000000000000000000000000011111110000000000000011111000000000000000000000111110000000000000000000111111100000000000000000000000000000
427,5,TypeB,30100,000000000000000000000000000000011110000000000000000000000000011111110000000000000011111000000000000000000000111110000000000000000000111111100000000000000000000000000000
428,6,TypeC,21400,000000000000000000000000000000011110000000000000000000111100000000000000000000000000000000000000000000000000000011111000000000000000000011100000000000000000011100000000
429,7,TypeC,21400,000000000000000000000000000000011110000000000000000000111100000000000000000000000000000000000000000000000000000011111000000000000000000011100000000000000000011100000000
430,8,TypeC,21400,000000000000000000000000000000011110000000000000000000111100000000000000000000000000000000000000000000000000000011111000000000000000000011100000000000000000011100000000
431,9,TypeC,21400,000000000000000000000000000000011110000000000000000000111100000000000000000000000000000000000000000000000000000011111000000000000000000011100000000000000000011100000000
432,2,TypeB,32000,000000000000011111110000000000001111111000000000000000111110000000000000000000111111110000000000000000000000111110000000000000000000000000000000000000000000000000000000
433,3,TypeB,32000,000000000000011111110000000000001111111000000000000000111110000000000000000000111111110000000000000000000000111110000000000000000000000000000000000000000000000000000000
434,4,TypeB,32000,000000000000011111110000000000001111111000000000000000111110000000000000000000111111110000000000000000000000111110000000000000000000000000000000000000000000000000000000
435,5,TypeB,32000,000000000000011111110000000000001111111000000000000000111110000000000000000000111111110000000000000000000000111110000000000000000000000000000000000000000000000000000000
436,0,TypeA,44500,000000000000000000000000000000000000000000000000000000000000111111110000000000000011111111100000000000011111111110000000000000000111111110000000000000011111111000000000
437,1,TypeA,44500,000000000000000000000000000000000000000000000000000000000000111111110000000000000011111111100000000000011111111110000000000000000111111110000000000000011111111000000000
438,2,TypeB,38800,000000000000111111110000000000000000000000000000000000111111110000000000000000001111111000000000000001111111100000000000000000000000000000000000000000000111111000000000
439,3,TypeB,38800,000000000000111111110000000000000000000000000000000000111111110000000000000000001111111000000000000001111111100000000000000000000000000000000000000000000111111000000000
440,4,TypeB,38800,000000000000111111110000000000000000000000000000000000111111110000000000000000001111111000000000000001111111100000000000000000000000000000000000000000000111111000000000
441,5,TypeB,38800,000000000000111111110000000000000000000000000000000000111111110000000000000000001111111000000000000001111111100000000000000000000000000000000000000000000111111000000000
442,0,TypeA,49400,000000000000000000000000000000000011111111110000000000000011111111110000000000000000011111111110000000000000000000000000000000000011111111100000000000000000011111111000
443,1,TypeA,49400,000000000000000000000000000000000011111111110000000000000011111111110000000000000000011111111110000000000000000000000000000000000011111111100000000000000000011111111000
444,2,TypeB,35100,000000000000000000000000000000000011111000000000000000111111110000000000000000000000111111100000000001111110000000000000000000000011111110000000000000000000000000000000
445,3,TypeB,35100,000000000000000000000000000000000011111000000000000000111111110000000000000000000000111111100000000001111110000000000000000000000011111110000000000000000000000000000000
446,4,TypeB,35100,000000000000000000000000000000000011111000000000000000111111110000000000000000000000111111100000000001111110000000000000000000000011111110000000000000000000000000000000
447,5,TypeB,35100,000000000000000000000000000000000011111000000000000000111111110000000000000000000000111111100000000001111110000000000000000000000011111110000000000000000000000000000000
448,2,TypeB,42400,000000111111110000000000000000000000000000000000000000000111111110000000000000000111111110000000000001111111100000000000000001111111100000000000000000000000000000000000
449,3,TypeB,42400,000000111111110000000000000000000000000000000000000000000111111110000000000000000111111110000000000001111111100000000000000001111111100000000000000000000000000000000000
450,4,TypeB,42400,000000111111110000000000000000000000000000000000000000000111111110000000000000000111111110000000000001111111100000000000000001111111100000000000000000000000000000000000
451,5,TypeB,42400,000000111111110000000000000000000000000000000000000000000111111110000000000000000111111110000000000001111111100000000000000001111111100000000000000000000000000000000000
452,0,TypeA,48400,000000000000000000000000000000001111111110000000000000000111111111000000000000000000011111111110000000000000000000000000000000001111111110000000000000000000111111111000
453,1,TypeA,48400,000000000000000000000000000000001111111110000000000000000111111111000000000000000000011111111110000000000000000000000000000000001111111110000000000000000000111111111000
454,2,TypeB,35000,000000000001111110000000000000000000000000011111110000000000111111110000000000111111110000000000000001111110000000000000000000000000000000000000000000000000000000000000
455,3,TypeB,35000,000000000001111110000000000000000000000000011111110000000000111111110000000000111111110000000000000001111110000000000000000000000000000000000000000000000000000000000000
456,4,TypeB,35000,000000000001111110000000000000000000000000011111110000000000111111110000000000111111110000000000000001111110000000000000000000000000000000000000000000000000000000000000
457,5,TypeB,35000,000000000001111110000000000000000000000000011111110000000000111111110000000000111111110000000000000001111110000000000000000000000000000000000000000000000000000000000000
458,0,TypeA,48400,000000001111111110000000000000000000000000000000000000000111111111000000000000000111111111100000000000000000000000000000000001111111111000000000000000111111110000000000
459,1,TypeA,48400,000000001111111110000000000000000000000000000000000000000111111111000000000000000111111111100000000000000000000000000000000001111111111000000000000000111111110000000000
460,2,TypeB,34000,000000000000111110000000000000000000001111111000000000000000011111110000000000000111111110000000000000011111110000000000000000000000000000000000000000000000000000000000
461,3,TypeB,34000,000000000000111110000000000000000000001111111000000000000000011111110000000000000111111110000000000000011111110000000000000000000000000000000000000000000000000000000000
462,4,TypeB,34000,000000000000111110000000000000000000001111111000000000000000011111110000000000000111111110000000000000011111110000000000000000000000000000000000000000000000000000000000
463,5,TypeB,34000,000000000000111110000000000000000000001111111000000000000000011111110000000000000111111110000000000000011111110000000000000000000000000000000000000000000000000000000000
464,6,TypeC,17800,000000111000000000000000000000000000000000000000000000000000000001110000000000000000000000000000000001111000000000000000000000000000111000000000000000000000111000000000
465,7,TypeC,17800,000000111000000000000000000000000000000000000000000000000000000001110000000000000000000000000000000001111000000000000000000000000000111000000000000000000000111000000000
466,8,TypeC,17800,000000111000000000000000000000000000000000000000000000000000000001110000000000000000000000000000000001111000000000000000000000000000111000000000000000000000111000000000
467,9,TypeC,17800,000000111000000000000000000000000000000000000000000000000000000001110000000000000000000000000000000001111000000000000000000000000000111000000000000000000000111000000000
468,0,TypeA,48300,000000000001111111110000000000001111111110000000000000111111111000000000000000000000000000000000000000000000000000000000000001111111111000000000000000011111111000000000
469,1,TypeA,48300,000000000001111111110000000000001111111110000000000000111111111000000000000000000000000000000000000000000000000000000000000001111111111000000000000000011111111000000000
470,6,TypeC,28700,000111111000000000000000000000000000000000000000000000000000000000011111000000000000000000000000000000011111100000000000000001111000000000000000000000000111110000000000
471,7,TypeC,28700,000111111000000000000000000000000000000000000000000000000000000000011111000000000000000000000000000000011111100000000000000001111000000000000000000000000111110000000000
472,8,TypeC,28700,000111111000000000000000000000000000000000000000000000000000000000011111000000000000000000000000000000011111100000000000000001111000000000000000000000000111110000000000
473,9,TypeC,28700,000111111000000000000000000000000000000000000000000000000000000000011111000000000000000000000000000000011111100000000000000001111000000000000000000000000111110000000000
474,2,TypeB,34900,000000000000011110000000000000000011111110000000000000000000011111110000000000000000000000000000000000000000000000000000000000000111111000000000000000011111110000000000
475,3,TypeB,34900,000000000000011110000000000000000011111110000000000000000000011111110000000000000000000000000000000000000000000000000000000000000111111000000000000000011111110000000000
476,4,TypeB,34900,000000000000011110000000000000000011111110000000000000000000011111110000000000000000000000000000000000000000000000000000000000000111111000000000000000011111110000000000
477,5,TypeB,34900,000000000000011110000000000000000011111110000000000000000000011111110000000000000000000000000000000000000000000000000000000000000111111000000000000000011111110000000000
478,2,TypeB,34000,000000000000011110000000000000000000011111111000000000000111111110000000000000000000111111100000000000011111110000000000000000000000000000000000000000000000000000000000
479,3,TypeB,34000,000000000000011110000000000000000000011111111000000000000111111110000000000000000000111111100000000000011111110000000000000000000000000000000000000000000000000000000000
480,4,TypeB,34000,000000000000011110000000000000000000011111111000000000000111111110000000000000000000111111100000000000011111110000000000000000000000000000000000000000000000000000000000
481,5,TypeB,34000,000000000000011110000000000000000000011111111000000000000111111110000000000000000000111111100000000000011111110000000000000000000000000000000000000000000000000000000000
482,0,TypeA,50000,000000000001111111110000000000001111111110000000000000111111111100000000000000000000000000000000000000000000000000000000000000001111111110000000000000000000011111111110
483,1,TypeA,50000,000000000001111111110000000000001111111110000000000000111111111100000000000000000000000000000000000000000000000000000000000000001111111110000000000000000000011111111110
484,6,TypeC,26800,000000000000000000000000000000001110000000000000000000000000000111110000000000000000000000000000000000000000000000000000000001111110000000000000001111110000000000111110
485,7,TypeC,26800,000000000000000000000000000000001110000000000000000000000000000111110000000000000000000000000000000000000000000000000000000001111110000000000000001111110000000000111110
486,8,TypeC,26800,000000000000000000000000000000001110000000000000000000000000000111110000000000000000000000000000000000000000000000000000000001111110000000000000001111110000000000111110
487,9,TypeC,26800,000000000000000000000000000000001110000000000000000000000000000111110000000000000000000000000000000000000000000000000000000001111110000000000000001111110000000000111110
488,0,TypeA,46300,000000000000000000000000000000011111111000000000000000000111111111000000000000111111111000000000000000000000000000000000000000111111111000000000000000111111110000000000
489,1,TypeA,46300,000000000000000000000000000000011111111000000000000000000111111111000000000000111111111000000000000000000000000000000000000000111111111000000000000000111111110000000000
490,2,TypeB,33100,000000011111110000000000000000011111111000000000000000000000011111000000000000000000011110000000000000000000000000000000000000111111100000000000000000000000000000000000
491,3,TypeB,33100,000000011111110000000000000000011111111000000000000000000000011111000000000000000000011110000000000000000000000000000000000000111111100000000000000000000000000000000000
492,4,TypeB,33100,000000011111110000000000000000011111111000000000000000000000011111000000000000000000011110000000000000000000000000000000000000111111100000000000000000000000000000000000
493,5,TypeB,33100,000000011111110000000000000000011111111000000000000000000000011111000000000000000000011110000000000000000000000000000000000000111111100000000000000000000000000000000000
494,0,TypeA,44200,000000000000000000000000000000001111111110000000000000000111111111000000000000000011111111100000000000000000000000000000000000000111111110000000000000111111110000000000
495,1,TypeA,44200,000000000000000000000000000000001111111110000000000000000111111111000000000000000011111111100000000000000000000000000000000000000111111110000000000000111111110000000000
496,2,TypeB,33000,000000001111110000000000000111111110000000000000000000111111110000000000000000000000011110000000000000000000000011111110000000000000000000000000000000000000000000000000
497,3,TypeB,33000,000000001111110000000000000111111110000000000000000000111111110000000000000000000000011110000000000000000000000011111110000000000000000000000000000000000000000000000000
498,4,TypeB,33000,000000001111110000000000000111111110000000000000000000111111110000000000000000000000011110000000000000000000000011111110000000000000000000000000000000000000000000000000
499,5,TypeB,33000,000000001111110000000000000111111110000000000000000000111111110000000000000000000000011110000000000000000000000011111110000000000000000000000000000000000000000000000000
500,6,TypeC,25400,000111111000000000000000000000111110000000000000000000000000000000000000000000000000000000000000000000000000000000001110000000000000111110000000000000111100000000000000
501,7,TypeC,25400,000111111000000000000000000000111110000000000000000000000000000000000000000000000000000000000000000000000000000000001110000000000000111110000000000000111100000000000000
502,8,TypeC,25400,000111111000000000000000000000111110000000000000000000000000000000000000000000000000000000000000000000000000000000001110000000000000111110000000000000111100000000000000
503,9,TypeC,25400,000111111000000000000000000000111110000000000000000000000000000000000000000000000000000000000000000000000000000000001110000000000000111110000000000000111100000000000000
504,0,TypeA,52200,000000011111111110000000000000001111111110000000000000000000011111111100000000000000000000000000000000000000000000000000000001111111111000000000000000000000011111111110
505,1,TypeA,52200,000000011111111110000000000000001111111110000000000000000000011111111100000000000000000000000000000000000000000000000000000001111111111000000000000000000000011111111110
506,6,TypeC,27200,000000111000000000000000000000000000000000000000000000000000000000000000000000000000000000000000000001111110000000000000000001111110000000000000001111110000000000111110
507,7,TypeC,27200,000000111000000000000000000000000000000000000000000000000000000000000000000000000000000000000000000001111110000000000000000001111110000000000000001111110000000000111110
508,8,TypeC,27200,000000111000000000000000000000000000000000000000000000000000000000000000000000000000000000000000000001111110000000000000000001111110000000000000001111110000000000111110
509,9,TypeC,27200,000000111000000000000000000000000000000000000000000000000000000000000000000000000000000000000000000001111110000000000000000001111110000000000000001111110000000000111110
510,0,TypeA,46200,000000000000000000000000000000000011111111110000000000000111111111000000000000000011111111100000000000000000000000000000000000001111111110000000000000000000011111111000
511,1,TypeA,46200,000000000000000000000000000000000011111111110000000000000111111111000000000000000011111111100000000000000000000000000000000000001111111110000000000000000000011111111000
512,2,TypeB,38100,000000001111111000000000000111111110000000000000000000000000011111110000000000001111111000000000000000000000000000000000000000000000000000000000000000011111110000000000
513,3,TypeB,38100,000000001111111000000000000111111110000000000000000000000000011111110000000000001111111000000000000000000000000000000000000000000000000000000000000000011111110000000000
514,4,TypeB,38100,000000001111111000000000000111111110000000000000000000000000011111110000000000001111111000000000000000000000000000000000000000000000000000000000000000011111110000000000
515,5,TypeB,38100,000000001111111000000000000111111110000000000000000000000000011111110000000000001111111000000000000000000000000000000000000000000000000000000000000000011111110000000000
516,6,TypeC,27500,000111111000000000000000000000000000000000000000000000111110000000000000000000000000000000000000000000000000000000001111110000000000111000000000001111110000000000000000
517,7,TypeC,27500,000111111000000000000000000000000000000000000000000000111110000000000000000000000000000000000000000000000000000000001111110000000000111000000000001111110000000000000000
518,8,TypeC,27500,000111111000000000000000000000000000000000000000000000111110000000000000000000000000000000000000000000000000000000001111110000000000111000000000001111110000000000000000
519,9,TypeC,27500,000111111000000000000000000000000000000000000000000000111110000000000000000000000000000000000000000000000000000000001111110000000000111000000000001111110000000000000000
520,0,TypeA,49000,000000000000000000000000000000001111111110000000000000111111111100000000000000111111111000000000000000000000000000000000000000000011111111110000000000000000011111111000
521,1,TypeA,49000,000000000000000000000000000000001111111110000000000000111111111100000000000000111111111000000000000000000000000000000000000000000011111111110000000000000000011111111000
522,2,TypeB,35600,000000001111110000000000000000001111111000000000000000000000011111110000000000000000000000000000000000000000000000000000000000000000111110000000000000011111110000000000
523,3,TypeB,35600,000000001111110000000000000000001111111000000000000000000000011111110000000000000000000000000000000000000000000000000000000000000000111110000000000000011111110000000000
524,4,TypeB,35600,000000001111110000000000000000001111111000000000000000000000011111110000000000000000000000000000000000000000000000000000000000000000111110000000000000011111110000000000
525,5,TypeB,35600,000000001111110000000000000000001111111000000000000000000000011111110000000000000000000000000000000000000000000000000000000000000000111110000000000000011111110000000000
526,6,TypeC,22900,000000000001110000000000000000001110000000000000000000000000000000011111000000000000000000000000000000000000000000000000000000000000111110000000000000000000111000000000
527,7,TypeC,22900,000000000001110000000000000000001110000000000000000000000000000000011111000000000000000000000000000000000000000000000000000000000000111110000000000000000000111000000000
528,8,TypeC,22900,000000000001110000000000000000001110000000000000000000000000000000011111000000000000000000000000000000000000000000000000000000000000111110000000000000000000111000000000
529,9,TypeC,22900,000000000001110000000000000000001110000000000000000000000000000000011111000000000000000000000000000000000000000000000000000000000000111110000000000000000000111000000000
530,0,TypeA,45500,000000001111111110000000000000001111111110000000000000000000000000000000000000000000000000000000000000000011111111100000000000001111111110000000000000000000011111111000
531,1,TypeA,45500,000000001111111110000000000000001111111110000000000000000000000000000000000000000000000000000000000000000011111111100000000000001111111110000000000000000000011111111000
532,2,TypeB,30000,000000000001111110000000000000001111111000000000000000000000000000011111000000000000111111100000000000000000000011111000000000000000000000000000000000000000000000000000
533,3,TypeB,30000,000000000001111110000000000000001111111000000000000000000000000000011111000000000000111111100000000000000000000011111000000000000000000000000000000000000000000000000000
534,4,TypeB,30000,000000000001111110000000000000001111111000000000000000000000000000011111000000000000111111100000000000000000000011111000000000000000000000000000000000000000000000000000
535,5,TypeB,30000,000000000001111110000000000000001111111000000000000000000000000000011111000000000000111111100000000000000000000011111000000000000000000000000000000000000000000000000000
536,6,TypeC,22100,000000111000000000000000000000001110000000000000000000000000000000011111000000000000000000000000000000000000000000000000000001111110000000000000000000000000011100000000
537,7,TypeC,22100,000000111000000000000000000000001110000000000000000000000000000000011111000000000000000000000000000000000000000000000000000001111110000000000000000000000000011100000000
538,8,TypeC,22100,000000111000000000000000000000001110000000000000000000000000000000011111000000000000000000000000000000000000000000000000000001111110000000000000000000000000011100000000
539,9,TypeC,22100,000000111000000000000000000000001110000000000000000000000000000000011111000000000000000000000000000000000000000000000000000001111110000000000000000000000000011100000000
540,2,TypeB,38900,000000000000000000000000000111111110000000000000000000000000111111110000000000000000011111100000000000000000000000000000000000000000111111110000000000000111110000000000
541,3,TypeB,38900,000000000000000000000000000111111110000000000000000000000000111111110000000000000000011111100000000000000000000000000000000000000000111111110000000000000111110000000000
542,4,TypeB,38900,000000000000000000000000000111111110000000000000000000000000111111110000000000000000011111100000000000000000000000000000000000000000111111110000000000000111110000000000
543,5,TypeB,38900,000000000000000000000000000111111110000000000000000000000000111111110000000000000000011111100000000000000000000000000000000000000000111111110000000000000111110000000000
544,0,TypeA,48000,000000000000111111110000000000011111111110000000000000000111111111000000000000000000000000000000000000000000000000000000000001111111111000000000000000111111110000000000
545,1,TypeA,48000,000000000000111111110000000000011111111110000000000000000111111111000000000000000000000000000000000000000000000000000000000001111111111000000000000000111111110000000000
546,2,TypeB,31000,000000000000111111110000000000000011111110000000000000111110000000000000000000000000111110000000000001111110000000000000000000000000000000000000000000000000000000000000
547,3,TypeB,31000,000000000000111111110000000000000011111110000000000000111110000000000000000000000000111110000000000001111110000000000000000000000000000000000000000000000000000000000000
548,4,TypeB,31000,000000000000111111110000000000000011111110000000000000111110000000000000000000000000111110000000000001111110000000000000000000000000000000000000000000000000000000000000
549,5,TypeB,31000,000000000000111111110000000000000011111110000000000000111110000000000000000000000000111110000000000001111110000000000000000000000000000000000000000000000000000000000000
550,6,TypeC,28800,000000000000000000011111100000000000000000000000000000000000000000011111000000000000000000000000000001111110000000000000000000000000001111110000000000111100000000000000
551,7,TypeC,28800,000000000000000000011111100000000000000000000000000000000000000000011111000000000000000000000000000001111110000000000000000000000000001111110000000000111100000000000000
552,8,TypeC,28800,000000000000000000011111100000000000000000000000000000000000000000011111000000000000000000000000000001111110000000000000000000000000001111110000000000111100000000000000
553,9,TypeC,28800,000000000000000000011111100000000000000000000000000000000000000000011111000000000000000000000000000001111110000000000000000000000000001111110000000000111100000000000000
554,0,TypeA,48300,000000000000000000000000000000111111111000000000000000000011111111110000000000000000011111111110000000000000000000000000000000000000111111110000000000000000011111111000
555,1,TypeA,48300,000000000000000000000000000000111111111000000000000000000011111111110000000000000000011111111110000000000000000000000000000000000000111111110000000000000000011111111000
556,2,TypeB,31000,000000000001111000000000000000000011111000000000000000111111110000000000000000000000011111100000000001111111100000000000000000000000000000000000000000000000000000000000
557,3,TypeB,31000,000000000001111000000000000000000011111000000000000000111111110000000000000000000000011111100000000001111111100000000000000000000000000000000000000000000000000000000000
558,4,TypeB,31000,000000000001111000000000000000000011111000000000000000111111110000000000000000000000011111100000000001111111100000000000000000000000000000000000000000000000000000000000
559,5,TypeB,31000,000000000001111000000000000000000011111000000000000000111111110000000000000000000000011111100000000001111111100000000000000000000000000000000000000000000000000000000000
560,6,TypeC,28600,000000000001111000000000000000111110000000000000000000000000000000000000000000000000011111100000000001111000000000000000000001111110000000000000000000000000000000000000
561,7,TypeC,28600,000000000001111000000000000000111110000000000000000000000000000000000000000000000000011111100000000001111000000000000000000001111110000000000000000000000000000000000000
562,8,TypeC,28600,000000000001111000000000000000111110000000000000000000000000000000000000000000000000011111100000000001111000000000000000000001111110000000000000000000000000000000000000
563,9,TypeC,28600,000000000001111000000000000000111110000000000000000000000000000000000000000000000000011111100000000001111000000000000000000001111110000000000000000000000000000000000000
564,2,TypeB,36100,000000000000111110000000000000001111111000000000000000000000000000000000000000001111111000000000000001111111100000000000000000001111111000000000000000000000000000000000
565,3,TypeB,36100,000000000000111110000000000000001111111000000000000000000000000000000000000000001111111000000000000001111111100000000000000000001111111000000000000000000000000000000000
566,4,TypeB,36100,000000000000111110000000000000001111111000000000000000000000000000000000000000001111111000000000000001111111100000000000000000001111111000000000000000000000000000000000
567,5,TypeB,36100,000000000000111110000000000000001111111000000000000000000000000000000000000000001111111000000000000001111111100000000000000000001111111000000000000000000000000000000000
568,0,TypeA,48000,000000000000000000000000000000000000000000000000000000111111111100000000000000111111111000000000000001111111110000000000000000000011111111100000000000000111111110000000
569,1,TypeA,48000,000000000000000000000000000000000000000000000000000000111111111100000000000000111111111000000000000001111111110000000000000000000011111111100000000000000111111110000000
570,2,TypeB,35500,000000000000111111110000000000000000011111111000000000000000000000000000000000000000011111100000000000011111110000000000000000000000000000000000000000000111110000000000
571,3,TypeB,35500,000000000000111111110000000000000000011111111000000000000000000000000000000000000000011111100000000000011111110000000000000000000000000000000000000000000111110000000000
572,4,TypeB,35500,000000000000111111110000000000000000011111111000000000000000000000000000000000000000011111100000000000011111110000000000000000000000000000000000000000000111110000000000
573,5,TypeB,35500,000000000000111111110000000000000000011111111000000000000000000000000000000000000000011111100000000000011111110000000000000000000000000000000000000000000111110000000000
574,0,TypeA,47300,000000000000000000000000000000000000000000000000000000000011111111000000000000111111111000000000000000011111111110000000000000111111111000000000000000111111110000000000
575,1,TypeA,47300,000000000000000000000000000000000000000000000000000000000011111111000000000000111111111000000000000000011111111110000000000000111111111000000000000000111111110000000000
576,2,TypeB,28000,000000000000011110000000000000111110000000000000000000000000011111000000000000111111110000000000000000011111100000000000000000000000000000000000000000000000000000000000
577,3,TypeB,28000,000000000000011110000000000000111110000000000000000000000000011111000000000000111111110000000000000000011111100000000000000000000000000000000000000000000000000000000000
578,4,TypeB,28000,000000000000011110000000000000111110000000000000000000000000011111000000000000111111110000000000000000011111100000000000000000000000000000000000000000000000000000000000
579,5,TypeB,28000,000000000000011110000000000000111110000000000000000000000000011111000000000000111111110000000000000000011111100000000000000000000000000000000000000000000000000000000000
580,0,TypeA,46700,000000000000000000000000000000011111111000000000000000000111111111000000000000001111111110000000000000000000000000000000000001111111111000000000000000000000011111111000
581,1,TypeA,46700,000000000000000000000000000000011111111000000000000000000111111111000000000000001111111110000000000000000000000000000000000001111111111000000000000000000000011111111000
582,2,TypeB,32500,000000000000011110000000000000011111111000000000000000000000011111110000000000000000000011111110000000000000000000000000000000000000000000000000000000000111110000000000
583,3,TypeB,32500,000000000000011110000000000000011111111000000000000000000000011111110000000000000000000011111110000000000000000000000000000000000000000000000000000000000111110000000000
584,4,TypeB,32500,000000000000011110000000000000011111111000000000000000000000011111110000000000000000000011111110000000000000000000000000000000000000000000000000000000000111110000000000
585,5,TypeB,32500,000000000000011110000000000000011111111000000000000000000000011111110000000000000000000011111110000000000000000000000000000000000000000000000000000000000111110000000000
586,2,TypeB,37000,000000011111111000000000000000001111111000000000000000000111111100000000000000111111110000000000000000011111110000000000000000000000000000000000000000000000000000000000
587,3,TypeB,37000,000000011111111000000000000000001111111000000000000000000111111100000000000000111111110000000000000000011111110000000000000000000000000000000000000000000000000000000000
588,4,TypeB,37000,000000011111111000000000000000001111111000000000000000000111111100000000000000111111110000000000000000011111110000000000000000000000000000000000000000000000000000000000
589,5,TypeB,37000,000000011111111000000000000000001111111000000000000000000111111100000000000000111111110000000000000000011111110000000000000000000000000000000000000000000000000000000000
590,6,TypeC,24000,000000000000000000000000000000111110000000000000111000000000000000011111000000000000000000000000000000000000000000000000000000000000111110000000000000000000111000000000
591,7,TypeC,24000,000000000000000000000000000000111110000000000000111000000000000000011111000000000000000000000000000000000000000000000000000000000000111110000000000000000000111000000000
592,8,TypeC,24000,000000000000000000000000000000111110000000000000111000000000000000011111000000000000000000000000000000000000000000000000000000000000111110000000000000000000111000000000
593,9,TypeC,24000,000000000000000000000000000000111110000000000000111000000000000000011111000000000000000000000000000000000000000000000000000000000000111110000000000000000000111000000000
594,0,TypeA,51300,000000000000111111111100000000000000000000000000000000000011111111110000000000000000011111111110000000000000000000000000000000000011111111110000000000011111111000000000
595,1,TypeA,51300,000000000000111111111100000000000000000000000000000000000011111111110000000000000000011111111110000000000000000000000000000000000011111111110000000000011111111000000000
596,2,TypeB,36500,000000111111110000000000000000000000000000000000000000000011111111000000000000000000011111100000000001111111100000000000000000000000000000000000000000000111110000000000
597,3,TypeB,36500,000000111111110000000000000000000000000000000000000000000011111111000000000000000000011111100000000001111111100000000000000000000000000000000000000000000111110000000000
598,4,TypeB,36500,000000111111110000000000000000000000000000000000000000000011111111000000000000000000011111100000000001111111100000000000000000000000000000000000000000000111110000000000
599,5,TypeB,36500,000000111111110000000000000000000000000000000000000000000011111111000000000000000000011111100000000001111111100000000000000000000000000000000000000000000111110000000000
600,2,TypeB,31500,000000000001111000000000000000001111111000000000000000000000000000000000000000000011111110000000000000011111110000000000000000000000000000000000000000000111110000000000
601,3,TypeB,31500,000000000001111000000000000000001111111000000000000000000000000000000000000000000011111110000000000000011111110000000000000000000000000000000000000000000111110000000000
602,4,TypeB,31500,000000000001111000000000000000001111111000000000000000000000000000000000000000000011111110000000000000011111110000000000000000000000000000000000000000000111110000000000
603,5,TypeB,31500,000000000001111000000000000000001111111000000000000000000000000000000000000000000011111110000000000000011111110000000000000000000000000000000000000000000111110000000000
604,0,TypeA,47000,000000000000011111111100000000000000000000000000000000000111111111000000000000000000011111111110000000000000000000000000000000000000111111110000000000000000011111111000
605,1,TypeA,47000,000000000000011111111100000000000000000000000000000000000111111111000000000000000000011111111110000000000000000000000000000000000000111111110000000000000000011111111000
606,2,TypeB,39000,000000111111110000000000000000000000011111111000000000000000011111110000000000111111110000000000000001111111100000000000000000000000000000000000000000000000000000000000
607,3,TypeB,39000,000000111111110000000000000000000000011111111000000000000000011111110000000000111111110000000000000001111111100000000000000000000000000000000000000000000000000000000000
608,4,TypeB,39000,000000111111110000000000000000000000011111111000000000000000011111110000000000111111110000000000000001111111100000000000000000000000000000000000000000000000000000000000
609,5,TypeB,39000,000000111111110000000000000000000000011111111000000000000000011111110000000000111111110000000000000001111111100000000000000000000000000000000000000000000000000000000000
610,0,TypeA,45900,000000000000111111110000000000000000000000000000000000000000000000000000000000000111111111100000000000000011111111100000000000000111111111100000000000011111111000000000
611,1,TypeA,45900,000000000000111111110000000000000000000000000000000000000000000000000000000000000111111111100000000000000011111111100000000000000111111111100000000000011111111000000000
612,6,TypeC,21800,000000000000111000000000000000000000000000000000000000000000000000000000000000000000000000111110000000000000000000000000000000000000111000000000001111110000000000011100
613,7,TypeC,21800,000000000000111000000000000000000000000000000000000000000000000000000000000000000000000000111110000000000000000000000000000000000000111000000000001111110000000000011100
614,8,TypeC,21800,000000000000111000000000000000000000000000000000000000000000000000000000000000000000000000111110000000000000000000000000000000000000111000000000001111110000000000011100
615,9,TypeC,21800,000000000000111000000000000000000000000000000000000000000000000000000000000000000000000000111110000000000000000000000000000000000000111000000000001111110000000000011100
616,2,TypeB,38100,000000001111111000000000000000000011111110000000000000111111110000000000000000000000000011111110000000000000000000000000000000000000111111100000000000000000000000000000
617,3,TypeB,38100,000000001111111000000000000000000011111110000000000000111111110000000000000000000000000011111110000000000000000000000000000000000000111111100000000000000000000000000000
618,4,TypeB,38100,000000001111111000000000000000000011111110000000000000111111110000000000000000000000000011111110000000000000000000000000000000000000111111100000000000000000000000000000
619,5,TypeB,38100,000000001111111000000000000000000011111110000000000000111111110000000000000000000000000011111110000000000000000000000000000000000000111111100000000000000000000000000000
620,2,TypeB,32000,000000000000011110000000000000000000001111110000000000000000011111110000000000111111110000000000000000011111110000000000000000000000000000000000000000000000000000000000
621,3,TypeB,32000,000000000000011110000000000000000000001111110000000000000000011111110000000000111111110000000000000000011111110000000000000000000000000000000000000000000000000000000000
622,4,TypeB,32000,000000000000011110000000000000000000001111110000000000000000011111110000000000111111110000000000000000011111110000000000000000000000000000000000000000000000000000000000
623,5,TypeB,32000,000000000000011110000000000000000000001111110000000000000000011111110000000000111111110000000000000000011111110000000000000000000000000000000000000000000000000000000000
624,2,TypeB,33000,000000001111111000000000000000000011111110000000000000000000111111110000000000111110000000000000000000011111100000000000000000000000000000000000000000000000000000000000
625,3,TypeB,33000,000000001111111000000000000000000011111110000000000000000000111111110000000000111110000000000000000000011111100000000000000000000000000000000000000000000000000000000000
626,4,TypeB,33000,000000001111111000000000000000000011111110000000000000000000111111110000000000111110000000000000000000011111100000000000000000000000000000000000000000000000000000000000
627,5,TypeB,33000,000000001111111000000000000000000011111110000000000000000000111111110000000000111110000000000000000000011111100000000000000000000000000000000000000000000000000000000000
628,0,TypeA,47400,000000001111111110000000000000000000000000000000000000000111111111000000000000001111111110000000000000000000000000000000000001111111111000000000000000011111111000000000
629,1,TypeA,47400,000000001111111110000000000000000000000000000000000000000111111111000000000000001111111110000000000000000000000000000000000001111111111000000000000000011111111000000000
630,2,TypeB,39400,000000001111111000000000000000001111111000000000000000000000111111110000000000000000000011111110000000000000000000000000000001111111100000000000000000000000000000000000
631,3,TypeB,39400,000000001111111000000000000000001111111000000000000000000000111111110000000000000000000011111110000000000000000000000000000001111111100000000000000000000000000000000000
632,4,TypeB,39400,000000001111111000000000000000001111111000000000000000000000111111110000000000000000000011111110000000000000000000000000000001111111100000000000000000000000000000000000
633,5,TypeB,39400,000000001111111000000000000000001111111000000000000000000000111111110000000000000000000011111110000000000000000000000000000001111111100000000000000000000000000000000000
634,6,TypeC,22300,000111111000000000011111100000000000000000000000000000000000000000000000000000000000000000000000000000000000000000000000000001111000000000000000000000011100000000001110
635,7,TypeC,22300,000111111000000000011111100000000000000000000000000000000000000000000000000000000000000000000000000000000000000000000000000001111000000000000000000000011100000000001110
636,8,TypeC,22300,000111111000000000011111100000000000000000000000000000000000000000000000000000000000000000000000000000000000000000000000000001111000000000000000000000011100000000001110
637,9,TypeC,22300,000111111000000000011111100000000000000000000000000000000000000000000000000000000000000000000000000000000000000000000000000001111000000000000000000000011100000000001110
638,2,TypeB,29000,000000001111110000000000000000000000011110000000000000000111111000000000000000000000011111100000000000011111110000000000000000000000000000000000000000000000000000000000
639,3,TypeB,29000,000000001111110000000000000000000000011110000000000000000111111000000000000000000000011111100000000000011111110000000000000000000000000000000000000000000000000000000000
640,4,TypeB,29000,000000001111110000000000000000000000011110000000000000000111111000000000000000000000011111100000000000011111110000000000000000000000000000000000000000000000000000000000
641,5,TypeB,29000,000000001111110000000000000000000000011110000000000000000111111000000000000000000000011111100000000000011111110000000000000000000000000000000000000000000000000000000000
642,2,TypeB,30000,000000001111111000000000000000011110000000000000000000000011111111000000000000000000011110000000000000000011111110000000000000000000000000000000000000000000000000000000
643,3,TypeB,30000,000000001111111000000000000000011110000000000000000000000011111111000000000000000000011110000000000000000011111110000000000000000000000000000000000000000000000000000000
644,4,TypeB,30000,000000001111111000000000000000011110000000000000000000000011111111000000000000000000011110000000000000000011111110000000000000000000000000000000000000000000000000000000
645,5,TypeB,30000,000000001111111000000000000000011110000000000000000000000011111111000000000000000000011110000000000000000011111110000000000000000000000000000000000000000000000000000000
646,6,TypeC,21300,000000000000111000000000000000011110000000000000000000000000000000000000000000111110000000000000000000000000000000000000000000000000111000000000000000011100000000000000
647,7,TypeC,21300,000000000000111000000000000000011110000000000000000000000000000000000000000000111110000000000000000000000000000000000000000000000000111000000000000000011100000000000000
648,8,TypeC,21300,000000000000111000000000000000011110000000000000000000000000000000000000000000111110000000000000000000000000000000000000000000000000111000000000000000011100000000000000
649,9,TypeC,21300,000000000000111000000000000000011110000000000000000000000000000000000000000000111110000000000000000000000000000000000000000000000000111000000000000000011100000000000000
650,0,TypeA,47100,000000001111111110000000000000000000000000000000000000000000000000000000000000111111111000000000000000000011111111100000000000000011111111110000000000011111111000000000
651,1,TypeA,47100,000000001111111110000000000000000000000000000000000000000000000000000000000000111111111000000000000000000011111111100000000000000011111111110000000000011111111000000000
652,2,TypeB,35100,000000001111110000000000000000000000000000000000000000000000111111110000000000000000011110000000000001111111100000000000000000000000000000000000000000000000011111110000
653,3,TypeB,35100,000000001111110000000000000000000000000000000000000000000000111111110000000000000000011110000000000001111111100000000000000000000000000000000000000000000000011111110000
654,4,TypeB,35100,000000001111110000000000000000000000000000000000000000000000111111110000000000000000011110000000000001111111100000000000000000000000000000000000000000000000011111110000
655,5,TypeB,35100,000000001111110000000000000000000000000000000000000000000000111111110000000000000000011110000000000001111111100000000000000000000000000000000000000000000000011111110000
656,6,TypeC,22400,000000000000000000011100000000000000000000000000000000111110000000000000000000000000000000000000000001111110000000000000000000000000111000000000000000011100000000000000
657,7,TypeC,22400,000000000000000000011100000000000000000000000000000000111110000000000000000000000000000000000000000001111110000000000000000000000000111000000000000000011100000000000000
658,8,TypeC,22400,000000000000000000011100000000000000000000000000000000111110000000000000000000000000000000000000000001111110000000000000000000000000111000000000000000011100000000000000
659,9,TypeC,22400,000000000000000000011100000000000000000000000000000000111110000000000000000000000000000000000000000001111110000000000000000000000000111000000000000000011100000000000000
660,0,TypeA,46000,000000000000111111110000000000000000000000000000000000111111111100000000000000111111111000000000000000000000000000000000000000000000111111110000000000011111111000000000
661,1,TypeA,46000,000000000000111111110000000000000000000000000000000000111111111100000000000000111111111000000000000000000000000000000000000000000000111111110000000000011111111000000000
662,6,TypeC,23800,000000000000000000011111100000000000000000011111100000000000000000000000000000000000000000000000000000000000000000000011110000000000111000000000000000000000011100000000
663,7,TypeC,23800,000000000000000000011111100000000000000000011111100000000000000000000000000000000000000000000000000000000000000000000011110000000000111000000000000000000000011100000000
664,8,TypeC,23800,000000000000000000011111100000000000000000011111100000000000000000000000000000000000000000000000000000000000000000000011110000000000111000000000000000000000011100000000
665,9,TypeC,23800,000000000000000000011111100000000000000000011111100000000000000000000000000000000000000000000000000000000000000000000011110000000000111000000000000000000000011100000000
666,0,TypeA,47100,000000000000000000000000000000000011111111110000000000000111111110000000000000111111111000000000000000000000000000000000000000000011111111110000000000011111111000000000
667,1,TypeA,47100,000000000000000000000000000000000011111111110000000000000111111110000000000000111111111000000000000000000000000000000000000000000011111111110000000000011111111000000000
668,2,TypeB,34000,000000001111111000000000000000000000111111110000000000111111110000000000000000000000011110000000000000000011111110000000000000000000000000000000000000000000000000000000
669,3,TypeB,34000,000000001111111000000000000000000000111111110000000000111111110000000000000000000000011110000000000000000011111110000000000000000000000000000000000000000000000000000000
670,4,TypeB,34000,000000001111111000000000000000000000111111110000000000111111110000000000000000000000011110000000000000000011111110000000000000000000000000000000000000000000000000000000
671,5,TypeB,34000,000000001111111000000000000000000000111111110000000000111111110000000000000000000000011110000000000000000011111110000000000000000000000000000000000000000000000000000000
672,0,TypeA,48500,000000000000000000000000000000000000000000000000000000000011111111110000000000000011111111100000000000011111111110000000000000000111111111100000000000011111111000000000
673,1,TypeA,48500,000000000000000000000000000000000000000000000000000000000011111111110000000000000011111111100000000000011111111110000000000000000111111111100000000000011111111000000000
674,2,TypeB,39100,000000001111111000000000000000000000000000000000000000111111110000000000000000111111110000000000000000000011111110000000000000000000000000000000000000011111110000000000
675,3,TypeB,39100,000000001111111000000000000000000000000000000000000000111111110000000000000000111111110000000000000000000011111110000000000000000000000000000000000000011111110000000000
676,4,TypeB,39100,000000001111111000000000000000000000000000000000000000111111110000000000000000111111110000000000000000000011111110000000000000000000000000000000000000011111110000000000
677,5,TypeB,39100,000000001111111000000000000000000000000000000000000000111111110000000000000000111111110000000000000000000011111110000000000000000000000000000000000000011111110000000000
678,0,TypeA,46100,000000000000000000000000000000001111111110000000000000000000000000000000000000001111111110000000000000011111111110000000000000000000111111110000000000011111111000000000
679,1,TypeA,46100,000000000000000000000000000000001111111110000000000000000000000000000000000000001111111110000000000000011111111110000000000000000000111111110000000000011111111000000000
680,2,TypeB,33000,000000001111110000000000000000000000011111110000000000000000000111111100000000000000111110000000000001111111100000000000000000000000000000000000000000000000000000000000
681,3,TypeB,33000,000000001111110000000000000000000000011111110000000000000000000111111100000000000000111110000000000001111111100000000000000000000000000000000000000000000000000000000000
682,4,TypeB,33000,000000001111110000000000000000000000011111110000000000000000000111111100000000000000111110000000000001111111100000000000000000000000000000000000000000000000000000000000
683,5,TypeB,33000,000000001111110000000000000000000000011111110000000000000000000111111100000000000000111110000000000001111111100000000000000000000000000000000000000000000000000000000000
684,6,TypeC,20600,000000000000000000000000000000000000000000000000000000000000000000011100000000000000000000000000000001111000000000001111110000000000000011110000000000011100000000000000
685,7,TypeC,20600,000000000000000000000000000000000000000000000000000000000000000000011100000000000000000000000000000001111000000000001111110000000000000011110000000000011100000000000000
686,8,TypeC,20600,000000000000000000000000000000000000000000000000000000000000000000011100000000000000000000000000000001111000000000001111110000000000000011110000000000011100000000000000
687,9,TypeC,20600,000000000000000000000000000000000000000000000000000000000000000000011100000000000000000000000000000001111000000000001111110000000000000011110000000000011100000000000000
688,2,TypeB,35000,000000000000111111110000000000000011111110000000000000000000111111110000000000000000111110000000000000000000111111100000000000000000000000000000000000000000000000000000
689,3,TypeB,35000,000000000000111111110000000000000011111110000000000000000000111111110000000000000000111110000000000000000000111111100000000000000000000000000000000000000000000000000000
690,4,TypeB,35000,000000000000111111110000000000000011111110000000000000000000111111110000000000000000111110000000000000000000111111100000000000000000000000000000000000000000000000000000
691,5,TypeB,35000,000000000000111111110000000000000011111110000000000000000000111111110000000000000000111110000000000000000000111111100000000000000000000000000000000000000000000000000000
692,2,TypeB,32000,000000000000011111110000000000000000011111110000000000000111111100000000000000000000011111100000000000000000000011111000000000000000000000000000000000000000000000000000
693,3,TypeB,32000,000000000000011111110000000000000000011111110000000000000111111100000000000000000000011111100000000000000000000011111000000000000000000000000000000000000000000000000000
694,4,TypeB,32000,000000000000011111110000000000000000011111110000000000000111111100000000000000000000011111100000000000000000000011111000000000000000000000000000000000000000000000000000
695,5,TypeB,32000,000000000000011111110000000000000000011111110000000000000111111100000000000000000000011111100000000000000000000011111000000000000000000000000000000000000000000000000000
696,0,TypeA,45100,000000000000000000000000000000000000000000000000000000000111111111000000000000111111111000000000000000001111111110000000000000000000111111110000000000011111111000000000
697,1,TypeA,45100,000000000000000000000000000000000000000000000000000000000111111111000000000000111111111000000000000000001111111110000000000000000000111111110000000000011111111000000000
698,6,TypeC,24600,000111111000000000000000000000000000000000000000000000000000000000011111000000000000000000000000000000000000000000000000011111000000000011110000000000111100000000000000
699,7,TypeC,24600,000111111000000000000000000000000000000000000000000000000000000000011111000000000000000000000000000000000000000000000000011111000000000011110000000000111100000000000000
700,8,TypeC,24600,000111111000000000000000000000000000000000000000000000000000000000011111000000000000000000000000000000000000000000000000011111000000000011110000000000111100000000000000
701,9,TypeC,24600,000111111000000000000000000000000000000000000000000000000000000000011111000000000000000000000000000000000000000000000000011111000000000011110000000000111100000000000000
702,0,TypeA,47400,000000000000000000000000000000000000000000000000000000000111111111000000000000111111111000000000000000011111111110000000000000001111111110000000000000011111111000000000
703,1,TypeA,47400,000000000000000000000000000000000000000000000000000000000111111111000000000000111111111000000000000000011111111110000000000000001111111110000000000000011111111000000000
704,2,TypeB,38400,000000001111111000000000000000000000011111111000000000111110000000000000000000000000000000000000000001111111100000000000000001111111100000000000000000000000000000000000
705,3,TypeB,38400,000000001111111000000000000000000000011111111000000000111110000000000000000000000000000000000000000001111111100000000000000001111111100000000000000000000000000000000000
706,4,TypeB,38400,000000001111111000000000000000000000011111111000000000111110000000000000000000000000000000000000000001111111100000000000000001111111100000000000000000000000000000000000
707,5,TypeB,38400,000000001111111000000000000000000000011111111000000000111110000000000000000000000000000000000000000001111111100000000000000001111111100000000000000000000000000000000000
708,6,TypeC,25900,000000000000000000000000000000000000000000000000011111100000000000011111000000000000000000000000000001111000000000000000000001111110000000000000000000111100000000000000
709,7,TypeC,25900,000000000000000000000000000000000000000000000000011111100000000000011111000000000000000000000000000001111000000000000000000001111110000000000000000000111100000000000000
710,8,TypeC,25900,000000000000000000000000000000000000000000000000011111100000000000011111000000000000000000000000000001111000000000000000000001111110000000000000000000111100000000000000
711,9,TypeC,25900,000000000000000000000000000000000000000000000000011111100000000000011111000000000000000000000000000001111000000000000000000001111110000000000000000000111100000000000000
712,2,TypeB,32500,000000001111110000000000000000000000000000000000000000000000111111110000000000000000011110000000000001111111100000000000000000000000000000000000000000000111110000000000
713,3,TypeB,32500,000000001111110000000000000000000000000000000000000000000000111111110000000000000000011110000000000001111111100000000000000000000000000000000000000000000111110000000000
714,4,TypeB,32500,000000001111110000000000000000000000000000000000000000000000111111110000000000000000011110000000000001111111100000000000000000000000000000000000000000000111110000000000
715,5,TypeB,32500,000000001111110000000000000000000000000000000000000000000000111111110000000000000000011110000000000001111111100000000000000000000000000000000000000000000111110000000000
716,2,TypeB,31000,000000000001111110000000000000000000011111110000000000000000011111110000000000000000011110000000000000000011111110000000000000000000000000000000000000000000000000000000
717,3,TypeB,31000,000000000001111110000000000000000000011111110000000000000000011111110000000000000000011110000000000000000011111110000000000000000000000000000000000000000000000000000000
718,4,TypeB,31000,000000000001111110000000000000000000011111110000000000000000011111110000000000000000011110000000000000000011111110000000000000000000000000000000000000000000000000000000
719,5,TypeB,31000,000000000001111110000000000000000000011111110000000000000000011111110000000000000000011110000000000000000011111110000000000000000000000000000000000000000000000000000000
720,0,TypeA,44500,000000000000000000000000000000001111111110000000000000000111111111000000000000001111111110000000000000000000000000000000000000000000111111110000000000000000011111111000
721,1,TypeA,44500,000000000000000000000000000000001111111110000000000000000111111111000000000000001111111110000000000000000000000000000000000000000000111111110000000000000000011111111000
722,2,TypeB,35400,000000000000111111110000000000001111111000000000000000111110000000000000000000000000111110000000000000000000000000000000000000000000000000000000000000000000011111111000
723,3,TypeB,35400,000000000000111111110000000000001111111000000000000000111110000000000000000000000000111110000000000000000000000000000000000000000000000000000000000000000000011111111000
724,4,TypeB,35400,000000000000111111110000000000001111111000000000000000111110000000000000000000000000111110000000000000000000000000000000000000000000000000000000000000000000011111111000
725,5,TypeB,35400,000000000000111111110000000000001111111000000000000000111110000000000000000000000000111110000000000000000000000000000000000000000000000000000000000000000000011111111000
726,6,TypeC,25200,000111111000000000000000000000000000000000000000000000000000000000011111000000000000000000000000000000000000000000000011110000000000001111110000000000011100000000000000
727,7,TypeC,25200,000111111000000000000000000000000000000000000000000000000000000000011111000000000000000000000000000000000000000000000011110000000000001111110000000000011100000000000000
728,8,TypeC,25200,000111111000000000000000000000000000000000000000000000000000000000011111000000000000000000000000000000000000000000000011110000000000001111110000000000011100000000000000
729,9,TypeC,25200,000111111000000000000000000000000000000000000000000000000000000000011111000000000000000000000000000000000000000000000011110000000000001111110000000000011100000000000000
730,0,TypeA,45400,000000000000111111110000000000001111111110000000000000000000000000000000000000111111111000000000000000000000000000000000000000001111111110000000000000000000011111111000
731,1,TypeA,45400,000000000000111111110000000000001111111110000000000000000000000000000000000000111111111000000000000000000000000000000000000000001111111110000000000000000000011111111000
732,2,TypeB,35000,000000000000011111110000000000001111111000000000000000111111110000000000000000000000111110000000000001111111100000000000000000000000000000000000000000000000000000000000
733,3,TypeB,35000,000000000000011111110000000000001111111000000000000000111111110000000000000000000000111110000000000001111111100000000000000000000000000000000000000000000000000000000000
734,4,TypeB,35000,000000000000011111110000000000001111111000000000000000111111110000000000000000000000111110000000000001111111100000000000000000000000000000000000000000000000000000000000
735,5,TypeB,35000,000000000000011111110000000000001111111000000000000000111111110000000000000000000000111110000000000001111111100000000000000000000000000000000000000000000000000000000000
736,6,TypeC,21000,000000000000000000011100000000000000000000000000000000000000000000000000000000000000000000000000000001111000000000000000000001111000000000000000001111110000000000011110
737,7,TypeC,21000,000000000000000000011100000000000000000000000000000000000000000000000000000000000000000000000000000001111000000000000000000001111000000000000000001111110000000000011110
738,8,TypeC,21000,000000000000000000011100000000000000000000000000000000000000000000000000000000000000000000000000000001111000000000000000000001111000000000000000001111110000000000011110
739,9,TypeC,21000,000000000000000000011100000000000000000000000000000000000000000000000000000000000000000000000000000001111000000000000000000001111000000000000000001111110000000000011110
740,2,TypeB,37000,000000000000111110000000000111111110000000000000000000000000111111110000000000111111110000000000000001111111100000000000000000000000000000000000000000000000000000000000
741,3,TypeB,37000,000000000000111110000000000111111110000000000000000000000000111111110000000000111111110000000000000001111111100000000000000000000000000000000000000000000000000000000000
742,4,TypeB,37000,000000000000111110000000000111111110000000000000000000000000111111110000000000111111110000000000000001111111100000000000000000000000000000000000000000000000000000000000
743,5,TypeB,37000,000000000000111110000000000111111110000000000000000000000000111111110000000000111111110000000000000001111111100000000000000000000000000000000000000000000000000000000000
744,6,TypeC,24800,000111111000000000000000000000111110000000000000000000000000000000000000000000000000000000000000000000000000000011111000000000000000111000000000000000000000000000011110
745,7,TypeC,24800,000111111000000000000000000000111110000000000000000000000000000000000000000000000000000000000000000000000000000011111000000000000000111000000000000000000000000000011110
746,8,TypeC,24800,000111111000000000000000000000111110000000000000000000000000000000000000000000000000000000000000000000000000000011111000000000000000111000000000000000000000000000011110
747,9,TypeC,24800,000111111000000000000000000000111110000000000000000000000000000000000000000000000000000000000000000000000000000011111000000000000000111000000000000000000000000000011110
748,0,TypeA,47000,000000000000000000000000000000001111111110000000000000000000000000000000000000111111111000000000000000001111111110000000000000111111111000000000000000011111111000000000
749,1,TypeA,47000,000000000000000000000000000000001111111110000000000000000000000000000000000000111111111000000000000000001111111110000000000000111111111000000000000000011111111000000000
750,2,TypeB,32500,000000001111111000000000000000000011111110000000000000000111111000000000000000000000011111100000000000000000000000000000000000000000000000000000000000000111110000000000
751,3,TypeB,32500,000000001111111000000000000000000011111110000000000000000111111000000000000000000000011111100000000000000000000000000000000000000000000000000000000000000111110000000000
752,4,TypeB,32500,000000001111111000000000000000000011111110000000000000000111111000000000000000000000011111100000000000000000000000000000000000000000000000000000000000000111110000000000
753,5,TypeB,32500,000000001111111000000000000000000011111110000000000000000111111000000000000000000000011111100000000000000000000000000000000000000000000000000000000000000111110000000000
754,2,TypeB,32500,000000001111111000000000000000000000000000000000000000000111111100000000000000000000111111100000000000000000111110000000000000000000000000000000000000000111110000000000
755,3,TypeB,32500,000000001111111000000000000000000000000000000000000000000111111100000000000000000000111111100000000000000000111110000000000000000000000000000000000000000111110000000000
756,4,TypeB,32500,000000001111111000000000000000000000000000000000000000000111111100000000000000000000111111100000000000000000111110000000000000000000000000000000000000000111110000000000
757,5,TypeB,32500,000000001111111000000000000000000000000000000000000000000111111100000000000000000000111111100000000000000000111110000000000000000000000000000000000000000111110000000000
758,6,TypeC,22200,000111111000000000011100000000000000000000000000000000000000000000011111000000000000000000000000000000000000000000000000000000000000111000000000000000111100000000000000
759,7,TypeC,22200,000111111000000000011100000000000000000000000000000000000000000000011111000000000000000000000000000000000000000000000000000000000000111000000000000000111100000000000000
760,8,TypeC,22200,000111111000000000011100000000000000000000000000000000000000000000011111000000000000000000000000000000000000000000000000000000000000111000000000000000111100000000000000
761,9,TypeC,22200,000111111000000000011100000000000000000000000000000000000000000000011111000000000000000000000000000000000000000000000000000000000000111000000000000000111100000000000000
762,2,TypeB,32500,000000001111111000000000000000000000000000000000000000000111111110000000000000111110000000000000000001111110000000000000000000000000000000000000000000000111110000000000
763,3,TypeB,32500,000000001111111000000000000000000000000000000000000000000111111110000000000000111110000000000000000001111110000000000000000000000000000000000000000000000111110000000000
764,4,TypeB,32500,000000001111111000000000000000000000000000000000000000000111111110000000000000111110000000000000000001111110000000000000000000000000000000000000000000000111110000000000
765,5,TypeB,32500,000000001111111000000000000000000000000000000000000000000111111110000000000000111110000000000000000001111110000000000000000000000000000000000000000000000111110000000000
766,6,TypeC,25000,000000000000000000000000000000000000000000000000111000000000000000011111000000000000000000000000000001111110000000000000000000000000111000000000000000000111110000000000
767,7,TypeC,25000,000000000000000000000000000000000000000000000000111000000000000000011111000000000000000000000000000001111110000000000000000000000000111000000000000000000111110000000000
768,8,TypeC,25000,000000000000000000000000000000000000000000000000111000000000000000011111000000000000000000000000000001111110000000000000000000000000111000000000000000000111110000000000
769,9,TypeC,25000,000000000000000000000000000000000000000000000000111000000000000000011111000000000000000000000000000001111110000000000000000000000000111000000000000000000111110000000000
770,0,TypeA,45100,000000000000111111110000000000000000000000000000000000111111111100000000000000000000000000000000000000001111111110000000000000000111111110000000000000000000011111111000
771,1,TypeA,45100,000000000000111111110000000000000000000000000000000000111111111100000000000000000000000000000000000000001111111110000000000000000111111110000000000000000000011111111000
772,2,TypeB,36000,000000001111111000000000000000011111111000000000000000000000000111111100000000000000011111100000000001111111100000000000000000000000000000000000000000000000000000000000
773,3,TypeB,36000,000000001111111000000000000000011111111000000000000000000000000111111100000000000000011111100000000001111111100000000000000000000000000000000000000000000000000000000000
774,4,TypeB,36000,000000001111111000000000000000011111111000000000000000000000000111111100000000000000011111100000000001111111100000000000000000000000000000000000000000000000000000000000
775,5,TypeB,36000,000000001111111000000000000000011111111000000000000000000000000111111100000000000000011111100000000001111111100000000000000000000000000000000000000000000000000000000000
776,2,TypeB,30000,000000001111111000000000000000001111111000000000000000111110000000000000000000111110000000000000000001111110000000000000000000000000000000000000000000000000000000000000
777,3,TypeB,30000,000000001111111000000000000000001111111000000000000000111110000000000000000000111110000000000000000001111110000000000000000000000000000000000000000000000000000000000000
778,4,TypeB,30000,000000001111111000000000000000001111111000000000000000111110000000000000000000111110000000000000000001111110000000000000000000000000000000000000000000000000000000000000
779,5,TypeB,30000,000000001111111000000000000000001111111000000000000000111110000000000000000000111110000000000000000001111110000000000000000000000000000000000000000000000000000000000000
780,0,TypeA,49600,000000000000000000000000000000001111111110000000000000000000011111111100000000000000000000000000000000001111111110000000000000111111111000000000000000000000011111111110
781,1,TypeA,49600,000000000000000000000000000000001111111110000000000000000000011111111100000000000000000000000000000000001111111110000000000000111111111000000000000000000000011111111110
782,2,TypeB,36100,000000001111111000000000000000000000001111110000000000000000000000000000000000000000011111100000000001111111100000000000000000000000000000000000000000000000011111110000
783,3,TypeB,36100,000000001111111000000000000000000000001111110000000000000000000000000000000000000000011111100000000001111111100000000000000000000000000000000000000000000000011111110000
784,4,TypeB,36100,000000001111111000000000000000000000001111110000000000000000000000000000000000000000011111100000000001111111100000000000000000000000000000000000000000000000011111110000
785,5,TypeB,36100,000000001111111000000000000000000000001111110000000000000000000000000000000000000000011111100000000001111111100000000000000000000000000000000000000000000000011111110000
786,6,TypeC,23500,000000000000000000011100000000000000000000000000011111100000000001111100000000000000000000000000000000000000000000000000000000111000000000000000000000000111110000000000
787,7,TypeC,23500,000000000000000000011100000000000000000000000000011111100000000001111100000000000000000000000000000000000000000000000000000000111000000000000000000000000111110000000000
788,8,TypeC,23500,000000000000000000011100000000000000000000000000011111100000000001111100000000000000000000000000000000000000000000000000000000111000000000000000000000000111110000000000
789,9,TypeC,23500,000000000000000000011100000000000000000000000000011111100000000001111100000000000000000000000000000000000000000000000000000000111000000000000000000000000111110000000000
790,0,TypeA,49100,000000000000000000000000000000001111111110000000000000111111111100000000000000000000000000000000000000000011111111100000000000000111111111100000000000000000011111111100
791,1,TypeA,49100,000000000000000000000000000000001111111110000000000000111111111100000000000000000000000000000000000000000011111111100000000000000111111111100000000000000000011111111100
792,0,TypeA,46800,000000000000000000000000000000000000000000000000000000111111111100000000000000000011111111100000000000000011111111100000000000001111111110000000000000011111111000000000
793,1,TypeA,46800,000000000000000000000000000000000000000000000000000000111111111100000000000000000011111111100000000000000011111111100000000000001111111110000000000000011111111000000000
794,2,TypeB,32000,000000001111110000000000000000001111111000000000000000111110000000000000000000001111111000000000000000000011111110000000000000000000000000000000000000000000000000000000
795,3,TypeB,32000,000000001111110000000000000000001111111000000000000000111110000000000000000000001111111000000000000000000011111110000000000000000000000000000000000000000000000000000000
796,4,TypeB,32000,000000001111110000000000000000001111111000000000000000111110000000000000000000001111111000000000000000000011111110000000000000000000000000000000000000000000000000000000
797,5,TypeB,32000,000000001111110000000000000000001111111000000000000000111110000000000000000000001111111000000000000000000011111110000000000000000000000000000000000000000000000000000000
798,6,TypeC,23800,000000000000000000000000000000000000000000000000011111100000000000000000000000111000000000000000000000000000000011111000000000000000111110000000000000000000000000011100
799,7,TypeC,23800,000000000000000000000000000000000000000000000000011111100000000000000000000000111000000000000000000000000000000011111000000000000000111110000000000000000000000000011100
800,8,TypeC,23800,000000000000000000000000000000000000000000000000011111100000000000000000000000111000000000000000000000000000000011111000000000000000111110000000000000000000000000011100
801,9,TypeC,23800,000000000000000000000000000000000000000000000000011111100000000000000000000000111000000000000000000000000000000011111000000000000000111110000000000000000000000000011100
802,6,TypeC,23500,000000000000000000011100000000000000000000000000011111100000000000000000000000000000000000000000000001111000000000000000000000000000111110000000000000000000000000011110
803,7,TypeC,23500,000000000000000000011100000000000000000000000000011111100000000000000000000000000000000000000000000001111000000000000000000000000000111110000000000000000000000000011110
804,8,TypeC,23500,000000000000000000011100000000000000000000000000011111100000000000000000000000000000000000000000000001111000000000000000000000000000111110000000000000000000000000011110
805,9,TypeC,23500,000000000000000000011100000000000000000000000000011111100000000000000000000000000000000000000000000001111000000000000000000000000000111110000000000000000000000000011110
806,6,TypeC,16900,000000000000000000011100000000000000000000000000111000000000000000000000000000000000000000000000000001111000000000000000000000000000111000000000001110000000000000000000
807,7,TypeC,16900,000000000000000000011100000000000000000000000000111000000000000000000000000000000000000000000000000001111000000000000000000000000000111000000000001110000000000000000000
808,8,TypeC,16900,000000000000000000011100000000000000000000000000111000000000000000000000000000000000000000000000000001111000000000000000000000000000111000000000001110000000000000000000
809,9,TypeC,16900,000000000000000000011100000000000000000000000000111000000000000000000000000000000000000000000000000001111000000000000000000000000000111000000000001110000000000000000000
810,0,TypeA,44800,000000000000111111110000000000000011111111110000000000000000000000000000000000001111111110000000000000000000000000000000000000000000111111110000000000011111111000000000
811,1,TypeA,44800,000000000000111111110000000000000011111111110000000000000000000000000000000000001111111110000000000000000000000000000000000000000000111111110000000000011111111000000000
812,6,TypeC,20100,000000000000000000011100000000000000000000011111100000000000000000000000000000000000000000000000000000000000000011100000000000000000111000000000000000000000011100000000
813,7,TypeC,20100,000000000000000000011100000000000000000000011111100000000000000000000000000000000000000000000000000000000000000011100000000000000000111000000000000000000000011100000000
814,8,TypeC,20100,000000000000000000011100000000000000000000011111100000000000000000000000000000000000000000000000000000000000000011100000000000000000111000000000000000000000011100000000
815,9,TypeC,20100,000000000000000000011100000000000000000000011111100000000000000000000000000000000000000000000000000000000000000011100000000000000000111000000000000000000000011100000000
816,0,TypeA,59300,000000000000000000000000000001111111110000000000000000000000000000001111111111000000000000111111111100000000000000000000111111110000000000001111111111000000000000000000
817,1,TypeA,59300,000000000000000000000000000001111111110000000000000000000000000000001111111111000000000000111111111100000000000000000000111111110000000000001111111111000000000000000000
818,2,TypeB,44900,000000000000000000000000000000000000000000000000000000000000000000000000111111100000000000111111110000000000000000000000111111110000000000001111111100000000001111111000
819,3,TypeB,44900,000000000000000000000000000000000000000000000000000000000000000000000000111111100000000000111111110000000000000000000000111111110000000000001111111100000000001111111000
820,4,TypeB,44900,000000000000000000000000000000000000000000000000000000000000000000000000111111100000000000111111110000000000000000000000111111110000000000001111111100000000001111111000
821,5,TypeB,44900,000000000000000000000000000000000000000000000000000000000000000000000000111111100000000000111111110000000000000000000000111111110000000000001111111100000000001111111000
822,6,TypeC,29500,000001111110000000000000000000000000000000000000000000000000000000000000111111000000000000000000000000000000000000000000111110000000000000001111110000000000001111100000
823,7,TypeC,29500,000001111110000000000000000000000000000000000000000000000000000000000000111111000000000000000000000000000000000000000000111110000000000000001111110000000000001111100000
824,8,TypeC,29500,000001111110000000000000000000000000000000000000000000000000000000000000111111000000000000000000000000000000000000000000111110000000000000001111110000000000001111100000
825,9,TypeC,29500,000001111110000000000000000000000000000000000000000000000000000000000000111111000000000000000000000000000000000000000000111110000000000000001111110000000000001111100000
826,0,TypeA,53000,000000000000000000000000000001111111111000000000000011111111110000000000000000000000000000000000011111111100000000000000000000000000011111111000000000001111111111000000
827,1,TypeA,53000,000000000000000000000000000001111111111000000000000011111111110000000000000000000000000000000000011111111100000000000000000000000000011111111000000000001111111111000000
828,2,TypeB,42800,000000000000000000000000000000011111111000000000000011111100000000000000000000000000000000000000000000000000011111111000000000000000011111111000000000000001111111100000
829,3,TypeB,42800,000000000000000000000000000000011111111000000000000011111100000000000000000000000000000000000000000000000000011111111000000000000000011111111000000000000001111111100000
830,4,TypeB,42800,000000000000000000000000000000011111111000000000000011111100000000000000000000000000000000000000000000000000011111111000000000000000011111111000000000000001111111100000
831,5,TypeB,42800,000000000000000000000000000000011111111000000000000011111100000000000000000000000000000000000000000000000000011111111000000000000000011111111000000000000001111111100000
832,6,TypeC,31900,000000000000000000000000000000000111111000000000000011111100000000000000000000000000000000000000011111000000000000000000000000000000011111000000000000000000000111111000
833,7,TypeC,31900,000000000000000000000000000000000111111000000000000011111100000000000000000000000000000000000000011111000000000000000000000000000000011111000000000000000000000111111000
834,8,TypeC,31900,000000000000000000000000000000000111111000000000000011111100000000000000000000000000000000000000011111000000000000000000000000000000011111000000000000000000000111111000
835,9,TypeC,31900,000000000000000000000000000000000111111000000000000011111100000000000000000000000000000000000000011111000000000000000000000000000000011111000000000000000000000111111000
836,0,TypeA,48300,000000000111111111000000000000011111111100000000000000000000000000000000000000000001111111110000000000000111111111100000000000000000000000000000011111111000000000000000
837,1,TypeA,48300,000000000111111111000000000000011111111100000000000000000000000000000000000000000001111111110000000000000111111111100000000000000000000000000000011111111000000000000000
838,2,TypeB,40400,000000000001111111000000000000000000011111111000000000000000000000000000000001111111000000000000000000000011111111000000000000000000000000000000011111111000000000000000
839,3,TypeB,40400,000000000001111111000000000000000000011111111000000000000000000000000000000001111111000000000000000000000011111111000000000000000000000000000000011111111000000000000000
840,4,TypeB,40400,000000000001111111000000000000000000011111111000000000000000000000000000000001111111000000000000000000000011111111000000000000000000000000000000011111111000000000000000
841,5,TypeB,40400,000000000001111111000000000000000000011111111000000000000000000000000000000001111111000000000000000000000011111111000000000000000000000000000000011111111000000000000000
842,6,TypeC,31200,000000000111111000000000000001111100000000000000000000000000000000000000000000000000001111110000000000000000011111100000000000000000000000000000000001111000000000000000
843,7,TypeC,31200,000000000111111000000000000001111100000000000000000000000000000000000000000000000000001111110000000000000000011111100000000000000000000000000000000001111000000000000000
844,8,TypeC,31200,000000000111111000000000000001111100000000000000000000000000000000000000000000000000001111110000000000000000011111100000000000000000000000000000000001111000000000000000
845,9,TypeC,31200,000000000111111000000000000001111100000000000000000000000000000000000000000000000000001111110000000000000000011111100000000000000000000000000000000001111000000000000000
846,0,TypeA,53800,000000001111111111000000000000000000000000000000000000000000111111111000000000000000111111111100000000000111111111100000000000000000000000001111111111000000000000000000
847,1,TypeA,53800,000000001111111111000000000000000000000000000000000000000000111111111000000000000000111111111100000000000111111111100000000000000000000000001111111111000000000000000000
848,2,TypeB,39400,000000000000011111111000000000000000011111111000000000000000000000111111000000000000000000000000000000000000011111110000000000000000000001111111100000000000000000000000
849,3,TypeB,39400,000000000000011111111000000000000000011111111000000000000000000000111111000000000000000000000000000000000000011111110000000000000000000001111111100000000000000000000000
850,4,TypeB,39400,000000000000011111111000000000000000011111111000000000000000000000111111000000000000000000000000000000000000011111110000000000000000000001111111100000000000000000000000
851,5,TypeB,39400,000000000000011111111000000000000000011111111000000000000000000000111111000000000000000000000000000000000000011111110000000000000000000001111111100000000000000000000000
852,6,TypeC,30100,000000000000000111111000000000000000000000000000000000000000000000111111000000000000000000000000000000000111110000000000000111111000000000001111100000000000000000000000
853,7,TypeC,30100,000000000000000111111000000000000000000000000000000000000000000000111111000000000000000000000000000000000111110000000000000111111000000000001111100000000000000000000000
854,8,TypeC,30100,000000000000000111111000000000000000000000000000000000000000000000111111000000000000000000000000000000000111110000000000000111111000000000001111100000000000000000000000
855,9,TypeC,30100,000000000000000111111000000000000000000000000000000000000000000000111111000000000000000000000000000000000111110000000000000111111000000000001111100000000000000000000000
856,0,TypeA,56000,111111111100000000000000000001111111110000000000000000000000000000000000000001111111110000000000000000000000000000000000111111111000000000000000000001111111111000000000
857,1,TypeA,56000,111111111100000000000000000001111111110000000000000000000000000000000000000001111111110000000000000000000000000000000000111111111000000000000000000001111111111000000000
858,2,TypeB,43800,000000111111110000000000000000000000011111111000000000011111110000000000000000000000000000000000000000000000000000000000111111110000000000000000000000001111111100000000
859,3,TypeB,43800,000000111111110000000000000000000000011111111000000000011111110000000000000000000000000000000000000000000000000000000000111111110000000000000000000000001111111100000000
860,4,TypeB,43800,000000111111110000000000000000000000011111111000000000011111110000000000000000000000000000000000000000000000000000000000111111110000000000000000000000001111111100000000
861,5,TypeB,43800,000000111111110000000000000000000000011111111000000000011111110000000000000000000000000000000000000000000000000000000000111111110000000000000000000000001111111100000000
862,6,TypeC,29600,000000000000000001111100000000000000000000001111110000000000000111111000000000000000000000000000000000000000000000011111100000000000000000000000000111111000000000000000
863,7,TypeC,29600,000000000000000001111100000000000000000000001111110000000000000111111000000000000000000000000000000000000000000000011111100000000000000000000000000111111000000000000000
864,8,TypeC,29600,000000000000000001111100000000000000000000001111110000000000000111111000000000000000000000000000000000000000000000011111100000000000000000000000000111111000000000000000
865,9,TypeC,29600,000000000000000001111100000000000000000000001111110000000000000111111000000000000000000000000000000000000000000000011111100000000000000000000000000111111000000000000000
866,0,TypeA,53800,000000000000000000000000000000011111111110000000000000000000000000001111111111000000000000000000000000000111111111100000000000000000111111111000000000000001111111111000
867,1,TypeA,53800,000000000000000000000000000000011111111110000000000000000000000000001111111111000000000000000000000000000111111111100000000000000000111111111000000000000001111111111000
868,2,TypeB,42500,000000000011111111000000000000011111110000000000000000000000000000000001111111100000000000000000000000000000000000000000000000011111110000000000000000001111111100000000
869,3,TypeB,42500,000000000011111111000000000000011111110000000000000000000000000000000001111111100000000000000000000000000000000000000000000000011111110000000000000000001111111100000000
870,4,TypeB,42500,000000000011111111000000000000011111110000000000000000000000000000000001111111100000000000000000000000000000000000000000000000011111110000000000000000001111111100000000
871,5,TypeB,42500,000000000011111111000000000000011111110000000000000000000000000000000001111111100000000000000000000000000000000000000000000000011111110000000000000000001111111100000000
872,6,TypeC,33600,111111000000000000000000000001111110000000000000000000000000000000000000111111000000000000000000000000001111110000000000000000000000111111000000000000000000000000000000
873,7,TypeC,33600,111111000000000000000000000001111110000000000000000000000000000000000000111111000000000000000000000000001111110000000000000000000000111111000000000000000000000000000000
874,8,TypeC,33600,111111000000000000000000000001111110000000000000000000000000000000000000111111000000000000000000000000001111110000000000000000000000111111000000000000000000000000000000
875,9,TypeC,33600,111111000000000000000000000001111110000000000000000000000000000000000000111111000000000000000000000000001111110000000000000000000000111111000000000000000000000000000000
876,0,TypeA,53000,111111111100000000000000000000000111111111000000000001111111110000000000000001111111111000000000000000000000000000000000000000000000011111111100000000000000000000000000
877,1,TypeA,53000,111111111100000000000000000000000111111111000000000001111111110000000000000001111111111000000000000000000000000000000000000000000000011111111100000000000000000000000000
878,2,TypeB,38800,111111100000000000000000000000000011111111000000000000000000011111111000000000000000001111111100000000000000000000000000000000000000000000011111100000000000000000000000
879,3,TypeB,38800,111111100000000000000000000000000011111111000000000000000000011111111000000000000000001111111100000000000000000000000000000000000000000000011111100000000000000000000000
880,4,TypeB,38800,111111100000000000000000000000000011111111000000000000000000011111111000000000000000001111111100000000000000000000000000000000000000000000011111100000000000000000000000
881,5,TypeB,38800,111111100000000000000000000000000011111111000000000000000000011111111000000000000000001111111100000000000000000000000000000000000000000000011111100000000000000000000000
882,6,TypeC,31300,000000000000000000000000000000000000011111000000000000000011111100000000000001111100000000000000000111111000000000000000000000000000000000011111100000000000000000000000
883,7,TypeC,31300,000000000000000000000000000000000000011111000000000000000011111100000000000001111100000000000000000111111000000000000000000000000000000000011111100000000000000000000000
884,8,TypeC,31300,000000000000000000000000000000000000011111000000000000000011111100000000000001111100000000000000000111111000000000000000000000000000000000011111100000000000000000000000
885,9,TypeC,31300,000000000000000000000000000000000000011111000000000000000011111100000000000001111100000000000000000111111000000000000000000000000000000000011111100000000000000000000000
886,0,TypeA,56500,000000000000000000000000000000000000000000000000011111111110000000000000000001111111111000000000000001111111110000000000000011111111110000000000000001111111111000000000
887,1,TypeA,56500,000000000000000000000000000000000000000000000000011111111110000000000000000001111111111000000000000001111111110000000000000011111111110000000000000001111111111000000000
888,2,TypeB,41500,000000000000000000000000000000000000000000000000000000000000011111111000000000000000001111111100000000001111110000000000000000000000011111111000000000000000001111111000
889,3,TypeB,41500,000000000000000000000000000000000000000000000000000000000000011111111000000000000000001111111100000000001111110000000000000000000000011111111000000000000000001111111000
890,4,TypeB,41500,000000000000000000000000000000000000000000000000000000000000011111111000000000000000001111111100000000001111110000000000000000000000011111111000000000000000001111111000
891,5,TypeB,41500,000000000000000000000000000000000000000000000000000000000000011111111000000000000000001111111100000000001111110000000000000000000000011111111000000000000000001111111000
892,6,TypeC,31800,000000000000000000000000000000000000000000000000011111000000000000000000000000000111111000000000000000001111110000000000000000001111110000000000000001111000000000000000
893,7,TypeC,31800,000000000000000000000000000000000000000000000000011111000000000000000000000000000111111000000000000000001111110000000000000000001111110000000000000001111000000000000000
894,8,TypeC,31800,000000000000000000000000000000000000000000000000011111000000000000000000000000000111111000000000000000001111110000000000000000001111110000000000000001111000000000000000
895,9,TypeC,31800,000000000000000000000000000000000000000000000000011111000000000000000000000000000111111000000000000000001111110000000000000000001111110000000000000001111000000000000000
896,0,TypeA,52600,111111111000000000000000000000000111111110000000000000000111111111100000000000000000000000000000000001111111111000000000000000000000000000000000111111111000000000000000
897,1,TypeA,52600,111111111000000000000000000000000111111110000000000000000111111111100000000000000000000000000000000001111111111000000000000000000000000000000000111111111000000000000000
898,2,TypeB,42200,000000000000001111111100000000000111111110000000000000000000000000000000000000000000000000000000000000000000011111111000000000000000000000001111111000000000001111111000
899,3,TypeB,42200,000000000000001111111100000000000111111110000000000000000000000000000000000000000000000000000000000000000000011111111000000000000000000000001111111000000000001111111000
900,4,TypeB,42200,000000000000001111111100000000000111111110000000000000000000000000000000000000000000000000000000000000000000011111111000000000000000000000001111111000000000001111111000
901,5,TypeB,42200,000000000000001111111100000000000111111110000000000000000000000000000000000000000000000000000000000000000000011111111000000000000000000000001111111000000000001111111000
902,6,TypeC,26100,000000000000000000000000000001111100000000000000000000000000000000111111000000000000000000000000000000000111111000000000000000000000000000000000111000000000000001111000
903,7,TypeC,26100,000000000000000000000000000001111100000000000000000000000000000000111111000000000000000000000000000000000111111000000000000000000000000000000000111000000000000001111000
904,8,TypeC,26100,000000000000000000000000000001111100000000000000000000000000000000111111000000000000000000000000000000000111111000000000000000000000000000000000111000000000000001111000
905,9,TypeC,26100,000000000000000000000000000001111100000000000000000000000000000000111111000000000000000000000000000000000111111000000000000000000000000000000000111000000000000001111000
906,0,TypeA,49300,000000111111111000000000000001111111110000000000000000000111111110000000000000000000000000000000000000000111111111100000000000000000011111111110000000000000000000000000
907,1,TypeA,49300,000000111111111000000000000001111111110000000000000000000111111110000000000000000000000000000000000000000111111111100000000000000000011111111110000000000000000000000000
908,2,TypeB,39100,000000000000000000000000000000000000011111111000000000000111111100000000000000111111110000000000000000000000011111110000000000011111110000000000000000000000000000000000
909,3,TypeB,39100,000000000000000000000000000000000000011111111000000000000111111100000000000000111111110000000000000000000000011111110000000000011111110000000000000000000000000000000000
910,4,TypeB,39100,000000000000000000000000000000000000011111111000000000000111111100000000000000111111110000000000000000000000011111110000000000011111110000000000000000000000000000000000
911,5,TypeB,39100,000000000000000000000000000000000000011111111000000000000111111100000000000000111111110000000000000000000000011111110000000000011111110000000000000000000000000000000000
912,6,TypeC,30900,000000111000000000000000000001111110000000000000000000000000000111111000000000000000000000000000000000000000011111100000000000001111110000000000000000000000000000000000
913,7,TypeC,30900,000000111000000000000000000001111110000000000000000000000000000111111000000000000000000000000000000000000000011111100000000000001111110000000000000000000000000000000000
914,8,TypeC,30900,000000111000000000000000000001111110000000000000000000000000000111111000000000000000000000000000000000000000011111100000000000001111110000000000000000000000000000000000
915,9,TypeC,30900,000000111000000000000000000001111110000000000000000000000000000111111000000000000000000000000000000000000000011111100000000000001111110000000000000000000000000000000000
916,0,TypeA,52500,000001111111111000000000000000000000000000000000000000000000000000000000000001111111110000000000011111111100000000000000000000111111110000000000000111111111000000000000
917,1,TypeA,52500,000001111111111000000000000000000000000000000000000000000000000000000000000001111111110000000000011111111100000000000000000000111111110000000000000111111111000000000000
918,2,TypeB,36500,000001111100000000000000000000000000000000000000000000000000000000000000000001111111000000000000011111000000000000000000000000111111110000000000000001111111000000000000
919,3,TypeB,36500,000001111100000000000000000000000000000000000000000000000000000000000000000001111111000000000000011111000000000000000000000000111111110000000000000001111111000000000000
920,4,TypeB,36500,000001111100000000000000000000000000000000000000000000000000000000000000000001111111000000000000011111000000000000000000000000111111110000000000000001111111000000000000
921,5,TypeB,36500,000001111100000000000000000000000000000000000000000000000000000000000000000001111111000000000000011111000000000000000000000000111111110000000000000001111111000000000000
922,6,TypeC,19300,000001111100000000000000000000000000000000000000000000000000000000000000000000000000000000000000011111000000000000000000000000111000000000001110000000000000000000111000
923,7,TypeC,19300,000001111100000000000000000000000000000000000000000000000000000000000000000000000000000000000000011111000000000000000000000000111000000000001110000000000000000000111000
924,8,TypeC,19300,000001111100000000000000000000000000000000000000000000000000000000000000000000000000000000000000011111000000000000000000000000111000000000001110000000000000000000111000
925,9,TypeC,19300,000001111100000000000000000000000000000000000000000000000000000000000000000000000000000000000000011111000000000000000000000000111000000000001110000000000000000000111000
926,0,TypeA,48700,000000001111111111000000000000000000000000000000000000000000011111111000000000000001111111100000000000000000000000000000000000000000011111111110000000000001111111111000
927,1,TypeA,48700,000000001111111111000000000000000000000000000000000000000000011111111000000000000001111111100000000000000000000000000000000000000000011111111110000000000001111111111000
928,2,TypeB,34200,000000000000011111000000000000000000000000000000000000000000011111111000000000000001111111100000000000011111111000000000000000000000011110000000000000000000000000000000
929,3,TypeB,34200,000000000000011111000000000000000000000000000000000000000000011111111000000000000001111111100000000000011111111000000000000000000000011110000000000000000000000000000000
930,4,TypeB,34200,000000000000011111000000000000000000000000000000000000000000011111111000000000000001111111100000000000011111111000000000000000000000011110000000000000000000000000000000
931,5,TypeB,34200,000000000000011111000000000000000000000000000000000000000000011111111000000000000001111111100000000000011111111000000000000000000000011110000000000000000000000000000000
932,6,TypeC,22200,000000000000011111000000000001110000000000000000000001110000000000000000000000000000000000000000000000000000000000000000000111110000000000001111100000000000000000000000
933,7,TypeC,22200,000000000000011111000000000001110000000000000000000001110000000000000000000000000000000000000000000000000000000000000000000111110000000000001111100000000000000000000000
934,8,TypeC,22200,000000000000011111000000000001110000000000000000000001110000000000000000000000000000000000000000000000000000000000000000000111110000000000001111100000000000000000000000
935,9,TypeC,22200,000000000000011111000000000001110000000000000000000001110000000000000000000000000000000000000000000000000000000000000000000111110000000000001111100000000000000000000000
936,0,TypeA,46600,000000000000000000000000000001111111110000000000000000011111111100000000000000000000011111111100000000000000011111111000000000000000000000000000000000001111111100000000
937,1,TypeA,46600,000000000000000000000000000001111111110000000000000000011111111100000000000000000000011111111100000000000000011111111000000000000000000000000000000000001111111100000000
938,2,TypeB,35100,000001111110000000000000000001111111000000000000000000000000000000000000000000000000000001111100000000000000011111111000000000000000000000000000000001111111000000000000
939,3,TypeB,35100,000001111110000000000000000001111111000000000000000000000000000000000000000000000000000001111100000000000000011111111000000000000000000000000000000001111111000000000000
940,4,TypeB,35100,000001111110000000000000000001111111000000000000000000000000000000000000000000000000000001111100000000000000011111111000000000000000000000000000000001111111000000000000
941,5,TypeB,35100,000001111110000000000000000001111111000000000000000000000000000000000000000000000000000001111100000000000000011111111000000000000000000000000000000001111111000000000000
942,6,TypeC,26100,000001111110000000000000000001111110000000000000000000000000000000000000000011100000000001111100000000000000000000000000000000000000000000000000000000001111000000000000
943,7,TypeC,26100,000001111110000000000000000001111110000000000000000000000000000000000000000011100000000001111100000000000000000000000000000000000000000000000000000000001111000000000000
944,8,TypeC,26100,000001111110000000000000000001111110000000000000000000000000000000000000000011100000000001111100000000000000000000000000000000000000000000000000000000001111000000000000
945,9,TypeC,26100,000001111110000000000000000001111110000000000000000000000000000000000000000011100000000001111100000000000000000000000000000000000000000000000000000000001111000000000000
946,0,TypeA,47600,000001111111111000000000000001111111110000000000000000000000000000000000000000000111111111000000000000000000000000000000000000000000011111111000000000000000011111111000
947,1,TypeA,47600,000001111111111000000000000001111111110000000000000000000000000000000000000000000111111111000000000000000000000000000000000000000000011111111000000000000000011111111000
948,2,TypeB,36800,111111100000000000000000000000011111110000000000000000000000000001111111100000000000000000000000000111111100000000000000000000000000000000000000111111000000000000000000
949,3,TypeB,36800,111111100000000000000000000000011111110000000000000000000000000001111111100000000000000000000000000111111100000000000000000000000000000000000000111111000000000000000000
950,4,TypeB,36800,111111100000000000000000000000011111110000000000000000000000000001111111100000000000000000000000000111111100000000000000000000000000000000000000111111000000000000000000
951,5,TypeB,36800,111111100000000000000000000000011111110000000000000000000000000001111111100000000000000000000000000111111100000000000000000000000000000000000000111111000000000000000000
952,6,TypeC,22900,000001111000000000000000000000000000000000000000000000000000000000001111100000000000000000000000000000000000000000000000000000000001110000000000111111000000000001111000
953,7,TypeC,22900,000001111000000000000000000000000000000000000000000000000000000000001111100000000000000000000000000000000000000000000000000000000001110000000000111111000000000001111000
954,8,TypeC,22900,000001111000000000000000000000000000000000000000000000000000000000001111100000000000000000000000000000000000000000000000000000000001110000000000111111000000000001111000
955,9,TypeC,22900,000001111000000000000000000000000000000000000000000000000000000000001111100000000000000000000000000000000000000000000000000000000001110000000000111111000000000001111000
956,0,TypeA,47200,000000111111111000000000000000000000000000000000000000000000000000000000001111111100000000000000000000000111111110000000000000011111111000000000000000000001111111111000
957,1,TypeA,47200,000000111111111000000000000000000000000000000000000000000000000000000000001111111100000000000000000000000111111110000000000000011111111000000000000000000001111111111000
958,2,TypeB,42500,000000000000000000000000000000000000000000000000000000011111110000000000001111111100000000000000000000000111111110000000000000011111111000000000000000000001111111000000
959,3,TypeB,42500,000000000000000000000000000000000000000000000000000000011111110000000000001111111100000000000000000000000111111110000000000000011111111000000000000000000001111111000000
960,4,TypeB,42500,000000000000000000000000000000000000000000000000000000011111110000000000001111111100000000000000000000000111111110000000000000011111111000000000000000000001111111000000
961,5,TypeB,42500,000000000000000000000000000000000000000000000000000000011111110000000000001111111100000000000000000000000111111110000000000000011111111000000000000000000001111111000000
962,6,TypeC,25300,000000111000000000000000000000000000000000000000000000000000000000000000001111100000000000000000000001111100000000000000000111111000000000000000011111100000000000000000
963,7,TypeC,25300,000000111000000000000000000000000000000000000000000000000000000000000000001111100000000000000000000001111100000000000000000111111000000000000000011111100000000000000000
964,8,TypeC,25300,000000111000000000000000000000000000000000000000000000000000000000000000001111100000000000000000000001111100000000000000000111111000000000000000011111100000000000000000
965,9,TypeC,25300,000000111000000000000000000000000000000000000000000000000000000000000000001111100000000000000000000001111100000000000000000111111000000000000000011111100000000000000000
966,0,TypeA,49400,111111111000000000000000000000000000000000000000000000000000000000000000000000000000011111111100000000000111111110000000000000111111110000000000000000111111111100000000
967,1,TypeA,49400,111111111000000000000000000000000000000000000000000000000000000000000000000000000000011111111100000000000111111110000000000000111111110000000000000000111111111100000000
968,2,TypeB,33400,111100000000000000000000000000000000000011111000000000000000000000000000000000000000000011111100000000000111111110000000000000000000011111111000000000000000000000000000
969,3,TypeB,33400,111100000000000000000000000000000000000011111000000000000000000000000000000000000000000011111100000000000111111110000000000000000000011111111000000000000000000000000000
970,4,TypeB,33400,111100000000000000000000000000000000000011111000000000000000000000000000000000000000000011111100000000000111111110000000000000000000011111111000000000000000000000000000
971,5,TypeB,33400,111100000000000000000000000000000000000011111000000000000000000000000000000000000000000011111100000000000111111110000000000000000000011111111000000000000000000000000000
972,6,TypeC,25800,111000000000000000000000000000000000000011111000000000000000000000000000000000000000000011111100000000000000011110000000000000000000000000001111110000000000000000000000
973,7,TypeC,25800,111000000000000000000000000000000000000011111000000000000000000000000000000000000000000011111100000000000000011110000000000000000000000000001111110000000000000000000000
974,8,TypeC,25800,111000000000000000000000000000000000000011111000000000000000000000000000000000000000000011111100000000000000011110000000000000000000000000001111110000000000000000000000
975,9,TypeC,25800,111000000000000000000000000000000000000011111000000000000000000000000000000000000000000011111100000000000000011110000000000000000000000000001111110000000000000000000000
976,0,TypeA,49200,000000001111111100000000000000011111111100000000000000000000000000000000000001111111110000000000000000000000000000000000000000111111111000000000000001111111111000000000
977,1,TypeA,49200,000000001111111100000000000000011111111100000000000000000000000000000000000001111111110000000000000000000000000000000000000000111111111000000000000001111111111000000000
978,2,TypeB,33200,000000001111111100000000000000000111111100000000000000000000011111111000000000000000000000000111110000000000000000000000000000000000000000000000000001111000000000000000
979,3,TypeB,33200,000000001111111100000000000000000111111100000000000000000000011111111000000000000000000000000111110000000000000000000000000000000000000000000000000001111000000000000000
980,4,TypeB,33200,000000001111111100000000000000000111111100000000000000000000011111111000000000000000000000000111110000000000000000000000000000000000000000000000000001111000000000000000
981,5,TypeB,33200,000000001111111100000000000000000111111100000000000000000000011111111000000000000000000000000111110000000000000000000000000000000000000000000000000001111000000000000000
982,6,TypeC,22500,111000000000000000000000000001111110000000000000000000000000000000000000000000000000000000000111110000000000000000000000000000000000011100000000000001111000000000000000
983,7,TypeC,22500,111000000000000000000000000001111110000000000000000000000000000000000000000000000000000000000111110000000000000000000000000000000000011100000000000001111000000000000000
984,8,TypeC,22500,111000000000000000000000000001111110000000000000000000000000000000000000000000000000000000000111110000000000000000000000000000000000011100000000000001111000000000000000
985,9,TypeC,22500,111000000000000000000000000001111110000000000000000000000000000000000000000000000000000000000111110000000000000000000000000000000000011100000000000001111000000000000000
986,0,TypeA,47700,000000000000011111111100000000000000000000000000000000000000011111111000000000000000000000000000000000000111111111100000000000000000011111111000000000000001111111111000
987,1,TypeA,47700,000000000000011111111100000000000000000000000000000000000000011111111000000000000000000000000000000000000111111111100000000000000000011111111000000000000001111111111000
988,2,TypeB,30000,111111000000000001111100000000000000000000000000000000000000011111100000000001111100000000000000000000000111111110000000000000000000000000000000000000000000000000000000
989,3,TypeB,30000,111111000000000001111100000000000000000000000000000000000000011111100000000001111100000000000000000000000111111110000000000000000000000000000000000000000000000000000000
990,4,TypeB,30000,111111000000000001111100000000000000000000000000000000000000011111100000000001111100000000000000000000000111111110000000000000000000000000000000000000000000000000000000
991,5,TypeB,30000,111111000000000001111100000000000000000000000000000000000000011111100000000001111100000000000000000000000111111110000000000000000000000000000000000000000000000000000000
992,6,TypeC,27800,111111000000000000000000000000000000000000000000000000000000011111100000000001111100000000000000000001111100000000000000111100000000000000000000000000000000000000000000
993,7,TypeC,27800,111111000000000000000000000000000000000000000000000000000000011111100000000001111100000000000000000001111100000000000000111100000000000000000000000000000000000000000000
994,8,TypeC,27800,111111000000000000000000000000000000000000000000000000000000011111100000000001111100000000000000000001111100000000000000111100000000000000000000000000000000000000000000
995,9,TypeC,27800,111111000000000000000000000000000000000000000000000000000000011111100000000001111100000000000000000001111100000000000000111100000000000000000000000000000000000000000000
996,0,TypeA,47900,000000000011111111000000000000000000000000000000000001111111110000000000000000000000011111111100000000000000000000000000000000111111111000000000000000111111111000000000
997,1,TypeA,47900,000000000011111111000000000000000000000000000000000001111111110000000000000000000000011111111100000000000000000000000000000000111111111000000000000000111111111000000000
998,2,TypeB,33000,000000000011111111000000000001111110000000000000000001111100000000001111111000000000011111110000000000000000000000000000000000000000000000000000000000000000000000000000
999,3,TypeB,33000,000000000011111111000000000001111110000000000000000001111100000000001111111000000000011111110000000000000000000000000000000000000000000000000000000000000000000000000000
1000,4,TypeB,33000,000000000011111111000000000001111110000000000000000001111100000000001111111000000000011111110000000000000000000000000000000000000000000000000000000000000000000000000000
1001,5,TypeB,33000,000000000011111111000000000001111110000000000000000001111100000000001111111000000000011111110000000000000000000000000000000000000000000000000000000000000000000000000000
1002,6,TypeC,18200,000000000000000000000000000000000000000000000000000001111100000000000000111000000000000000000000000111000000000000000000000000000000011100000000000000111000000000000000
1003,7,TypeC,18200,000000000000000000000000000000000000000000000000000001111100000000000000111000000000000000000000000111000000000000000000000000000000011100000000000000111000000000000000
1004,8,TypeC,18200,000000000000000000000000000000000000000000000000000001111100000000000000111000000000000000000000000111000000000000000000000000000000011100000000000000111000000000000000
1005,9,TypeC,18200,000000000000000000000000000000000000000000000000000001111100000000000000111000000000000000000000000111000000000000000000000000000000011100000000000000111000000000000000
1006,0,TypeA,49000,000000000000000000000000000000000000000000000000011111111100000000000001111111100000000000000000000000000111111111100000000000000000011111111000000000000000011111111000
1007,1,TypeA,49000,000000000000000000000000000000000000000000000000011111111100000000000001111111100000000000000000000000000111111111100000000000000000011111111000000000000000011111111000
1008,2,TypeB,38400,000000001111111000000000000000000000011111111000000000000000000000000001111111100000000000000000000000000111110000000000000000000000000000001111111100000000000000000000
1009,3,TypeB,38400,000000001111111000000000000000000000011111111000000000000000000000000001111111100000000000000000000000000111110000000000000000000000000000001111111100000000000000000000
1010,4,TypeB,38400,000000001111111000000000000000000000011111111000000000000000000000000001111111100000000000000000000000000111110000000000000000000000000000001111111100000000000000000000
1011,5,TypeB,38400,000000001111111000000000000000000000011111111000000000000000000000000001111111100000000000000000000000000111110000000000000000000000000000001111111100000000000000000000
1012,6,TypeC,20200,000000000000000000000000000001110000000000000000000000011100000000000000000111100000000000000000000000000000000000000000000000000000011100000000000111111000000000000000
1013,7,TypeC,20200,000000000000000000000000000001110000000000000000000000011100000000000000000111100000000000000000000000000000000000000000000000000000011100000000000111111000000000000000
1014,8,TypeC,20200,000000000000000000000000000001110000000000000000000000011100000000000000000111100000000000000000000000000000000000000000000000000000011100000000000111111000000000000000
1015,9,TypeC,20200,000000000000000000000000000001110000000000000000000000011100000000000000000111100000000000000000000000000000000000000000000000000000011100000000000111111000000000000000
1016,0,TypeA,47300,000000000011111111000000000000011111111110000000000000000000111111111000000000000000000000000000000001111111110000000000000000111111110000000000000000000000000000000000
1017,1,TypeA,47300,000000000011111111000000000000011111111110000000000000000000111111111000000000000000000000000000000001111111110000000000000000111111110000000000000000000000000000000000
1018,2,TypeB,37000,000011111111000000000000000000000000011111110000000000011111100000000000001111111100000000000000000000000000011111111000000000000000000000000000000000000000000000000000
1019,3,TypeB,37000,000011111111000000000000000000000000011111110000000000011111100000000000001111111100000000000000000000000000011111111000000000000000000000000000000000000000000000000000
1020,4,TypeB,37000,000011111111000000000000000000000000011111110000000000011111100000000000001111111100000000000000000000000000011111111000000000000000000000000000000000000000000000000000
1021,5,TypeB,37000,000011111111000000000000000000000000011111110000000000011111100000000000001111111100000000000000000000000000011111111000000000000000000000000000000000000000000000000000
1022,6,TypeC,18300,000011100000000001111000000000000000000000000000000000000000000000000000000001111100000000000000000001110000000000000000000000111000000000000000000000000000000000000000
1023,7,TypeC,18300,000011100000000001111000000000000000000000000000000000000000000000000000000001111100000000000000000001110000000000000000000000111000000000000000000000000000000000000000
1024,8,TypeC,18300,000011100000000001111000000000000000000000000000000000000000000000000000000001111100000000000000000001110000000000000000000000111000000000000000000000000000000000000000
1025,9,TypeC,18300,000011100000000001111000000000000000000000000000000000000000000000000000000001111100000000000000000001110000000000000000000000111000000000000000000000000000000000000000
1026,0,TypeA,47100,111111111000000000000000000000000000000000000000000001111111110000000000000000000000111111110000000000000000000000000000000000011111111000000000000000001111111100000000
1027,1,TypeA,47100,111111111000000000000000000000000000000000000000000001111111110000000000000000000000111111110000000000000000000000000000000000011111111000000000000000001111111100000000
1028,2,TypeB,32800,000000000000000000000000000000000000000000000000011111110000000000000000000000000000111111110000000001111110000000001111100000000000011111000000000000000000000000000000
1029,3,TypeB,32800,000000000000000000000000000000000000000000000000011111110000000000000000000000000000111111110000000001111110000000001111100000000000011111000000000000000000000000000000
1030,4,TypeB,32800,000000000000000000000000000000000000000000000000011111110000000000000000000000000000111111110000000001111110000000001111100000000000011111000000000000000000000000000000
1031,5,TypeB,32800,000000000000000000000000000000000000000000000000011111110000000000000000000000000000111111110000000001111110000000001111100000000000011111000000000000000000000000000000
1032,6,TypeC,23500,111000000000000000000000000000000000000000000000011111000000000000000000000000000000000011110000000000000000000000001111100000000000011111000000000000000000000000000000
1033,7,TypeC,23500,111000000000000000000000000000000000000000000000011111000000000000000000000000000000000011110000000000000000000000001111100000000000011111000000000000000000000000000000
1034,8,TypeC,23500,111000000000000000000000000000000000000000000000011111000000000000000000000000000000000011110000000000000000000000001111100000000000011111000000000000000000000000000000
1035,9,TypeC,23500,111000000000000000000000000000000000000000000000011111000000000000000000000000000000000011110000000000000000000000001111100000000000011111000000000000000000000000000000
1036,0,TypeA,48800,000000001111111111000000000000000000000000000000000000000111111111000000000000000000000000000000000000011111111110000000000000000000011111111000000000001111111111000000
1037,1,TypeA,48800,000000001111111111000000000000000000000000000000000000000111111111000000000000000000000000000000000000011111111110000000000000000000011111111000000000001111111111000000
1038,2,TypeB,41400,000000000000000000000000000000000111111110000000000000000000000011111111000000000000011111110000000000000000011111111000000000000000011111111000000000000000000000000000
1039,3,TypeB,41400,000000000000000000000000000000000111111110000000000000000000000011111111000000000000011111110000000000000000011111111000000000000000011111111000000000000000000000000000
1040,4,TypeB,41400,000000000000000000000000000000000111111110000000000000000000000011111111000000000000011111110000000000000000011111111000000000000000011111111000000000000000000000000000
1041,5,TypeB,41400,000000000000000000000000000000000111111110000000000000000000000011111111000000000000011111110000000000000000011111111000000000000000011111111000000000000000000000000000
1042,6,TypeC,23600,000011111000000000000000000000000000000111111000000000000000000000000000000000000000000000111100000000000000000000000000000011110000000000000000000001111000000000000000
1043,7,TypeC,23600,000011111000000000000000000000000000000111111000000000000000000000000000000000000000000000111100000000000000000000000000000011110000000000000000000001111000000000000000
1044,8,TypeC,23600,000011111000000000000000000000000000000111111000000000000000000000000000000000000000000000111100000000000000000000000000000011110000000000000000000001111000000000000000
1045,9,TypeC,23600,000011111000000000000000000000000000000111111000000000000000000000000000000000000000000000111100000000000000000000000000000011110000000000000000000001111000000000000000
1046,0,TypeA,51300,000000000000011111111100000000000000000000000000011111111100000000000000000001111111111000000000000001111111110000000000000000011111111000000000000000000000000000000000
1047,1,TypeA,51300,000000000000011111111100000000000000000000000000011111111100000000000000000001111111111000000000000001111111110000000000000000011111111000000000000000000000000000000000
1048,2,TypeB,32400,000000000000011111000000000000000111111110000000000001111100000000000000000000000000000000000000000000000000011110000000000000011111111000000000000000000000000000000000
1049,3,TypeB,32400,000000000000011111000000000000000111111110000000000001111100000000000000000000000000000000000000000000000000011110000000000000011111111000000000000000000000000000000000
1050,4,TypeB,32400,000000000000011111000000000000000111111110000000000001111100000000000000000000000000000000000000000000000000011110000000000000011111111000000000000000000000000000000000
1051,5,TypeB,32400,000000000000011111000000000000000111111110000000000001111100000000000000000000000000000000000000000000000000011110000000000000011111111000000000000000000000000000000000
1052,6,TypeC,22500,000001111000000000000000000000000000000000000000000001111100000000000000000000000000000000000000000000000000011110000000000000111000000000000011111000000000000000000000
1053,7,TypeC,22500,000001111000000000000000000000000000000000000000000001111100000000000000000000000000000000000000000000000000011110000000000000111000000000000011111000000000000000000000
1054,8,TypeC,22500,000001111000000000000000000000000000000000000000000001111100000000000000000000000000000000000000000000000000011110000000000000111000000000000011111000000000000000000000
1055,9,TypeC,22500,000001111000000000000000000000000000000000000000000001111100000000000000000000000000000000000000000000000000011110000000000000111000000000000011111000000000000000000000
1056,0,TypeA,49600,000000001111111111000000000001111111110000000000000000000000000000000000000001111111111000000000000000000000000000000000000000111111111000000000000000000001111111100000
1057,1,TypeA,49600,000000001111111111000000000001111111110000000000000000000000000000000000000001111111111000000000000000000000000000000000000000111111111000000000000000000001111111100000
1058,2,TypeB,32000,000011111000000000000000000000000000011111111000000000000111110000000000000000000000011111100000000000000000011111111000000000000000000000000000000000000000000000000000
1059,3,TypeB,32000,000011111000000000000000000000000000011111111000000000000111110000000000000000000000011111100000000000000000011111111000000000000000000000000000000000000000000000000000
1060,4,TypeB,32000,000011111000000000000000000000000000011111111000000000000111110000000000000000000000011111100000000000000000011111111000000000000000000000000000000000000000000000000000
1061,5,TypeB,32000,000011111000000000000000000000000000011111111000000000000111110000000000000000000000011111100000000000000000011111111000000000000000000000000000000000000000000000000000
1062,6,TypeC,21900,000011111000000000000000000000000000000000001111110000000000000000000000000000000000000000000000000111000000000000000000000000000000011100000000000000000000000001111000
1063,7,TypeC,21900,000011111000000000000000000000000000000000001111110000000000000000000000000000000000000000000000000111000000000000000000000000000000011100000000000000000000000001111000
1064,8,TypeC,21900,000011111000000000000000000000000000000000001111110000000000000000000000000000000000000000000000000111000000000000000000000000000000011100000000000000000000000001111000
1065,9,TypeC,21900,000011111000000000000000000000000000000000001111110000000000000000000000000000000000000000000000000111000000000000000000000000000000011100000000000000000000000001111000
1066,0,TypeA,47800,000000000000000000000000000000000111111110000000000000011111111110000000000000000111111111100000000000000000000000000000000000011111111000000000000000000001111111111000
1067,1,TypeA,47800,000000000000000000000000000000000111111110000000000000011111111110000000000000000111111111100000000000000000000000000000000000011111111000000000000000000001111111111000
1068,2,TypeB,38400,111111100000000000000000000000000111111110000000000000000000111110000000000000000001111111100000000000000000000000000000000000000000000000001111111100000000000000000000
1069,3,TypeB,38400,111111100000000000000000000000000111111110000000000000000000111110000000000000000001111111100000000000000000000000000000000000000000000000001111111100000000000000000000
1070,4,TypeB,38400,111111100000000000000000000000000111111110000000000000000000111110000000000000000001111111100000000000000000000000000000000000000000000000001111111100000000000000000000
1071,5,TypeB,38400,111111100000000000000000000000000111111110000000000000000000111110000000000000000001111111100000000000000000000000000000000000000000000000001111111100000000000000000000
1072,6,TypeC,20800,000011100000000000000000000000000000000000000000000000000000111110000000000000000000000011100000000000000000000000000000000000000000000000000000111100000000000001111000
1073,7,TypeC,20800,000011100000000000000000000000000000000000000000000000000000111110000000000000000000000011100000000000000000000000000000000000000000000000000000111100000000000001111000
1074,8,TypeC,20800,000011100000000000000000000000000000000000000000000000000000111110000000000000000000000011100000000000000000000000000000000000000000000000000000111100000000000001111000
1075,9,TypeC,20800,000011100000000000000000000000000000000000000000000000000000111110000000000000000000000011100000000000000000000000000000000000000000000000000000111100000000000001111000
1076,0,TypeA,52900,000000000000000000000000000000011111111110000000000000000000000000000000000001111111111000000000000000011111111110000000000000000000011111111100000000000001111111111000
1077,1,TypeA,52900,000000000000000000000000000000011111111110000000000000000000000000000000000001111111111000000000000000011111111110000000000000000000011111111100000000000001111111111000
1078,2,TypeB,36100,000000000000000000000000000000011111110000000000000000000000111111110000000001111100000000000000000000011111110000000000000000000000000000001111111000000000000000000000
1079,3,TypeB,36100,000000000000000000000000000000011111110000000000000000000000111111110000000001111100000000000000000000011111110000000000000000000000000000001111111000000000000000000000
1080,4,TypeB,36100,000000000000000000000000000000011111110000000000000000000000111111110000000001111100000000000000000000011111110000000000000000000000000000001111111000000000000000000000
1081,5,TypeB,36100,000000000000000000000000000000011111110000000000000000000000111111110000000001111100000000000000000000011111110000000000000000000000000000001111111000000000000000000000
1082,6,TypeC,25200,000000000000000000000000000000011110000000000000000000000000000000000000000001111100000000000000000001111100000000000000000000000000000000000111111000000000000001111000
1083,7,TypeC,25200,000000000000000000000000000000011110000000000000000000000000000000000000000001111100000000000000000001111100000000000000000000000000000000000111111000000000000001111000
1084,8,TypeC,25200,000000000000000000000000000000011110000000000000000000000000000000000000000001111100000000000000000001111100000000000000000000000000000000000111111000000000000001111000
1085,9,TypeC,25200,000000000000000000000000000000011110000000000000000000000000000000000000000001111100000000000000000001111100000000000000000000000000000000000111111000000000000001111000
1086,0,TypeA,48300,000011111111110000000000000000000111111110000000000000000000000000000000000000000000000000000000000000000011111111100000000000011111111000000000000001111111111000000000
1087,1,TypeA,48300,000011111111110000000000000000000111111110000000000000000000000000000000000000000000000000000000000000000011111111100000000000011111111000000000000001111111111000000000
1088,2,TypeB,37000,000000111111110000000000000000000000000000000000000001111111100000000000000000000000000000000000000111111110000000000000000000000000011111000000000000000000011111000000
1089,3,TypeB,37000,000000111111110000000000000000000000000000000000000001111111100000000000000000000000000000000000000111111110000000000000000000000000011111000000000000000000011111000000
1090,4,TypeB,37000,000000111111110000000000000000000000000000000000000001111111100000000000000000000000000000000000000111111110000000000000000000000000011111000000000000000000011111000000
1091,5,TypeB,37000,000000111111110000000000000000000000000000000000000001111111100000000000000000000000000000000000000111111110000000000000000000000000011111000000000000000000011111000000
1092,6,TypeC,24700,000011111100000000000000000000000000000000000000000000000000000000111000000000000000000000000000000111000000000000000000000000000000011111000000000000000000011111000000
1093,7,TypeC,24700,000011111100000000000000000000000000000000000000000000000000000000111000000000000000000000000000000111000000000000000000000000000000011111000000000000000000011111000000
1094,8,TypeC,24700,000011111100000000000000000000000000000000000000000000000000000000111000000000000000000000000000000111000000000000000000000000000000011111000000000000000000011111000000
1095,9,TypeC,24700,000011111100000000000000000000000000000000000000000000000000000000111000000000000000000000000000000111000000000000000000000000000000011111000000000000000000011111000000
1096,0,TypeA,50700,000000000000111111111100000000000000000000000000000001111111110000000000000000001111111110000000000000000111111111100000000000000000000000000000000000001111111111000000
1097,1,TypeA,50700,000000000000111111111100000000000000000000000000000001111111110000000000000000001111111110000000000000000111111111100000000000000000000000000000000000001111111111000000
1098,2,TypeB,30200,000000000000000000000000000000000111110000000000000001111111100000000000000000001111111000000000000000000111110000000000000000000000000000000000000000001111000000000000
1099,3,TypeB,30200,000000000000000000000000000000000111110000000000000001111111100000000000000000001111111000000000000000000111110000000000000000000000000000000000000000001111000000000000
1100,4,TypeB,30200,000000000000000000000000000000000111110000000000000001111111100000000000000000001111111000000000000000000111110000000000000000000000000000000000000000001111000000000000
1101,5,TypeB,30200,000000000000000000000000000000000111110000000000000001111111100000000000000000001111111000000000000000000111110000000000000000000000000000000000000000001111000000000000
1102,6,TypeC,20900,111110000000000001111100000000000000000000000000000001110000000000000000000000000000000000000000000000000000000000000000000000111000000000000000000000001111000000000000
1103,7,TypeC,20900,111110000000000001111100000000000000000000000000000001110000000000000000000000000000000000000000000000000000000000000000000000111000000000000000000000001111000000000000
1104,8,TypeC,20900,111110000000000001111100000000000000000000000000000001110000000000000000000000000000000000000000000000000000000000000000000000111000000000000000000000001111000000000000
1105,9,TypeC,20900,111110000000000001111100000000000000000000000000000001110000000000000000000000000000000000000000000000000000000000000000000000111000000000000000000000001111000000000000
1106,0,TypeA,49300,000000111111111100000000000001111111111000000000000000000011111111000000000000000000000000000000000000001111111110000000000000000000000000000000000000111111111000000000
1107,1,TypeA,49300,000000111111111100000000000001111111111000000000000000000011111111000000000000000000000000000000000000001111111110000000000000000000000000000000000000111111111000000000
1108,2,TypeB,31500,000000000000000111111100000000000111111000000000000000000000000000000000001111111100000000000000000000000000011110000000000000000000011111000000000000000000000000000000
1109,3,TypeB,31500,000000000000000111111100000000000111111000000000000000000000000000000000001111111100000000000000000000000000011110000000000000000000011111000000000000000000000000000000
1110,4,TypeB,31500,000000000000000111111100000000000111111000000000000000000000000000000000001111111100000000000000000000000000011110000000000000000000011111000000000000000000000000000000
1111,5,TypeB,31500,000000000000000111111100000000000111111000000000000000000000000000000000001111111100000000000000000000000000011110000000000000000000011111000000000000000000000000000000
1112,6,TypeC,30200,000000111100000000000000000000000111111000000000000000000000000000000000000001111100000000000000000001111110000000000000000000000000011111000000000000000000000000000000
1113,7,TypeC,30200,000000111100000000000000000000000111111000000000000000000000000000000000000001111100000000000000000001111110000000000000000000000000011111000000000000000000000000000000
1114,8,TypeC,30200,000000111100000000000000000000000111111000000000000000000000000000000000000001111100000000000000000001111110000000000000000000000000011111000000000000000000000000000000
1115,9,TypeC,30200,000000111100000000000000000000000111111000000000000000000000000000000000000001111100000000000000000001111110000000000000000000000000011111000000000000000000000000000000
1116,0,TypeA,54800,000011111111110000000000000001111111110000000000000001111111110000000000000001111111111000000000000000000000000000000000000000000000000000000000111111111000000000000000
1117,1,TypeA,54800,000011111111110000000000000001111111110000000000000001111111110000000000000001111111111000000000000000000000000000000000000000000000000000000000111111111000000000000000
1118,2,TypeB,38000,000000001111111000000000000001111111000000000000000000000000011111111000000000000001111111100000000000000111111110000000000000000000000000000000000000000000000000000000
1119,3,TypeB,38000,000000001111111000000000000001111111000000000000000000000000011111111000000000000001111111100000000000000111111110000000000000000000000000000000000000000000000000000000
1120,4,TypeB,38000,000000001111111000000000000001111111000000000000000000000000011111111000000000000001111111100000000000000111111110000000000000000000000000000000000000000000000000000000
1121,5,TypeB,38000,000000001111111000000000000001111111000000000000000000000000011111111000000000000001111111100000000000000111111110000000000000000000000000000000000000000000000000000000
1122,6,TypeC,26200,000000000000000000000000000001111110000000000000000001111110000000000000001111100000000000000000011111000000000000000000000000000000000000000000111000000000000000000000
1123,7,TypeC,26200,000000000000000000000000000001111110000000000000000001111110000000000000001111100000000000000000011111000000000000000000000000000000000000000000111000000000000000000000
1124,8,TypeC,26200,000000000000000000000000000001111110000000000000000001111110000000000000001111100000000000000000011111000000000000000000000000000000000000000000111000000000000000000000
1125,9,TypeC,26200,000000000000000000000000000001111110000000000000000001111110000000000000001111100000000000000000011111000000000000000000000000000000000000000000111000000000000000000000
1126,0,TypeA,47500,000000000000000000000000000000011111111000000000000000000000000000000000000000000001111111110000000000000011111111100000000000001111111111000000000000001111111111000000
1127,1,TypeA,47500,000000000000000000000000000000011111111000000000000000000000000000000000000000000001111111110000000000000011111111100000000000001111111111000000000000001111111111000000
1128,2,TypeB,27000,111111100000000000000000000000000111111000000000000000000000000001111000000000000000000000111100000000000000011111100000000000000000000000000000000000000000000000000000
1129,3,TypeB,27000,111111100000000000000000000000000111111000000000000000000000000001111000000000000000000000111100000000000000011111100000000000000000000000000000000000000000000000000000
1130,4,TypeB,27000,111111100000000000000000000000000111111000000000000000000000000001111000000000000000000000111100000000000000011111100000000000000000000000000000000000000000000000000000
1131,5,TypeB,27000,111111100000000000000000000000000111111000000000000000000000000001111000000000000000000000111100000000000000011111100000000000000000000000000000000000000000000000000000
1132,6,TypeC,19000,111000000000000000000000000000000000000000000000000000000000000001111000000000000000000000111100000000000000000000000000111110000000000000000000000000111000000000000000
1133,7,TypeC,19000,111000000000000000000000000000000000000000000000000000000000000001111000000000000000000000111100000000000000000000000000111110000000000000000000000000111000000000000000
1134,8,TypeC,19000,111000000000000000000000000000000000000000000000000000000000000001111000000000000000000000111100000000000000000000000000111110000000000000000000000000111000000000000000
1135,9,TypeC,19000,111000000000000000000000000000000000000000000000000000000000000001111000000000000000000000111100000000000000000000000000111110000000000000000000000000111000000000000000
1136,0,TypeA,50500,000001111111110000000000000001111111111000000000000000000000000000000000000000001111111110000000000000000000000000000000000011111111110000000000000000001111111100000000
1137,1,TypeA,50500,000001111111110000000000000001111111111000000000000000000000000000000000000000001111111110000000000000000000000000000000000011111111110000000000000000001111111100000000
1138,2,TypeB,31100,000000000001111100000000000001111100000000000000000000000000000000000000000000111100000000000000000111111110000000000000000000001111111000000000000000000000000000000000
1139,3,TypeB,31100,000000000001111100000000000001111100000000000000000000000000000000000000000000111100000000000000000111111110000000000000000000001111111000000000000000000000000000000000
1140,4,TypeB,31100,000000000001111100000000000001111100000000000000000000000000000000000000000000111100000000000000000111111110000000000000000000001111111000000000000000000000000000000000
1141,5,TypeB,31100,000000000001111100000000000001111100000000000000000000000000000000000000000000111100000000000000000111111110000000000000000000001111111000000000000000000000000000000000
1142,6,TypeC,23600,111111000000000000000000000001111100000000000000000000000000000000000000000000111100000000000000000111000000000000000000000011111000000000000000000000000000000000000000
1143,7,TypeC,23600,111111000000000000000000000001111100000000000000000000000000000000000000000000111100000000000000000111000000000000000000000011111000000000000000000000000000000000000000
1144,8,TypeC,23600,111111000000000000000000000001111100000000000000000000000000000000000000000000111100000000000000000111000000000000000000000011111000000000000000000000000000000000000000
1145,9,TypeC,23600,111111000000000000000000000001111100000000000000000000000000000000000000000000111100000000000000000111000000000000000000000011111000000000000000000000000000000000000000
1146,0,TypeA,52900,000001111111111000000000000000000011111111110000000000000000000000000000000000000000000000000000000000001111111110000000000001111111111000000000000000111111111100000000
1147,1,TypeA,52900,000001111111111000000000000000000011111111110000000000000000000000000000000000000000000000000000000000001111111110000000000001111111111000000000000000111111111100000000
1148,2,TypeB,32200,111111100000000000000000000000000011111110000000000000000000000000000000000000000000011111110000000000001111110000000000000000000000111100000000000000000000000000000000
1149,3,TypeB,32200,111111100000000000000000000000000011111110000000000000000000000000000000000000000000011111110000000000001111110000000000000000000000111100000000000000000000000000000000
1150,4,TypeB,32200,111111100000000000000000000000000011111110000000000000000000000000000000000000000000011111110000000000001111110000000000000000000000111100000000000000000000000000000000
1151,5,TypeB,32200,111111100000000000000000000000000011111110000000000000000000000000000000000000000000011111110000000000001111110000000000000000000000111100000000000000000000000000000000
1152,6,TypeC,29300,000001111110000000000000000000000000000000000000000000000000000000000000000001111100000000000000000000001111110000000000000000000000111000000000000111111000000000000000
1153,7,TypeC,29300,000001111110000000000000000000000000000000000000000000000000000000000000000001111100000000000000000000001111110000000000000000000000111000000000000111111000000000000000
1154,8,TypeC,29300,000001111110000000000000000000000000000000000000000000000000000000000000000001111100000000000000000000001111110000000000000000000000111000000000000111111000000000000000
1155,9,TypeC,29300,000001111110000000000000000000000000000000000000000000000000000000000000000001111100000000000000000000001111110000000000000000000000111000000000000111111000000000000000
1156,0,TypeA,48700,000000000000011111111100000000000111111111000000000000000000000000000000000000000001111111110000000000001111111110000000000000000000000000000000000001111111111000000000
1157,1,TypeA,48700,000000000000011111111100000000000111111111000000000000000000000000000000000000000001111111110000000000001111111110000000000000000000000000000000000001111111111000000000
1158,2,TypeB,35000,000000000000000111111100000000000000011111111000000000011111100000000000000000000001111110000000000111111110000000000000000000000000000000000000000000000000000000000000
1159,3,TypeB,35000,000000000000000111111100000000000000011111111000000000011111100000000000000000000001111110000000000111111110000000000000000000000000000000000000000000000000000000000000
1160,4,TypeB,35000,000000000000000111111100000000000000011111111000000000011111100000000000000000000001111110000000000111111110000000000000000000000000000000000000000000000000000000000000
1161,5,TypeB,35000,000000000000000111111100000000000000011111111000000000011111100000000000000000000001111110000000000111111110000000000000000000000000000000000000000000000000000000000000
1162,6,TypeC,25100,000000000000000001111100000000000000011111000000000000000000000000000000000000000000000011111100000000001110000000000000111100000000000000000000000000000000000000000000
1163,7,TypeC,25100,000000000000000001111100000000000000011111000000000000000000000000000000000000000000000011111100000000001110000000000000111100000000000000000000000000000000000000000000
1164,8,TypeC,25100,000000000000000001111100000000000000011111000000000000000000000000000000000000000000000011111100000000001110000000000000111100000000000000000000000000000000000000000000
1165,9,TypeC,25100,000000000000000001111100000000000000011111000000000000000000000000000000000000000000000011111100000000001110000000000000111100000000000000000000000000000000000000000000
1166,0,TypeA,49000,000000000000111111111100000000000111111110000000000000000000111111111000000000000000000000000000000000000000000000000000000001111111110000000000000000001111111111000000
1167,1,TypeA,49000,000000000000111111111100000000000111111110000000000000000000111111111000000000000000000000000000000000000000000000000000000001111111110000000000000000001111111111000000
1168,2,TypeB,29000,000000000000111100000000000000000111111110000000000000000000111100000000000001111111000000000000000001111110000000000000000000000000000000000000000000000000000000000000
1169,3,TypeB,29000,000000000000111100000000000000000111111110000000000000000000111100000000000001111111000000000000000001111110000000000000000000000000000000000000000000000000000000000000
1170,4,TypeB,29000,000000000000111100000000000000000111111110000000000000000000111100000000000001111111000000000000000001111110000000000000000000000000000000000000000000000000000000000000
1171,5,TypeB,29000,000000000000111100000000000000000111111110000000000000000000111100000000000001111111000000000000000001111110000000000000000000000000000000000000000000000000000000000000
1172,6,TypeC,24800,000000000000111100000000000000000000000000000000000000000000000000000000001111100000000000000000000001111110000000000000000001111000000000000000000000000000000001111000
1173,7,TypeC,24800,000000000000111100000000000000000000000000000000000000000000000000000000001111100000000000000000000001111110000000000000000001111000000000000000000000000000000001111000
1174,8,TypeC,24800,000000000000111100000000000000000000000000000000000000000000000000000000001111100000000000000000000001111110000000000000000001111000000000000000000000000000000001111000
1175,9,TypeC,24800,000000000000111100000000000000000000000000000000000000000000000000000000001111100000000000000000000001111110000000000000000001111000000000000000000000000000000001111000
1176,0,TypeA,51700,000001111111110000000000000001111111110000000000000000000000000000000000000000000000000000000000000001111111110000000000000000111111111000000000000001111111111000000000
1177,1,TypeA,51700,000001111111110000000000000001111111110000000000000000000000000000000000000000000000000000000000000001111111110000000000000000111111111000000000000001111111111000000000
1178,2,TypeB,36600,000000000000011111111000000000000000011111110000000000000000000000000000000000000000000000000000000001111110000000000000000000000000011111000000000000001111111000000000
1179,3,TypeB,36600,000000000000011111111000000000000000011111110000000000000000000000000000000000000000000000000000000001111110000000000000000000000000011111000000000000001111111000000000
1180,4,TypeB,36600,000000000000011111111000000000000000011111110000000000000000000000000000000000000000000000000000000001111110000000000000000000000000011111000000000000001111111000000000
1181,5,TypeB,36600,000000000000011111111000000000000000011111110000000000000000000000000000000000000000000000000000000001111110000000000000000000000000011111000000000000001111111000000000
1182,6,TypeC,31200,111111000000000000000000000001111110000000000000000000000000000000000000000000000000000000000000000001111110000000000000000111111000000000001111110000000000000000000000
1183,7,TypeC,31200,111111000000000000000000000001111110000000000000000000000000000000000000000000000000000000000000000001111110000000000000000111111000000000001111110000000000000000000000
1184,8,TypeC,31200,111111000000000000000000000001111110000000000000000000000000000000000000000000000000000000000000000001111110000000000000000111111000000000001111110000000000000000000000
1185,9,TypeC,31200,111111000000000000000000000001111110000000000000000000000000000000000000000000000000000000000000000001111110000000000000000111111000000000001111110000000000000000000000
1186,0,TypeA,47900,000001111111110000000000000000000000011111111000000000000000000000000000000001111111111000000000000000000000000000000000000000000000111111111000000000001111111100000000
1187,1,TypeA,47900,000001111111110000000000000000000000011111111000000000000000000000000000000001111111111000000000000000000000000000000000000000000000111111111000000000001111111100000000
1188,2,TypeB,31800,000000000011110000000000000000000000011111111000000000000000000111111000000000000111111000000000000000000000000000000000000000000000111111000000000000000000000000000000
1189,3,TypeB,31800,000000000011110000000000000000000000011111111000000000000000000111111000000000000111111000000000000000000000000000000000000000000000111111000000000000000000000000000000
1190,4,TypeB,31800,000000000011110000000000000000000000011111111000000000000000000111111000000000000111111000000000000000000000000000000000000000000000111111000000000000000000000000000000
1191,5,TypeB,31800,000000000011110000000000000000000000011111111000000000000000000111111000000000000111111000000000000000000000000000000000000000000000111111000000000000000000000000000000
1192,6,TypeC,22100,000000000001110000000000000000000000000000000000011111000000000000000000000001111100000000000000000000000000000000000000000000000000111000000000000001111000000000000000
1193,7,TypeC,22100,000000000001110000000000000000000000000000000000011111000000000000000000000001111100000000000000000000000000000000000000000000000000111000000000000001111000000000000000
1194,8,TypeC,22100,000000000001110000000000000000000000000000000000011111000000000000000000000001111100000000000000000000000000000000000000000000000000111000000000000001111000000000000000
1195,9,TypeC,22100,000000000001110000000000000000000000000000000000011111000000000000000000000001111100000000000000000000000000000000000000000000000000111000000000000001111000000000000000
1196,0,TypeA,50500,000000001111111111000000000000011111111000000000000000011111111110000000000000000000000000000000000000000000000000000000000000111111110000000000001111111111000000000000
1197,1,TypeA,50500,000000001111111111000000000000011111111000000000000000011111111110000000000000000000000000000000000000000000000000000000000000111111110000000000001111111111000000000000
1198,2,TypeB,31400,000000000000011111000000000000011111111000000000000000011110000000000001111000000000000000000000000000000000000000000000000000111111110000000000000000000000000000000000
1199,3,TypeB,31400,000000000000011111000000000000011111111000000000000000011110000000000001111000000000000000000000000000000000000000000000000000111111110000000000000000000000000000000000
1200,4,TypeB,31400,000000000000011111000000000000011111111000000000000000011110000000000001111000000000000000000000000000000000000000000000000000111111110000000000000000000000000000000000
1201,5,TypeB,31400,000000000000011111000000000000011111111000000000000000011110000000000001111000000000000000000000000000000000000000000000000000111111110000000000000000000000000000000000
1202,6,TypeC,20500,000000000000000000000000000001110000000000000000000000011110000000000001111000000000000001111100000000000000000000000000000000000000111000000000000000000000000000000000
1203,7,TypeC,20500,000000000000000000000000000001110000000000000000000000011110000000000001111000000000000001111100000000000000000000000000000000000000111000000000000000000000000000000000
1204,8,TypeC,20500,000000000000000000000000000001110000000000000000000000011110000000000001111000000000000001111100000000000000000000000000000000000000111000000000000000000000000000000000
1205,9,TypeC,20500,000000000000000000000000000001110000000000000000000000011110000000000001111000000000000001111100000000000000000000000000000000000000111000000000000000000000000000000000
1206,0,TypeA,45000,000000001111111100000000000001111111111000000000000000000000111111110000000000000000000000000000000000000000011111111000000000000000000000000000000000000000011111111000
1207,1,TypeA,45000,000000001111111100000000000001111111111000000000000000000000111111110000000000000000000000000000000000000000011111111000000000000000000000000000000000000000011111111000
1208,2,TypeB,36400,000000001111111100000000000001111100000000000000000000000000000111110000000000000000000000000000000000000000011111111000000000000000000000000000000000000000011111111000
1209,3,TypeB,36400,000000001111111100000000000001111100000000000000000000000000000111110000000000000000000000000000000000000000011111111000000000000000000000000000000000000000011111111000
1210,4,TypeB,36400,000000001111111100000000000001111100000000000000000000000000000111110000000000000000000000000000000000000000011111111000000000000000000000000000000000000000011111111000
1211,5,TypeB,36400,000000001111111100000000000001111100000000000000000000000000000111110000000000000000000000000000000000000000011111111000000000000000000000000000000000000000011111111000
1212,6,TypeC,21300,000000000000000000000000000001111100000000000000000001110000000000000000000011100000000000000000000000000000000000000000000111111000000000000000000000000000000001111000
1213,7,TypeC,21300,000000000000000000000000000001111100000000000000000001110000000000000000000011100000000000000000000000000000000000000000000111111000000000000000000000000000000001111000
1214,8,TypeC,21300,000000000000000000000000000001111100000000000000000001110000000000000000000011100000000000000000000000000000000000000000000111111000000000000000000000000000000001111000
1215,9,TypeC,21300,000000000000000000000000000001111100000000000000000001110000000000000000000011100000000000000000000000000000000000000000000111111000000000000000000000000000000001111000
1216,0,TypeA,47400,000000000000011111111100000000000000000000000000000000000000000000000000000000000111111111100000000000000000011111111000000000000000011111111000000000001111111111000000
1217,1,TypeA,47400,000000000000011111111100000000000000000000000000000000000000000000000000000000000111111111100000000000000000011111111000000000000000011111111000000000001111111111000000
1218,2,TypeB,29300,000000000001111000000000000000011111111000000000000000000000000000000000000000000111110000000000000111111100000000001111100000000000000000000000000000000000000000000000
1219,3,TypeB,29300,000000000001111000000000000000011111111000000000000000000000000000000000000000000111110000000000000111111100000000001111100000000000000000000000000000000000000000000000
1220,4,TypeB,29300,000000000001111000000000000000011111111000000000000000000000000000000000000000000111110000000000000111111100000000001111100000000000000000000000000000000000000000000000
1221,5,TypeB,29300,000000000001111000000000000000011111111000000000000000000000000000000000000000000111110000000000000111111100000000001111100000000000000000000000000000000000000000000000
1222,6,TypeC,23600,000000000001111000000000000000000000000000000000000000000000000000000000000000000111110000000000000111000000000000001111100000000001110000000000000000000000000000000000
1223,7,TypeC,23600,000000000001111000000000000000000000000000000000000000000000000000000000000000000111110000000000000111000000000000001111100000000001110000000000000000000000000000000000
1224,8,TypeC,23600,000000000001111000000000000000000000000000000000000000000000000000000000000000000111110000000000000111000000000000001111100000000001110000000000000000000000000000000000
1225,9,TypeC,23600,000000000001111000000000000000000000000000000000000000000000000000000000000000000111110000000000000111000000000000001111100000000001110000000000000000000000000000000000
1226,0,TypeA,43700,000000001111111100000000000000000000000000000000000000000000000000000000000000000111111110000000000001111111110000000000000000111111110000000000000000001111111100000000
1227,1,TypeA,43700,000000001111111100000000000000000000000000000000000000000000000000000000000000000111111110000000000001111111110000000000000000111111110000000000000000001111111100000000
1228,2,TypeB,37000,000000001111111100000000000000011111110000000000000000000000011111111000000000000111111110000000000000001111110000000000000000000000000000000000000000000000000000000000
1229,3,TypeB,37000,000000001111111100000000000000011111110000000000000000000000011111111000000000000111111110000000000000001111110000000000000000000000000000000000000000000000000000000000
1230,4,TypeB,37000,000000001111111100000000000000011111110000000000000000000000011111111000000000000111111110000000000000001111110000000000000000000000000000000000000000000000000000000000
1231,5,TypeB,37000,000000001111111100000000000000011111110000000000000000000000011111111000000000000111111110000000000000001111110000000000000000000000000000000000000000000000000000000000
1232,6,TypeC,22100,000001111000000000000000000000000000000000000000000011111100000000000000000000000000000000011100000000000000000000000000000000000000111000000000000000001111000000000000
1233,7,TypeC,22100,000001111000000000000000000000000000000000000000000011111100000000000000000000000000000000011100000000000000000000000000000000000000111000000000000000001111000000000000
1234,8,TypeC,22100,000001111000000000000000000000000000000000000000000011111100000000000000000000000000000000011100000000000000000000000000000000000000111000000000000000001111000000000000
1235,9,TypeC,22100,000001111000000000000000000000000000000000000000000011111100000000000000000000000000000000011100000000000000000000000000000000000000111000000000000000001111000000000000
1236,0,TypeA,49600,000000000000000000000000000000000000000000000000000000000111111110000000000001111111111000000000000001111111110000000000000000111111111000000000000000001111111111000000
1237,1,TypeA,49600,000000000000000000000000000000000000000000000000000000000111111110000000000001111111111000000000000001111111110000000000000000111111111000000000000000001111111111000000
1238,2,TypeB,32200,111111100000000000000000000000000000011111110000000000000000000000011111000000000000000000000000000111111110000000000000111100000000000000000000000000000000000000000000
1239,3,TypeB,32200,111111100000000000000000000000000000011111110000000000000000000000011111000000000000000000000000000111111110000000000000111100000000000000000000000000000000000000000000
1240,4,TypeB,32200,111111100000000000000000000000000000011111110000000000000000000000011111000000000000000000000000000111111110000000000000111100000000000000000000000000000000000000000000
1241,5,TypeB,32200,111111100000000000000000000000000000011111110000000000000000000000011111000000000000000000000000000111111110000000000000111100000000000000000000000000000000000000000000
1242,6,TypeC,19000,111000000000000000000000000000000000000000000000000000000000000000011111000000000000000000000000000111000000000000000000111100000000000000000000000001111000000000000000
1243,7,TypeC,19000,111000000000000000000000000000000000000000000000000000000000000000011111000000000000000000000000000111000000000000000000111100000000000000000000000001111000000000000000
1244,8,TypeC,19000,111000000000000000000000000000000000000000000000000000000000000000011111000000000000000000000000000111000000000000000000111100000000000000000000000001111000000000000000
1245,9,TypeC,19000,111000000000000000000000000000000000000000000000000000000000000000011111000000000000000000000000000111000000000000000000111100000000000000000000000001111000000000000000
1246,0,TypeA,47400,000000000000000000000000000000000111111110000000000000000111111111100000000000000000000000000000000000001111111111000000000000111111110000000000000001111111110000000000
1247,1,TypeA,47400,000000000000000000000000000000000111111110000000000000000111111111100000000000000000000000000000000000001111111111000000000000111111110000000000000001111111110000000000
1248,2,TypeB,31800,000000000000000000000000000000000111110000000000000000000000000111100000000000000001111111000000000111111110000000000000000000000000000000000000000000001111110000000000
1249,3,TypeB,31800,000000000000000000000000000000000111110000000000000000000000000111100000000000000001111111000000000111111110000000000000000000000000000000000000000000001111110000000000
1250,4,TypeB,31800,000000000000000000000000000000000111110000000000000000000000000111100000000000000001111111000000000111111110000000000000000000000000000000000000000000001111110000000000
1251,5,TypeB,31800,000000000000000000000000000000000111110000000000000000000000000111100000000000000001111111000000000111111110000000000000000000000000000000000000000000001111110000000000
1252,6,TypeC,25100,000000000000000000000000000000000111110000000000000000000000000111100000000000000000000000000000000111000000000000000000111110000000000000000000111111000000000000000000
1253,7,TypeC,25100,000000000000000000000000000000000111110000000000000000000000000111100000000000000000000000000000000111000000000000000000111110000000000000000000111111000000000000000000
1254,8,TypeC,25100,000000000000000000000000000000000111110000000000000000000000000111100000000000000000000000000000000111000000000000000000111110000000000000000000111111000000000000000000
1255,9,TypeC,25100,000000000000000000000000000000000111110000000000000000000000000111100000000000000000000000000000000111000000000000000000111110000000000000000000111111000000000000000000
1256,0,TypeA,50600,000000000000000000000000000000000000111111111000000000000000111111111000000000000000000000000000000000001111111110000000000011111111110000000000000000000001111111111000
1257,1,TypeA,50600,000000000000000000000000000000000000111111111000000000000000111111111000000000000000000000000000000000001111111110000000000011111111110000000000000000000001111111111000
1258,2,TypeB,37900,000000000000000000000000000000000111111000000000000000000000000000000000000000000001111111000000000111111110000000000000000000001111110000000000000000001111111000000000
1259,3,TypeB,37900,000000000000000000000000000000000111111000000000000000000000000000000000000000000001111111000000000111111110000000000000000000001111110000000000000000001111111000000000
1260,4,TypeB,37900,000000000000000000000000000000000111111000000000000000000000000000000000000000000001111111000000000111111110000000000000000000001111110000000000000000001111111000000000
1261,5,TypeB,37900,000000000000000000000000000000000111111000000000000000000000000000000000000000000001111111000000000111111110000000000000000000001111110000000000000000001111111000000000
1262,6,TypeC,23400,000000000000000000000000000000000000111000000000000000000000000000111000000000000000000000000000011111000000000000000000000000001111110000000000111100000000000000000000
1263,7,TypeC,23400,000000000000000000000000000000000000111000000000000000000000000000111000000000000000000000000000011111000000000000000000000000001111110000000000111100000000000000000000
1264,8,TypeC,23400,000000000000000000000000000000000000111000000000000000000000000000111000000000000000000000000000011111000000000000000000000000001111110000000000111100000000000000000000
1265,9,TypeC,23400,000000000000000000000000000000000000111000000000000000000000000000111000000000000000000000000000011111000000000000000000000000001111110000000000111100000000000000000000
1266,0,TypeA,45800,000000001111111111000000000000000111111111000000000000000000000000000000000000000000000000000000000000001111111110000000000000111111110000000000000000001111111100000000
1267,1,TypeA,45800,000000001111111111000000000000000111111111000000000000000000000000000000000000000000000000000000000000001111111110000000000000111111110000000000000000001111111100000000
1268,2,TypeB,30500,000000000001111111000000000000000111111100000000000000000000000000000000000000000001111000000000000000001111110000000000000000000000011111000000000000000000000000000000
1269,3,TypeB,30500,000000000001111111000000000000000111111100000000000000000000000000000000000000000001111000000000000000001111110000000000000000000000011111000000000000000000000000000000
1270,4,TypeB,30500,000000000001111111000000000000000111111100000000000000000000000000000000000000000001111000000000000000001111110000000000000000000000011111000000000000000000000000000000
1271,5,TypeB,30500,000000000001111111000000000000000111111100000000000000000000000000000000000000000001111000000000000000001111110000000000000000000000011111000000000000000000000000000000
1272,6,TypeC,23800,000000000000000000000000000001111110000000000000000000000000000000000000000000000000000000000000000000001110000000000000000000111000000000000000111100000000000111111000
1273,7,TypeC,23800,000000000000000000000000000001111110000000000000000000000000000000000000000000000000000000000000000000001110000000000000000000111000000000000000111100000000000111111000
1274,8,TypeC,23800,000000000000000000000000000001111110000000000000000000000000000000000000000000000000000000000000000000001110000000000000000000111000000000000000111100000000000111111000
1275,9,TypeC,23800,000000000000000000000000000001111110000000000000000000000000000000000000000000000000000000000000000000001110000000000000000000111000000000000000111100000000000111111000
1276,0,TypeA,47900,000000111111111000000000000000000000011111111000000000000000111111111000000000000000000000000000000000000000000000000000000000000000011111111110000000000000011111111000
1277,1,TypeA,47900,000000111111111000000000000000000000011111111000000000000000111111111000000000000000000000000000000000000000000000000000000000000000011111111110000000000000011111111000
1278,2,TypeB,38100,111111100000000000000000000000000000011111111000000000011111110000000000000000001111111000000000000000000000000000000000000000000000000000000000001111111000000000000000
1279,3,TypeB,38100,111111100000000000000000000000000000011111111000000000011111110000000000000000001111111000000000000000000000000000000000000000000000000000000000001111111000000000000000
1280,4,TypeB,38100,111111100000000000000000000000000000011111111000000000011111110000000000000000001111111000000000000000000000000000000000000000000000000000000000001111111000000000000000
1281,5,TypeB,38100,111111100000000000000000000000000000011111111000000000011111110000000000000000001111111000000000000000000000000000000000000000000000000000000000001111111000000000000000
1282,6,TypeC,20200,111000000000000000000000000000000000000000000000000000000000000000000000000000000000000000000000000000000000000011111000000000000000011100000000001111000000000001111000
1283,7,TypeC,20200,111000000000000000000000000000000000000000000000000000000000000000000000000000000000000000000000000000000000000011111000000000000000011100000000001111000000000001111000
1284,8,TypeC,20200,111000000000000000000000000000000000000000000000000000000000000000000000000000000000000000000000000000000000000011111000000000000000011100000000001111000000000001111000
1285,9,TypeC,20200,111000000000000000000000000000000000000000000000000000000000000000000000000000000000000000000000000000000000000011111000000000000000011100000000001111000000000001111000
1286,0,TypeA,50300,000000001111111111000000000000011111111000000000000000000000000000000000000000000001111111110000000000000000000000000000000011111111110000000000000000000001111111111000
1287,1,TypeA,50300,000000001111111111000000000000011111111000000000000000000000000000000000000000000001111111110000000000000000000000000000000011111111110000000000000000000001111111111000
1288,2,TypeB,31000,000000001111111000000000000000011111110000000000000000000000111111110000000000000001111000000000000000000000011111000000000000000000000000000000000000000000000000000000
1289,3,TypeB,31000,000000001111111000000000000000011111110000000000000000000000111111110000000000000001111000000000000000000000011111000000000000000000000000000000000000000000000000000000
1290,4,TypeB,31000,000000001111111000000000000000011111110000000000000000000000111111110000000000000001111000000000000000000000011111000000000000000000000000000000000000000000000000000000
1291,5,TypeB,31000,000000001111111000000000000000011111110000000000000000000000111111110000000000000001111000000000000000000000011111000000000000000000000000000000000000000000000000000000
1292,6,TypeC,23000,000000000000000001111100000000000000000000000000000000000000000000000000000000000001110000000000000000000000011111000000000000000000111000000000000001111000000000000000
1293,7,TypeC,23000,000000000000000001111100000000000000000000000000000000000000000000000000000000000001110000000000000000000000011111000000000000000000111000000000000001111000000000000000
1294,8,TypeC,23000,000000000000000001111100000000000000000000000000000000000000000000000000000000000001110000000000000000000000011111000000000000000000111000000000000001111000000000000000
1295,9,TypeC,23000,000000000000000001111100000000000000000000000000000000000000000000000000000000000001110000000000000000000000011111000000000000000000111000000000000001111000000000000000
1296,0,TypeA,47200,000000000000000000000000000000000011111111110000000000000111111111100000000000000000000000000000000000000111111111100000000000000000011111111000000000001111111100000000
1297,1,TypeA,47200,000000000000000000000000000000000011111111110000000000000111111111100000000000000000000000000000000000000111111111100000000000000000011111111000000000001111111100000000
1298,2,TypeB,34800,000000000000000000000000000000000000111111110000000000000000000111110000000000000001111111100000000000000000011111100000000000000000000000000000000001111110000000000000
1299,3,TypeB,34800,000000000000000000000000000000000000111111110000000000000000000111110000000000000001111111100000000000000000011111100000000000000000000000000000000001111110000000000000
1300,4,TypeB,34800,000000000000000000000000000000000000111111110000000000000000000111110000000000000001111111100000000000000000011111100000000000000000000000000000000001111110000000000000
1301,5,TypeB,34800,000000000000000000000000000000000000111111110000000000000000000111110000000000000001111111100000000000000000011111100000000000000000000000000000000001111110000000000000
1302,6,TypeC,24700,000000000000000000000000000000000000111000000000011111000000000000000000000000000000000000000000000000000000000000000000111000000000011111000000000001111110000000000000
1303,7,TypeC,24700,000000000000000000000000000000000000111000000000011111000000000000000000000000000000000000000000000000000000000000000000111000000000011111000000000001111110000000000000
1304,8,TypeC,24700,000000000000000000000000000000000000111000000000011111000000000000000000000000000000000000000000000000000000000000000000111000000000011111000000000001111110000000000000
1305,9,TypeC,24700,000000000000000000000000000000000000111000000000011111000000000000000000000000000000000000000000000000000000000000000000111000000000011111000000000001111110000000000000
1306,0,TypeA,49700,000011111111110000000000000000000000000000000000011111111100000000000000000000000000011111111100000000000000000000000000000000000000011111111000000000001111111100000000
1307,1,TypeA,49700,000011111111110000000000000000000000000000000000011111111100000000000000000000000000011111111100000000000000000000000000000000000000011111111000000000001111111100000000
1308,2,TypeB,35500,000000111111110000000000000000000000000000011111110000000000000111111000000000000000001111111100000000000000000000000000000000000000011111000000000000000000000000000000
1309,3,TypeB,35500,000000111111110000000000000000000000000000011111110000000000000111111000000000000000001111111100000000000000000000000000000000000000011111000000000000000000000000000000
1310,4,TypeB,35500,000000111111110000000000000000000000000000011111110000000000000111111000000000000000001111111100000000000000000000000000000000000000011111000000000000000000000000000000
1311,5,TypeB,35500,000000111111110000000000000000000000000000011111110000000000000111111000000000000000001111111100000000000000000000000000000000000000011111000000000000000000000000000000
1312,6,TypeC,25500,000000000000000000000000000000000000000000000000011100000000000000011111100000000000000011111100000000000000000000000000000000000000011111000000000001111000000000000000
1313,7,TypeC,25500,000000000000000000000000000000000000000000000000011100000000000000011111100000000000000011111100000000000000000000000000000000000000011111000000000001111000000000000000
1314,8,TypeC,25500,000000000000000000000000000000000000000000000000011100000000000000011111100000000000000011111100000000000000000000000000000000000000011111000000000001111000000000000000
1315,9,TypeC,25500,000000000000000000000000000000000000000000000000011100000000000000011111100000000000000011111100000000000000000000000000000000000000011111000000000001111000000000000000
1316,0,TypeA,49500,000000000000000000000000000001111111110000000000000000000000000000000000000000111111111000000000000001111111110000000000000000000000011111111000000000000001111111111000
1317,1,TypeA,49500,000000000000000000000000000001111111110000000000000000000000000000000000000000111111111000000000000001111111110000000000000000000000011111111000000000000001111111111000
1318,2,TypeB,36100,000011111111000000000000000000000000011111111000000000000000000000000000000000000000011111100000000001111100000000000000000000000000000000000000000000001111111000000000
1319,3,TypeB,36100,000011111111000000000000000000000000011111111000000000000000000000000000000000000000011111100000000001111100000000000000000000000000000000000000000000001111111000000000
1320,4,TypeB,36100,000011111111000000000000000000000000011111111000000000000000000000000000000000000000011111100000000001111100000000000000000000000000000000000000000000001111111000000000
1321,5,TypeB,36100,000011111111000000000000000000000000011111111000000000000000000000000000000000000000011111100000000001111100000000000000000000000000000000000000000000001111111000000000
1322,6,TypeC,19200,000000000000000000000000000000000000000000000000000000000000000000000000000000000000000000000000000001111100000000000011100000000001110000000000011100000000000001111000
1323,7,TypeC,19200,000000000000000000000000000000000000000000000000000000000000000000000000000000000000000000000000000001111100000000000011100000000001110000000000011100000000000001111000
1324,8,TypeC,19200,000000000000000000000000000000000000000000000000000000000000000000000000000000000000000000000000000001111100000000000011100000000001110000000000011100000000000001111000
1325,9,TypeC,19200,000000000000000000000000000000000000000000000000000000000000000000000000000000000000000000000000000001111100000000000011100000000001110000000000011100000000000001111000
1326,0,TypeA,47700,000000000111111111000000000001111111110000000000000000000000000000000000000000000000000000000000000000000011111111100000000000111111110000000000000000000001111111111000
1327,1,TypeA,47700,000000000111111111000000000001111111110000000000000000000000000000000000000000000000000000000000000000000011111111100000000000111111110000000000000000000001111111111000
1328,2,TypeB,36400,000001111111000000000000000000001111110000000000000001111100000000000000000000000000000000000000000111111110000000000000000000111111110000000000000000000000000000000000
1329,3,TypeB,36400,000001111111000000000000000000001111110000000000000001111100000000000000000000000000000000000000000111111110000000000000000000111111110000000000000000000000000000000000
1330,4,TypeB,36400,000001111111000000000000000000001111110000000000000001111100000000000000000000000000000000000000000111111110000000000000000000111111110000000000000000000000000000000000
1331,5,TypeB,36400,000001111111000000000000000000001111110000000000000001111100000000000000000000000000000000000000000111111110000000000000000000111111110000000000000000000000000000000000
1332,6,TypeC,24500,000000000000000000000000000000000000000000000000000001111100000000000000000000000000000000000000000000000011110000000000000011111000000000001111100000000000000001111000
1333,7,TypeC,24500,000000000000000000000000000000000000000000000000000001111100000000000000000000000000000000000000000000000011110000000000000011111000000000001111100000000000000001111000
1334,8,TypeC,24500,000000000000000000000000000000000000000000000000000001111100000000000000000000000000000000000000000000000011110000000000000011111000000000001111100000000000000001111000
1335,9,TypeC,24500,000000000000000000000000000000000000000000000000000001111100000000000000000000000000000000000000000000000011110000000000000011111000000000001111100000000000000001111000
1336,0,TypeA,46200,000000000000000000000000000000000111111110000000000000000111111111100000000000111111111000000000000000000111111111100000000000000000000000000000000000001111111100000000
1337,1,TypeA,46200,000000000000000000000000000000000111111110000000000000000111111111100000000000111111111000000000000000000111111111100000000000000000000000000000000000001111111100000000
1338,2,TypeB,34000,000000000000000001111100000000000111111110000000000000000000000001111111100000000000011111000000000111111110000000000000000000000000000000000000000000000000000000000000
1339,3,TypeB,34000,000000000000000001111100000000000111111110000000000000000000000001111111100000000000011111000000000111111110000000000000000000000000000000000000000000000000000000000000
1340,4,TypeB,34000,000000000000000001111100000000000111111110000000000000000000000001111111100000000000011111000000000111111110000000000000000000000000000000000000000000000000000000000000
1341,5,TypeB,34000,000000000000000001111100000000000111111110000000000000000000000001111111100000000000011111000000000111111110000000000000000000000000000000000000000000000000000000000000
1342,6,TypeC,26800,000001111110000000000000000001111100000000000000011111000000000000000000000000000000000000000000000000000000000000000000000000000000000000001111110000000000011100000000
1343,7,TypeC,26800,000001111110000000000000000001111100000000000000011111000000000000000000000000000000000000000000000000000000000000000000000000000000000000001111110000000000011100000000
1344,8,TypeC,26800,000001111110000000000000000001111100000000000000011111000000000000000000000000000000000000000000000000000000000000000000000000000000000000001111110000000000011100000000
1345,9,TypeC,26800,000001111110000000000000000001111100000000000000011111000000000000000000000000000000000000000000000000000000000000000000000000000000000000001111110000000000011100000000
1346,0,TypeA,50000,000000001111111111000000000001111111111000000000000000000000111111111000000000000000000000000000000000000000000000000000000000000000011111111000000000001111111111000000
1347,1,TypeA,50000,000000001111111111000000000001111111111000000000000000000000111111111000000000000000000000000000000000000000000000000000000000000000011111111000000000001111111111000000
1348,2,TypeB,32000,000000000000011111000000000000000111111000000000011111110000000000000001111111100000000000000000000001111110000000000000000000000000000000000000000000000000000000000000
1349,3,TypeB,32000,000000000000011111000000000000000111111000000000011111110000000000000001111111100000000000000000000001111110000000000000000000000000000000000000000000000000000000000000
1350,4,TypeB,32000,000000000000011111000000000000000111111000000000011111110000000000000001111111100000000000000000000001111110000000000000000000000000000000000000000000000000000000000000
1351,5,TypeB,32000,000000000000011111000000000000000111111000000000011111110000000000000001111111100000000000000000000001111110000000000000000000000000000000000000000000000000000000000000
1352,6,TypeC,27200,000001111000000000000000000000000000000000000000000000000000000111111000000000000000000000000000000001111110000000000000000000000000000000001111110000000000000001111000
1353,7,TypeC,27200,000001111000000000000000000000000000000000000000000000000000000111111000000000000000000000000000000001111110000000000000000000000000000000001111110000000000000001111000
1354,8,TypeC,27200,000001111000000000000000000000000000000000000000000000000000000111111000000000000000000000000000000001111110000000000000000000000000000000001111110000000000000001111000
1355,9,TypeC,27200,000001111000000000000000000000000000000000000000000000000000000111111000000000000000000000000000000001111110000000000000000000000000000000001111110000000000000001111000
1356,0,TypeA,48700,000000111111111000000000000000000000000000000000000000000111111111100000000000000000000000000000000001111111110000000000000000001111111111000000000000001111111100000000
1357,1,TypeA,48700,000000111111111000000000000000000000000000000000000000000111111111100000000000000000000000000000000001111111110000000000000000001111111111000000000000001111111100000000
1358,2,TypeB,34300,000000111111110000000000000000011111110000000000000001111100000000000000000000000000000000000000000000000000000000000000000000000000011111000000000000001111110000000000
1359,3,TypeB,34300,000000111111110000000000000000011111110000000000000001111100000000000000000000000000000000000000000000000000000000000000000000000000011111000000000000001111110000000000
1360,4,TypeB,34300,000000111111110000000000000000011111110000000000000001111100000000000000000000000000000000000000000000000000000000000000000000000000011111000000000000001111110000000000
1361,5,TypeB,34300,000000111111110000000000000000011111110000000000000001111100000000000000000000000000000000000000000000000000000000000000000000000000011111000000000000001111110000000000
1362,6,TypeC,27000,111000000000000001111100000000000000000000000000000001111100000000000000000000000000000000000000000000000000000000000000000000000000011111000000000000001111110000000000
1363,7,TypeC,27000,111000000000000001111100000000000000000000000000000001111100000000000000000000000000000000000000000000000000000000000000000000000000011111000000000000001111110000000000
1364,8,TypeC,27000,111000000000000001111100000000000000000000000000000001111100000000000000000000000000000000000000000000000000000000000000000000000000011111000000000000001111110000000000
1365,9,TypeC,27000,111000000000000001111100000000000000000000000000000001111100000000000000000000000000000000000000000000000000000000000000000000000000011111000000000000001111110000000000
1366,0,TypeA,44000,000000111111111000000000000000011111111000000000000000000000000000000000000000000000111111110000000000000000000000000000000000111111110000000000000000001111111100000000
1367,1,TypeA,44000,000000111111111000000000000000011111111000000000000000000000000000000000000000000000111111110000000000000000000000000000000000111111110000000000000000001111111100000000
1368,2,TypeB,39100,000000111111110000000000000000011111111000000000000000000000000000000000000000000000011111110000000000011111110000000000000000011111110000000000000000000000000000000000
1369,3,TypeB,39100,000000111111110000000000000000011111111000000000000000000000000000000000000000000000011111110000000000011111110000000000000000011111110000000000000000000000000000000000
1370,4,TypeB,39100,000000111111110000000000000000011111111000000000000000000000000000000000000000000000011111110000000000011111110000000000000000011111110000000000000000000000000000000000
1371,5,TypeB,39100,000000111111110000000000000000011111111000000000000000000000000000000000000000000000011111110000000000011111110000000000000000011111110000000000000000000000000000000000
1372,6,TypeC,19400,000000000000000000000000000000011100000000000000000000011100000000000000000000000000000000000000000000000000000000000000000000000001110000000000111100000000001111000000
1373,7,TypeC,19400,000000000000000000000000000000011100000000000000000000011100000000000000000000000000000000000000000000000000000000000000000000000001110000000000111100000000001111000000
1374,8,TypeC,19400,000000000000000000000000000000011100000000000000000000011100000000000000000000000000000000000000000000000000000000000000000000000001110000000000111100000000001111000000
1375,9,TypeC,19400,000000000000000000000000000000011100000000000000000000011100000000000000000000000000000000000000000000000000000000000000000000000001110000000000111100000000001111000000
1376,0,TypeA,45100,000000000000000000000000000000000111111110000000000000000000000000000000000001111111110000000000000000000111111111100000000000000000011111111000000000001111111100000000
1377,1,TypeA,45100,000000000000000000000000000000000111111110000000000000000000000000000000000001111111110000000000000000000111111111100000000000000000011111111000000000001111111100000000
1378,2,TypeB,36600,000000000000000000000000000000000111111110000000000000000000000000000000000000000111110000000000000111111110000000000000000000000000011111000000000000000000001111111000
1379,3,TypeB,36600,000000000000000000000000000000000111111110000000000000000000000000000000000000000111110000000000000111111110000000000000000000000000011111000000000000000000001111111000
1380,4,TypeB,36600,000000000000000000000000000000000111111110000000000000000000000000000000000000000111110000000000000111111110000000000000000000000000011111000000000000000000001111111000
1381,5,TypeB,36600,000000000000000000000000000000000111111110000000000000000000000000000000000000000111110000000000000111111110000000000000000000000000011111000000000000000000001111111000
1382,6,TypeC,23800,000000000000000000000000000000000000000011111000000000000000000000000000000000000111110000000000000000000000000000000000000000111000000000000000111111000000000000111000
1383,7,TypeC,23800,000000000000000000000000000000000000000011111000000000000000000000000000000000000111110000000000000000000000000000000000000000111000000000000000111111000000000000111000
1384,8,TypeC,23800,000000000000000000000000000000000000000011111000000000000000000000000000000000000111110000000000000000000000000000000000000000111000000000000000111111000000000000111000
1385,9,TypeC,23800,000000000000000000000000000000000000000011111000000000000000000000000000000000000111110000000000000000000000000000000000000000111000000000000000111111000000000000111000
1386,0,TypeA,48000,000000000111111111000000000000000000000000000000000000011111111100000000000000000000011111111100000000000000000000000000000000111111110000000000000000000001111111111000
1387,1,TypeA,48000,000000000111111111000000000000000000000000000000000000011111111100000000000000000000011111111100000000000000000000000000000000111111110000000000000000000001111111111000
1388,2,TypeB,37400,000000000111111100000000000000000000011111111000000000000000000111111000000000000000011111100000000000000000000000000000000000111111110000000000000000000000000000000000
1389,3,TypeB,37400,000000000111111100000000000000000000011111111000000000000000000111111000000000000000011111100000000000000000000000000000000000111111110000000000000000000000000000000000
1390,4,TypeB,37400,000000000111111100000000000000000000011111111000000000000000000111111000000000000000011111100000000000000000000000000000000000111111110000000000000000000000000000000000
1391,5,TypeB,37400,000000000111111100000000000000000000011111111000000000000000000111111000000000000000011111100000000000000000000000000000000000111111110000000000000000000000000000000000
1392,6,TypeC,21500,000011100000000000000000000000000000000000000000000000000000000111111000000000000000000000000000000000000000000000001111100000000001110000000000111000000000000000000000
1393,7,TypeC,21500,000011100000000000000000000000000000000000000000000000000000000111111000000000000000000000000000000000000000000000001111100000000001110000000000111000000000000000000000
1394,8,TypeC,21500,000011100000000000000000000000000000000000000000000000000000000111111000000000000000000000000000000000000000000000001111100000000001110000000000111000000000000000000000
1395,9,TypeC,21500,000011100000000000000000000000000000000000000000000000000000000111111000000000000000000000000000000000000000000000001111100000000001110000000000111000000000000000000000
1396,0,TypeA,48700,000000000000000000000000000000000000111111111000000000000111111111000000000000000000000000000000000000000111111111100000000000111111110000000000000001111111111000000000
1397,1,TypeA,48700,000000000000000000000000000000000000111111111000000000000111111111000000000000000000000000000000000000000111111111100000000000111111110000000000000001111111111000000000
1398,2,TypeB,29500,000000001111111000000000000000000011110000000000000000011111110000000000000000000000000000000000000000000111110000000000000000000000011111000000000000000000000000000000
1399,3,TypeB,29500,000000001111111000000000000000000011110000000000000000011111110000000000000000000000000000000000000000000111110000000000000000000000011111000000000000000000000000000000
1400,4,TypeB,29500,000000001111111000000000000000000011110000000000000000011111110000000000000000000000000000000000000000000111110000000000000000000000011111000000000000000000000000000000
1401,5,TypeB,29500,000000001111111000000000000000000011110000000000000000011111110000000000000000000000000000000000000000000111110000000000000000000000011111000000000000000000000000000000
1402,6,TypeC,22800,000000000000000000000000000000000011110000000000000001111110000000000000000000000000000001110000000000000000000000000000111100000000000000000000000001111000000000000000
1403,7,TypeC,22800,000000000000000000000000000000000011110000000000000001111110000000000000000000000000000001110000000000000000000000000000111100000000000000000000000001111000000000000000
1404,8,TypeC,22800,000000000000000000000000000000000011110000000000000001111110000000000000000000000000000001110000000000000000000000000000111100000000000000000000000001111000000000000000
1405,9,TypeC,22800,000000000000000000000000000000000011110000000000000001111110000000000000000000000000000001110000000000000000000000000000111100000000000000000000000001111000000000000000
1406,0,TypeA,49600,000000111111111000000000000000000000000000000000000000000111111111000000000001111111111000000000000000000000000000000000000001111111111000000000000000001111111100000000
1407,1,TypeA,49600,000000111111111000000000000000000000000000000000000000000111111111000000000001111111111000000000000000000000000000000000000001111111111000000000000000001111111100000000
1408,2,TypeB,35000,000000001111111000000000000000000000011111111000000000000000111111000000000000000000001111111100000000000000011111100000000000000000000000000000000000000000000000000000
1409,3,TypeB,35000,000000001111111000000000000000000000011111111000000000000000111111000000000000000000001111111100000000000000011111100000000000000000000000000000000000000000000000000000
1410,4,TypeB,35000,000000001111111000000000000000000000011111111000000000000000111111000000000000000000001111111100000000000000011111100000000000000000000000000000000000000000000000000000
1411,5,TypeB,35000,000000001111111000000000000000000000011111111000000000000000111111000000000000000000001111111100000000000000011111100000000000000000000000000000000000000000000000000000
1412,6,TypeC,21100,000000000001111000000000000000000000000000000000000000000000000000000000000000000000000000000000011111000000000000000000111000000000011100000000000001111000000000000000
1413,7,TypeC,21100,000000000001111000000000000000000000000000000000000000000000000000000000000000000000000000000000011111000000000000000000111000000000011100000000000001111000000000000000
1414,8,TypeC,21100,000000000001111000000000000000000000000000000000000000000000000000000000000000000000000000000000011111000000000000000000111000000000011100000000000001111000000000000000
1415,9,TypeC,21100,000000000001111000000000000000000000000000000000000000000000000000000000000000000000000000000000011111000000000000000000111000000000011100000000000001111000000000000000
1416,0,TypeA,45700,000000000000000000000000000000001111111110000000000000000111111111000000000000000000000000000000000001111111110000000000000000111111110000000000000000001111111100000000
1417,1,TypeA,45700,000000000000000000000000000000001111111110000000000000000111111111000000000000000000000000000000000001111111110000000000000000111111110000000000000000001111111100000000
1418,2,TypeB,31400,000000000000000000000000000000000000011110000000000000000000011111111000000000000000000001111100000000000011110000000000000000000000000000000000000000001111111100000000
1419,3,TypeB,31400,000000000000000000000000000000000000011110000000000000000000011111111000000000000000000001111100000000000011110000000000000000000000000000000000000000001111111100000000
1420,4,TypeB,31400,000000000000000000000000000000000000011110000000000000000000011111111000000000000000000001111100000000000011110000000000000000000000000000000000000000001111111100000000
1421,5,TypeB,31400,000000000000000000000000000000000000011110000000000000000000011111111000000000000000000001111100000000000011110000000000000000000000000000000000000000001111111100000000
1422,6,TypeC,23700,000000000000000000000000000000000000011110000000000001111110000000000000000000000000000000000000000111000000000000000000000000000000111000000000011111000000000000000000
1423,7,TypeC,23700,000000000000000000000000000000000000011110000000000001111110000000000000000000000000000000000000000111000000000000000000000000000000111000000000011111000000000000000000
1424,8,TypeC,23700,000000000000000000000000000000000000011110000000000001111110000000000000000000000000000000000000000111000000000000000000000000000000111000000000011111000000000000000000
1425,9,TypeC,23700,000000000000000000000000000000000000011110000000000001111110000000000000000000000000000000000000000111000000000000000000000000000000111000000000011111000000000000000000
1426,0,TypeA,47400,000000001111111111000000000000011111111110000000000000011111111100000000000000000000000000000000000000000000000000000000000000000000011111111000000000001111111100000000
1427,1,TypeA,47400,000000001111111111000000000000011111111110000000000000011111111100000000000000000000000000000000000000000000000000000000000000000000011111111000000000001111111100000000
1428,2,TypeB,38400,000000001111111000000000000000011111110000000000000000000111111100000000000000000000000000000000000111111100000000000000000000000000011111111000000000000000000000000000
1429,3,TypeB,38400,000000001111111000000000000000011111110000000000000000000111111100000000000000000000000000000000000111111100000000000000000000000000011111111000000000000000000000000000
1430,4,TypeB,38400,000000001111111000000000000000011111110000000000000000000111111100000000000000000000000000000000000111111100000000000000000000000000011111111000000000000000000000000000
1431,5,TypeB,38400,000000001111111000000000000000011111110000000000000000000111111100000000000000000000000000000000000111111100000000000000000000000000011111111000000000000000000000000000
1432,6,TypeC,21200,000000000000000001111100000000000000000000000000000001111100000000000000000000000000000000000000000000000000000000000000000000000000011100000000000001111000000000001110
1433,7,TypeC,21200,000000000000000001111100000000000000000000000000000001111100000000000000000000000000000000000000000000000000000000000000000000000000011100000000000001111000000000001110
1434,8,TypeC,21200,000000000000000001111100000000000000000000000000000001111100000000000000000000000000000000000000000000000000000000000000000000000000011100000000000001111000000000001110
1435,9,TypeC,21200,000000000000000001111100000000000000000000000000000001111100000000000000000000000000000000000000000000000000000000000000000000000000011100000000000001111000000000001110
1436,0,TypeA,47400,000000000011111111110000000000000000000000000000000000000000111111111000000000000000000000000000000000011111111110000000000000000000011111111000000000001111111100000000
1437,1,TypeA,47400,000000000011111111110000000000000000000000000000000000000000111111111000000000000000000000000000000000011111111110000000000000000000011111111000000000001111111100000000
1438,2,TypeB,36100,000000000011111100000000000000000000000000000000011111110000000000111111100000000000000000000000000000011111110000000000000000000000000000000000000000001111111000000000
1439,3,TypeB,36100,000000000011111100000000000000000000000000000000011111110000000000111111100000000000000000000000000000011111110000000000000000000000000000000000000000001111111000000000
1440,4,TypeB,36100,000000000011111100000000000000000000000000000000011111110000000000111111100000000000000000000000000000011111110000000000000000000000000000000000000000001111111000000000
1441,5,TypeB,36100,000000000011111100000000000000000000000000000000011111110000000000111111100000000000000000000000000000011111110000000000000000000000000000000000000000001111111000000000
1442,6,TypeC,23000,000000000000000000000000000000000000000000000000011111000000000000000000000000000000000001111100000000000000000000000000000111111000000000000000111100000000000000111000
1443,7,TypeC,23000,000000000000000000000000000000000000000000000000011111000000000000000000000000000000000001111100000000000000000000000000000111111000000000000000111100000000000000111000
1444,8,TypeC,23000,000000000000000000000000000000000000000000000000011111000000000000000000000000000000000001111100000000000000000000000000000111111000000000000000111100000000000000111000
1445,9,TypeC,23000,000000000000000000000000000000000000000000000000011111000000000000000000000000000000000001111100000000000000000000000000000111111000000000000000111100000000000000111000
1446,0,TypeA,43800,000000001111111100000000000000000111111110000000000000000000111111111000000000000000000000000000000000000000000000000000000000000000011111111100000000000001111111100000
1447,1,TypeA,43800,000000001111111100000000000000000111111110000000000000000000111111111000000000000000000000000000000000000000000000000000000000000000011111111100000000000001111111100000
1448,2,TypeB,32500,000000000000000000000000000000000111111100000000000000000000011111111000000000000000011111110000000000000000011110000000000000000000000000000000000000000001111100000000
1449,3,TypeB,32500,000000000000000000000000000000000111111100000000000000000000011111111000000000000000011111110000000000000000011110000000000000000000000000000000000000000001111100000000
1450,4,TypeB,32500,000000000000000000000000000000000111111100000000000000000000011111111000000000000000011111110000000000000000011110000000000000000000000000000000000000000001111100000000
1451,5,TypeB,32500,000000000000000000000000000000000111111100000000000000000000011111111000000000000000011111110000000000000000011110000000000000000000000000000000000000000001111100000000
1452,6,TypeC,20200,000000000000000000000111000000000000000000000000000001111100000000000000000000000000000000000000000000000000000000000000000000111000000000001110000000000000001111100000
1453,7,TypeC,20200,000000000000000000000111000000000000000000000000000001111100000000000000000000000000000000000000000000000000000000000000000000111000000000001110000000000000001111100000
1454,8,TypeC,20200,000000000000000000000111000000000000000000000000000001111100000000000000000000000000000000000000000000000000000000000000000000111000000000001110000000000000001111100000
1455,9,TypeC,20200,000000000000000000000111000000000000000000000000000001111100000000000000000000000000000000000000000000000000000000000000000000111000000000001110000000000000001111100000
1456,0,TypeA,45700,000000000000000000000000000000000000000000000000000000011111111100000000000001111111111000000000000000000111111110000000000000000000011111111000000000001111111100000000
1457,1,TypeA,45700,000000000000000000000000000000000000000000000000000000011111111100000000000001111111111000000000000000000111111110000000000000000000011111111000000000001111111100000000
1458,2,TypeB,39000,000000000000011111111000000000000000011111111000000000011111110000000001111111100000000000000000000000000111111110000000000000000000000000000000000000000000000000000000
1459,3,TypeB,39000,000000000000011111111000000000000000011111111000000000011111110000000001111111100000000000000000000000000111111110000000000000000000000000000000000000000000000000000000
1460,4,TypeB,39000,000000000000011111111000000000000000011111111000000000011111110000000001111111100000000000000000000000000111111110000000000000000000000000000000000000000000000000000000
1461,5,TypeB,39000,000000000000011111111000000000000000011111111000000000011111110000000001111111100000000000000000000000000111111110000000000000000000000000000000000000000000000000000000
1462,6,TypeC,24800,000000000000000000011100000000000000000000000000000000000000000000011111100000000000000000000000000000000000000000001111100000000000011100000000000000111111000000000000
1463,7,TypeC,24800,000000000000000000011100000000000000000000000000000000000000000000011111100000000000000000000000000000000000000000001111100000000000011100000000000000111111000000000000
1464,8,TypeC,24800,000000000000000000011100000000000000000000000000000000000000000000011111100000000000000000000000000000000000000000001111100000000000011100000000000000111111000000000000
1465,9,TypeC,24800,000000000000000000011100000000000000000000000000000000000000000000011111100000000000000000000000000000000000000000001111100000000000011100000000000000111111000000000000
1466,0,TypeA,44700,000000111111110000000000000000000111111110000000000000000000011111111000000000000000000000000000000000000000000000000000000000111111110000000000000000001111111111000000
1467,1,TypeA,44700,000000111111110000000000000000000111111110000000000000000000011111111000000000000000000000000000000000000000000000000000000000111111110000000000000000001111111111000000
1468,2,TypeB,37000,000000111111110000000000000000000000111110000000000000000000011111111000000000000000111111110000000000000000011111111000000000000000000000000000000000000000000000000000
1469,3,TypeB,37000,000000111111110000000000000000000000111110000000000000000000011111111000000000000000111111110000000000000000011111111000000000000000000000000000000000000000000000000000
1470,4,TypeB,37000,000000111111110000000000000000000000111110000000000000000000011111111000000000000000111111110000000000000000011111111000000000000000000000000000000000000000000000000000
1471,5,TypeB,37000,000000111111110000000000000000000000111110000000000000000000011111111000000000000000111111110000000000000000011111111000000000000000000000000000000000000000000000000000
1472,6,TypeC,23000,000000111110000000000000000000000000111110000000000000000000011100000000000000000000000000000000000000000000000000000000000000111000000000000000000001111000000000000000
1473,7,TypeC,23000,000000111110000000000000000000000000111110000000000000000000011100000000000000000000000000000000000000000000000000000000000000111000000000000000000001111000000000000000
1474,8,TypeC,23000,000000111110000000000000000000000000111110000000000000000000011100000000000000000000000000000000000000000000000000000000000000111000000000000000000001111000000000000000
1475,9,TypeC,23000,000000111110000000000000000000000000111110000000000000000000011100000000000000000000000000000000000000000000000000000000000000111000000000000000000001111000000000000000
1476,0,TypeA,48600,000000000000000000000000000001111111111000000000000000000111111111100000000000000000000000000000000001111111110000000000000000111111110000000000000000001111111100000000
1477,1,TypeA,48600,000000000000000000000000000001111111111000000000000000000111111111100000000000000000000000000000000001111111110000000000000000111111110000000000000000001111111100000000
1478,2,TypeB,33000,000000000000000000000000000000000111111110000000000001111110000000000000111111100000000011111100000000000000011111100000000000000000000000000000000000000000000000000000
1479,3,TypeB,33000,000000000000000000000000000000000111111110000000000001111110000000000000111111100000000011111100000000000000011111100000000000000000000000000000000000000000000000000000
1480,4,TypeB,33000,000000000000000000000000000000000111111110000000000001111110000000000000111111100000000011111100000000000000011111100000000000000000000000000000000000000000000000000000
1481,5,TypeB,33000,000000000000000000000000000000000111111110000000000001111110000000000000111111100000000011111100000000000000011111100000000000000000000000000000000000000000000000000000
1482,6,TypeC,18900,000000000000000000000000000000000000000000000000000000000000000000111000000000000000000001111100000000000000000000000011100000000000111000000000000001111000000000000000
1483,7,TypeC,18900,000000000000000000000000000000000000000000000000000000000000000000111000000000000000000001111100000000000000000000000011100000000000111000000000000001111000000000000000
1484,8,TypeC,18900,000000000000000000000000000000000000000000000000000000000000000000111000000000000000000001111100000000000000000000000011100000000000111000000000000001111000000000000000
1485,9,TypeC,18900,000000000000000000000000000000000000000000000000000000000000000000111000000000000000000001111100000000000000000000000011100000000000111000000000000001111000000000000000
1486,0,TypeA,50000,000000000011111111000000000001111111110000000000000000000000000000000000000000000000000000000000000000000111111111100000000000000000011111111110000000000001111111111000
1487,1,TypeA,50000,000000000011111111000000000001111111110000000000000000000000000000000000000000000000000000000000000000000111111111100000000000000000011111111110000000000001111111111000
1488,2,TypeB,38400,000000000011111111000000000000000000011111110000000001111100000000000000000000000000000000000000000111111110000000000000000000000000000000000000000000001111111100000000
1489,3,TypeB,38400,000000000011111111000000000000000000011111110000000001111100000000000000000000000000000000000000000111111110000000000000000000000000000000000000000000001111111100000000
1490,4,TypeB,38400,000000000011111111000000000000000000011111110000000001111100000000000000000000000000000000000000000111111110000000000000000000000000000000000000000000001111111100000000
1491,5,TypeB,38400,000000000011111111000000000000000000011111110000000001111100000000000000000000000000000000000000000111111110000000000000000000000000000000000000000000001111111100000000
1492,6,TypeC,21800,000000000000000000000000000001110000000000000000000000011100000000000000000000000000000000000000011111000000000000000000000000000000111000000000000000000000000111111000
1493,7,TypeC,21800,000000000000000000000000000001110000000000000000000000011100000000000000000000000000000000000000011111000000000000000000000000000000111000000000000000000000000111111000
1494,8,TypeC,21800,000000000000000000000000000001110000000000000000000000011100000000000000000000000000000000000000011111000000000000000000000000000000111000000000000000000000000111111000
1495,9,TypeC,21800,000000000000000000000000000001110000000000000000000000011100000000000000000000000000000000000000011111000000000000000000000000000000111000000000000000000000000111111000
1496,0,TypeA,47300,000001111111111000000000000000000111111110000000000000000000111111111000000000000000000000000000000000000000000000000000000000111111110000000000000000011111111100000000
1497,1,TypeA,47300,000001111111111000000000000000000111111110000000000000000000111111111000000000000000000000000000000000000000000000000000000000111111110000000000000000011111111100000000
1498,2,TypeB,27200,000000011111111000000000000000000000011110000000000000000000000000000000000000000001111000000000000000001111110000000000000000000000000000000000000000000001111000000000
1499,3,TypeB,27200,000000011111111000000000000000000000011110000000000000000000000000000000000000000001111000000000000000001111110000000000000000000000000000000000000000000001111000000000
1500,4,TypeB,27200,000000011111111000000000000000000000011110000000000000000000000000000000000000000001111000000000000000001111110000000000000000000000000000000000000000000001111000000000
1501,5,TypeB,27200,000000011111111000000000000000000000011110000000000000000000000000000000000000000001111000000000000000001111110000000000000000000000000000000000000000000001111000000000
1502,6,TypeC,21200,000000000000000000000000000001110000000000000000011111000000000000000000000000000000000000000000000000000000000000000000111110000000000000001110000000000001111000000000
1503,7,TypeC,21200,000000000000000000000000000001110000000000000000011111000000000000000000000000000000000000000000000000000000000000000000111110000000000000001110000000000001111000000000
1504,8,TypeC,21200,000000000000000000000000000001110000000000000000011111000000000000000000000000000000000000000000000000000000000000000000111110000000000000001110000000000001111000000000
1505,9,TypeC,21200,000000000000000000000000000001110000000000000000011111000000000000000000000000000000000000000000000000000000000000000000111110000000000000001110000000000001111000000000
1506,0,TypeA,46400,000000011111111100000000000000000000111111111000000000000000000000000000000000000001111111100000000000000000000000000000000000011111111000000000000000000001111111111000
1507,1,TypeA,46400,000000011111111100000000000000000000111111111000000000000000000000000000000000000001111111100000000000000000000000000000000000011111111000000000000000000001111111111000
1508,2,TypeB,39000,000000111111110000000000000000000000011111111000000000011111110000000001111111100000000000000000000111111110000000000000000000000000000000000000000000000000000000000000
1509,3,TypeB,39000,000000111111110000000000000000000000011111111000000000011111110000000001111111100000000000000000000111111110000000000000000000000000000000000000000000000000000000000000
1510,4,TypeB,39000,000000111111110000000000000000000000011111111000000000011111110000000001111111100000000000000000000111111110000000000000000000000000000000000000000000000000000000000000
1511,5,TypeB,39000,000000111111110000000000000000000000011111111000000000011111110000000001111111100000000000000000000111111110000000000000000000000000000000000000000000000000000000000000
1512,6,TypeC,24800,000000000000000000000000000000000000000011111000000000000000000001111000000000000000000000000000000000000000000000000000000000001111110000000000111100000000000001111000
1513,7,TypeC,24800,000000000000000000000000000000000000000011111000000000000000000001111000000000000000000000000000000000000000000000000000000000001111110000000000111100000000000001111000
1514,8,TypeC,24800,000000000000000000000000000000000000000011111000000000000000000001111000000000000000000000000000000000000000000000000000000000001111110000000000111100000000000001111000
1515,9,TypeC,24800,000000000000000000000000000000000000000011111000000000000000000001111000000000000000000000000000000000000000000000000000000000001111110000000000111100000000000001111000
1516,0,TypeA,50500,000001111111111000000000000000000000000000000000000000011111111110000000000000111111111000000000000000000000000000000000000001111111110000000000000000000000011111111000
1517,1,TypeA,50500,000001111111111000000000000000000000000000000000000000011111111110000000000000111111111000000000000000000000000000000000000001111111110000000000000000000000011111111000
1518,2,TypeB,35800,000000011111111000000000000001111110000000000000000001111110000000000000000000111111110000000000000000000000000000000000000000000000000000000000000000000000011111100000
1519,3,TypeB,35800,000000011111111000000000000001111110000000000000000001111110000000000000000000111111110000000000000000000000000000000000000000000000000000000000000000000000011111100000
1520,4,TypeB,35800,000000011111111000000000000001111110000000000000000001111110000000000000000000111111110000000000000000000000000000000000000000000000000000000000000000000000011111100000
1521,5,TypeB,35800,000000011111111000000000000001111110000000000000000001111110000000000000000000111111110000000000000000000000000000000000000000000000000000000000000000000000011111100000
1522,6,TypeC,29600,000001111100000000000000000001111110000000000000000001111110000000000000000000000000000000000000000000000000000000000000000000000000011100000000000000000000011111100000
1523,7,TypeC,29600,000001111100000000000000000001111110000000000000000001111110000000000000000000000000000000000000000000000000000000000000000000000000011100000000000000000000011111100000
1524,8,TypeC,29600,000001111100000000000000000001111110000000000000000001111110000000000000000000000000000000000000000000000000000000000000000000000000011100000000000000000000011111100000
1525,9,TypeC,29600,000001111100000000000000000001111110000000000000000001111110000000000000000000000000000000000000000000000000000000000000000000000000011100000000000000000000011111100000
1526,0,TypeA,45300,000000011111111000000000000000000000000000000000000000000000111111111000000000000000000000000000000000000000011111111000000000000000011111111100000000000000011111111000
1527,1,TypeA,45300,000000011111111000000000000000000000000000000000000000000000111111111000000000000000000000000000000000000000011111111000000000000000011111111100000000000000011111111000
1528,2,TypeB,37100,000000011111111000000000000000000000000000000000000000000000011111111000000000000000011111000000000000001111111000000000000000000000000000000000000000001111111000000000
1529,3,TypeB,37100,000000011111111000000000000000000000000000000000000000000000011111111000000000000000011111000000000000001111111000000000000000000000000000000000000000001111111000000000
1530,4,TypeB,37100,000000011111111000000000000000000000000000000000000000000000011111111000000000000000011111000000000000001111111000000000000000000000000000000000000000001111111000000000
1531,5,TypeB,37100,000000011111111000000000000000000000000000000000000000000000011111111000000000000000011111000000000000001111111000000000000000000000000000000000000000001111111000000000
1532,6,TypeC,26300,000000000000000000000000000001111110000000000000000000011100000000000000000000000000011111000000000000000000000000000000000000000000011111000000000001111000000000000000
1533,7,TypeC,26300,000000000000000000000000000001111110000000000000000000011100000000000000000000000000011111000000000000000000000000000000000000000000011111000000000001111000000000000000
1534,8,TypeC,26300,000000000000000000000000000001111110000000000000000000011100000000000000000000000000011111000000000000000000000000000000000000000000011111000000000001111000000000000000
1535,9,TypeC,26300,000000000000000000000000000001111110000000000000000000011100000000000000000000000000011111000000000000000000000000000000000000000000011111000000000001111000000000000000
1536,0,TypeA,47100,000000000000000000000000000000000000000000000000000000000000111111110000000000000111111111100000000000000111111110000000000001111111110000000000000000000001111111111000
1537,1,TypeA,47100,000000000000000000000000000000000000000000000000000000000000111111110000000000000111111111100000000000000111111110000000000001111111110000000000000000000001111111111000
1538,2,TypeB,35100,000000000000011111000000000000000000000000000000000000000000111111110000000000111111110000000000000000000111110000000000000000000000000000000000000000000000001111111000
1539,3,TypeB,35100,000000000000011111000000000000000000000000000000000000000000111111110000000000111111110000000000000000000111110000000000000000000000000000000000000000000000001111111000
1540,4,TypeB,35100,000000000000011111000000000000000000000000000000000000000000111111110000000000111111110000000000000000000111110000000000000000000000000000000000000000000000001111111000
1541,5,TypeB,35100,000000000000011111000000000000000000000000000000000000000000111111110000000000111111110000000000000000000111110000000000000000000000000000000000000000000000001111111000
1542,6,TypeC,26000,000000000000000000000000000000000000000000000000000001111100000000000001111000000000000000000000000000000111110000000000000000000000011111000000000001111000000000000000
1543,7,TypeC,26000,000000000000000000000000000000000000000000000000000001111100000000000001111000000000000000000000000000000111110000000000000000000000011111000000000001111000000000000000
1544,8,TypeC,26000,000000000000000000000000000000000000000000000000000001111100000000000001111000000000000000000000000000000111110000000000000000000000011111000000000001111000000000000000
1545,9,TypeC,26000,000000000000000000000000000000000000000000000000000001111100000000000001111000000000000000000000000000000111110000000000000000000000011111000000000001111000000000000000
1546,0,TypeA,48300,000000000000011111111100000000000111111110000000000000000000000000000000000000111111111000000000000000000000000000000000000000000000011111111100000000000001111111111000
1547,1,TypeA,48300,000000000000011111111100000000000111111110000000000000000000000000000000000000111111111000000000000000000000000000000000000000000000011111111100000000000001111111111000
1548,2,TypeB,35400,000000000000011111000000000000000111111110000000000000000111111110000000000000000001111000000000000000000000000000000000000000111111110000000000000000000000000000000000
1549,3,TypeB,35400,000000000000011111000000000000000111111110000000000000000111111110000000000000000001111000000000000000000000000000000000000000111111110000000000000000000000000000000000
1550,4,TypeB,35400,000000000000011111000000000000000111111110000000000000000111111110000000000000000001111000000000000000000000000000000000000000111111110000000000000000000000000000000000
1551,5,TypeB,35400,000000000000011111000000000000000111111110000000000000000111111110000000000000000001111000000000000000000000000000000000000000111111110000000000000000000000000000000000
1552,6,TypeC,26000,000000000000011111000000000000000000000000000000000000000000000111111000000000000000000000111100000000000000000000000000000000000000011111000000000000111000000000000000
1553,7,TypeC,26000,000000000000011111000000000000000000000000000000000000000000000111111000000000000000000000111100000000000000000000000000000000000000011111000000000000111000000000000000
1554,8,TypeC,26000,000000000000011111000000000000000000000000000000000000000000000111111000000000000000000000111100000000000000000000000000000000000000011111000000000000111000000000000000
1555,9,TypeC,26000,000000000000011111000000000000000000000000000000000000000000000111111000000000000000000000111100000000000000000000000000000000000000011111000000000000111000000000000000
1556,0,TypeA,53000,000001111111111000000000000000000000000000000000011111111110000000000000000000000000000000000000000000011111111000000000000001111111110000000000000000000001111111111000
1557,1,TypeA,53000,000001111111111000000000000000000000000000000000011111111110000000000000000000000000000000000000000000011111111000000000000001111111110000000000000000000001111111111000
1558,2,TypeB,35100,000000000000000000000000000000000111111110000000000000011110000000000000000000000111111000000000000000000000011111111000000000011111110000000000000000000000000000000000
1559,3,TypeB,35100,000000000000000000000000000000000111111110000000000000011110000000000000000000000111111000000000000000000000011111111000000000011111110000000000000000000000000000000000
1560,4,TypeB,35100,000000000000000000000000000000000111111110000000000000011110000000000000000000000111111000000000000000000000011111111000000000011111110000000000000000000000000000000000
1561,5,TypeB,35100,000000000000000000000000000000000111111110000000000000011110000000000000000000000111111000000000000000000000011111111000000000011111110000000000000000000000000000000000
1562,6,TypeC,23900,000000000000000001111100000000000000000000000000011111000000000001111000000000000000000000000000000000000000000000000000000001111000000000000000000000000000001111100000
1563,7,TypeC,23900,000000000000000001111100000000000000000000000000011111000000000001111000000000000000000000000000000000000000000000000000000001111000000000000000000000000000001111100000
1564,8,TypeC,23900,000000000000000001111100000000000000000000000000011111000000000001111000000000000000000000000000000000000000000000000000000001111000000000000000000000000000001111100000
1565,9,TypeC,23900,000000000000000001111100000000000000000000000000011111000000000001111000000000000000000000000000000000000000000000000000000001111000000000000000000000000000001111100000
1566,0,TypeA,47300,000000000000000000000000000001111111110000000000000000000000000000000000000000000001111111100000000000011111111110000000000001111111110000000000000000001111111100000000
1567,1,TypeA,47300,000000000000000000000000000001111111110000000000000000000000000000000000000000000001111111100000000000011111111110000000000001111111110000000000000000001111111100000000
1568,2,TypeB,39500,111111100000000000000000000000000000000000000000011111110000000000000000000000000000000000000000000000000000011111100000000000111111110000000000000000001111111000000000
1569,3,TypeB,39500,111111100000000000000000000000000000000000000000011111110000000000000000000000000000000000000000000000000000011111100000000000111111110000000000000000001111111000000000
1570,4,TypeB,39500,111111100000000000000000000000000000000000000000011111110000000000000000000000000000000000000000000000000000011111100000000000111111110000000000000000001111111000000000
1571,5,TypeB,39500,111111100000000000000000000000000000000000000000011111110000000000000000000000000000000000000000000000000000011111100000000000111111110000000000000000001111111000000000
1572,6,TypeC,24300,111111000000000000000000000000000000000000000000000001111100000000000000000000000000000000000000000000000000000000000000111100000000000000001111100000000000000001111000
1573,7,TypeC,24300,111111000000000000000000000000000000000000000000000001111100000000000000000000000000000000000000000000000000000000000000111100000000000000001111100000000000000001111000
1574,8,TypeC,24300,111111000000000000000000000000000000000000000000000001111100000000000000000000000000000000000000000000000000000000000000111100000000000000001111100000000000000001111000
1575,9,TypeC,24300,111111000000000000000000000000000000000000000000000001111100000000000000000000000000000000000000000000000000000000000000111100000000000000001111100000000000000001111000
1576,0,TypeA,47000,000000000000000000000000000000011111111110000000000000000000000000000000000000111111111000000000000000000111111110000000000001111111110000000000000000001111111100000000
1577,1,TypeA,47000,000000000000000000000000000000011111111110000000000000000000000000000000000000111111111000000000000000000111111110000000000001111111110000000000000000001111111100000000
1578,2,TypeB,31700,000000000000000000000000000000000000011111111000000000000000000000000000000000111111110000000000000000000000011110000000000000000000011111000000000000001111000000000000
1579,3,TypeB,31700,000000000000000000000000000000000000011111111000000000000000000000000000000000111111110000000000000000000000011110000000000000000000011111000000000000001111000000000000
1580,4,TypeB,31700,000000000000000000000000000000000000011111111000000000000000000000000000000000111111110000000000000000000000011110000000000000000000011111000000000000001111000000000000
1581,5,TypeB,31700,000000000000000000000000000000000000011111111000000000000000000000000000000000111111110000000000000000000000011110000000000000000000011111000000000000001111000000000000
1582,6,TypeC,27000,000000000000000000000000000001111110000000000000000000000000000000000000000000111100000000000000000000000000000000001111100000000000011111000000000000001111000000000000
1583,7,TypeC,27000,000000000000000000000000000001111110000000000000000000000000000000000000000000111100000000000000000000000000000000001111100000000000011111000000000000001111000000000000
1584,8,TypeC,27000,000000000000000000000000000001111110000000000000000000000000000000000000000000111100000000000000000000000000000000001111100000000000011111000000000000001111000000000000
1585,9,TypeC,27000,000000000000000000000000000001111110000000000000000000000000000000000000000000111100000000000000000000000000000000001111100000000000011111000000000000001111000000000000
1586,0,TypeA,54100,000001111111111000000000000001111111111000000000000000000000000000000000000000000000000000000000000001111111111000000000000000000000011111111100000000000001111111111000
1587,1,TypeA,54100,000001111111111000000000000001111111111000000000000000000000000000000000000000000000000000000000000001111111111000000000000000000000011111111100000000000001111111111000
1588,2,TypeB,39100,000000000000011111110000000000000000011111111000000000000000011111111000000000000000000000000000000000001111111000000000000000000000000000000000000000000000001111111000
1589,3,TypeB,39100,000000000000011111110000000000000000011111111000000000000000011111111000000000000000000000000000000000001111111000000000000000000000000000000000000000000000001111111000
1590,4,TypeB,39100,000000000000011111110000000000000000011111111000000000000000011111111000000000000000000000000000000000001111111000000000000000000000000000000000000000000000001111111000
1591,5,TypeB,39100,000000000000011111110000000000000000011111111000000000000000011111111000000000000000000000000000000000001111111000000000000000000000000000000000000000000000001111111000
1592,6,TypeC,22700,000001111000000000000000000000000000000000000000000000000000011100000000000000000000000000000000000000000000000000000000000001111100000000001110000000000001111100000000
1593,7,TypeC,22700,000001111000000000000000000000000000000000000000000000000000011100000000000000000000000000000000000000000000000000000000000001111100000000001110000000000001111100000000
1594,8,TypeC,22700,000001111000000000000000000000000000000000000000000000000000011100000000000000000000000000000000000000000000000000000000000001111100000000001110000000000001111100000000
1595,9,TypeC,22700,000001111000000000000000000000000000000000000000000000000000011100000000000000000000000000000000000000000000000000000000000001111100000000001110000000000001111100000000
1596,0,TypeA,50700,000000000000000000000000000001111111111000000000000000000000000000000000000000000111111111100000000000000111111111100000000000111111110000000000000000000001111111111000
1597,1,TypeA,50700,000000000000000000000000000001111111111000000000000000000000000000000000000000000111111111100000000000000111111111100000000000111111110000000000000000000001111111111000
1598,2,TypeB,41200,000000000000000000000000000000000011111110000000000000000000011111111000000000000000000000000000000000000000011111111000000000000000111111000000000000001111111100000000
1599,3,TypeB,41200,000000000000000000000000000000000011111110000000000000000000011111111000000000000000000000000000000000000000011111111000000000000000111111000000000000001111111100000000
1600,4,TypeB,41200,000000000000000000000000000000000011111110000000000000000000011111111000000000000000000000000000000000000000011111111000000000000000111111000000000000001111111100000000
1601,5,TypeB,41200,000000000000000000000000000000000011111110000000000000000000011111111000000000000000000000000000000000000000011111111000000000000000111111000000000000001111111100000000
1602,6,TypeC,28400,000000000000000000000000000000000011111000000000000001111100000000000000000000000000000000000000000001111110000000000000000111111000000000000000000001111000000000000000
1603,7,TypeC,28400,000000000000000000000000000000000011111000000000000001111100000000000000000000000000000000000000000001111110000000000000000111111000000000000000000001111000000000000000
1604,8,TypeC,28400,000000000000000000000000000000000011111000000000000001111100000000000000000000000000000000000000000001111110000000000000000111111000000000000000000001111000000000000000
1605,9,TypeC,28400,000000000000000000000000000000000011111000000000000001111100000000000000000000000000000000000000000001111110000000000000000111111000000000000000000001111000000000000000
1606,0,TypeA,51400,000011111111110000000000000001111111110000000000000000000000000000000000000001111111110000000000000000000000000000000000000000111111110000000000000000000001111111111000
1607,1,TypeA,51400,000011111111110000000000000001111111110000000000000000000000000000000000000001111111110000000000000000000000000000000000000000111111110000000000000000000001111111111000
1608,2,TypeB,37500,000011111111000000000000000000000000011111110000000000000000011111111000000000000000000000000000000000000000011111111000000000000000000000000000000000000001111100000000
1609,3,TypeB,37500,000011111111000000000000000000000000011111110000000000000000011111111000000000000000000000000000000000000000011111111000000000000000000000000000000000000001111100000000
1610,4,TypeB,37500,000011111111000000000000000000000000011111110000000000000000011111111000000000000000000000000000000000000000011111111000000000000000000000000000000000000001111100000000
1611,5,TypeB,37500,000011111111000000000000000000000000011111110000000000000000011111111000000000000000000000000000000000000000011111111000000000000000000000000000000000000001111100000000
1612,6,TypeC,26800,000011111000000000000000000000000000000000000000000001111100000000000000000000000000000001111100000000000000000000000000000000000000000001111100000000000001111100000000
1613,7,TypeC,26800,000011111000000000000000000000000000000000000000000001111100000000000000000000000000000001111100000000000000000000000000000000000000000001111100000000000001111100000000
1614,8,TypeC,26800,000011111000000000000000000000000000000000000000000001111100000000000000000000000000000001111100000000000000000000000000000000000000000001111100000000000001111100000000
1615,9,TypeC,26800,000011111000000000000000000000000000000000000000000001111100000000000000000000000000000001111100000000000000000000000000000000000000000001111100000000000001111100000000
1616,0,TypeA,48600,000000111111111100000000000000000111111110000000000000000000000000000000000000000000000000000000000001111111110000000000000000111111110000000000000000000001111111111000
1617,1,TypeA,48600,000000111111111100000000000000000111111110000000000000000000000000000000000000000000000000000000000001111111110000000000000000111111110000000000000000000001111111111000
1618,2,TypeB,33500,111111110000000000000000000000000000011111111000000000000000000000000000111111100000000000000000000000000000011110000000000000000000000000000000000000000001111100000000
1619,3,TypeB,33500,111111110000000000000000000000000000011111111000000000000000000000000000111111100000000000000000000000000000011110000000000000000000000000000000000000000001111100000000
1620,4,TypeB,33500,111111110000000000000000000000000000011111111000000000000000000000000000111111100000000000000000000000000000011110000000000000000000000000000000000000000001111100000000
1621,5,TypeB,33500,111111110000000000000000000000000000011111111000000000000000000000000000111111100000000000000000000000000000011110000000000000000000000000000000000000000001111100000000
1622,6,TypeC,26700,000011111100000000000000000000000000000000000000011111000000000000000000000000000000000000000000000000000000011110000000000000000000011111000000000001111000000000000000
1623,7,TypeC,26700,000011111100000000000000000000000000000000000000011111000000000000000000000000000000000000000000000000000000011110000000000000000000011111000000000001111000000000000000
1624,8,TypeC,26700,000011111100000000000000000000000000000000000000011111000000000000000000000000000000000000000000000000000000011110000000000000000000011111000000000001111000000000000000
1625,9,TypeC,26700,000011111100000000000000000000000000000000000000011111000000000000000000000000000000000000000000000000000000011110000000000000000000011111000000000001111000000000000000
1626,0,TypeA,51900,000001111111111000000000000001111111110000000000000000000000000000000000000000000111111111100000000000000000000000000000000000000000011111111100000000000001111111111000
1627,1,TypeA,51900,000001111111111000000000000001111111110000000000000000000000000000000000000000000111111111100000000000000000000000000000000000000000011111111100000000000001111111111000
1628,2,TypeB,32000,000000001111111000000000000000000000011111111000000000000000011111111000000000000111110000000000000000000000011110000000000000000000000000000000000000000000000000000000
1629,3,TypeB,32000,000000001111111000000000000000000000011111111000000000000000011111111000000000000111110000000000000000000000011110000000000000000000000000000000000000000000000000000000
1630,4,TypeB,32000,000000001111111000000000000000000000011111111000000000000000011111111000000000000111110000000000000000000000011110000000000000000000000000000000000000000000000000000000
1631,5,TypeB,32000,000000001111111000000000000000000000011111111000000000000000011111111000000000000111110000000000000000000000011110000000000000000000000000000000000000000000000000000000
1632,6,TypeC,20900,000000000000000000000000000000000000000000000000000001110000000000011111100000000000000000000000011111000000000000000000000000000000111000000000000000111000000000000000
1633,7,TypeC,20900,000000000000000000000000000000000000000000000000000001110000000000011111100000000000000000000000011111000000000000000000000000000000111000000000000000111000000000000000
1634,8,TypeC,20900,000000000000000000000000000000000000000000000000000001110000000000011111100000000000000000000000011111000000000000000000000000000000111000000000000000111000000000000000
1635,9,TypeC,20900,000000000000000000000000000000000000000000000000000001110000000000011111100000000000000000000000011111000000000000000000000000000000111000000000000000111000000000000000
1636,0,TypeA,48900,000001111111110000000000000000000000000000000000000000000000111111111000000000000000000000000000000000001111111110000000000011111111110000000000000000001111111100000000
1637,1,TypeA,48900,000001111111110000000000000000000000000000000000000000000000111111111000000000000000000000000000000000001111111110000000000011111111110000000000000000001111111100000000
1638,2,TypeB,39400,000000111111110000000000000000000000000000000000000000000000000111111000000000111111110000000000000000001111111000000000000000000000000000000000011111111000000000000000
1639,3,TypeB,39400,000000111111110000000000000000000000000000000000000000000000000111111000000000111111110000000000000000001111111000000000000000000000000000000000011111111000000000000000
1640,4,TypeB,39400,000000111111110000000000000000000000000000000000000000000000000111111000000000111111110000000000000000001111111000000000000000000000000000000000011111111000000000000000
1641,5,TypeB,39400,000000111111110000000000000000000000000000000000000000000000000111111000000000111111110000000000000000001111111000000000000000000000000000000000011111111000000000000000
1642,6,TypeC,27600,000000000000000001111100000000000000000000000000000000000000000111111000000000000000000000000000000000000000000000000000111111000000000000000000011111100000000001111000
1643,7,TypeC,27600,000000000000000001111100000000000000000000000000000000000000000111111000000000000000000000000000000000000000000000000000111111000000000000000000011111100000000001111000
1644,8,TypeC,27600,000000000000000001111100000000000000000000000000000000000000000111111000000000000000000000000000000000000000000000000000111111000000000000000000011111100000000001111000
1645,9,TypeC,27600,000000000000000001111100000000000000000000000000000000000000000111111000000000000000000000000000000000000000000000000000111111000000000000000000011111100000000001111000
1646,0,TypeA,47300,000000111111111000000000000000000000000000000000000000000000111111111000000000000000000000000000000000001111111110000000000001111111110000000000000000001111111100000000
1647,1,TypeA,47300,000000111111111000000000000000000000000000000000000000000000111111111000000000000000000000000000000000001111111110000000000001111111110000000000000000001111111100000000
1648,2,TypeB,36400,000000000000011111000000000000000000000000000000000000011111110000000000000000111111110000000000000000001111110000000000000000000000000000000000000000001111111100000000
1649,3,TypeB,36400,000000000000011111000000000000000000000000000000000000011111110000000000000000111111110000000000000000001111110000000000000000000000000000000000000000001111111100000000
1650,4,TypeB,36400,000000000000011111000000000000000000000000000000000000011111110000000000000000111111110000000000000000001111110000000000000000000000000000000000000000001111111100000000
1651,5,TypeB,36400,000000000000011111000000000000000000000000000000000000011111110000000000000000111111110000000000000000001111110000000000000000000000000000000000000000001111111100000000
1652,6,TypeC,29000,000000000000000000000000000000000000000000001111110000000000000000000000000000000000000000000000000000001111110000000000000111111000000000001110000000000001111100000000
1653,7,TypeC,29000,000000000000000000000000000000000000000000001111110000000000000000000000000000000000000000000000000000001111110000000000000111111000000000001110000000000001111100000000
1654,8,TypeC,29000,000000000000000000000000000000000000000000001111110000000000000000000000000000000000000000000000000000001111110000000000000111111000000000001110000000000001111100000000
1655,9,TypeC,29000,000000000000000000000000000000000000000000001111110000000000000000000000000000000000000000000000000000001111110000000000000111111000000000001110000000000001111100000000
1656,0,TypeA,45400,000000000000000000000000000000000000000000000000000000000000111111110000000000000001111111110000000000011111111000000000000000111111110000000000000000001111111111000000
1657,1,TypeA,45400,000000000000000000000000000000000000000000000000000000000000111111110000000000000001111111110000000000011111111000000000000000111111110000000000000000001111111111000000
1658,2,TypeB,33500,000000000000000000000000000000000111110000000000000000000000111111110000000000000000011111110000000000001111111000000000000000000000011111000000000000000000000000000000
1659,3,TypeB,33500,000000000000000000000000000000000111110000000000000000000000111111110000000000000000011111110000000000001111111000000000000000000000011111000000000000000000000000000000
1660,4,TypeB,33500,000000000000000000000000000000000111110000000000000000000000111111110000000000000000011111110000000000001111111000000000000000000000011111000000000000000000000000000000
1661,5,TypeB,33500,000000000000000000000000000000000111110000000000000000000000111111110000000000000000011111110000000000001111111000000000000000000000011111000000000000000000000000000000
1662,6,TypeC,17900,000001111000000000011100000000000000000000011100000000000000000000000000000000000000000000000000000000000000000000000000000000000000111000000000000001111000000000000000
1663,7,TypeC,17900,000001111000000000011100000000000000000000011100000000000000000000000000000000000000000000000000000000000000000000000000000000000000111000000000000001111000000000000000
1664,8,TypeC,17900,000001111000000000011100000000000000000000011100000000000000000000000000000000000000000000000000000000000000000000000000000000000000111000000000000001111000000000000000
1665,9,TypeC,17900,000001111000000000011100000000000000000000011100000000000000000000000000000000000000000000000000000000000000000000000000000000000000111000000000000001111000000000000000
1666,0,TypeA,50000,000001111111111000000000000000001111111110000000000000000000000000000000000000001111111110000000000000000000000000000000000000111111111000000000000000001111111111000000
1667,1,TypeA,50000,000001111111111000000000000000001111111110000000000000000000000000000000000000001111111110000000000000000000000000000000000000111111111000000000000000001111111111000000
1668,2,TypeB,38400,000000001111111000000000000000001111110000000000000000000000000000000000000000001111111000000000000000000000011111111000000000111111110000000000000000000000000000000000
1669,3,TypeB,38400,000000001111111000000000000000001111110000000000000000000000000000000000000000001111111000000000000000000000011111111000000000111111110000000000000000000000000000000000
1670,4,TypeB,38400,000000001111111000000000000000001111110000000000000000000000000000000000000000001111111000000000000000000000011111111000000000111111110000000000000000000000000000000000
1671,5,TypeB,38400,000000001111111000000000000000001111110000000000000000000000000000000000000000001111111000000000000000000000011111111000000000111111110000000000000000000000000000000000
1672,6,TypeC,25200,000000000000000001111100000000000000000000000000000000000000000000000001111100000000000000000000000000000000000000000000000111111000000000001110000000000000011111000000
1673,7,TypeC,25200,000000000000000001111100000000000000000000000000000000000000000000000001111100000000000000000000000000000000000000000000000111111000000000001110000000000000011111000000
1674,8,TypeC,25200,000000000000000001111100000000000000000000000000000000000000000000000001111100000000000000000000000000000000000000000000000111111000000000001110000000000000011111000000
1675,9,TypeC,25200,000000000000000001111100000000000000000000000000000000000000000000000001111100000000000000000000000000000000000000000000000111111000000000001110000000000000011111000000
1676,0,TypeA,46400,000001111111111000000000000000000111111111000000000000000000000000000000000000000001111111100000000000000000000000000000000000111111111000000000000000001111111100000000
1677,1,TypeA,46400,000001111111111000000000000000000111111111000000000000000000000000000000000000000001111111100000000000000000000000000000000000111111111000000000000000001111111100000000
1678,2,TypeB,35000,000000111111110000000000000000000000011111000000000000000000011111111000000000000001111111100000000000000000011111100000000000000000000000000000000000000000000000000000
1679,3,TypeB,35000,000000111111110000000000000000000000011111000000000000000000011111111000000000000001111111100000000000000000011111100000000000000000000000000000000000000000000000000000
1680,4,TypeB,35000,000000111111110000000000000000000000011111000000000000000000011111111000000000000001111111100000000000000000011111100000000000000000000000000000000000000000000000000000
1681,5,TypeB,35000,000000111111110000000000000000000000011111000000000000000000011111111000000000000001111111100000000000000000011111100000000000000000000000000000000000000000000000000000
1682,6,TypeC,26400,000000000000000001111100000000000000000000000000000011111100000000000000000000000000000000000000000000000000011111100000000000000000111000000000001111000000000000000000
1683,7,TypeC,26400,000000000000000001111100000000000000000000000000000011111100000000000000000000000000000000000000000000000000011111100000000000000000111000000000001111000000000000000000
1684,8,TypeC,26400,000000000000000001111100000000000000000000000000000011111100000000000000000000000000000000000000000000000000011111100000000000000000111000000000001111000000000000000000
1685,9,TypeC,26400,000000000000000001111100000000000000000000000000000011111100000000000000000000000000000000000000000000000000011111100000000000000000111000000000001111000000000000000000
1686,0,TypeA,48700,000000000000000000000000000000000111111110000000000000000000000000000000000001111111111000000000000000001111111111000000000000111111110000000000000000001111111111000000
1687,1,TypeA,48700,000000000000000000000000000000000111111110000000000000000000000000000000000001111111111000000000000000001111111111000000000000111111110000000000000000001111111111000000
1688,2,TypeB,26500,000000000000000000000000000000000000011110000000000001111110000000000000000001111100000000000000000000000000011111000000000000000000011111000000000000000000000000000000
1689,3,TypeB,26500,000000000000000000000000000000000000011110000000000001111110000000000000000001111100000000000000000000000000011111000000000000000000011111000000000000000000000000000000
1690,4,TypeB,26500,000000000000000000000000000000000000011110000000000001111110000000000000000001111100000000000000000000000000011111000000000000000000011111000000000000000000000000000000
1691,5,TypeB,26500,000000000000000000000000000000000000011110000000000001111110000000000000000001111100000000000000000000000000011111000000000000000000011111000000000000000000000000000000
1692,6,TypeC,26200,000000000000000000000000000000000000000000000000000000000000000000000000000001111100000000000000011111000000000000000000000011111000000000000011111100000000001111000000
1693,7,TypeC,26200,000000000000000000000000000000000000000000000000000000000000000000000000000001111100000000000000011111000000000000000000000011111000000000000011111100000000001111000000
1694,8,TypeC,26200,000000000000000000000000000000000000000000000000000000000000000000000000000001111100000000000000011111000000000000000000000011111000000000000011111100000000001111000000
1695,9,TypeC,26200,000000000000000000000000000000000000000000000000000000000000000000000000000001111100000000000000011111000000000000000000000011111000000000000011111100000000001111000000
1696,0,TypeA,49100,000000000000000000000000000000000111111110000000000000000111111111100000000000000001111111110000000000000000000000000000000000000000011111111110000000000001111111111000
1697,1,TypeA,49100,000000000000000000000000000000000111111110000000000000000111111111100000000000000001111111110000000000000000000000000000000000000000011111111110000000000001111111111000
1698,2,TypeB,39400,000000011111111000000000000000000000011111111000000000000000000000000000000000000000011111110000000000000000011111100000000000000000000000000000000000001111111100000000
1699,3,TypeB,39400,000000011111111000000000000000000000011111111000000000000000000000000000000000000000011111110000000000000000011111100000000000000000000000000000000000001111111100000000
1700,4,TypeB,39400,000000011111111000000000000000000000011111111000000000000000000000000000000000000000011111110000000000000000011111100000000000000000000000000000000000001111111100000000
1701,5,TypeB,39400,000000011111111000000000000000000000011111111000000000000000000000000000000000000000011111110000000000000000011111100000000000000000000000000000000000001111111100000000
1702,6,TypeC,23000,000000000000000000000000000000000000000000000000011111000000000000000000001111100000000000000000000000000000000000000000000111111000000000001110000000000000000001111000
1703,7,TypeC,23000,000000000000000000000000000000000000000000000000011111000000000000000000001111100000000000000000000000000000000000000000000111111000000000001110000000000000000001111000
1704,8,TypeC,23000,000000000000000000000000000000000000000000000000011111000000000000000000001111100000000000000000000000000000000000000000000111111000000000001110000000000000000001111000
1705,9,TypeC,23000,000000000000000000000000000000000000000000000000011111000000000000000000001111100000000000000000000000000000000000000000000111111000000000001110000000000000000001111000
1706,0,TypeA,46700,000000000000000000000000000001111111110000000000000000000111111111000000000000000000000000000000000000000111111111100000000000111111110000000000000000000000011111111000
1707,1,TypeA,46700,000000000000000000000000000001111111110000000000000000000111111111000000000000000000000000000000000000000111111111100000000000111111110000000000000000000000011111111000
1708,2,TypeB,35400,000000000000000000000000000000011111110000000000000000000000000000000000000001111111000000000000011111000000000000111111100000000000000000000000001111111000000000000000
1709,3,TypeB,35400,000000000000000000000000000000011111110000000000000000000000000000000000000001111111000000000000011111000000000000111111100000000000000000000000001111111000000000000000
1710,4,TypeB,35400,000000000000000000000000000000011111110000000000000000000000000000000000000001111111000000000000011111000000000000111111100000000000000000000000001111111000000000000000
1711,5,TypeB,35400,000000000000000000000000000000011111110000000000000000000000000000000000000001111111000000000000011111000000000000111111100000000000000000000000001111111000000000000000
1712,6,TypeC,25200,000011111000000000000000000000000000000000000000000000000000000000000000000000000000000000000000011111000000000000001111100000000000011111000000000001111000000000000000
1713,7,TypeC,25200,000011111000000000000000000000000000000000000000000000000000000000000000000000000000000000000000011111000000000000001111100000000000011111000000000001111000000000000000
1714,8,TypeC,25200,000011111000000000000000000000000000000000000000000000000000000000000000000000000000000000000000011111000000000000001111100000000000011111000000000001111000000000000000
1715,9,TypeC,25200,000011111000000000000000000000000000000000000000000000000000000000000000000000000000000000000000011111000000000000001111100000000000011111000000000001111000000000000000
1716,0,TypeA,49600,000001111111111000000000000000000000000000000000000000000000000000000000000001111111111000000000000000000111111111100000000000111111110000000000000000001111111100000000
1717,1,TypeA,49600,000001111111111000000000000000000000000000000000000000000000000000000000000001111111111000000000000000000111111111100000000000111111110000000000000000001111111100000000
1718,2,TypeB,34500,000000000000011111000000000000000000011111111000000000000000000001111111100000000000000000000000000000011111110000000000000000000000011111000000000000000000000000000000
1719,3,TypeB,34500,000000000000011111000000000000000000011111111000000000000000000001111111100000000000000000000000000000011111110000000000000000000000011111000000000000000000000000000000
1720,4,TypeB,34500,000000000000011111000000000000000000011111111000000000000000000001111111100000000000000000000000000000011111110000000000000000000000011111000000000000000000000000000000
1721,5,TypeB,34500,000000000000011111000000000000000000011111111000000000000000000001111111100000000000000000000000000000011111110000000000000000000000011111000000000000000000000000000000
1722,6,TypeC,23600,000001111000000000000000000001111110000000000000011100000000000000011111100000000000000000000000000000000000000000000000111100000000000000000000000000000000000000000000
1723,7,TypeC,23600,000001111000000000000000000001111110000000000000011100000000000000011111100000000000000000000000000000000000000000000000111100000000000000000000000000000000000000000000
1724,8,TypeC,23600,000001111000000000000000000001111110000000000000011100000000000000011111100000000000000000000000000000000000000000000000111100000000000000000000000000000000000000000000
1725,9,TypeC,23600,000001111000000000000000000001111110000000000000011100000000000000011111100000000000000000000000000000000000000000000000111100000000000000000000000000000000000000000000
1726,0,TypeA,42900,000000000000000000000000000000000111111110000000000000000111111111000000000000000000000000000000000000000011111111100000000000000000011111111000000000001111111100000000
1727,1,TypeA,42900,000000000000000000000000000000000111111110000000000000000111111111000000000000000000000000000000000000000011111111100000000000000000011111111000000000001111111100000000
1728,2,TypeB,40400,111111100000000000000000000000000111111110000000000000000000011111111000000000000000000000000000000000000011111110000000000000000000011111111000000000000000000000000000
1729,3,TypeB,40400,111111100000000000000000000000000111111110000000000000000000011111111000000000000000000000000000000000000011111110000000000000000000011111111000000000000000000000000000
1730,4,TypeB,40400,111111100000000000000000000000000111111110000000000000000000011111111000000000000000000000000000000000000011111110000000000000000000011111111000000000000000000000000000
1731,5,TypeB,40400,111111100000000000000000000000000111111110000000000000000000011111111000000000000000000000000000000000000011111110000000000000000000011111111000000000000000000000000000
1732,6,TypeC,21800,000000000000000000000000000000000000000000000000000001111100000000000000000011100000000000000000000001111110000000000000000000000000111000000000011100000000000000000000
1733,7,TypeC,21800,000000000000000000000000000000000000000000000000000001111100000000000000000011100000000000000000000001111110000000000000000000000000111000000000011100000000000000000000
1734,8,TypeC,21800,000000000000000000000000000000000000000000000000000001111100000000000000000011100000000000000000000001111110000000000000000000000000111000000000011100000000000000000000
1735,9,TypeC,21800,000000000000000000000000000000000000000000000000000001111100000000000000000011100000000000000000000001111110000000000000000000000000111000000000011100000000000000000000
1736,0,TypeA,49600,000001111111111000000000000001111111110000000000000000000111111111000000000000000000000000000000000000000000000000000000000000000000011111111000000000000001111111111000
1737,1,TypeA,49600,000001111111111000000000000001111111110000000000000000000111111111000000000000000000000000000000000000000000000000000000000000000000011111111000000000000001111111111000
1738,2,TypeB,35000,000000000000001111111100000000000111111110000000000000000000000111111000000000000000011111100000000000011111110000000000000000000000000000000000000000000000000000000000
1739,3,TypeB,35000,000000000000001111111100000000000111111110000000000000000000000111111000000000000000011111100000000000011111110000000000000000000000000000000000000000000000000000000000
1740,4,TypeB,35000,000000000000001111111100000000000111111110000000000000000000000111111000000000000000011111100000000000011111110000000000000000000000000000000000000000000000000000000000
1741,5,TypeB,35000,000000000000001111111100000000000111111110000000000000000000000111111000000000000000011111100000000000011111110000000000000000000000000000000000000000000000000000000000
1742,6,TypeC,24800,000000000000000001111100000000000000000000000000000000011100000000000000000000000000000000000000000000000000000000000000000011111000000000001111100000000001111100000000
1743,7,TypeC,24800,000000000000000001111100000000000000000000000000000000011100000000000000000000000000000000000000000000000000000000000000000011111000000000001111100000000001111100000000
1744,8,TypeC,24800,000000000000000001111100000000000000000000000000000000011100000000000000000000000000000000000000000000000000000000000000000011111000000000001111100000000001111100000000
1745,9,TypeC,24800,000000000000000001111100000000000000000000000000000000011100000000000000000000000000000000000000000000000000000000000000000011111000000000001111100000000001111100000000
1746,0,TypeA,48300,000000000000011111111100000000000111111110000000000000000000000000000000000000000000000000000000000001111111110000000000000000111111111000000000000000001111111111000000
1747,1,TypeA,48300,000000000000011111111100000000000111111110000000000000000000000000000000000000000000000000000000000001111111110000000000000000111111111000000000000000001111111111000000
1748,2,TypeB,39100,000000111111110000000000000000000111111110000000000000000111111100000000000000000000000000000000000000000000011111110000000000000000000000000000000000001111111000000000
1749,3,TypeB,39100,000000111111110000000000000000000111111110000000000000000111111100000000000000000000000000000000000000000000011111110000000000000000000000000000000000001111111000000000
1750,4,TypeB,39100,000000111111110000000000000000000111111110000000000000000111111100000000000000000000000000000000000000000000011111110000000000000000000000000000000000001111111000000000
1751,5,TypeB,39100,000000111111110000000000000000000111111110000000000000000111111100000000000000000000000000000000000000000000011111110000000000000000000000000000000000001111111000000000
1752,6,TypeC,24900,000000000000000000000000000001111100000000000000000000000000000000000000000000000000000000000000000001111110000000000000111110000000000000000000111100000000000001111000
1753,7,TypeC,24900,000000000000000000000000000001111100000000000000000000000000000000000000000000000000000000000000000001111110000000000000111110000000000000000000111100000000000001111000
1754,8,TypeC,24900,000000000000000000000000000001111100000000000000000000000000000000000000000000000000000000000000000001111110000000000000111110000000000000000000111100000000000001111000
1755,9,TypeC,24900,000000000000000000000000000001111100000000000000000000000000000000000000000000000000000000000000000001111110000000000000111110000000000000000000111100000000000001111000
1756,0,TypeA,45400,000000111111111000000000000000000111111110000000000000000000000000000000000000000000000000000000000000000000011111111000000000000000011111111000000000001111111111000000
1757,1,TypeA,45400,000000111111111000000000000000000111111110000000000000000000000000000000000000000000000000000000000000000000011111111000000000000000011111111000000000001111111111000000
1758,2,TypeB,36000,111111100000000000000000000000011111110000000000000000000000011111111000000000000000011111100000000000000000011111111000000000000000000000000000000000000000000000000000
1759,3,TypeB,36000,111111100000000000000000000000011111110000000000000000000000011111111000000000000000011111100000000000000000011111111000000000000000000000000000000000000000000000000000
1760,4,TypeB,36000,111111100000000000000000000000011111110000000000000000000000011111111000000000000000011111100000000000000000011111111000000000000000000000000000000000000000000000000000
1761,5,TypeB,36000,111111100000000000000000000000011111110000000000000000000000011111111000000000000000011111100000000000000000011111111000000000000000000000000000000000000000000000000000
1762,6,TypeC,24600,111000000000000000000000000001111110000000000000011111000000000000000000000000000000000000000000000000000000000000000000111111000000000000000000111100000000000000000000
1763,7,TypeC,24600,111000000000000000000000000001111110000000000000011111000000000000000000000000000000000000000000000000000000000000000000111111000000000000000000111100000000000000000000
1764,8,TypeC,24600,111000000000000000000000000001111110000000000000011111000000000000000000000000000000000000000000000000000000000000000000111111000000000000000000111100000000000000000000
1765,9,TypeC,24600,111000000000000000000000000001111110000000000000011111000000000000000000000000000000000000000000000000000000000000000000111111000000000000000000111100000000000000000000
1766,0,TypeA,46700,000000000000011111111100000000000011111111000000000000000000111111111000000000000000000000000000000000000000000000000000000000000000011111111000000000000001111111111000
1767,1,TypeA,46700,000000000000011111111100000000000011111111000000000000000000111111111000000000000000000000000000000000000000000000000000000000000000011111111000000000000001111111111000
1768,2,TypeB,31200,000000000011111000000000000000000011111111000000000000000000000000000000000000001111111000000000000000001111110000000000000000000000011110000000000000000000000000000000
1769,3,TypeB,31200,000000000011111000000000000000000011111111000000000000000000000000000000000000001111111000000000000000001111110000000000000000000000011110000000000000000000000000000000
1770,4,TypeB,31200,000000000011111000000000000000000011111111000000000000000000000000000000000000001111111000000000000000001111110000000000000000000000011110000000000000000000000000000000
1771,5,TypeB,31200,000000000011111000000000000000000011111111000000000000000000000000000000000000001111111000000000000000001111110000000000000000000000011110000000000000000000000000000000
1772,6,TypeC,24100,000011110000000000000000000001111110000000000000000001110000000000000000000001111100000000000000000000000000000000000000000000000000011110000000000000000000000000000000
1773,7,TypeC,24100,000011110000000000000000000001111110000000000000000001110000000000000000000001111100000000000000000000000000000000000000000000000000011110000000000000000000000000000000
1774,8,TypeC,24100,000011110000000000000000000001111110000000000000000001110000000000000000000001111100000000000000000000000000000000000000000000000000011110000000000000000000000000000000
1775,9,TypeC,24100,000011110000000000000000000001111110000000000000000001110000000000000000000001111100000000000000000000000000000000000000000000000000011110000000000000000000000000000000
1776,0,TypeA,45200,000000000011111111000000000000000111111110000000000000000000000000000000000000000111111111100000000000000000000000000000000000000000011111111000000000000001111111111000
1777,1,TypeA,45200,000000000011111111000000000000000111111110000000000000000000000000000000000000000111111111100000000000000000000000000000000000000000011111111000000000000001111111111000
1778,2,TypeB,28500,000000000011111000000000000001111110000000000000000000000000000000000000000000001111111000000000000000000000011110000000000000000000011111000000000000000000000000000000
1779,3,TypeB,28500,000000000011111000000000000001111110000000000000000000000000000000000000000000001111111000000000000000000000011110000000000000000000011111000000000000000000000000000000
1780,4,TypeB,28500,000000000011111000000000000001111110000000000000000000000000000000000000000000001111111000000000000000000000011110000000000000000000011111000000000000000000000000000000
1781,5,TypeB,28500,000000000011111000000000000001111110000000000000000000000000000000000000000000001111111000000000000000000000011110000000000000000000011111000000000000000000000000000000
1782,6,TypeC,23900,000000000000000001111100000000000000000000000000000000000000000000111111000000000000000000000000011111000000000000000000000000000001110000000000111100000000000000000000
1783,7,TypeC,23900,000000000000000001111100000000000000000000000000000000000000000000111111000000000000000000000000011111000000000000000000000000000001110000000000111100000000000000000000
1784,8,TypeC,23900,000000000000000001111100000000000000000000000000000000000000000000111111000000000000000000000000011111000000000000000000000000000001110000000000111100000000000000000000
1785,9,TypeC,23900,000000000000000001111100000000000000000000000000000000000000000000111111000000000000000000000000011111000000000000000000000000000001110000000000111100000000000000000000
1786,0,TypeA,49300,000000000000011111111100000000000111111110000000000000011111111100000000000000000000000000000000000000000000000000000000000000000000011111111110000000000001111111111000
1787,1,TypeA,49300,000000000000011111111100000000000111111110000000000000011111111100000000000000000000000000000000000000000000000000000000000000000000011111111110000000000001111111111000
1788,2,TypeB,33000,000000000000011111000000000000000111111110000000000000000111111100000000000000001111111000000000000000001111110000000000000000000000000000000000000000000000000000000000
1789,3,TypeB,33000,000000000000011111000000000000000111111110000000000000000111111100000000000000001111111000000000000000001111110000000000000000000000000000000000000000000000000000000000
1790,4,TypeB,33000,000000000000011111000000000000000111111110000000000000000111111100000000000000001111111000000000000000001111110000000000000000000000000000000000000000000000000000000000
1791,5,TypeB,33000,000000000000011111000000000000000111111110000000000000000111111100000000000000001111111000000000000000001111110000000000000000000000000000000000000000000000000000000000
1792,6,TypeC,24100,000000000000000001111100000000000000011110000000000000000000000000000000111111000000000000000000000000000000000000000000000000000001110000000000111100000000000000000000
1793,7,TypeC,24100,000000000000000001111100000000000000011110000000000000000000000000000000111111000000000000000000000000000000000000000000000000000001110000000000111100000000000000000000
1794,8,TypeC,24100,000000000000000001111100000000000000011110000000000000000000000000000000111111000000000000000000000000000000000000000000000000000001110000000000111100000000000000000000
1795,9,TypeC,24100,000000000000000001111100000000000000011110000000000000000000000000000000111111000000000000000000000000000000000000000000000000000001110000000000111100000000000000000000
1796,0,TypeA,47400,000000000000000000000000000000011111111100000000000000011111111110000000000000000000000000000000000000000111111110000000000000000000011111111000000000000001111111111000
1797,1,TypeA,47400,000000000000000000000000000000011111111100000000000000011111111110000000000000000000000000000000000000000111111110000000000000000000011111111000000000000001111111111000
1798,2,TypeB,32000,000000000000011111000000000000000111111100000000011111110000000000000000000000000000000011111100000000000011111110000000000000000000000000000000000000000000000000000000
1799,3,TypeB,32000,000000000000011111000000000000000111111100000000011111110000000000000000000000000000000011111100000000000011111110000000000000000000000000000000000000000000000000000000
1800,4,TypeB,32000,000000000000011111000000000000000111111100000000011111110000000000000000000000000000000011111100000000000011111110000000000000000000000000000000000000000000000000000000
1801,5,TypeB,32000,000000000000011111000000000000000111111100000000011111110000000000000000000000000000000011111100000000000011111110000000000000000000000000000000000000000000000000000000
1802,6,TypeC,18900,000000000000000001111100000000000000011100000000000000000000000000000000000000000000000000000000000000000000000000000000000000111000000000000000011100000000000001111000
1803,7,TypeC,18900,000000000000000001111100000000000000011100000000000000000000000000000000000000000000000000000000000000000000000000000000000000111000000000000000011100000000000001111000
1804,8,TypeC,18900,000000000000000001111100000000000000011100000000000000000000000000000000000000000000000000000000000000000000000000000000000000111000000000000000011100000000000001111000
1805,9,TypeC,18900,000000000000000001111100000000000000011100000000000000000000000000000000000000000000000000000000000000000000000000000000000000111000000000000000011100000000000001111000
1806,0,TypeA,45700,000000000000000000000000000001111111110000000000000000011111111110000000000000000000000000000000000000000111111110000000000000000000011111111000000000001111111100000000
1807,1,TypeA,45700,000000000000000000000000000001111111110000000000000000011111111110000000000000000000000000000000000000000111111110000000000000000000011111111000000000001111111100000000
1808,2,TypeB,36400,000000111111110000000000000000000000011110000000000000000000000111111000000000000000000000000000000000000111111110000000000000000000000000000000000000001111111100000000
1809,3,TypeB,36400,000000111111110000000000000000000000011110000000000000000000000111111000000000000000000000000000000000000111111110000000000000000000000000000000000000001111111100000000
1810,4,TypeB,36400,000000111111110000000000000000000000011110000000000000000000000111111000000000000000000000000000000000000111111110000000000000000000000000000000000000001111111100000000
1811,5,TypeB,36400,000000111111110000000000000000000000011110000000000000000000000111111000000000000000000000000000000000000111111110000000000000000000000000000000000000001111111100000000
1812,6,TypeC,23000,000000000000000000000000000000000000011110000000000001111100000000000000000000000000000000000000000000000000000000000000000000111000000000001110000000000001111100000000
1813,7,TypeC,23000,000000000000000000000000000000000000011110000000000001111100000000000000000000000000000000000000000000000000000000000000000000111000000000001110000000000001111100000000
1814,8,TypeC,23000,000000000000000000000000000000000000011110000000000001111100000000000000000000000000000000000000000000000000000000000000000000111000000000001110000000000001111100000000
1815,9,TypeC,23000,000000000000000000000000000000000000011110000000000001111100000000000000000000000000000000000000000000000000000000000000000000111000000000001110000000000001111100000000
1816,0,TypeA,47300,000000000000011111111100000000000111111110000000000000000000000000000000000000000000111111111100000000000000000000000000000001111111110000000000000000001111111100000000
1817,1,TypeA,47300,000000000000011111111100000000000111111110000000000000000000000000000000000000000000111111111100000000000000000000000000000001111111110000000000000000001111111100000000
1818,2,TypeB,30000,000000000000011111000000000000000000011111110000000000011111110000000000000000000000111111100000000000000000011110000000000000000000000000000000000000000000000000000000
1819,3,TypeB,30000,000000000000011111000000000000000000011111110000000000011111110000000000000000000000111111100000000000000000011110000000000000000000000000000000000000000000000000000000
1820,4,TypeB,30000,000000000000011111000000000000000000011111110000000000011111110000000000000000000000111111100000000000000000011110000000000000000000000000000000000000000000000000000000
1821,5,TypeB,30000,000000000000011111000000000000000000011111110000000000011111110000000000000000000000111111100000000000000000011110000000000000000000000000000000000000000000000000000000
1822,6,TypeC,22200,000000000000000001111100000000000000000000000000000000000000000000000000000001111100000000000000000000000000000000000000000000000001110000000000111100000000000001111000
1823,7,TypeC,22200,000000000000000001111100000000000000000000000000000000000000000000000000000001111100000000000000000000000000000000000000000000000001110000000000111100000000000001111000
1824,8,TypeC,22200,000000000000000001111100000000000000000000000000000000000000000000000000000001111100000000000000000000000000000000000000000000000001110000000000111100000000000001111000
1825,9,TypeC,22200,000000000000000001111100000000000000000000000000000000000000000000000000000001111100000000000000000000000000000000000000000000000001110000000000111100000000000001111000
1826,0,TypeA,47400,000000000000000000000000000000000111111111000000000000000111111111000000000000000000000000000000000001111111110000000000000001111111111000000000000000000001111111100000
1827,1,TypeA,47400,000000000000000000000000000000000111111111000000000000000111111111000000000000000000000000000000000001111111110000000000000001111111111000000000000000000001111111100000
1828,2,TypeB,35100,000000111111110000000000000001111110000000000000011111110000000000000000000000000000000000000000000000000111110000000000000000000000000000000000001111111000000000000000
1829,3,TypeB,35100,000000111111110000000000000001111110000000000000011111110000000000000000000000000000000000000000000000000111110000000000000000000000000000000000001111111000000000000000
1830,4,TypeB,35100,000000111111110000000000000001111110000000000000011111110000000000000000000000000000000000000000000000000111110000000000000000000000000000000000001111111000000000000000
1831,5,TypeB,35100,000000111111110000000000000001111110000000000000011111110000000000000000000000000000000000000000000000000111110000000000000000000000000000000000001111111000000000000000
1832,6,TypeC,22900,000001111000000000000000000000000000000000000000000001111100000000000000000000000000000000000000000000000000000000000000000001111000000000001110000000000000000111111000
1833,7,TypeC,22900,000001111000000000000000000000000000000000000000000001111100000000000000000000000000000000000000000000000000000000000000000001111000000000001110000000000000000111111000
1834,8,TypeC,22900,000001111000000000000000000000000000000000000000000001111100000000000000000000000000000000000000000000000000000000000000000001111000000000001110000000000000000111111000
1835,9,TypeC,22900,000001111000000000000000000000000000000000000000000001111100000000000000000000000000000000000000000000000000000000000000000001111000000000001110000000000000000111111000
1836,0,TypeA,47700,000000111111111000000000000000000000000000000000000000000000111111111000000000000000000000000000000000000111111111100000000000111111111000000000000000001111111100000000
1837,1,TypeA,47700,000000111111111000000000000000000000000000000000000000000000111111111000000000000000000000000000000000000111111111100000000000111111111000000000000000001111111100000000
1838,2,TypeB,36000,000000001111111000000000000000011111111000000000011111110000000000000000000000000111111000000000000000000111111110000000000000000000000000000000000000000000000000000000
1839,3,TypeB,36000,000000001111111000000000000000011111111000000000011111110000000000000000000000000111111000000000000000000111111110000000000000000000000000000000000000000000000000000000
1840,4,TypeB,36000,000000001111111000000000000000011111111000000000011111110000000000000000000000000111111000000000000000000111111110000000000000000000000000000000000000000000000000000000
1841,5,TypeB,36000,000000001111111000000000000000011111111000000000011111110000000000000000000000000111111000000000000000000111111110000000000000000000000000000000000000000000000000000000
1842,6,TypeC,22500,000000000000000000000000000001111110000000000000011111000000000000000000000000000000000000000000000000000000000000000000111000000000011100000000000001111000000000000000
1843,7,TypeC,22500,000000000000000000000000000001111110000000000000011111000000000000000000000000000000000000000000000000000000000000000000111000000000011100000000000001111000000000000000
1844,8,TypeC,22500,000000000000000000000000000001111110000000000000011111000000000000000000000000000000000000000000000000000000000000000000111000000000011100000000000001111000000000000000
1845,9,TypeC,22500,000000000000000000000000000001111110000000000000011111000000000000000000000000000000000000000000000000000000000000000000111000000000011100000000000001111000000000000000
1846,0,TypeA,52800,000001111111110000000000000000000000000000000000000000000000111111111000000000000000000000000000000001111111111000000000000000000000011111111110000000000001111111111000
1847,1,TypeA,52800,000001111111110000000000000000000000000000000000000000000000111111111000000000000000000000000000000001111111111000000000000000000000011111111110000000000001111111111000
1848,2,TypeB,35100,000001111110000000000000000001111110000000000000000000011111110000000000000000000000000000000000000000000000111111100000000000000000000000000000001111111000000000000000
1849,3,TypeB,35100,000001111110000000000000000001111110000000000000000000011111110000000000000000000000000000000000000000000000111111100000000000000000000000000000001111111000000000000000
1850,4,TypeB,35100,000001111110000000000000000001111110000000000000000000011111110000000000000000000000000000000000000000000000111111100000000000000000000000000000001111111000000000000000
1851,5,TypeB,35100,000001111110000000000000000001111110000000000000000000011111110000000000000000000000000000000000000000000000111111100000000000000000000000000000001111111000000000000000
1852,6,TypeC,25100,000001111110000000000000000000000000000000000000000001110000000000000000000000000000000000000000000001111100000000000000000000000000011111000000000001111000000000000000
1853,7,TypeC,25100,000001111110000000000000000000000000000000000000000001110000000000000000000000000000000000000000000001111100000000000000000000000000011111000000000001111000000000000000
1854,8,TypeC,25100,000001111110000000000000000000000000000000000000000001110000000000000000000000000000000000000000000001111100000000000000000000000000011111000000000001111000000000000000
1855,9,TypeC,25100,000001111110000000000000000000000000000000000000000001110000000000000000000000000000000000000000000001111100000000000000000000000000011111000000000001111000000000000000
1856,0,TypeA,48200,000000000000000000000000000000000111111111000000000000000111111111100000000000000000000000000000000000000111111111100000000000000000011111111000000000000001111111111000
1857,1,TypeA,48200,000000000000000000000000000000000111111111000000000000000111111111100000000000000000000000000000000000000111111111100000000000000000011111111000000000000001111111111000
1858,2,TypeB,34000,000000000001111100000000000001111110000000000000000000011111110000000001111111100000000000000000000000000000011111111000000000000000000000000000000000000000000000000000
1859,3,TypeB,34000,000000000001111100000000000001111110000000000000000000011111110000000001111111100000000000000000000000000000011111111000000000000000000000000000000000000000000000000000
1860,4,TypeB,34000,000000000001111100000000000001111110000000000000000000011111110000000001111111100000000000000000000000000000011111111000000000000000000000000000000000000000000000000000
1861,5,TypeB,34000,000000000001111100000000000001111110000000000000000000011111110000000001111111100000000000000000000000000000011111111000000000000000000000000000000000000000000000000000
1862,6,TypeC,25100,000000000000000000000000000001111110000000000000000001111100000000000000000000000000000000000000000000000000000000000000000111110000000000001110000000000001111000000000
1863,7,TypeC,25100,000000000000000000000000000001111110000000000000000001111100000000000000000000000000000000000000000000000000000000000000000111110000000000001110000000000001111000000000
1864,8,TypeC,25100,000000000000000000000000000001111110000000000000000001111100000000000000000000000000000000000000000000000000000000000000000111110000000000001110000000000001111000000000
1865,9,TypeC,25100,000000000000000000000000000001111110000000000000000001111100000000000000000000000000000000000000000000000000000000000000000111110000000000001110000000000001111000000000
1866,0,TypeA,49500,000001111111111000000000000000000000000000000000000000000000111111111000000000000000000000000000000001111111110000000000000001111111110000000000000000001111111100000000
1867,1,TypeA,49500,000001111111111000000000000000000000000000000000000000000000111111111000000000000000000000000000000001111111110000000000000001111111110000000000000000001111111100000000
1868,2,TypeB,31000,000000000000111111000000000000000000000000000000000000000000011111111000000000000000000000000000000000000011110000000000000000001111110000000000000000000001111000000000
1869,3,TypeB,31000,000000000000111111000000000000000000000000000000000000000000011111111000000000000000000000000000000000000011110000000000000000001111110000000000000000000001111000000000
1870,4,TypeB,31000,000000000000111111000000000000000000000000000000000000000000011111111000000000000000000000000000000000000011110000000000000000001111110000000000000000000001111000000000
1871,5,TypeB,31000,000000000000111111000000000000000000000000000000000000000000011111111000000000000000000000000000000000000011110000000000000000001111110000000000000000000001111000000000
1872,6,TypeC,28700,000001111000000000000000000000000000000000000000000001111110000000000000000000000000000000000000000001111110000000000000000000001111110000000000000001111000000000000000
1873,7,TypeC,28700,000001111000000000000000000000000000000000000000000001111110000000000000000000000000000000000000000001111110000000000000000000001111110000000000000001111000000000000000
1874,8,TypeC,28700,000001111000000000000000000000000000000000000000000001111110000000000000000000000000000000000000000001111110000000000000000000001111110000000000000001111000000000000000
1875,9,TypeC,28700,000001111000000000000000000000000000000000000000000001111110000000000000000000000000000000000000000001111110000000000000000000001111110000000000000001111000000000000000
1876,0,TypeA,48700,000000001111111111000000000001111111111000000000000000000111111110000000000000000000000000000000000000000000000000000000000000011111111000000000000000000001111111111000
1877,1,TypeA,48700,000000001111111111000000000001111111111000000000000000000111111110000000000000000000000000000000000000000000000000000000000000011111111000000000000000000001111111111000
1878,2,TypeB,32000,000000001111111100000000000000000111111000000000000001111110000000000001111111100000000000000000000000000000011110000000000000000000000000000000000000000000000000000000
1879,3,TypeB,32000,000000001111111100000000000000000111111000000000000001111110000000000001111111100000000000000000000000000000011110000000000000000000000000000000000000000000000000000000
1880,4,TypeB,32000,000000001111111100000000000000000111111000000000000001111110000000000001111111100000000000000000000000000000011110000000000000000000000000000000000000000000000000000000
1881,5,TypeB,32000,000000001111111100000000000000000111111000000000000001111110000000000001111111100000000000000000000000000000011110000000000000000000000000000000000000000000000000000000
1882,6,TypeC,22600,000000000000000001111100000000000000000000000000000001111110000000000000000000000000000000000000000000000000000000000000111100000000000000000000111100000000000000111000
1883,7,TypeC,22600,000000000000000001111100000000000000000000000000000001111110000000000000000000000000000000000000000000000000000000000000111100000000000000000000111100000000000000111000
1884,8,TypeC,22600,000000000000000001111100000000000000000000000000000001111110000000000000000000000000000000000000000000000000000000000000111100000000000000000000111100000000000000111000
1885,9,TypeC,22600,000000000000000001111100000000000000000000000000000001111110000000000000000000000000000000000000000000000000000000000000111100000000000000000000111100000000000000111000
1886,0,TypeA,49000,000001111111111000000000000000000000000000000000000000000111111110000000000000000000000000000000000000000111111110000000000000000000011111111110000000000001111111111000
1887,1,TypeA,49000,000001111111111000000000000000000000000000000000000000000111111110000000000000000000000000000000000000000111111110000000000000000000011111111110000000000001111111111000
1888,2,TypeB,32200,000001111111000000000000000000011111111000000000000000000000011111111000000000000000000000000000000000000000011110000000000000000000011110000000000000000000000000000000
1889,3,TypeB,32200,000001111111000000000000000000011111111000000000000000000000011111111000000000000000000000000000000000000000011110000000000000000000011110000000000000000000000000000000
1890,4,TypeB,32200,000001111111000000000000000000011111111000000000000000000000011111111000000000000000000000000000000000000000011110000000000000000000011110000000000000000000000000000000
1891,5,TypeB,32200,000001111111000000000000000000011111111000000000000000000000011111111000000000000000000000000000000000000000011110000000000000000000011110000000000000000000000000000000
1892,6,TypeC,27800,000001111000000000000000000001111110000000000000000000000000000000011111100000000000000000000000000000000000000000000000000000000000011110000000000111111000000000000000
1893,7,TypeC,27800,000001111000000000000000000001111110000000000000000000000000000000011111100000000000000000000000000000000000000000000000000000000000011110000000000111111000000000000000
1894,8,TypeC,27800,000001111000000000000000000001111110000000000000000000000000000000011111100000000000000000000000000000000000000000000000000000000000011110000000000111111000000000000000
1895,9,TypeC,27800,000001111000000000000000000001111110000000000000000000000000000000011111100000000000000000000000000000000000000000000000000000000000011110000000000111111000000000000000
1896,0,TypeA,47300,000000011111111100000000000000000000000000000000000000000000111111111000000000000000011111111100000000000000000000000000000000111111111000000000000000001111111100000000
1897,1,TypeA,47300,000000011111111100000000000000000000000000000000000000000000111111111000000000000000011111111100000000000000000000000000000000111111111000000000000000001111111100000000
1898,2,TypeB,35500,000000011111110000000000000000011111111000000000000000000000011111111000000000000000011111100000000000000000000000000000000000000000011111000000000000000000000000000000
1899,3,TypeB,35500,000000011111110000000000000000011111111000000000000000000000011111111000000000000000011111100000000000000000000000000000000000000000011111000000000000000000000000000000
1900,4,TypeB,35500,000000011111110000000000000000011111111000000000000000000000011111111000000000000000011111100000000000000000000000000000000000000000011111000000000000000000000000000000
1901,5,TypeB,35500,000000011111110000000000000000011111111000000000000000000000011111111000000000000000011111100000000000000000000000000000000000000000011111000000000000000000000000000000
1902,6,TypeC,23100,000001111000000000000000000001110000000000000000000000000000000000011111100000000000000000000000000000000000000000000000000000000000011111000000000000000000011100000000
1903,7,TypeC,23100,000001111000000000000000000001110000000000000000000000000000000000011111100000000000000000000000000000000000000000000000000000000000011111000000000000000000011100000000
1904,8,TypeC,23100,000001111000000000000000000001110000000000000000000000000000000000011111100000000000000000000000000000000000000000000000000000000000011111000000000000000000011100000000
1905,9,TypeC,23100,000001111000000000000000000001110000000000000000000000000000000000011111100000000000000000000000000000000000000000000000000000000000011111000000000000000000011100000000
1906,0,TypeA,48300,000001111111111000000000000000000000000000000000000000000000111111111000000000000000000000000000000000000111111110000000000000111111110000000000000000000001111111111000
1907,1,TypeA,48300,000001111111111000000000000000000000000000000000000000000000111111111000000000000000000000000000000000000111111110000000000000111111110000000000000000000001111111111000
1908,2,TypeB,33000,000001111110000000000000000001111110000000000000000000011111110000000000111111100000000000000000000000000011111110000000000000000000000000000000000000000000000000000000
1909,3,TypeB,33000,000001111110000000000000000001111110000000000000000000011111110000000000111111100000000000000000000000000011111110000000000000000000000000000000000000000000000000000000
1910,4,TypeB,33000,000001111110000000000000000001111110000000000000000000011111110000000000111111100000000000000000000000000011111110000000000000000000000000000000000000000000000000000000
1911,5,TypeB,33000,000001111110000000000000000001111110000000000000000000011111110000000000111111100000000000000000000000000011111110000000000000000000000000000000000000000000000000000000
1912,6,TypeC,23900,000001111110000000000000000000000000000000000000000000011100000000000000000000000000000000111100000000000000000000000000000111111000000000000000111100000000000000000000
1913,7,TypeC,23900,000001111110000000000000000000000000000000000000000000011100000000000000000000000000000000111100000000000000000000000000000111111000000000000000111100000000000000000000
1914,8,TypeC,23900,000001111110000000000000000000000000000000000000000000011100000000000000000000000000000000111100000000000000000000000000000111111000000000000000111100000000000000000000
1915,9,TypeC,23900,000001111110000000000000000000000000000000000000000000011100000000000000000000000000000000111100000000000000000000000000000111111000000000000000111100000000000000000000
1916,0,TypeA,43800,000000000000000000000000000000000000000000000000000000000000111111111000000000000001111111100000000000001111111110000000000000011111111000000000000000001111111100000000
1917,1,TypeA,43800,000000000000000000000000000000000000000000000000000000000000111111111000000000000001111111100000000000001111111110000000000000011111111000000000000000001111111100000000
1918,2,TypeB,33500,000000000000000000000000000000011111110000000000000000011111110000000000111111100000000000000000000000000000011111100000000000000000011111000000000000000000000000000000
1919,3,TypeB,33500,000000000000000000000000000000011111110000000000000000011111110000000000111111100000000000000000000000000000011111100000000000000000011111000000000000000000000000000000
1920,4,TypeB,33500,000000000000000000000000000000011111110000000000000000011111110000000000111111100000000000000000000000000000011111100000000000000000011111000000000000000000000000000000
1921,5,TypeB,33500,000000000000000000000000000000011111110000000000000000011111110000000000111111100000000000000000000000000000011111100000000000000000011111000000000000000000000000000000
1922,6,TypeC,22500,000000000000000000001110000000000000000000000000000001111100000000000000000000000000000000111100000000000000000000000000000000000000011111000000000000000000000001111000
1923,7,TypeC,22500,000000000000000000001110000000000000000000000000000001111100000000000000000000000000000000111100000000000000000000000000000000000000011111000000000000000000000001111000
1924,8,TypeC,22500,000000000000000000001110000000000000000000000000000001111100000000000000000000000000000000111100000000000000000000000000000000000000011111000000000000000000000001111000
1925,9,TypeC,22500,000000000000000000001110000000000000000000000000000001111100000000000000000000000000000000111100000000000000000000000000000000000000011111000000000000000000000001111000
1926,0,TypeA,47600,000000000000111111111100000000000000000000000000000000000000111111111000000000000000000000000000000001111111110000000000000000000000011111111000000000001111111100000000
1927,1,TypeA,47600,000000000000111111111100000000000000000000000000000000000000111111111000000000000000000000000000000001111111110000000000000000000000011111111000000000001111111100000000
1928,2,TypeB,34200,000000000000111111110000000000000000011111110000000000011111110000000000000000000000000000000000000000000000111111100000000000000000011110000000000000000000000000000000
1929,3,TypeB,34200,000000000000111111110000000000000000011111110000000000011111110000000000000000000000000000000000000000000000111111100000000000000000011110000000000000000000000000000000
1930,4,TypeB,34200,000000000000111111110000000000000000011111110000000000011111110000000000000000000000000000000000000000000000111111100000000000000000011110000000000000000000000000000000
1931,5,TypeB,34200,000000000000111111110000000000000000011111110000000000011111110000000000000000000000000000000000000000000000111111100000000000000000011110000000000000000000000000000000
1932,6,TypeC,21500,111000000000000000011100000000000000000000000000000001111100000000000000000000000000000000000000000000000000000000000000000000000000011111000000000001111000000000000000
1933,7,TypeC,21500,111000000000000000011100000000000000000000000000000001111100000000000000000000000000000000000000000000000000000000000000000000000000011111000000000001111000000000000000
1934,8,TypeC,21500,111000000000000000011100000000000000000000000000000001111100000000000000000000000000000000000000000000000000000000000000000000000000011111000000000001111000000000000000
1935,9,TypeC,21500,111000000000000000011100000000000000000000000000000001111100000000000000000000000000000000000000000000000000000000000000000000000000011111000000000001111000000000000000
1936,0,TypeA,44800,000000000000000000000000000000000111111110000000000000000000000000000000000000000000011111111100000000000111111111100000000000011111111000000000000000001111111100000000
1937,1,TypeA,44800,000000000000000000000000000000000111111110000000000000000000000000000000000000000000011111111100000000000111111111100000000000011111111000000000000000001111111100000000
1938,2,TypeB,35500,000000000001111111000000000000000000011111111000000000000000111111110000000000000000000000000000000000000000011111100000000000000011111000000000000000000000000000000000
1939,3,TypeB,35500,000000000001111111000000000000000000011111111000000000000000111111110000000000000000000000000000000000000000011111100000000000000011111000000000000000000000000000000000
1940,4,TypeB,35500,000000000001111111000000000000000000011111111000000000000000111111110000000000000000000000000000000000000000011111100000000000000011111000000000000000000000000000000000
1941,5,TypeB,35500,000000000001111111000000000000000000011111111000000000000000111111110000000000000000000000000000000000000000011111100000000000000011111000000000000000000000000000000000
1942,6,TypeC,24300,000001111000000000000000000000000000000000000000000000000000000000000000000000000000000000000000000001111100000000000000111110000000000000000011111100000000000001111000
1943,7,TypeC,24300,000001111000000000000000000000000000000000000000000000000000000000000000000000000000000000000000000001111100000000000000111110000000000000000011111100000000000001111000
1944,8,TypeC,24300,000001111000000000000000000000000000000000000000000000000000000000000000000000000000000000000000000001111100000000000000111110000000000000000011111100000000000001111000
1945,9,TypeC,24300,000001111000000000000000000000000000000000000000000000000000000000000000000000000000000000000000000001111100000000000000111110000000000000000011111100000000000001111000
1946,0,TypeA,48700,000000001111111111000000000001111111110000000000000000000000000000000000000000000111111111100000000000000000000000000000000000111111111000000000000000001111111100000000
1947,1,TypeA,48700,000000001111111111000000000001111111110000000000000000000000000000000000000000000111111111100000000000000000000000000000000000111111111000000000000000001111111100000000
1948,2,TypeB,32500,000000000001111111000000000000000000011111111000000000011111110000000000000000000000000000000000000000000000011110000000000000000000011111000000000000000000000000000000
1949,3,TypeB,32500,000000000001111111000000000000000000011111111000000000011111110000000000000000000000000000000000000000000000011110000000000000000000011111000000000000000000000000000000
1950,4,TypeB,32500,000000000001111111000000000000000000011111111000000000011111110000000000000000000000000000000000000000000000011110000000000000000000011111000000000000000000000000000000
1951,5,TypeB,32500,000000000001111111000000000000000000011111111000000000011111110000000000000000000000000000000000000000000000011110000000000000000000011111000000000000000000000000000000
1952,6,TypeC,21900,000001111000000000000000000000000000000000000000000000000000000000000000000000000000000000000000011111000000000000000000000111111000000000001110000000000000011100000000
1953,7,TypeC,21900,000001111000000000000000000000000000000000000000000000000000000000000000000000000000000000000000011111000000000000000000000111111000000000001110000000000000011100000000
1954,8,TypeC,21900,000001111000000000000000000000000000000000000000000000000000000000000000000000000000000000000000011111000000000000000000000111111000000000001110000000000000011100000000
1955,9,TypeC,21900,000001111000000000000000000000000000000000000000000000000000000000000000000000000000000000000000011111000000000000000000000111111000000000001110000000000000011100000000
1956,0,TypeA,50200,000001111111111000000000000000000000000000000000000000000000111111111000000000000000000000000000000001111111110000000000000000000000011111111000000000000001111111111000
1957,1,TypeA,50200,000001111111111000000000000000000000000000000000000000000000111111111000000000000000000000000000000001111111110000000000000000000000011111111000000000000001111111111000
1958,2,TypeB,41100,000011111111000000000000000000011111111000000000000000000000000000000000000000000001111111100000000000000000011111111000000000000000000000001111111000000000000000000000
1959,3,TypeB,41100,000011111111000000000000000000011111111000000000000000000000000000000000000000000001111111100000000000000000011111111000000000000000000000001111111000000000000000000000
1960,4,TypeB,41100,000011111111000000000000000000011111111000000000000000000000000000000000000000000001111111100000000000000000011111111000000000000000000000001111111000000000000000000000
1961,5,TypeB,41100,000011111111000000000000000000011111111000000000000000000000000000000000000000000001111111100000000000000000011111111000000000000000000000001111111000000000000000000000
1962,6,TypeC,22600,000000000000000000000000000001111110000000000000000000000000000000001111000000000000000000000000000000000000000000000000111110000000000000001110000000000000000001111000
1963,7,TypeC,22600,000000000000000000000000000001111110000000000000000000000000000000001111000000000000000000000000000000000000000000000000111110000000000000001110000000000000000001111000
1964,8,TypeC,22600,000000000000000000000000000001111110000000000000000000000000000000001111000000000000000000000000000000000000000000000000111110000000000000001110000000000000000001111000
1965,9,TypeC,22600,000000000000000000000000000001111110000000000000000000000000000000001111000000000000000000000000000000000000000000000000111110000000000000001110000000000000000001111000
1966,0,TypeA,47300,000011111111110000000000000000000000000000000000000000000111111111000000000000111111111000000000000000000000000000000000000000011111111000000000000000001111111100000000
1967,1,TypeA,47300,000011111111110000000000000000000000000000000000000000000111111111000000000000111111111000000000000000000000000000000000000000011111111000000000000000001111111100000000
1968,2,TypeB,34000,000011111110000000000000000000000000011111111000000000000000011111111000000000000001111000000000000000011111110000000000000000000000000000000000000000000000000000000000
1969,3,TypeB,34000,000011111110000000000000000000000000011111111000000000000000011111111000000000000001111000000000000000011111110000000000000000000000000000000000000000000000000000000000
1970,4,TypeB,34000,000011111110000000000000000000000000011111111000000000000000011111111000000000000001111000000000000000011111110000000000000000000000000000000000000000000000000000000000
1971,5,TypeB,34000,000011111110000000000000000000000000011111111000000000000000011111111000000000000001111000000000000000011111110000000000000000000000000000000000000000000000000000000000
1972,6,TypeC,23000,000011111000000000000000000000000000000000000000000000000000000000011111100000000000000000000000000000000000000000000000000011111000000000001110000000000000000001111000
1973,7,TypeC,23000,000011111000000000000000000000000000000000000000000000000000000000011111100000000000000000000000000000000000000000000000000011111000000000001110000000000000000001111000
1974,8,TypeC,23000,000011111000000000000000000000000000000000000000000000000000000000011111100000000000000000000000000000000000000000000000000011111000000000001110000000000000000001111000
1975,9,TypeC,23000,000011111000000000000000000000000000000000000000000000000000000000011111100000000000000000000000000000000000000000000000000011111000000000001110000000000000000001111000
1976,0,TypeA,44400,000000001111111100000000000000011111111100000000000000000000111111111000000000000000000000000000000000000000000000000000000000011111111000000000000000001111111100000000
1977,1,TypeA,44400,000000001111111100000000000000011111111100000000000000000000111111111000000000000000000000000000000000000000000000000000000000011111111000000000000000001111111100000000
1978,2,TypeB,38000,000000001111111100000000000000011111110000000000000000011111110000000000000000000001111111100000000000000000011111111000000000000000000000000000000000000000000000000000
1979,3,TypeB,38000,000000001111111100000000000000011111110000000000000000011111110000000000000000000001111111100000000000000000011111111000000000000000000000000000000000000000000000000000
1980,4,TypeB,38000,000000001111111100000000000000011111110000000000000000011111110000000000000000000001111111100000000000000000011111111000000000000000000000000000000000000000000000000000
1981,5,TypeB,38000,000000001111111100000000000000011111110000000000000000011111110000000000000000000001111111100000000000000000011111111000000000000000000000000000000000000000000000000000
1982,6,TypeC,21200,000000000000011100000000000000000000000000000000000000000000000000000000000000000000000000000000011111000000000000000000000000011100000000001111100000000000000001111000
1983,7,TypeC,21200,000000000000011100000000000000000000000000000000000000000000000000000000000000000000000000000000011111000000000000000000000000011100000000001111100000000000000001111000
1984,8,TypeC,21200,000000000000011100000000000000000000000000000000000000000000000000000000000000000000000000000000011111000000000000000000000000011100000000001111100000000000000001111000
1985,9,TypeC,21200,000000000000011100000000000000000000000000000000000000000000000000000000000000000000000000000000011111000000000000000000000000011100000000001111100000000000000001111000
1986,0,TypeA,45000,000000111111111000000000000000000000111111110000000000000000000000000000000000000000011111111100000000000000000000000000000000000000011111111000000000001111111100000000
1987,1,TypeA,45000,000000111111111000000000000000000000111111110000000000000000000000000000000000000000011111111100000000000000000000000000000000000000011111111000000000001111111100000000
1988,2,TypeB,37100,000000111111110000000000000000000000111111110000000000000000011111111000000000000000000000000000000000000000011110000000000000000000000000000000000001111111000000000000
1989,3,TypeB,37100,000000111111110000000000000000000000111111110000000000000000011111111000000000000000000000000000000000000000011110000000000000000000000000000000000001111111000000000000
1990,4,TypeB,37100,000000111111110000000000000000000000111111110000000000000000011111111000000000000000000000000000000000000000011110000000000000000000000000000000000001111111000000000000
1991,5,TypeB,37100,000000111111110000000000000000000000111111110000000000000000011111111000000000000000000000000000000000000000011110000000000000000000000000000000000001111111000000000000
1992,6,TypeC,29100,000011111000000000000000000000000000000000000000000000000000000111111000000000000000000000000000000000000000000000000000000111111000000000001111100000000001111100000000
1993,7,TypeC,29100,000011111000000000000000000000000000000000000000000000000000000111111000000000000000000000000000000000000000000000000000000111111000000000001111100000000001111100000000
1994,8,TypeC,29100,000011111000000000000000000000000000000000000000000000000000000111111000000000000000000000000000000000000000000000000000000111111000000000001111100000000001111100000000
1995,9,TypeC,29100,000011111000000000000000000000000000000000000000000000000000000111111000000000000000000000000000000000000000000000000000000111111000000000001111100000000001111100000000
1996,0,TypeA,49000,000001111111111000000000000000000000000000000000000000011111111100000000000000000000000000000000000000001111111110000000000000000000011111111000000000001111111111000000
1997,1,TypeA,49000,000001111111111000000000000000000000000000000000000000011111111100000000000000000000000000000000000000001111111110000000000000000000011111111000000000001111111111000000
1998,2,TypeB,35600,000001111111000000000000000000000000000000000000000000000000000000111111100000000000000000000000000000001111110000000000000000000000011111111000000000001111000000000000
1999,3,TypeB,35600,000001111111000000000000000000000000000000000000000000000000000000111111100000000000000000000000000000001111110000000000000000000000011111111000000000001111000000000000
2000,4,TypeB,35600,000001111111000000000000000000000000000000000000000000000000000000111111100000000000000000000000000000001111110000000000000000000000011111111000000000001111000000000000
2001,5,TypeB,35600,000001111111000000000000000000000000000000000000000000000000000000111111100000000000000000000000000000001111110000000000000000000000011111111000000000001111000000000000
2002,6,TypeC,20900,000000000000000000000000000000000000000000000000000000000000000000000001110000000000000000000000011111000000000000000000111100000000000001111000000000001111000000000000
2003,7,TypeC,20900,000000000000000000000000000000000000000000000000000000000000000000000001110000000000000000000000011111000000000000000000111100000000000001111000000000001111000000000000
2004,8,TypeC,20900,000000000000000000000000000000000000000000000000000000000000000000000001110000000000000000000000011111000000000000000000111100000000000001111000000000001111000000000000
2005,9,TypeC,20900,000000000000000000000000000000000000000000000000000000000000000000000001110000000000000000000000011111000000000000000000111100000000000001111000000000001111000000000000
2006,0,TypeA,43700,000001111111110000000000000000000111111110000000000000000000000000000000000000000000000000000000000000000000011111111000000000000000011111111000000000001111111100000000
2007,1,TypeA,43700,000001111111110000000000000000000111111110000000000000000000000000000000000000000000000000000000000000000000011111111000000000000000011111111000000000001111111100000000
2008,2,TypeB,40400,000000111111110000000000000000000000011111110000000000000111111100000000000000000000000000000000000000000000011111111000000000111111110000000000000000000000000000000000
2009,3,TypeB,40400,000000111111110000000000000000000000011111110000000000000111111100000000000000000000000000000000000000000000011111111000000000111111110000000000000000000000000000000000
2010,4,TypeB,40400,000000111111110000000000000000000000011111110000000000000111111100000000000000000000000000000000000000000000011111111000000000111111110000000000000000000000000000000000
2011,5,TypeB,40400,000000111111110000000000000000000000011111110000000000000111111100000000000000000000000000000000000000000000011111111000000000111111110000000000000000000000000000000000
2012,6,TypeC,23300,000000000000000000000000000000000000000000000000000000000000000000011111100000000000000000000000011111000000000000000000000001111100000000000000111000000000000001111000
2013,7,TypeC,23300,000000000000000000000000000000000000000000000000000000000000000000011111100000000000000000000000011111000000000000000000000001111100000000000000111000000000000001111000
2014,8,TypeC,23300,000000000000000000000000000000000000000000000000000000000000000000011111100000000000000000000000011111000000000000000000000001111100000000000000111000000000000001111000
2015,9,TypeC,23300,000000000000000000000000000000000000000000000000000000000000000000011111100000000000000000000000011111000000000000000000000001111100000000000000111000000000000001111000
2016,0,TypeA,43500,000000000000000000000000000000000111111110000000000000000000011111111000000000000000000000000000000000000111111111100000000000000000011111111000000000001111111100000000
2017,1,TypeA,43500,000000000000000000000000000000000111111110000000000000000000011111111000000000000000000000000000000000000111111111100000000000000000011111111000000000001111111100000000
2018,2,TypeB,33000,000000111111110000000000000000000111111100000000000001111100000000000001111111100000000000000000000001111100000000000000000000000000000000000000000000000000000000000000
2019,3,TypeB,33000,000000111111110000000000000000000111111100000000000001111100000000000001111111100000000000000000000001111100000000000000000000000000000000000000000000000000000000000000
2020,4,TypeB,33000,000000111111110000000000000000000111111100000000000001111100000000000001111111100000000000000000000001111100000000000000000000000000000000000000000000000000000000000000
2021,5,TypeB,33000,000000111111110000000000000000000111111100000000000001111100000000000001111111100000000000000000000001111100000000000000000000000000000000000000000000000000000000000000
2022,6,TypeC,23600,000000000000000000000000000000000000000000000000000000011100000000001111100000000000000000000000000001111100000000000000000111111000000000000000000001111000000000000000
2023,7,TypeC,23600,000000000000000000000000000000000000000000000000000000011100000000001111100000000000000000000000000001111100000000000000000111111000000000000000000001111000000000000000
2024,8,TypeC,23600,000000000000000000000000000000000000000000000000000000011100000000001111100000000000000000000000000001111100000000000000000111111000000000000000000001111000000000000000
2025,9,TypeC,23600,000000000000000000000000000000000000000000000000000000011100000000001111100000000000000000000000000001111100000000000000000111111000000000000000000001111000000000000000
2026,0,TypeA,47700,000000000000000000000000000000000000000000000000000000000111111111100000000000000000011111111100000000000000011111111000000000000000011111111000000000000001111111111000
2027,1,TypeA,47700,000000000000000000000000000000000000000000000000000000000111111111100000000000000000011111111100000000000000011111111000000000000000011111111000000000000001111111111000
2028,2,TypeB,35200,000000000000111111000000000000000000011111111000000000000000000000000001111111100000000000000000000000000000011111111000000000000000011110000000000000000000000000000000
2029,3,TypeB,35200,000000000000111111000000000000000000011111111000000000000000000000000001111111100000000000000000000000000000011111111000000000000000011110000000000000000000000000000000
2030,4,TypeB,35200,000000000000111111000000000000000000011111111000000000000000000000000001111111100000000000000000000000000000011111111000000000000000011110000000000000000000000000000000
2031,5,TypeB,35200,000000000000111111000000000000000000011111111000000000000000000000000001111111100000000000000000000000000000011111111000000000000000011110000000000000000000000000000000
2032,6,TypeC,19300,000000000000000000000000000000000000000000000000000000011100000000000001110000000000000000000000000000000000000000000000111110000000000000001111100000000000000000111000
2033,7,TypeC,19300,000000000000000000000000000000000000000000000000000000011100000000000001110000000000000000000000000000000000000000000000111110000000000000001111100000000000000000111000
2034,8,TypeC,19300,000000000000000000000000000000000000000000000000000000011100000000000001110000000000000000000000000000000000000000000000111110000000000000001111100000000000000000111000
2035,9,TypeC,19300,000000000000000000000000000000000000000000000000000000011100000000000001110000000000000000000000000000000000000000000000111110000000000000001111100000000000000000111000
2036,0,TypeA,45900,000000000111111111000000000000000000000000000000000000000111111110000000000000000000000000000000000000000111111111100000000000000000011111111000000000001111111111000000
2037,1,TypeA,45900,000000000111111111000000000000000000000000000000000000000111111110000000000000000000000000000000000000000111111111100000000000000000011111111000000000001111111111000000
2038,2,TypeB,29000,000000000000011111000000000000000000011111111000000000000111111100000000000000111100000000000000000000000111110000000000000000000000000000000000000000000000000000000000
2039,3,TypeB,29000,000000000000011111000000000000000000011111111000000000000111111100000000000000111100000000000000000000000111110000000000000000000000000000000000000000000000000000000000
2040,4,TypeB,29000,000000000000011111000000000000000000011111111000000000000111111100000000000000111100000000000000000000000111110000000000000000000000000000000000000000000000000000000000
2041,5,TypeB,29000,000000000000011111000000000000000000011111111000000000000111111100000000000000111100000000000000000000000111110000000000000000000000000000000000000000000000000000000000
2042,6,TypeC,24100,000000000000000000000000000000000000000000000000000001111100000000000000000000111100000000000000000001111110000000000000000000000000011100000000000001111000000000000000
2043,7,TypeC,24100,000000000000000000000000000000000000000000000000000001111100000000000000000000111100000000000000000001111110000000000000000000000000011100000000000001111000000000000000
2044,8,TypeC,24100,000000000000000000000000000000000000000000000000000001111100000000000000000000111100000000000000000001111110000000000000000000000000011100000000000001111000000000000000
2045,9,TypeC,24100,000000000000000000000000000000000000000000000000000001111100000000000000000000111100000000000000000001111110000000000000000000000000011100000000000001111000000000000000
2046,0,TypeA,50200,000000000000000000000000000001111111110000000000000000000000111111111000000000000000011111111100000000000000000000000000000000111111111000000000000000000001111111111000
2047,1,TypeA,50200,000000000000000000000000000001111111110000000000000000000000111111111000000000000000011111111100000000000000000000000000000000111111111000000000000000000001111111111000
2048,2,TypeB,37300,000000000000000000000000000000000000011111111000000000000000000000000001111111100000000000000000000000001111111000000000000000000011110000000000001111111000000000000000
2049,3,TypeB,37300,000000000000000000000000000000000000011111111000000000000000000000000001111111100000000000000000000000001111111000000000000000000011110000000000001111111000000000000000
2050,4,TypeB,37300,000000000000000000000000000000000000011111111000000000000000000000000001111111100000000000000000000000001111111000000000000000000011110000000000001111111000000000000000
2051,5,TypeB,37300,000000000000000000000000000000000000011111111000000000000000000000000001111111100000000000000000000000001111111000000000000000000011110000000000001111111000000000000000
2052,6,TypeC,23200,000000000000000000000000000000000000000000000000000000000000000000011111100000000000000000000111110000000000000000000000000000000011110000000000111000000000000001111000
2053,7,TypeC,23200,000000000000000000000000000000000000000000000000000000000000000000011111100000000000000000000111110000000000000000000000000000000011110000000000111000000000000001111000
2054,8,TypeC,23200,000000000000000000000000000000000000000000000000000000000000000000011111100000000000000000000111110000000000000000000000000000000011110000000000111000000000000001111000
2055,9,TypeC,23200,000000000000000000000000000000000000000000000000000000000000000000011111100000000000000000000111110000000000000000000000000000000011110000000000111000000000000001111000
2056,0,TypeA,45600,000000000000000000000000000001111111110000000000000000000000000000000000000000000000011111111100000000000000011111111000000000000000011111111000000000001111111100000000
2057,1,TypeA,45600,000000000000000000000000000001111111110000000000000000000000000000000000000000000000011111111100000000000000011111111000000000000000011111111000000000001111111100000000
2058,2,TypeB,36000,000000111111110000000000000001111111000000000000000001111100000000000001111111100000000000000000000000000000011111111000000000000000000000000000000000000000000000000000
2059,3,TypeB,36000,000000111111110000000000000001111111000000000000000001111100000000000001111111100000000000000000000000000000011111111000000000000000000000000000000000000000000000000000
2060,4,TypeB,36000,000000111111110000000000000001111111000000000000000001111100000000000001111111100000000000000000000000000000011111111000000000000000000000000000000000000000000000000000
2061,5,TypeB,36000,000000111111110000000000000001111111000000000000000001111100000000000001111111100000000000000000000000000000011111111000000000000000000000000000000000000000000000000000
2062,6,TypeC,28000,000000000000000000000000000000000000000000001111110000000000000000011111100000000000000000000000000000000000000000000000000111111000000000000000111111000000000001111000
2063,7,TypeC,28000,000000000000000000000000000000000000000000001111110000000000000000011111100000000000000000000000000000000000000000000000000111111000000000000000111111000000000001111000
2064,8,TypeC,28000,000000000000000000000000000000000000000000001111110000000000000000011111100000000000000000000000000000000000000000000000000111111000000000000000111111000000000001111000
2065,9,TypeC,28000,000000000000000000000000000000000000000000001111110000000000000000011111100000000000000000000000000000000000000000000000000111111000000000000000111111000000000001111000
2066,0,TypeA,47400,000000000000000000000000000000000000111111111000000000000111111111000000000000000000011111111100000000000000000000000000000000000000011111111000000000001111111111000000
2067,1,TypeA,47400,000000000000000000000000000000000000111111111000000000000111111111000000000000000000011111111100000000000000000000000000000000000000011111111000000000001111111111000000
2068,2,TypeB,37100,000000111111110000000000000000000000011111111000000000000000000000000001111111100000000000000000000000000000011110000000000000000000000000000000000000000000001111111000
2069,3,TypeB,37100,000000111111110000000000000000000000011111111000000000000000000000000001111111100000000000000000000000000000011110000000000000000000000000000000000000000000001111111000
2070,4,TypeB,37100,000000111111110000000000000000000000011111111000000000000000000000000001111111100000000000000000000000000000011110000000000000000000000000000000000000000000001111111000
2071,5,TypeB,37100,000000111111110000000000000000000000011111111000000000000000000000000001111111100000000000000000000000000000011110000000000000000000000000000000000000000000001111111000
2072,6,TypeC,20900,000001111000000000000000000000000000000000000000000000000000000000011111000000000000000000000000000000000000000000000000000000111000000000000000111100000000001111000000
2073,7,TypeC,20900,000001111000000000000000000000000000000000000000000000000000000000011111000000000000000000000000000000000000000000000000000000111000000000000000111100000000001111000000
2074,8,TypeC,20900,000001111000000000000000000000000000000000000000000000000000000000011111000000000000000000000000000000000000000000000000000000111000000000000000111100000000001111000000
2075,9,TypeC,20900,000001111000000000000000000000000000000000000000000000000000000000011111000000000000000000000000000000000000000000000000000000111000000000000000111100000000001111000000
2076,0,TypeA,52900,000000001111111111000000000001111111111000000000000000000000000000000000000000000000011111111100000000000000000000000000000000000000111111111100000000000001111111111000
2077,1,TypeA,52900,000000001111111111000000000001111111111000000000000000000000000000000000000000000000011111111100000000000000000000000000000000000000111111111100000000000001111111111000
2078,2,TypeB,37400,000000111111110000000000000000000000011111111000000000000111111100000000000000000000000000000000000000000000011110000000000000111111110000000000000000000000000000000000
2079,3,TypeB,37400,000000111111110000000000000000000000011111111000000000000111111100000000000000000000000000000000000000000000011110000000000000111111110000000000000000000000000000000000
2080,4,TypeB,37400,000000111111110000000000000000000000011111111000000000000111111100000000000000000000000000000000000000000000011110000000000000111111110000000000000000000000000000000000
2081,5,TypeB,37400,000000111111110000000000000000000000011111111000000000000111111100000000000000000000000000000000000000000000011110000000000000111111110000000000000000000000000000000000
2082,6,TypeC,24200,000000000000000000000000000000000000000000000000011111000000000000011111100000000000000000000000000001111100000000000000000000000000111000000000000001111000000000000000
2083,7,TypeC,24200,000000000000000000000000000000000000000000000000011111000000000000011111100000000000000000000000000001111100000000000000000000000000111000000000000001111000000000000000
2084,8,TypeC,24200,000000000000000000000000000000000000000000000000011111000000000000011111100000000000000000000000000001111100000000000000000000000000111000000000000001111000000000000000
2085,9,TypeC,24200,000000000000000000000000000000000000000000000000011111000000000000011111100000000000000000000000000001111100000000000000000000000000111000000000000001111000000000000000
2086,0,TypeA,43500,000000000000000000000000000000000000011111111000000000000000000000000000000000000001111111100000000000000111111110000000000000000000011111111000000000001111111111000000
2087,1,TypeA,43500,000000000000000000000000000000000000011111111000000000000000000000000000000000000001111111100000000000000111111110000000000000000000011111111000000000001111111111000000
2088,2,TypeB,31000,000000000000011111000000000000000000011111111000000000000000000111111000000000000000011111100000000000001111110000000000000000000000000000000000000000000000000000000000
2089,3,TypeB,31000,000000000000011111000000000000000000011111111000000000000000000111111000000000000000011111100000000000001111110000000000000000000000000000000000000000000000000000000000
2090,4,TypeB,31000,000000000000011111000000000000000000011111111000000000000000000111111000000000000000011111100000000000001111110000000000000000000000000000000000000000000000000000000000
2091,5,TypeB,31000,000000000000011111000000000000000000011111111000000000000000000111111000000000000000011111100000000000001111110000000000000000000000000000000000000000000000000000000000
2092,6,TypeC,21100,000001111000000000000000000000000000000000000000000000011100000000000000000000000000000000000000011111000000000000000000000000000000111000000000000000001111000000000000
2093,7,TypeC,21100,000001111000000000000000000000000000000000000000000000011100000000000000000000000000000000000000011111000000000000000000000000000000111000000000000000001111000000000000
2094,8,TypeC,21100,000001111000000000000000000000000000000000000000000000011100000000000000000000000000000000000000011111000000000000000000000000000000111000000000000000001111000000000000
2095,9,TypeC,21100,000001111000000000000000000000000000000000000000000000011100000000000000000000000000000000000000011111000000000000000000000000000000111000000000000000001111000000000000
2096,0,TypeA,49600,000001111111111000000000000000011111111110000000000000000000000000000000000000000001111111100000000000000000000000000000000001111111111000000000000000011111111000000000
2097,1,TypeA,49600,000001111111111000000000000000011111111110000000000000000000000000000000000000000001111111100000000000000000000000000000000001111111111000000000000000011111111000000000
2098,2,TypeB,37100,000000011111111000000000000000000000111110000000000000000000000000000000000001111111000000000000000000000000011111111000000000000000000000000000001111111000000000000000
2099,3,TypeB,37100,000000011111111000000000000000000000111110000000000000000000000000000000000001111111000000000000000000000000011111111000000000000000000000000000001111111000000000000000
2100,4,TypeB,37100,000000011111111000000000000000000000111110000000000000000000000000000000000001111111000000000000000000000000011111111000000000000000000000000000001111111000000000000000
2101,5,TypeB,37100,000000011111111000000000000000000000111110000000000000000000000000000000000001111111000000000000000000000000011111111000000000000000000000000000001111111000000000000000
2102,6,TypeC,23300,000000000000000000000000000001110000000000000000000000000000000000111111000000000000000011111100000000000000000000000000000001111000000000000000000001111000000000000000
2103,7,TypeC,23300,000000000000000000000000000001110000000000000000000000000000000000111111000000000000000011111100000000000000000000000000000001111000000000000000000001111000000000000000
2104,8,TypeC,23300,000000000000000000000000000001110000000000000000000000000000000000111111000000000000000011111100000000000000000000000000000001111000000000000000000001111000000000000000
2105,9,TypeC,23300,000000000000000000000000000001110000000000000000000000000000000000111111000000000000000011111100000000000000000000000000000001111000000000000000000001111000000000000000
2106,0,TypeA,51200,000001111111111000000000000001111111111000000000000000000000000000000000000000000000111111111100000000000000000000000000000000000000111111111000000000001111111100000000
2107,1,TypeA,51200,000001111111111000000000000001111111111000000000000000000000000000000000000000000000111111111100000000000000000000000000000000000000111111111000000000001111111100000000
2108,2,TypeB,39100,000000000000011111110000000000011111111000000000000000000000011111110000000000000000000000000000000000000000011111111000000000000000000000000000001111111000000000000000
2109,3,TypeB,39100,000000000000011111110000000000011111111000000000000000000000011111110000000000000000000000000000000000000000011111111000000000000000000000000000001111111000000000000000
2110,4,TypeB,39100,000000000000011111110000000000011111111000000000000000000000011111110000000000000000000000000000000000000000011111111000000000000000000000000000001111111000000000000000
2111,5,TypeB,39100,000000000000011111110000000000011111111000000000000000000000011111110000000000000000000000000000000000000000011111111000000000000000000000000000001111111000000000000000
2112,6,TypeC,24800,000001111000000000000000000001111110000000000000000000000000000000000000000000000000000011111100000000000000000000000000000000000000111000000000000001111000000000000000
2113,7,TypeC,24800,000001111000000000000000000001111110000000000000000000000000000000000000000000000000000011111100000000000000000000000000000000000000111000000000000001111000000000000000
2114,8,TypeC,24800,000001111000000000000000000001111110000000000000000000000000000000000000000000000000000011111100000000000000000000000000000000000000111000000000000001111000000000000000
2115,9,TypeC,24800,000001111000000000000000000001111110000000000000000000000000000000000000000000000000000011111100000000000000000000000000000000000000111000000000000001111000000000000000
2116,0,TypeA,48900,000001111111111000000000000000011111111100000000000000000000000000000000000001111111111000000000000000000000000000000000000000011111111000000000000000001111111100000000
2117,1,TypeA,48900,000001111111111000000000000000011111111100000000000000000000000000000000000001111111111000000000000000000000000000000000000000011111111000000000000000001111111100000000
2118,2,TypeB,40500,000000000000000000000000000000000011111100000000000011111110000000000001111111100000000000000000000000000000000000000000000000011111111000000000001111111000000000000000
2119,3,TypeB,40500,000000000000000000000000000000000011111100000000000011111110000000000001111111100000000000000000000000000000000000000000000000011111111000000000001111111000000000000000
2120,4,TypeB,40500,000000000000000000000000000000000011111100000000000011111110000000000001111111100000000000000000000000000000000000000000000000011111111000000000001111111000000000000000
2121,5,TypeB,40500,000000000000000000000000000000000011111100000000000011111110000000000001111111100000000000000000000000000000000000000000000000011111111000000000001111111000000000000000
2122,6,TypeC,21600,000000000000000000000000000001111000000000000000000000000000000000111000000000000000000000000000000000000000000000000000000001111110000000000000111100000000000001111000
2123,7,TypeC,21600,000000000000000000000000000001111000000000000000000000000000000000111000000000000000000000000000000000000000000000000000000001111110000000000000111100000000000001111000
2124,8,TypeC,21600,000000000000000000000000000001111000000000000000000000000000000000111000000000000000000000000000000000000000000000000000000001111110000000000000111100000000000001111000
2125,9,TypeC,21600,000000000000000000000000000001111000000000000000000000000000000000111000000000000000000000000000000000000000000000000000000001111110000000000000111100000000000001111000
2126,0,TypeA,47200,000000000000000000000000000000011111111110000000000000000111111111100000000000000111111111100000000000000000000000000000000000000000011111111000000000000001111111100000
2127,1,TypeA,47200,000000000000000000000000000000011111111110000000000000000111111111100000000000000111111111100000000000000000000000000000000000000000011111111000000000000001111111100000
2128,2,TypeB,36100,000000000000000000000000000000000011111110000000000000000000011111111000000000000111111000000000000000000000011111100000000000000000000000000000001111111000000000000000
2129,3,TypeB,36100,000000000000000000000000000000000011111110000000000000000000011111111000000000000111111000000000000000000000011111100000000000000000000000000000001111111000000000000000
2130,4,TypeB,36100,000000000000000000000000000000000011111110000000000000000000011111111000000000000111111000000000000000000000011111100000000000000000000000000000001111111000000000000000
2131,5,TypeB,36100,000000000000000000000000000000000011111110000000000000000000011111111000000000000111111000000000000000000000011111100000000000000000000000000000001111111000000000000000
2132,6,TypeC,19000,000000000000000000000000000001110000000000000000000000000000000000000001111000000000000000000000000000000000000000000000111100000000000000000000111100000000000001111000
2133,7,TypeC,19000,000000000000000000000000000001110000000000000000000000000000000000000001111000000000000000000000000000000000000000000000111100000000000000000000111100000000000001111000
2134,8,TypeC,19000,000000000000000000000000000001110000000000000000000000000000000000000001111000000000000000000000000000000000000000000000111100000000000000000000111100000000000001111000
2135,9,TypeC,19000,000000000000000000000000000001110000000000000000000000000000000000000001111000000000000000000000000000000000000000000000111100000000000000000000111100000000000001111000
2136,0,TypeA,48700,000001111111111000000000000000011111111110000000000000000000000000000000000000000001111111100000000000000000000000000000000000000000011111111000000000001111111111000000
2137,1,TypeA,48700,000001111111111000000000000000011111111110000000000000000000000000000000000000000001111111100000000000000000000000000000000000000000011111111000000000001111111111000000
2138,2,TypeB,36000,000001111111000000000000000000000001111110000000000011111110000000000001111111100000000000000000000000000000011111111000000000000000000000000000000000000000000000000000
2139,3,TypeB,36000,000001111111000000000000000000000001111110000000000011111110000000000001111111100000000000000000000000000000011111111000000000000000000000000000000000000000000000000000
2140,4,TypeB,36000,000001111111000000000000000000000001111110000000000011111110000000000001111111100000000000000000000000000000011111111000000000000000000000000000000000000000000000000000
2141,5,TypeB,36000,000001111111000000000000000000000001111110000000000011111110000000000001111111100000000000000000000000000000011111111000000000000000000000000000000000000000000000000000
2142,6,TypeC,23000,000000000000000000000000000001110000000000000000000011110000000000000000000111100000000000000000000000000000000000000000000111111000000000000000111111000000000000000000
2143,7,TypeC,23000,000000000000000000000000000001110000000000000000000011110000000000000000000111100000000000000000000000000000000000000000000111111000000000000000111111000000000000000000
2144,8,TypeC,23000,000000000000000000000000000001110000000000000000000011110000000000000000000111100000000000000000000000000000000000000000000111111000000000000000111111000000000000000000
2145,9,TypeC,23000,000000000000000000000000000001110000000000000000000011110000000000000000000111100000000000000000000000000000000000000000000111111000000000000000111111000000000000000000
2146,0,TypeA,47100,000000000000000000000000000000000111111110000000000000011111111100000000000000000111111111000000000000000000000000000000000001111111111000000000000000001111111110000000
2147,1,TypeA,47100,000000000000000000000000000000000111111110000000000000011111111100000000000000000111111111000000000000000000000000000000000001111111111000000000000000001111111110000000
2148,2,TypeB,33200,000000000000011111110000000000000000000000000000000000011111110000000001111111100000000000000000000000000000011111100000000000000000000000000000000000001111000000000000
2149,3,TypeB,33200,000000000000011111110000000000000000000000000000000000011111110000000001111111100000000000000000000000000000011111100000000000000000000000000000000000001111000000000000
2150,4,TypeB,33200,000000000000011111110000000000000000000000000000000000011111110000000001111111100000000000000000000000000000011111100000000000000000000000000000000000001111000000000000
2151,5,TypeB,33200,000000000000011111110000000000000000000000000000000000011111110000000001111111100000000000000000000000000000011111100000000000000000000000000000000000001111000000000000
2152,6,TypeC,18000,111000000000000001110000000000000000000000000000000000000000000000000000000011100000000000000000000000000000000000000000000111110000000000000000000001111000000000000000
2153,7,TypeC,18000,111000000000000001110000000000000000000000000000000000000000000000000000000011100000000000000000000000000000000000000000000111110000000000000000000001111000000000000000
2154,8,TypeC,18000,111000000000000001110000000000000000000000000000000000000000000000000000000011100000000000000000000000000000000000000000000111110000000000000000000001111000000000000000
2155,9,TypeC,18000,111000000000000001110000000000000000000000000000000000000000000000000000000011100000000000000000000000000000000000000000000111110000000000000000000001111000000000000000
2156,0,TypeA,49300,000000000000000000000000000000000111111110000000000000011111111100000000000001111111111000000000000000000000000000000000000001111111111000000000000000001111111110000000
2157,1,TypeA,49300,000000000000000000000000000000000111111110000000000000011111111100000000000001111111111000000000000000000000000000000000000001111111111000000000000000001111111110000000
2158,2,TypeB,40100,000000000000000000000000000000000000011111111000000000011111110000000001111111100000000000000000000000000000011111111000000000000000000000000000000001111111000000000000
2159,3,TypeB,40100,000000000000000000000000000000000000011111111000000000011111110000000001111111100000000000000000000000000000011111111000000000000000000000000000000001111111000000000000
2160,4,TypeB,40100,000000000000000000000000000000000000011111111000000000011111110000000001111111100000000000000000000000000000011111111000000000000000000000000000000001111111000000000000
2161,5,TypeB,40100,000000000000000000000000000000000000011111111000000000011111110000000001111111100000000000000000000000000000011111111000000000000000000000000000000001111111000000000000
2162,6,TypeC,24100,111000000000000000000000000000000000000000000000000000000000000000000000000011100000000000000000000001111110000000000000000000000000011111000000000001111100000000000000
2163,7,TypeC,24100,111000000000000000000000000000000000000000000000000000000000000000000000000011100000000000000000000001111110000000000000000000000000011111000000000001111100000000000000
2164,8,TypeC,24100,111000000000000000000000000000000000000000000000000000000000000000000000000011100000000000000000000001111110000000000000000000000000011111000000000001111100000000000000
2165,9,TypeC,24100,111000000000000000000000000000000000000000000000000000000000000000000000000011100000000000000000000001111110000000000000000000000000011111000000000001111100000000000000
2166,0,TypeA,45400,000000000111111111000000000001111111111000000000000000000000111111110000000000000000000000000000000000000000000000000000000000011111111000000000000000001111111100000000
2167,1,TypeA,45400,000000000111111111000000000001111111111000000000000000000000111111110000000000000000000000000000000000000000000000000000000000011111111000000000000000001111111100000000
2168,2,TypeB,36000,000000111111110000000000000000011111111000000000000000000000111111110000000000000111111000000000000000000000011111100000000000000000000000000000000000000000000000000000
2169,3,TypeB,36000,000000111111110000000000000000011111111000000000000000000000111111110000000000000111111000000000000000000000011111100000000000000000000000000000000000000000000000000000
2170,4,TypeB,36000,000000111111110000000000000000011111111000000000000000000000111111110000000000000111111000000000000000000000011111100000000000000000000000000000000000000000000000000000
2171,5,TypeB,36000,000000111111110000000000000000011111111000000000000000000000111111110000000000000111111000000000000000000000011111100000000000000000000000000000000000000000000000000000
2172,6,TypeC,20200,000000000000000000000000000000000000000000000000000001110000000000000001110000000000000000111100000000000000000000000000000000000000011111000000000001111000000000000000
2173,7,TypeC,20200,000000000000000000000000000000000000000000000000000001110000000000000001110000000000000000111100000000000000000000000000000000000000011111000000000001111000000000000000
2174,8,TypeC,20200,000000000000000000000000000000000000000000000000000001110000000000000001110000000000000000111100000000000000000000000000000000000000011111000000000001111000000000000000
2175,9,TypeC,20200,000000000000000000000000000000000000000000000000000001110000000000000001110000000000000000111100000000000000000000000000000000000000011111000000000001111000000000000000
2176,0,TypeA,45800,000000000000000000000000000000000111111110000000000000000111111111100000000000000000000000000000000000011111111000000000000000000000011111111000000000000001111111111000
2177,1,TypeA,45800,000000000000000000000000000000000111111110000000000000000111111111100000000000000000000000000000000000011111111000000000000000000000011111111000000000000001111111111000
2178,2,TypeB,40400,000001111111000000000000000000011111110000000000000000000000000000000001111111100000000000000000000000011111111000000000000000000000000000000000000000001111111100000000
2179,3,TypeB,40400,000001111111000000000000000000011111110000000000000000000000000000000001111111100000000000000000000000011111111000000000000000000000000000000000000000001111111100000000
2180,4,TypeB,40400,000001111111000000000000000000011111110000000000000000000000000000000001111111100000000000000000000000011111111000000000000000000000000000000000000000001111111100000000
2181,5,TypeB,40400,000001111111000000000000000000011111110000000000000000000000000000000001111111100000000000000000000000011111111000000000000000000000000000000000000000001111111100000000
2182,6,TypeC,21600,000000000000000000000000000001110000000000000000000000000000000000001111100000000000000000000000000001111110000000000000000001110000000000000000000001111000000000000000
2183,7,TypeC,21600,000000000000000000000000000001110000000000000000000000000000000000001111100000000000000000000000000001111110000000000000000001110000000000000000000001111000000000000000
2184,8,TypeC,21600,000000000000000000000000000001110000000000000000000000000000000000001111100000000000000000000000000001111110000000000000000001110000000000000000000001111000000000000000
2185,9,TypeC,21600,000000000000000000000000000001110000000000000000000000000000000000001111100000000000000000000000000001111110000000000000000001110000000000000000000001111000000000000000
