col_id,emp_id,emp_type,cost,schedule_pattern,in_final_mip,is_selected
0,1,TypeB,38000,111111100000000000000000000001111111000000000000011111111000000000011111111000000000000000000000000000000000000111111110000000000000000000000000000000000000000000000000,1,0
1,2,TypeB,38000,111111100000000000000000000001111111000000000000011111111000000000011111111000000000000000000000000000000000000111111110000000000000000000000000000000000000000000000000,1,0
2,3,TypeC,29400,000000000000011110000000000000000000000000000000000000000000000000000111111000000000000000000000000000000000011110000000000000000001111110000000000000000000111100000000,1,0
3,4,TypeC,29400,000000000000011110000000000000000000000000000000000000000000000000000111111000000000000000000000000000000000011110000000000000000001111110000000000000000000111100000000,1,0
4,0,TypeA,56400,000000000000000000000111111111000000000000000000001111111111000000000000011111111110000000000000000000011111111110000000000000000000000000000000000000011111111100000000,0,0
5,1,TypeB,38000,111111100000000000000000000001111111000000000000000000001111111100000000000111111110000000000000000000000000000111111110000000000000000000000000000000000000000000000000,1,0
6,2,TypeB,38000,111111100000000000000000000001111111000000000000000000001111111100000000000111111110000000000000000000000000000111111110000000000000000000000000000000000000000000000000,1,0
7,3,TypeC,26400,000000000000011110000000000000000000000000000000111000000000000000000000000000000000000000000000000000000000011110000000000000000001111110000000000000000000111100000000,0,0
8,4,TypeC,26400,000000000000011110000000000000000000000000000000111000000000000000000000000000000000000000000000000000000000011110000000000000000001111110000000000000000000111100000000,0,0
9,0,TypeA,57800,000000000000000000000111111111000000000000000000000000000001111111110000000000000000000011111111100000000000000000000011111111110000000000000011111111110000000000000000,0,0
10,1,TypeB,38800,000000111111110000000001111111000000000000000000000000001111111100000000000000000000000000000000000000000000000111111110000000000000000000000000001111110000000000000000,0,0
11,2,TypeB,38800,000000111111110000000001111111000000000000000000000000001111111100000000000000000000000000000000000000000000000111111110000000000000000000000000001111110000000000000000,0,0
12,3,TypeC,31600,000000000000111110000000000000000000000000000000000000000000001111110000000000000000000000000000000000000000011110000000000000000001111110000000000000000000111100000000,1,0
13,4,TypeC,31600,000000000000111110000000000000000000000000000000000000000000001111110000000000000000000000000000000000000000011110000000000000000001111110000000000000000000111100000000,1,0
14,0,TypeA,56000,111111110000000000000111111111100000000000000000000000000000000000000000011111111110000000000000000000011111111110000000000000000000000000000000000000011111111100000000,0,0
15,1,TypeB,39000,111111100000000000000001111111100000000000000000000000000000000000011111111000000000011111111000000000000000000111111110000000000000000000000000000000000000000000000000,0,0
16,2,TypeB,39000,111111100000000000000001111111100000000000000000000000000000000000011111111000000000011111111000000000000000000111111110000000000000000000000000000000000000000000000000,0,0
17,3,TypeC,29200,000000000000011110000000000000000000000000000000111110000000000000000000000000000000000000000000000000000000000000011111100000000001111110000000000000000000111100000000,0,0
18,4,TypeC,29200,000000000000011110000000000000000000000000000000111110000000000000000000000000000000000000000000000000000000000000011111100000000001111110000000000000000000111100000000,0,0
19,0,TypeA,55000,000000000000000000000000001111111111000000000000000000000000000000000000000000011111111110000000000000011111111110000000000000000000011111111110000000000000000111111111,1,0
20,1,TypeB,39100,111111100000000000000000000001111111000000000000000000000000000000011111111000000000000000000000000000000000000111111110000000000000000000000000000000011111110000000000,0,0
21,2,TypeB,39100,111111100000000000000000000001111111000000000000000000000000000000011111111000000000000000000000000000000000000111111110000000000000000000000000000000011111110000000000,0,0
22,3,TypeC,31800,000000000000000000011111100000000000000000000000111110000000000000000000000000000000000000000000000000000001111110000000000000000001111110000000000000000000111100000000,1,0
23,4,TypeC,31800,000000000000000000011111100000000000000000000000111110000000000000000000000000000000000000000000000000000001111110000000000000000001111110000000000000000000111100000000,1,0
24,0,TypeA,56100,000000000000011111111110000000000000000000000000111111111000000000000111111111100000000000000000000000011111111110000000000000000000000000000000000000011111111100000000,0,0
25,1,TypeB,38000,111111100000000000000011111111000000000000000000000000001111111000000000111111110000000000000000111111110000000000000000000000000000000000000000000000000000000000000000,0,0
26,2,TypeB,38000,111111100000000000000011111111000000000000000000000000001111111000000000111111110000000000000000111111110000000000000000000000000000000000000000000000000000000000000000,0,0
27,3,TypeC,31100,000000000000011111000000000000111111000000000000000000000000000000011111100000000000000000000000000000000000000000000000000000000000000000000000001111110000000000111111,1,0
28,4,TypeC,31100,000000000000011111000000000000111111000000000000000000000000000000011111100000000000000000000000000000000000000000000000000000000000000000000000001111110000000000111111,1,0
29,0,TypeA,56100,000000000000000000000111111111000000000000000000000000000000000000011111111100000000000000000000000000011111111110000000000000000000011111111110000000000000111111111100,0,0
30,1,TypeB,40400,111111100000000000000011111111000000000000000000000000001111111000000000000000000000000000000000000000000000000111111110000000000011111111000000000000000000000000000000,0,0
31,2,TypeB,40400,111111100000000000000011111111000000000000000000000000001111111000000000000000000000000000000000000000000000000111111110000000000011111111000000000000000000000000000000,0,0
32,3,TypeC,27600,000000000000011110000000000000000000000000000000000000000001111000000000000000000000000000000000000000000000000000000011111000000000011111000000000000000000000000111111,1,0
33,4,TypeC,27600,000000000000011110000000000000000000000000000000000000000001111000000000000000000000000000000000000000000000000000000011111000000000011111000000000000000000000000111111,1,0
34,0,TypeA,52600,000000000000000000000011111111000000000000000000000000000000011111111100000000000000000000000000000000011111111110000000000000000000011111111110000000000000000111111111,0,0
35,1,TypeB,40100,111111100000000000000011111111000000000000000000000000001111111100000000000000000000000000000000000000000000000111111110000000000000000011111110000000000000000000000000,0,0
36,2,TypeB,40100,111111100000000000000011111111000000000000000000000000001111111100000000000000000000000000000000000000000000000111111110000000000000000011111110000000000000000000000000,0,0
37,3,TypeC,32500,000000000000011110000000000000000000000000000000000000000001111100000000000000000000000000000000000000000000011110000000000000000001111110000000000000000011111100000000,0,0
38,4,TypeC,32500,000000000000011110000000000000000000000000000000000000000001111100000000000000000000000000000000000000000000011110000000000000000001111110000000000000000011111100000000,0,0
39,0,TypeA,54600,000000000000000000000111111111000000000000000000000000000000011111111100000000000000000000000001111111110000000000000011111111100000000000000000000000011111111100000000,0,0
40,1,TypeB,38000,111111100000000000000011111111000000000000000000011111111000000000000000000000000011111110000000000000000000000111111110000000000000000000000000000000000000000000000000,0,0
41,2,TypeB,38000,111111100000000000000011111111000000000000000000011111111000000000000000000000000011111110000000000000000000000111111110000000000000000000000000000000000000000000000000,0,0
42,3,TypeC,30300,000000000000011110000000000000000000000000000000000000000000000000000000011111100000000000000000000000000000000000000000000000111111000000000011111000000000011111100000,0,0
43,4,TypeC,30300,000000000000011110000000000000000000000000000000000000000000000000000000011111100000000000000000000000000000000000000000000000111111000000000011111000000000011111100000,0,0
44,0,TypeA,54200,000000000000000000000111111111000000000000000000000000000000000000011111111100000000000000000000000000011111111110000000000000011111111110000000000000011111111100000000,0,0
45,1,TypeB,37000,111111100000000000000011111111000000000000000000000000001111111000000000000000000011111110000000000000000000000111111110000000000000000000000000000000000000000000000000,0,0
46,2,TypeB,37000,111111100000000000000011111111000000000000000000000000001111111000000000000000000011111110000000000000000000000111111110000000000000000000000000000000000000000000000000,0,0
47,3,TypeC,30100,000000000000011110000000000000000000000000000000000000000000000000000000011111100000000000000000000000000000000000000000000000111111000000000000001111110000000000111111,1,0
48,4,TypeC,30100,000000000000011110000000000000000000000000000000000000000000000000000000011111100000000000000000000000000000000000000000000000111111000000000000001111110000000000111111,1,0
49,0,TypeA,47000,000000111111110000000000000000000000000000000000000000001111111100000000000000011111111110000000000000011111111100000000000000000000000000000000000000011111111100000000,0,0
50,1,TypeB,42400,000000111111110000000000000000000000000000000000000000001111111100000000000000111111110000000000111111110000000000000000000000000000000000000000001111111100000000000000,0,0
51,2,TypeB,42400,000000111111110000000000000000000000000000000000000000001111111100000000000000111111110000000000111111110000000000000000000000000000000000000000001111111100000000000000,0,0
52,3,TypeC,28500,000000000000000000011111100000000000000000000000000000000001111100000000000000000000000000001111100000000000000000000000000000000000000000000011111000000000000000111111,0,0
53,4,TypeC,28500,000000000000000000011111100000000000000000000000000000000001111100000000000000000000000000001111100000000000000000000000000000000000000000000011111000000000000000111111,0,0
54,0,TypeA,48000,000000111111110000000000000000000000000000000000000000001111111100000000000000011111111110000000000000011111111110000000000000000000000000000000000000011111111100000000,1,0
55,1,TypeB,42400,000000111111110000000000000000000000000000000000000000001111111100000000000000111111110000000000111111110000000000000000000000000000000111111110000000000000000000000000,0,0
56,2,TypeB,42400,000000111111110000000000000000000000000000000000000000001111111100000000000000111111110000000000111111110000000000000000000000000000000111111110000000000000000000000000,0,0
57,3,TypeC,29500,000000000000000000011111100000000000000000000000000000000001111100000000000000000000000000001111100000000000000000000000000000000000000000000000001111110000000000111111,1,0
58,4,TypeC,29500,000000000000000000011111100000000000000000000000000000000001111100000000000000000000000000001111100000000000000000000000000000000000000000000000001111110000000000111111,1,0
59,0,TypeA,59400,000000000000000000000111111111000000000000000000111111111100000000000000011111111110000000000000000000011111111100000000000000000000000000000011111111110000000000000000,0,0
60,1,TypeB,39100,000000000000011111110000000000000111111100000000000000001111111100000000000000000000000000000000111111110000000000000000000000000000000000000000000000011111110000000000,0,0
61,2,TypeB,39100,000000000000011111110000000000000111111100000000000000001111111100000000000000000000000000000000111111110000000000000000000000000000000000000000000000011111110000000000,0,0
62,3,TypeC,27200,000000000000011110000000000000000000000000000000111110000000000000000000000000000000000000001111100000000000000000000000000000000000000000000000001111110000000000111111,1,0
63,4,TypeC,27200,000000000000011110000000000000000000000000000000111110000000000000000000000000000000000000001111100000000000000000000000000000000000000000000000001111110000000000111111,1,0
64,0,TypeA,53500,000000000000000000000000000001111111110000000000000000011111111000000000001111111110000000000000000000011111111110000000000000000000000000000011111111110000000000000000,0,0
65,1,TypeB,41400,000000000000111111110000000000111111110000000000000000001111111000000000000000000000011111111000000000000000000000000000000000000000000111111110000000000000000000000000,1,0
66,2,TypeB,41400,000000000000111111110000000000111111110000000000000000001111111000000000000000000000011111111000000000000000000000000000000000000000000111111110000000000000000000000000,1,0
67,3,TypeC,32000,000000000000111110000000000000000111110000000000000000000000000000000000001111110000000000000000000000000000000000000000000000000001111110000000000000000000111100000000,0,0
68,4,TypeC,32000,000000000000111110000000000000000111110000000000000000000000000000000000001111110000000000000000000000000000000000000000000000000001111110000000000000000000111100000000,0,0
69,0,TypeA,56500,000000000000000000000111111111100000000000000000000000000000000000000000011111111110000000000000000000011111111110000000000000111111111100000000000000011111111100000000,1,0
70,1,TypeB,41400,000000000000000000000001111111100000000000000000000000001111111000000000000000000000011111111000000000000000000111111110000000000000000111111110000000000000000000000000,0,0
71,2,TypeB,41400,000000000000000000000001111111100000000000000000000000001111111000000000000000000000011111111000000000000000000111111110000000000000000111111110000000000000000000000000,0,0
72,3,TypeC,30100,000000000000111110000000000001111100000000000000000000000000000000000000000000000000000011111000000000000000000000000000000000000001111110000000000000000000111100000000,1,0
73,4,TypeC,30100,000000000000111110000000000001111100000000000000000000000000000000000000000000000000000011111000000000000000000000000000000000000001111110000000000000000000111100000000,1,0
74,0,TypeA,55100,111111110000000000000000001111111111000000000000000000000000000000000000011111111110000000000000000000011111111110000000000000000000000000000000000000011111111100000000,0,0
75,1,TypeB,40400,111111100000000000000000000000000111111100000000000000001111111100000000000000000111111110000000000000000000000000000000000000000000000111111110000000000000000000000000,0,0
76,2,TypeB,40400,111111100000000000000000000000000111111100000000000000001111111100000000000000000111111110000000000000000000000000000000000000000000000111111110000000000000000000000000,0,0
77,3,TypeC,32600,000000000000111110000000000000000000000000000000000000000111111000000000000000000000000011111000000000000000000000000000000000000001111110000000000000000000111100000000,1,0
78,4,TypeC,32600,000000000000111110000000000000000000000000000000000000000111111000000000000000000000000011111000000000000000000000000000000000000001111110000000000000000000111100000000,1,0
79,0,TypeA,54400,000000000000111111111100000000000000000000000000000000000000000000000000011111111110000000000000000000011111111110000000000000111111111100000000000000011111111100000000,1,0
80,1,TypeB,40400,000000000000111111110000000000000111111100000000000000001111111000000000000000000000000000000000000000000000000111111110000000000000000111111110000000000000000000000000,0,0
81,2,TypeB,40400,000000000000111111110000000000000111111100000000000000001111111000000000000000000000000000000000000000000000000111111110000000000000000111111110000000000000000000000000,0,0
82,3,TypeC,33900,000000000000111110000000000000000111110000000000000000000000000000000000000000000000000000000000000000011111000000000000000000000001111110000000000000000000011111100000,1,0
83,4,TypeC,33900,000000000000111110000000000000000111110000000000000000000000000000000000000000000000000000000000000000011111000000000000000000000001111110000000000000000000011111100000,1,0
84,0,TypeA,59600,000000000000000000000000001111111111000000000000000011111111110000000000011111111110000000000000000000011111111110000000000000000000000000000011111111110000000000000000,0,0
85,1,TypeB,40400,111111100000000000000000000000000000000000000000000000001111111000000000111111110000000000000000000000000000000111111110000000000000000111111110000000000000000000000000,0,0
86,2,TypeB,40400,111111100000000000000000000000000000000000000000000000001111111000000000111111110000000000000000000000000000000111111110000000000000000111111110000000000000000000000000,0,0
87,3,TypeC,32200,000000000000011110000000000000000111110000000000000000001111110000000000000000000000000000000000000000000000000000000000000000000001111110000000000000000000111100000000,0,0
88,4,TypeC,32200,000000000000011110000000000000000111110000000000000000001111110000000000000000000000000000000000000000000000000000000000000000000001111110000000000000000000111100000000,0,0
89,0,TypeA,60200,000000000000000000000000001111111111000000000000001111111111000000000000011111111110000000000000000000011111111110000000000000000000000000000011111111110000000000000000,0,0
90,1,TypeB,41400,111111100000000011111111000000000000000000000000000000000000001111111100000000000000000000000000000000000000000111111110000000000000000111111110000000000000000000000000,0,0
91,2,TypeB,41400,111111100000000011111111000000000000000000000000000000000000001111111100000000000000000000000000000000000000000111111110000000000000000111111110000000000000000000000000,0,0
92,3,TypeC,32900,000000000000011110000000000000111111000000000000000000000111111000000000000000000000000000000000000000000000000000000000000000000001111110000000000000000000111100000000,1,0
93,4,TypeC,32900,000000000000011110000000000000111111000000000000000000000111111000000000000000000000000000000000000000000000000000000000000000000001111110000000000000000000111100000000,1,0
94,0,TypeA,51700,000000000000000011111111000000000000000000000000000000000000011111111100000000000000000000000000000000011111111110000000000000000000011111111110000000000000000111111111,0,0
95,1,TypeB,40400,111111100000000011111111000000000000000000000000000000001111111000000000000000000000000000000000111111110000000000000000111111110000000000000000000000000000000000000000,0,0
96,2,TypeB,40400,111111100000000011111111000000000000000000000000000000001111111000000000000000000000000000000000111111110000000000000000111111110000000000000000000000000000000000000000,0,0
97,3,TypeC,27300,000000000000011110000000000000111111000000000000000000000000000000000000000000000000000000000000000000011100000000000000000000111111000000000011111000000000000000000000,0,0
98,4,TypeC,27300,000000000000011110000000000000111111000000000000000000000000000000000000000000000000000000000000000000011100000000000000000000111111000000000011111000000000000000000000,0,0
99,0,TypeA,56200,000000000000000000000000000000000000000000000000000011111111110000000000011111111110000000000000000000011111111110000000000000000000011111111110000000000000000111111111,0,0
100,1,TypeB,40400,111111100000000000000001111111100000000000000000000000001111111000000000000000000000000000000000111111110000000000000000111111110000000000000000000000000000000000000000,0,0
101,2,TypeB,40400,111111100000000000000001111111100000000000000000000000001111111000000000000000000000000000000000111111110000000000000000111111110000000000000000000000000000000000000000,0,0
102,3,TypeC,29600,000000000000011110000000000000111111000000000000000000000000000000000000000000000000000000000000000000011110000000000000000000111111000000000000001111110000000000000000,1,0
103,4,TypeC,29600,000000000000011110000000000000111111000000000000000000000000000000000000000000000000000000000000000000011110000000000000000000111111000000000000001111110000000000000000,1,0
104,0,TypeA,56200,000000000000000000000000001111111111000000000000000000000000000000000000011111111110000000000000000000011111111100000000000000000000011111111110000000000000111111111100,0,0
105,1,TypeB,43800,111111100000000000000001111111100000000000000000000011111111000000000000000000000000000000000000000000000000000000000000000000111111110000000000000000011111111000000000,1,0
106,2,TypeB,43800,111111100000000000000001111111100000000000000000000011111111000000000000000000000000000000000000000000000000000000000000000000111111110000000000000000011111111000000000,1,0
107,3,TypeC,24000,000000000000011110000000000000000000000000000000000000001111000000000000000000000000000000000000000000000000000000000011111000000000000000000011111000000000011100000000,0,0
108,4,TypeC,24000,000000000000011110000000000000000000000000000000000000001111000000000000000000000000000000000000000000000000000000000011111000000000000000000011111000000000011100000000,0,0
109,0,TypeA,60600,000000000000000000000000001111111111000000000000000000000000000000011111111100000000000011111111100000000000000000000011111111110000000000000011111111110000000000000000,0,0
110,1,TypeB,43800,111111100000000000000001111111100000000000000000000000001111111100000000000000000000000000000000000000000000000000000000000000111111110000000000000000011111111000000000,1,0
111,2,TypeB,43800,111111100000000000000001111111100000000000000000000000001111111100000000000000000000000000000000000000000000000000000000000000111111110000000000000000011111111000000000,1,0
112,3,TypeC,28600,000000000000011110000000000000000001111100000000000000000000000000000000000000000000000000000000000000011111000000000000001111110000000000000011111000000000000000000000,0,0
113,4,TypeC,28600,000000000000011110000000000000000001111100000000000000000000000000000000000000000000000000000000000000011111000000000000001111110000000000000011111000000000000000000000,0,0
114,0,TypeA,57400,000000000000000000000000001111111111000000000000111111111100000000000000011111111110000000000000000000011111111110000000000000000000000000000000000000011111111100000000,0,0
115,1,TypeB,41200,000000000000000000000000000001111111000000000000000000000000000000011111111000000000000011111111000000000000000000000000111111100000000011111110000000000000000000000000,0,0
116,2,TypeB,41200,000000000000000000000000000001111111000000000000000000000000000000011111111000000000000011111111000000000000000000000000111111100000000011111110000000000000000000000000,0,0
117,3,TypeC,25100,000000000000000000011111100000000000000000000000000000000000000000000000000000111110000000000000000000011100000000000011111000000000000000000000000000000000111100000000,1,0
118,4,TypeC,25100,000000000000000000011111100000000000000000000000000000000000000000000000000000111110000000000000000000011100000000000011111000000000000000000000000000000000111100000000,1,0
119,0,TypeA,55200,000000000000000000000000001111111111000000000000000011111111110000000000011111111110000000000000000000011111111100000000000000000000000000000000000000011111111100000000,0,0
120,1,TypeB,41400,111111100000000000000000000000000000000000000000000000000000001111111100000000000111111110000000000000000000000111111110000000000000000111111110000000000000000000000000,1,0
121,2,TypeB,41400,111111100000000000000000000000000000000000000000000000000000001111111100000000000111111110000000000000000000000111111110000000000000000111111110000000000000000000000000,1,0
122,3,TypeC,26700,000000000000000000011111100000000001111100000000000000000000000000011100000000000000000000000000000000000000000000000000001111110000000000000000000000000000111100000000,0,0
123,4,TypeC,26700,000000000000000000011111100000000001111100000000000000000000000000011100000000000000000000000000000000000000000000000000001111110000000000000000000000000000111100000000,0,0
124,0,TypeA,54700,000000000000000000000000001111111111000000000000000000000000011111111100000000000000000000000000000000011111111110000000000000000000011111111110000000000000111111111100,0,0
125,1,TypeB,38000,111111100000000000000001111111100000000000000000000000001111111100000000000000000011111110000000000000000000000111111110000000000000000000000000000000000000000000000000,1,0
126,2,TypeB,38000,111111100000000000000001111111100000000000000000000000001111111100000000000000000011111110000000000000000000000111111110000000000000000000000000000000000000000000000000,1,0
127,3,TypeC,26000,111000000000000000011111000000000000000000000000000000000000000000000000000000000000000000000000000000111000000000000000000000000001111110000000000000011111100000000000,0,0
128,4,TypeC,26000,111000000000000000011111000000000000000000000000000000000000000000000000000000000000000000000000000000111000000000000000000000000001111110000000000000011111100000000000,0,0
129,0,TypeA,50500,000000000000011111111100000000000000000000000000000000000000000000000000011111111110000000000000000000011111111110000000000000000011111111000000000000011111111100000000,0,0
130,1,TypeB,41500,000000000000000000000000000000000000000000000000000000000000000000011111110000000000000011111111000000000000000011111110000000000000000011111110000000000000111111110000,0,0
131,2,TypeB,41500,000000000000000000000000000000000000000000000000000000000000000000011111110000000000000011111111000000000000000011111110000000000000000011111110000000000000111111110000,0,0
132,3,TypeC,23900,111000000000000000011111100000000000000000000000111000000000000000000000000000000000000000000000000000011111000000000000000000000000000000000000001111110000000000000000,0,0
133,4,TypeC,23900,111000000000000000011111100000000000000000000000111000000000000000000000000000000000000000000000000000011111000000000000000000000000000000000000001111110000000000000000,0,0
134,0,TypeA,52400,000000000000011111111100000000000000000000000000000000000000000000011111111100000000000000000000000000011111111110000000000000000000011111111110000000000011111111100000,0,0
135,1,TypeB,41500,111111100000000000000000000000000000000000000000000000000000000000011111110000000000000011111111000000000000000000000000000000111111110000000000000000000000111111100000,0,0
136,2,TypeB,41500,111111100000000000000000000000000000000000000000000000000000000000011111110000000000000011111111000000000000000000000000000000111111110000000000000000000000111111100000,0,0
137,3,TypeC,29600,000000000000000000011111100000000000000000000000111110000000000000000000000000000000000000000000000000111000000000000000000000000001111110000000000000000011111100000000,0,0
138,4,TypeC,29600,000000000000000000011111100000000000000000000000111110000000000000000000000000000000000000000000000000111000000000000000000000000001111110000000000000000011111100000000,0,0
139,0,TypeA,51200,000000000000000000000000001111111111000000000000000000001111111100000000000000011111111110000000000000011111111110000000000000000000000000000000000000011111111100000000,0,0
140,1,TypeB,37100,000000000000000000000000000000000111111100000000000000001111111000000000000000000011111110000000000000000000000011111110000000000000000011111110000000000000000000000000,0,0
141,2,TypeB,37100,000000000000000000000000000000000111111100000000000000001111111000000000000000000011111110000000000000000000000011111110000000000000000011111110000000000000000000000000,0,0
142,3,TypeC,27600,000000000000011110000000000000000000000000000000000000001111000000000000000000111110000000000000000000011111000000000000000000000000000000000000001111110000000000000000,1,0
143,4,TypeC,27600,000000000000011110000000000000000000000000000000000000001111000000000000000000111110000000000000000000011111000000000000000000000000000000000000001111110000000000000000,1,0
144,0,TypeA,55800,000000000000000000000000001111111111000000000000000000000000000000000000011111111110000000000000000000011111111100000000000000000000011111111110000000000000000111111111,0,0
145,1,TypeB,41400,000000111111110000000000000000000000000000000000000000001111111000000000000000000111111110000000000000000000000111111110000000000000000111111110000000000000000000000000,1,0
146,2,TypeB,41400,000000111111110000000000000000000000000000000000000000001111111000000000000000000111111110000000000000000000000111111110000000000000000111111110000000000000000000000000,1,0
147,3,TypeC,29900,000000000000011110000000000000000000000000000000000000000000000000000000000000111110000000000000000000011111000000000000001111110000000000000000000000011111100000000000,0,0
148,4,TypeC,29900,000000000000011110000000000000000000000000000000000000000000000000000000000000111110000000000000000000011111000000000000001111110000000000000000000000011111100000000000,0,0
149,0,TypeA,52900,000000000000000000000000001111111111000000000000000000000000000000011111111100000000000000000000000000011111111110000000000000111111110000000000000000011111111100000000,0,0
150,1,TypeB,37100,111111100000000000000000000000000111111100000000000000000000000000011111110000000000000000000000000000011111110000000000000000000000000011111110000000000000000000000000,0,0
151,2,TypeB,37100,111111100000000000000000000000000111111100000000000000000000000000011111110000000000000000000000000000011111110000000000000000000000000011111110000000000000000000000000,0,0
152,3,TypeC,24400,000000000000011110000000000000000000000000000000000000000000000000011100000000000000000011111000000000011111000000000000000000000000000000000011111000000000000000000000,0,0
153,4,TypeC,24400,000000000000011110000000000000000000000000000000000000000000000000011100000000000000000011111000000000011111000000000000000000000000000000000011111000000000000000000000,0,0
154,0,TypeA,53700,000000000000011111111100000000000000000000000000000000000000000000000111111111100000000000000000000000011111111110000000000000011111111110000000000000011111111100000000,1,0
155,1,TypeB,38100,111111100000000000000000000000000111111100000000000000000000000000011111110000000000000011111111000000000000000000000000000000000000000011111110000000000000000000000000,0,0
156,2,TypeB,38100,111111100000000000000000000000000111111100000000000000000000000000011111110000000000000011111111000000000000000000000000000000000000000011111110000000000000000000000000,0,0
157,3,TypeC,28400,000000000000011110000000000001111100000000000000000000000000000000000000011111100000000000000000000000011111000000000000000000000000000000000000001111110000000000000000,1,0
158,4,TypeC,28400,000000000000011110000000000001111100000000000000000000000000000000000000011111100000000000000000000000011111000000000000000000000000000000000000001111110000000000000000,1,0
159,0,TypeA,50000,000000000000011111111100000000000000000000000000000000000001111111110000000000011111111110000000000000011111111110000000000000000000000000000000000000011111111100000000,1,0
160,1,TypeB,41400,000000111111110000000001111111000000000000000000011111111000000000011111111000000000000000000000000000000000000000000000000000000000000111111110000000000000000000000000,0,0
161,2,TypeB,41400,000000111111110000000001111111000000000000000000011111111000000000011111111000000000000000000000000000000000000000000000000000000000000111111110000000000000000000000000,0,0
162,3,TypeC,27600,000000000000000000011111100000000000000000000000111110000000000000000000011111100000000000000000000000011110000000000000000000000000000000000000001111110000000000000000,1,0
163,4,TypeC,27600,000000000000000000011111100000000000000000000000111110000000000000000000011111100000000000000000000000011110000000000000000000000000000000000000001111110000000000000000,1,0
164,0,TypeA,56800,000000000000000000000000001111111111000000000000001111111111000000000000011111111110000000000000000000011111111110000000000000000000000000000000000000011111111100000000,0,0
165,1,TypeB,39400,111111100000000000000000000000000111111100000000000000000000000000011111110000000000000000000000000000000000000111111110000000000000000111111110000000000000000000000000,0,0
166,2,TypeB,39400,111111100000000000000000000000000111111100000000000000000000000000011111110000000000000000000000000000000000000111111110000000000000000111111110000000000000000000000000,0,0
167,3,TypeC,22500,000000000000000000011111100000000000000000000000111110000000000000011100000000000000000000000000000000011100000000000000000000000000000000000000000000000000111100000000,0,0
168,4,TypeC,22500,000000000000000000011111100000000000000000000000111110000000000000011100000000000000000000000000000000011100000000000000000000000000000000000000000000000000111100000000,0,0
169,0,TypeA,56200,000000000000000000000000111111111100000000000000000000000001111111110000000000011111111110000000000000011111111110000000000000000000000000000011111111110000000000000000,0,0
170,1,TypeB,39100,111111100000000000000000000000000000000000000000000000001111111000000000000000111111110000000000000000000000000111111110000000000000000011111110000000000000000000000000,0,0
171,2,TypeB,39100,111111100000000000000000000000000000000000000000000000001111111000000000000000111111110000000000000000000000000111111110000000000000000011111110000000000000000000000000,0,0
172,3,TypeC,24800,000000000000111110000000000001111100000000000000111110000000000000011100000000000000000000000000000000000000000000000000000000000000000000000011111000000000000000000000,0,0
173,4,TypeC,24800,000000000000111110000000000001111100000000000000111110000000000000011100000000000000000000000000000000000000000000000000000000000000000000000011111000000000000000000000,0,0
174,0,TypeA,54400,000000000000111111111100000000000000000000000000000000000001111111110000000000011111111110000000000000011111111110000000000000000000000000000011111111110000000000000000,0,0
175,1,TypeB,40100,000000111111110000000000000000000111111100000000000000000000000000011111111000000000000000000000111111110000000000000000000000000000000011111110000000000000000000000000,0,0
176,2,TypeB,40100,000000111111110000000000000000000111111100000000000000000000000000011111111000000000000000000000111111110000000000000000000000000000000011111110000000000000000000000000,0,0
177,3,TypeC,31200,000000000000000000011111100000000000000000000000000000000000000000000000000000111110000000000000000000011110000000000000000000000001111110000000000000011111100000000000,1,0
178,4,TypeC,31200,000000000000000000011111100000000000000000000000000000000000000000000000000000111110000000000000000000011110000000000000000000000001111110000000000000011111100000000000,1,0
179,0,TypeA,53100,000000000000000000000111111111100000000000000000000000000001111111110000000000011111111110000000000000011111111110000000000000000000000000000000000000011111111100000000,0,0
180,1,TypeB,39400,000000111111110000000000000000000111111100000000000000001111111000000000000000000011111110000000000000000000000000000000000000000000000111111110000000000000000000000000,0,0
181,2,TypeB,39400,000000111111110000000000000000000111111100000000000000001111111000000000000000000011111110000000000000000000000000000000000000000000000111111110000000000000000000000000,0,0
182,3,TypeC,29900,000000000000000000011111100000000000000000000000111110000000000000000000000000000000000000000000000000011111000000000000000000000001111110000000000000000000111100000000,1,0
183,4,TypeC,29900,000000000000000000011111100000000000000000000000111110000000000000000000000000000000000000000000000000011111000000000000000000000001111110000000000000000000111100000000,1,0
184,0,TypeA,59600,000000000011111111110000000000011111111110000000000000000000000000000000000000000000000000000111111111100000000000000000111111111100000000000001111111111000000000000000,0,0
185,1,TypeB,44900,000000000000000001111111000000000000000011111111000000000000000000000000000000000000000000000000000000000000000000000000111111110000000000000011111110000000000111111110,0,0
186,2,TypeB,44900,000000000000000001111111000000000000000011111111000000000000000000000000000000000000000000000000000000000000000000000000111111110000000000000011111110000000000111111110,0,0
187,3,TypeC,32500,000000001111110000000000000000001111110000000000000000000000000000000000000000000000000000111111000000000011111000000000000000000000000000000000000011111000000000000000,0,0
188,4,TypeC,32500,000000001111110000000000000000001111110000000000000000000000000000000000000000000000000000111111000000000011111000000000000000000000000000000000000011111000000000000000,0,0
189,0,TypeA,56500,111111111000000000000000000000011111111110000000000000000000000000011111111110000000000000000000000000000000000000000000000000000111111111100000000000000000011111111110,0,0
190,1,TypeB,44800,111111110000000000000000000000000000000000000000000000000000000001111111100000000000000000000111111110000000000000000000000000000111111110000000000000000000000111111110,0,0
191,2,TypeB,44800,111111110000000000000000000000000000000000000000000000000000000001111111100000000000000000000111111110000000000000000000000000000111111110000000000000000000000111111110,0,0
192,3,TypeC,29300,111100000000000000000000000000000000111110000000000000000000000001111100000000000000000000001111110000000000000000000000000000000001111110000000000000000000000000000000,1,0
193,4,TypeC,29300,111100000000000000000000000000000000111110000000000000000000000001111100000000000000000000001111110000000000000000000000000000000001111110000000000000000000000000000000,1,0
194,0,TypeA,52100,000000000000000000000000000000011111111110000000000000001111111111000000000000011111111110000000000000000000000000000000000000000111111111100000000000011111111110000000,1,0
195,1,TypeB,41400,000000000000000001111111000000000000000011111111000000000000000000000000111111110000000000000000000000001111111100000000000000000111111110000000000000000000000000000000,1,0
196,2,TypeB,41400,000000000000000001111111000000000000000011111111000000000000000000000000111111110000000000000000000000001111111100000000000000000111111110000000000000000000000000000000,1,0
197,3,TypeC,31300,000000000000000001111110000000000000000000000000000000001111110000000000000000000000000000000000000000000000011111100000000000111110000000000011111000000000000000000000,0,0
198,4,TypeC,31300,000000000000000001111110000000000000000000000000000000001111110000000000000000000000000000000000000000000000011111100000000000111110000000000011111000000000000000000000,0,0
199,0,TypeA,53100,111111111000000000000000000000000000000011111111000000000000011111111100000000000000000000000000000000000011111111100000000000000000000000000001111111111000000000000000,0,0
200,1,TypeB,35600,000000001111110000000000000000000000000011111111000000000000000000000000000000000000000000000000000000000000011111100000000000000000000000111111110000000000011110000000,0,0
201,2,TypeB,35600,000000001111110000000000000000000000000011111111000000000000000000000000000000000000000000000000000000000000011111100000000000000000000000111111110000000000011110000000,0,0
202,3,TypeC,30200,000000001111110000000000000000000000000000000000000001111100000000000000000000000000000000000000000000000000011111100000000000000000000000000011111000000000011110000000,0,0
203,4,TypeC,30200,000000001111110000000000000000000000000000000000000001111100000000000000000000000000000000000000000000000000011111100000000000000000000000000011111000000000011110000000,0,0
204,0,TypeA,60500,000000000000000000000000000011111111110000000000000000000000111111111100000000000000000000000000011111111110000000000000111111111100000000000011111111110000000000000000,0,0
205,1,TypeB,43800,000000000000000000000000000000000000000000000000000000000000111111110000000000111111100000000000000000111111110000000000000000000111111110000000000000000000000111111110,0,0
206,2,TypeB,43800,000000000000000000000000000000000000000000000000000000000000111111110000000000111111100000000000000000111111110000000000000000000111111110000000000000000000000111111110,0,0
207,3,TypeC,35000,000000000000000000000000000000001111110000000000000000000000111111000000000000000000000000000000011111100000000000000000000000000001111110000000000000000000011111000000,0,0
208,4,TypeC,35000,000000000000000000000000000000001111110000000000000000000000111111000000000000000000000000000000011111100000000000000000000000000001111110000000000000000000011111000000,0,0
209,0,TypeA,55000,000000000000000000000000000011111111110000000000000001111111110000000000000000011111111110000000000011111111110000000000000000000000000000000000000000000000011111111110,1,0
210,1,TypeB,39100,111111110000000000000000000000000000000011111111000000000000000000000000000000000000000111111000000000111111110000000000000000000000000000000000000000000000000011111110,1,0
211,2,TypeB,39100,111111110000000000000000000000000000000011111111000000000000000000000000000000000000000111111000000000111111110000000000000000000000000000000000000000000000000011111110,1,0
212,3,TypeC,32400,000000000000000000111111000000000000000011111100000000001111110000000000000000000000000111111000000000000000000000000000000000000000000000000000000000000000000001111110,0,0
213,4,TypeC,32400,000000000000000000111111000000000000000011111100000000001111110000000000000000000000000111111000000000000000000000000000000000000000000000000000000000000000000001111110,0,0
214,0,TypeA,56100,000001111111110000000000000011111111110000000000000000000000111111111100000000000000000000000000000000000000000000111111111000000000000011111111110000000000000000000000,0,0
215,1,TypeB,44800,111111110000000000000000000000000000000011111111000000000000111111110000000000000000000000000000000000000000000000000000000000111111110000000000011111111000000000000000,1,0
216,2,TypeB,44800,111111110000000000000000000000000000000011111111000000000000111111110000000000000000000000000000000000000000000000000000000000111111110000000000011111111000000000000000,1,0
217,3,TypeC,31800,000001111110000000000000000000001111110000000000000000001111110000000000000000000000000000000000000000000000000000000000111000000000011111100000000000000000000000000000,0,0
218,4,TypeC,31800,000001111110000000000000000000001111110000000000000000001111110000000000000000000000000000000000000000000000000000000000111000000000011111100000000000000000000000000000,0,0
219,0,TypeA,50700,000000001111111111000000000000000000000000000000000000000000000000000000000111111111100000000000000000000011111111100000000000000111111111100000000000011111111100000000,1,0
220,1,TypeB,45400,000000000011111111000000000000000000000000000000000000000000000000000000000000000000000000111111110000000000000000111111110000000000000001111111100000000000000111111110,0,0
221,2,TypeB,45400,000000000011111111000000000000000000000000000000000000000000000000000000000000000000000000111111110000000000000000111111110000000000000001111111100000000000000111111110,0,0
222,3,TypeC,30200,111111000000000000000000000000000000000000000000000000000000000000000000000111110000000000001111110000000000011111100000000000000000000000111111000000000000000000000000,1,0
223,4,TypeC,30200,111111000000000000000000000000000000000000000000000000000000000000000000000111110000000000001111110000000000011111100000000000000000000000111111000000000000000000000000,1,0
224,0,TypeA,51600,000000000000000000000000000000000000000000000000000001111111110000000000000111111111100000000000000000000011111111100000000000000111111111100000000000011111111110000000,0,0
225,1,TypeB,40500,000000001111110000000000000000000000000000000011111111000000000000000000000000000000111111100000000000000000000000000000000000000111111110000000000000011111110000000000,0,0
226,2,TypeB,40500,000000001111110000000000000000000000000000000011111111000000000000000000000000000000111111100000000000000000000000000000000000000111111110000000000000011111110000000000,0,0
227,3,TypeC,28400,111100000000000000111111000000000000000000000000000000000000000000000000000000000000000000000000111110000000000000000000000000000000011111100000000000000000011111000000,1,0
228,4,TypeC,28400,111100000000000000111111000000000000000000000000000000000000000000000000000000000000000000000000111110000000000000000000000000000000011111100000000000000000011111000000,1,0
229,0,TypeA,54700,000000001111111111000000000000011111111110000000000001111111110000000000000000011111111110000000000000000000000000000000000000000000000000000001111111111000000000000000,0,0
230,1,TypeB,40500,000000000011111111000000000000000000011111100000000000000000000000000000000000000000111111100000000000000000000000000000000000000111111110000000000000011111110000000000,0,0
231,2,TypeB,40500,000000000011111111000000000000000000011111100000000000000000000000000000000000000000111111100000000000000000000000000000000000000111111110000000000000011111110000000000,0,0
232,3,TypeC,31200,000000001111110000000000000000000000011111100000000000001111110000000000000000000000000000000000111110000000000000000000000000000000000000000000000001111000000000000000,0,0
233,4,TypeC,31200,000000001111110000000000000000000000011111100000000000001111110000000000000000000000000000000000111110000000000000000000000000000000000000000000000001111000000000000000,0,0
234,0,TypeA,57100,000000000000000000000000000011111111110000000000000000000000111111111100000000000000111111111000000000000000000000000000011111111110000000000000111111111100000000000000,0,0
235,1,TypeB,43800,000000000000000000000000000000011111110000000000000000000000000000000000111111110000000000111111110000000000000000000000000000111111110000000000000000000000000111111110,0,0
236,2,TypeB,43800,000000000000000000000000000000011111110000000000000000000000000000000000111111110000000000111111110000000000000000000000000000111111110000000000000000000000000111111110,0,0
237,3,TypeC,31200,111100000000000000000000000000001111110000000000000000000000000000011111100000000000000000000000000000000000011111100000000000000111110000000000000000000000000000000000,1,0
238,4,TypeC,31200,111100000000000000000000000000001111110000000000000000000000000000011111100000000000000000000000000000000000011111100000000000000111110000000000000000000000000000000000,1,0
239,0,TypeA,53400,001111111110000000000000000000011111111110000000000000000000111111111100000000000000000000000000000000000011111111100000000000000000000111111111100000000000000000000000,0,0
240,1,TypeB,41500,000000011111110000000000000000011111110000000000000000000000000000000000000000000000000000000001111111100000000000000000000000000011111111000000000000011111110000000000,0,0
241,2,TypeB,41500,000000011111110000000000000000011111110000000000000000000000000000000000000000000000000000000001111111100000000000000000000000000011111111000000000000011111110000000000,0,0
242,3,TypeC,34300,000000001111110000000000000011111000000000000000000000000000000000000000000000000000000000000000000000000011111000000000000000000011111100000000000000001111110000000000,0,0
243,4,TypeC,34300,000000001111110000000000000011111000000000000000000000000000000000000000000000000000000000000000000000000011111000000000000000000011111100000000000000001111110000000000,0,0
244,0,TypeA,55800,111111111000000000000000000000000000000000000000000000000000011111111100000000000000111111111100000000000000000000000000111111111100000000000000000000011111111110000000,0,0
245,1,TypeB,42500,000000000000000001111111000000000000000000000000000000001111111100000000000000000000000000111111110000000000000000000000000000000111111110000000000000011111110000000000,0,0
246,2,TypeB,42500,000000000000000001111111000000000000000000000000000000001111111100000000000000000000000000111111110000000000000000000000000000000111111110000000000000011111110000000000,0,0
247,3,TypeC,32000,111111000000000000111111000000000000000000000000000000000000000000000000000000000000000000001111110000000000000000000000000000000111110000000000000000001111110000000000,0,0
248,4,TypeC,32000,111111000000000000111111000000000000000000000000000000000000000000000000000000000000000000001111110000000000000000000000000000000111110000000000000000001111110000000000,0,0
249,0,TypeA,56400,000000000000011111111110000000000000000000000000000000000000011111111100000000000000111111111100000000000000000000111111111000000000000000000011111111110000000000000000,0,0
250,1,TypeB,42500,000000000000000001111111000000000000000000000000000000000000000000000000111111110000000000000000000000111111110000000000111111100000000000000011111111000000000000000000,0,0
251,2,TypeB,42500,000000000000000001111111000000000000000000000000000000000000000000000000111111110000000000000000000000111111110000000000111111100000000000000011111111000000000000000000,0,0
252,3,TypeC,27400,000000000000000000111111000000000000011110000000000000000000000000000000000111110000000000000000000000000000000000000000000000000000011111100000000001111000000000000000,1,0
253,4,TypeC,27400,000000000000000000111111000000000000011110000000000000000000000000000000000111110000000000000000000000000000000000000000000000000000011111100000000001111000000000000000,1,0
254,0,TypeA,49700,000000000000000000000000000000000000000000000000000000000000011111111100000000000000111111111000000000000011111111100000000000000111111111100000000000000000011111111110,0,0
255,1,TypeB,39500,000000000000000000000000000000000000000011111111000000000000000000000000000000000000111111100000000000000011111000000000111111100000000001111111100000000000000000000000,0,0
256,2,TypeB,39500,000000000000000000000000000000000000000011111111000000000000000000000000000000000000111111100000000000000011111000000000111111100000000001111111100000000000000000000000,0,0
257,3,TypeC,32400,000000000000000000000000000000000000011110000000000000000000011111000000000000000000000111111000000000000000011111100000000000000000011111100000000000000000000000000000,1,0
258,4,TypeC,32400,000000000000000000000000000000000000011110000000000000000000011111000000000000000000000111111000000000000000011111100000000000000000011111100000000000000000000000000000,1,0
259,0,TypeA,50100,000000000011111111110000000000001111111110000000000000000000111111111100000000000000000000000000000000000011111111100000000000000000000000000000000000011111111110000000,0,0
260,1,TypeB,39100,111111100000000000000000000000000000000000000000000000000000111111110000000000000000111111100000000000111111110000000000000000000000000000000000000000011111110000000000,0,0
261,2,TypeB,39100,111111100000000000000000000000000000000000000000000000000000111111110000000000000000111111100000000000111111110000000000000000000000000000000000000000011111110000000000,0,0
262,3,TypeC,30000,111111000000000000000000000000001111110000000000000000000000000001111100000000000000000000000000000000000011111000000000000000000000000000000000000011111000000000000000,0,0
263,4,TypeC,30000,111111000000000000000000000000001111110000000000000000000000000001111100000000000000000000000000000000000011111000000000000000000000000000000000000011111000000000000000,0,0
264,0,TypeA,53700,000000000000000000000000000000000000011111111100000000000000111111111100000000000000111111111100000000000011111111100000000000000000000000000011111111110000000000000000,0,0
265,1,TypeB,43800,000000000000000000000011111110000000000011111111000000000000000000000000000000000000000000000111111110000000000000000000000000111111110000000000111111110000000000000000,0,0
266,2,TypeB,43800,000000000000000000000011111110000000000011111111000000000000000000000000000000000000000000000111111110000000000000000000000000111111110000000000111111110000000000000000,0,0
267,3,TypeC,32100,000000001111110000000000000000000000011110000000000000000000000000000000000000000000000000001111100000000000011111100000000000000000011111100000000000000000000000000000,0,0
268,4,TypeC,32100,000000001111110000000000000000000000011110000000000000000000000000000000000000000000000000001111100000000000011111100000000000000000011111100000000000000000000000000000,0,0
269,0,TypeA,55000,000000000000000000000000000000001111111110000000000000000000000000011111111110000000000000000000000011111111110000000000000000011111111110000000000000011111111110000000,0,0
270,1,TypeB,42500,000111111110000000000000000000000000000011111111000000000000000000000000000000000000000111111100000000000000000000000000000000000011111110000000000000001111111100000000,1,0
271,2,TypeB,42500,000111111110000000000000000000000000000011111111000000000000000000000000000000000000000111111100000000000000000000000000000000000011111110000000000000001111111100000000,1,0
272,3,TypeC,32500,111111000000000000000000000000000000011110000000000000001111110000000000000000000000000111111000000000000000000000000000000000000000011111100000000000000000000000000000,0,0
273,4,TypeC,32500,111111000000000000000000000000000000011110000000000000001111110000000000000000000000000111111000000000000000000000000000000000000000011111100000000000000000000000000000,0,0
274,0,TypeA,55000,000000000000000000000000000000000000011111111110000000000000111111111100000000000000111111111100000000000000000000000000000000000000000011111111100000000000011111111110,0,0
275,1,TypeB,44800,000000111111110000000000000000000000000011111111000000000000000000000000000000000000000000000000000000111111110000000000000000000111111110000000000000000000000111111110,0,0
276,2,TypeB,44800,000000111111110000000000000000000000000011111111000000000000000000000000000000000000000000000000000000111111110000000000000000000111111110000000000000000000000111111110,0,0
277,3,TypeC,26700,000000001111110000000000000000000000011110000000000000000000000000000000000000000000000000001111110000000000000000000000111000000000000000000000000011111000000000000000,0,0
278,4,TypeC,26700,000000001111110000000000000000000000011110000000000000000000000000000000000000000000000000001111110000000000000000000000111000000000000000000000000011111000000000000000,0,0
279,0,TypeA,54400,000000000000000000000000000000001111111110000000000000000000111111111100000000000000111111111100000000000000000000000000111111111100000000000000000000011111111110000000,0,0
280,1,TypeB,43800,000000111111110000000000000000000011111110000000000000000000111111110000000000000000000000000000000000000000000000000000000000111111110000000000000000001111111100000000,1,0
281,2,TypeB,43800,000000111111110000000000000000000011111110000000000000000000111111110000000000000000000000000000000000000000000000000000000000111111110000000000000000001111111100000000,1,0
282,3,TypeC,33200,000000001111110000000000000000001111110000000000000000000000000000000000000000011111100000000001111110000000000000000000000000000000000000000011111000000000000000000000,0,0
283,4,TypeC,33200,000000001111110000000000000000001111110000000000000000000000000000000000000000011111100000000001111110000000000000000000000000000000000000000011111000000000000000000000,0,0
284,0,TypeA,54500,000000001111111111000000000000000000000000000000000000000000111111111100000000000000111111111100000000000000000000000000000000000000011111111110000000000000011111111110,1,0
285,1,TypeB,45900,000000111111110000000000000000000000000000000000000000000000111111110000000000000000000000000000000000000000000000000000111111110000000000111111100000000000000111111110,0,0
286,2,TypeB,45900,000000111111110000000000000000000000000000000000000000000000111111110000000000000000000000000000000000000000000000000000111111110000000000111111100000000000000111111110,0,0
287,3,TypeC,35900,000000001111110000000000000000000000000000000000000000000000111111000000000000011111100000000000000000000011111000000000000000000000011111100000000000000000000000000000,1,0
288,4,TypeC,35900,000000001111110000000000000000000000000000000000000000000000111111000000000000011111100000000000000000000011111000000000000000000000011111100000000000000000000000000000,1,0
289,0,TypeA,54400,000000000000000000000000000000011111111110000000000000000000111111111100000000000000111111111100000000000011111111100000000000000000000000000011111111110000000000000000,0,0
290,1,TypeB,43800,000000111111110000000000000000011111110000000000000000000000000000000000000000000000000000000111111110000000000000000000111111110000000000000011111111000000000000000000,0,0
291,2,TypeB,43800,000000111111110000000000000000011111110000000000000000000000000000000000000000000000000000000111111110000000000000000000111111110000000000000011111111000000000000000000,0,0
292,3,TypeC,34000,000000000000000000000000000000000000111110000000000000001111110000000000000000000000000000000000000000000000011111100000000000000001111110000000000011111000000000000000,1,0
293,4,TypeC,34000,000000000000000000000000000000000000111110000000000000001111110000000000000000000000000000000000000000000000011111100000000000000001111110000000000011111000000000000000,1,0
294,0,TypeA,53900,000000001111111111000000000000011111111110000000000000000000000000000000000000111111111100000000000011111111110000000000000000000000000000000000000000011111111110000000,1,0
295,1,TypeB,43500,000000111111110000000000000000000000000000000000000000000000000000000000111111110000000000000111111110000000000000000000000000111111110000000000000000011111110000000000,0,0
296,2,TypeB,43500,000000111111110000000000000000000000000000000000000000000000000000000000111111110000000000000111111110000000000000000000000000111111110000000000000000011111110000000000,0,0
297,3,TypeC,33400,000000001111110000000000000000000000000000000000000000001111110000000000000111110000000000000000000000000000011111100000000000000000000000000000000000000000011111000000,0,0
298,4,TypeC,33400,000000001111110000000000000000000000000000000000000000001111110000000000000111110000000000000000000000000000011111100000000000000000000000000000000000000000011111000000,0,0
299,0,TypeA,55700,000001111111110000000000000011111111110000000000000000000000000000000000000000011111111100000000000000000000000000111111111000000000000000000001111111111000000000000000,0,0
300,1,TypeB,42800,000111111110000000000011111110000000000000000000000000000000000000000000000000000000111111100000000000000000000000000000111111110000000000000000011111111000000000000000,0,0
301,2,TypeB,42800,000111111110000000000011111110000000000000000000000000000000000000000000000000000000111111100000000000000000000000000000111111110000000000000000011111111000000000000000,0,0
302,3,TypeC,31000,111111000000000000000000000000000000000000000000000000000000000000011111100000000000000000000000000000000000011111100000000000000011111100000000000001111000000000000000,1,0
303,4,TypeC,31000,111111000000000000000000000000000000000000000000000000000000000000011111100000000000000000000000000000000000011111100000000000000011111100000000000001111000000000000000,1,0
304,0,TypeA,53100,111111111000000000000000000000011111111110000000000001111111110000000000000000000000000000000000000000000000000000000000000000000111111111100000000000011111111110000000,0,0
305,1,TypeB,42800,000000000000011111110000000000000000000000000000000000000000000000000111111100000000000000000001111111100000000000000000111111110000000000000000011111111000000000000000,0,0
306,2,TypeB,42800,000000000000011111110000000000000000000000000000000000000000000000000111111100000000000000000001111111100000000000000000111111110000000000000000011111111000000000000000,0,0
307,3,TypeC,30900,000000001111110000000000000011111000000000000000000000000000000000000000000000000000000000000000000000000000011111100000000000000000011111100000000001111000000000000000,1,0
308,4,TypeC,30900,000000001111110000000000000011111000000000000000000000000000000000000000000000000000000000000000000000000000011111100000000000000000011111100000000001111000000000000000,1,0
309,0,TypeA,51000,000000000000000000000000000000011111111110000000000000000000011111111100000000000000000000000000000000111111111000000000000000000111111111100000000000011111111110000000,0,0
310,1,TypeB,42500,000000111111110000000000000000000011111110000000000000000000000000000000000000000000000000000001111111100000000000000000111111110000000000000000001111111000000000000000,0,0
311,2,TypeB,42500,000000111111110000000000000000000011111110000000000000000000000000000000000000000000000000000001111111100000000000000000111111110000000000000000001111111000000000000000,0,0
312,3,TypeC,29200,000000000000000000000000000000000000011110000000000000001111110000000000000111110000000000000000000000000011111000000000000000000000000000000011111000000000000000000000,0,0
313,4,TypeC,29200,000000000000000000000000000000000000011110000000000000001111110000000000000111110000000000000000000000000011111000000000000000000000000000000011111000000000000000000000,0,0
314,0,TypeA,52300,000000000011111111110000000000011111111110000000000000000000011111111100000000000000111111111100000000000000000000000000000000000000000000000000000000011111111110000000,0,0
315,1,TypeB,42800,000000111111110000000000000000011111110000000000000000000000000000000000000000000000111111100000000000000000000000000000111111110000000000000000011111111000000000000000,0,0
316,2,TypeB,42800,000000111111110000000000000000011111110000000000000000000000000000000000000000000000111111100000000000000000000000000000111111110000000000000000011111111000000000000000,0,0
317,3,TypeC,26400,000000001111110000000000000000000000000000000000000001111100000000000000000000000000000111111000000000000000000000000000111000000000000000000011110000000000000000000000,0,0
318,4,TypeC,26400,000000001111110000000000000000000000000000000000000001111100000000000000000000000000000111111000000000000000000000000000111000000000000000000011110000000000000000000000,0,0
319,0,TypeA,53400,000000000000000000000000000011111111110000000000000001111111110000000000000000011111111100000000000011111111110000000000000000000000000000000000000000011111111110000000,1,0
320,1,TypeB,42000,000000000000000000000011111110000000000000000000000000001111111100000000000000000000000000000111111110000000000000111111110000000000000000111111110000000000000000000000,0,0
321,2,TypeB,42000,000000000000000000000011111110000000000000000000000000001111111100000000000000000000000000000111111110000000000000111111110000000000000000111111110000000000000000000000,0,0
322,3,TypeC,34400,000000001111110000000000000000000000011111100000000001111100000000000000000000011111100000000000000000000000011111100000000000000000000000000000000000000000000000000000,0,0
323,4,TypeC,34400,000000001111110000000000000000000000011111100000000001111100000000000000000000011111100000000000000000000000011111100000000000000000000000000000000000000000000000000000,0,0
324,0,TypeA,53900,000000000000000000000000000000000000111111111100000000000000111111111100000000000000111111111100000000000000000000000000000000000111111111100000000000000000011111111110,0,0
325,1,TypeB,43800,000000000000000000000011111110000000000000000000000000001111111100000000000000111111110000000000000000000000000000000000000000000000000001111111100000000000000111111110,0,0
326,2,TypeB,43800,000000000000000000000011111110000000000000000000000000001111111100000000000000111111110000000000000000000000000000000000000000000000000001111111100000000000000111111110,0,0
327,3,TypeC,35500,000000001111110000000000000000000000111110000000000000000000000000000000000000000011111100000000000000000011111000000000000000000000011111100000000000000000000000000000,1,0
328,4,TypeC,35500,000000001111110000000000000000000000111110000000000000000000000000000000000000000011111100000000000000000011111000000000000000000000011111100000000000000000000000000000,1,0
329,0,TypeA,52600,000000000000000000000000000000001111111110000000000001111111111000000000000000000000111111111100000000000000000000000000000000000111111111100000000000000000011111111110,0,0
330,1,TypeB,41500,111111000000000000000000000000000000000011111111000000000000000000000000000000000000000000000001111111100000000000000000000000000001111111100000000000011111110000000000,1,0
331,2,TypeB,41500,111111000000000000000000000000000000000011111111000000000000000000000000000000000000000000000001111111100000000000000000000000000001111111100000000000011111110000000000,1,0
332,3,TypeC,27500,111111000000000000000000000000001111110000000000000000000000000000000000000000000000000000000000011111100000000000000000111000000000000000000011111000000000000000000000,0,0
333,4,TypeC,27500,111111000000000000000000000000001111110000000000000000000000000000000000000000000000000000000000011111100000000000000000111000000000000000000011111000000000000000000000,0,0
334,0,TypeA,54300,000000000000000000000000000000011111111110000000000000000000111111111100000000000000000111111111100000000000000000111111111000000000000000000000000000011111111100000000,1,0
335,1,TypeB,44800,111111110000000000000000000000000000000011111111000000000000000000000000000000000000000000000001111111100000000000000000111111110000000000000000000000001111111100000000,0,0
336,2,TypeB,44800,111111110000000000000000000000000000000011111111000000000000000000000000000000000000000000000001111111100000000000000000111111110000000000000000000000001111111100000000,0,0
337,3,TypeC,30000,111111000000000000000000000000001111110000000000000000001111110000000000000000000000000000000001111110000000000000000000111000000000000000000000000000000000000000000000,0,0
338,4,TypeC,30000,111111000000000000000000000000001111110000000000000000001111110000000000000000000000000000000001111110000000000000000000111000000000000000000000000000000000000000000000,0,0
339,0,TypeA,53800,000001111111110000000000000011111111110000000000000000000000000000000000000000111111111100000000000000000000000000000000000000011111111110000000000000011111111110000000,0,0
340,1,TypeB,43800,111111110000000000000011111110000000000000000000000000000000000000000000111111110000000000000000000000000000000000000000111111110000000000000011111111000000000000000000,0,0
341,2,TypeB,43800,111111110000000000000011111110000000000000000000000000000000000000000000111111110000000000000000000000000000000000000000111111110000000000000011111111000000000000000000,0,0
342,3,TypeC,28700,111111000000000000000000000000001111110000000000000000000000000000000000000111110000000000000000000000000000011111100000000000000000000000000011100000000000000000000000,0,0
343,4,TypeC,28700,111111000000000000000000000000001111110000000000000000000000000000000000000111110000000000000000000000000000011111100000000000000000000000000011100000000000000000000000,0,0
344,0,TypeA,54500,000000000000000000000000000011111111110000000000000000000000111111111100000000000000111111111100000000000000000000000000000000011111111110000000000000011111111110000000,1,0
345,1,TypeB,42000,000000000000011111110000000000000000000011111111000000000000000001111111100000000000000000000000000000000000000000111111110000000000000011111111000000000000000000000000,1,0
346,2,TypeB,42000,000000000000011111110000000000000000000011111111000000000000000001111111100000000000000000000000000000000000000000111111110000000000000011111111000000000000000000000000,1,0
347,3,TypeC,35400,000000001111110000000000000000000000000000000000000000001111110000000000000000000000000000001111110000000000011111100000000000000000011111100000000000000000000000000000,0,0
348,4,TypeC,35400,000000001111110000000000000000000000000000000000000000001111110000000000000000000000000000001111110000000000011111100000000000000000011111100000000000000000000000000000,0,0
349,0,TypeA,53000,000000000011111111110000000000011111111110000000000000000000111111111100000000000000000000000000000000000000000000000000000000000111111111100000000000000000011111111110,0,0
350,1,TypeB,42500,000111111110000000000000000000000011111110000000000000000000000001111111100000000000000000000000000000000000000000000000000000000000000001111111100000000000000011111110,0,0
351,2,TypeB,42500,000111111110000000000000000000000011111110000000000000000000000001111111100000000000000000000000000000000000000000000000000000000000000001111111100000000000000011111110,0,0
352,3,TypeC,32200,000000001111110000000000000000000000000000000000000000000000000000011111100000000000000000000000000000000000011111100000000000000111110000000000000011111000000000000000,1,0
353,4,TypeC,32200,000000001111110000000000000000000000000000000000000000000000000000011111100000000000000000000000000000000000011111100000000000000111110000000000000011111000000000000000,1,0
354,0,TypeA,51300,000000000000000000000000000000001111111110000000000000000000011111111100000000000000000000000000000011111111110000000000000000000111111111100000000000011111111110000000,0,0
355,1,TypeB,44800,000000111111110000000000000000000000000011111111000000000000000000000000111111110000000000000000000000000000000000000000111111110000000001111111100000000000000000000000,1,0
356,2,TypeB,44800,000000111111110000000000000000000000000011111111000000000000000000000000111111110000000000000000000000000000000000000000111111110000000001111111100000000000000000000000,1,0
357,3,TypeC,33100,000000000000000000000000000000001111110000000000000001111100000000000000000000000000000111111000000000000011111000000000000000000000011111100000000000000000000000000000,1,0
358,4,TypeC,33100,000000000000000000000000000000001111110000000000000001111100000000000000000000000000000111111000000000000011111000000000000000000000011111100000000000000000000000000000,1,0
359,0,TypeA,54800,000000000000011111111110000000000000011111111110000000000000111111111100000000000000111111111100000000000000000000000000000000000000000000000000000000011111111110000000,1,0
360,1,TypeB,40700,111111110000000000000000000000000000000000000000000000000000000000000111111110000000000111111100000000000000000000111111110000000000000000000000000000011111110000000000,1,0
361,2,TypeB,40700,111111110000000000000000000000000000000000000000000000000000000000000111111110000000000111111100000000000000000000111111110000000000000000000000000000011111110000000000,1,0
362,3,TypeC,32300,111111000000000001111110000000000000000000000000000000000000000000000000000000000000000111111000000000000000011111100000000000000111110000000000000000000000000000000000,1,0
363,4,TypeC,32300,111111000000000001111110000000000000000000000000000000000000000000000000000000000000000111111000000000000000011111100000000000000111110000000000000000000000000000000000,1,0
364,0,TypeA,53000,000000000000000000000000000000011111111110000000000000000000111111111100000000000000111111111100000000000000000000000000000000000111111111100000000000011111111110000000,0,0
365,1,TypeB,41500,111111110000000000000000000000000000000000000000000000000000000000000000111111110000000000000000000000000000011111100000000000000111111110000000000000011111110000000000,0,0
366,2,TypeB,41500,111111110000000000000000000000000000000000000000000000000000000000000000111111110000000000000000000000000000011111100000000000000111111110000000000000011111110000000000,0,0
367,3,TypeC,32300,111111000000000000000000000000001111110000000000000000000000000000000000000000000000000111111000000000000000011111100000000000000000000000000011111000000000000000000000,0,0
368,4,TypeC,32300,111111000000000000000000000000001111110000000000000000000000000000000000000000000000000111111000000000000000011111100000000000000000000000000011111000000000000000000000,0,0
369,0,TypeA,55100,000001111111110000000000000000001111111110000000000001111111110000000000000000000000000000000000000000000000000000000000011111111110000000000011111111110000000000000000,0,0
370,1,TypeB,47200,000111111110000000000000000000000000000000000000000000001111111100000000000000000000000000000000000000000000000000000000111111110000000000000011111111000000000111111110,0,0
371,2,TypeB,47200,000111111110000000000000000000000000000000000000000000001111111100000000000000000000000000000000000000000000000000000000111111110000000000000011111111000000000111111110,0,0
372,3,TypeC,31500,000000001111110000000000000000000000000000000000000000001111110000000000000000000000000000000000000000000011111000000000011111100000000000000000000001111000000000000000,0,0
373,4,TypeC,31500,000000001111110000000000000000000000000000000000000000001111110000000000000000000000000000000000000000000011111000000000011111100000000000000000000001111000000000000000,0,0
374,0,TypeA,50600,000000000000000000000000000000001111111110000000000001111111110000000000000000111111111100000000000000000000000000000000000000011111111100000000000000011111111110000000,0,0
375,1,TypeB,44400,000000000000011111110000000000000000000000000000000000000000000000000000111111110000000000000000000000000000000000111111110000000000000000000011111111000000000111111110,0,0
376,2,TypeB,44400,000000000000011111110000000000000000000000000000000000000000000000000000111111110000000000000000000000000000000000111111110000000000000000000011111111000000000111111110,0,0
377,3,TypeC,33300,000000001111110000000000000000000000000000000000000000001111110000000000000000000000000000000000000000000011111000000000000000000011111100000000000001111000000000000000,0,0
378,4,TypeC,33300,000000001111110000000000000000000000000000000000000000001111110000000000000000000000000000000000000000000011111000000000000000000011111100000000000001111000000000000000,0,0
379,0,TypeA,56100,000000000000000000000000000000001111111110000000000001111111110000000000000000111111111100000000000000000000000000000000111111111100000000000011111111110000000000000000,0,0
380,1,TypeB,46200,000000000000000000000000000000000011111110000000000000001111111100000000000000000000000000000000000000000000000000000000111111110000000000000011111111000000000111111110,0,0
381,2,TypeB,46200,000000000000000000000000000000000011111110000000000000001111111100000000000000000000000000000000000000000000000000000000111111110000000000000011111111000000000111111110,0,0
382,3,TypeC,33000,000000001111110000000000000000001111110000000000000000001111110000000000000000000000000000000000000000000011111000000000000000000000000000000000000001111000000000000000,0,0
383,4,TypeC,33000,000000001111110000000000000000001111110000000000000000001111110000000000000000000000000000000000000000000011111000000000000000000000000000000000000001111000000000000000,0,0
384,0,TypeA,57200,000000000000000000000000000011111111110000000000000000000000111111111100000000000000000111111111100000000000000000000000011111111110000000000000000000011111111110000000,0,0
385,1,TypeB,42500,000000000000011111110000000000000000000000000000000000000000000001111111100000000000000000000001111111100000000000000000011111110000000000111111110000000000000000000000,0,0
386,2,TypeB,42500,000000000000011111110000000000000000000000000000000000000000000001111111100000000000000000000001111111100000000000000000011111110000000000111111110000000000000000000000,0,0
387,3,TypeC,32300,000000000000011111000000000000000000000000000000000000000000000000000000000000011111100000000000000000000000011111100000000000000111110000000000000000000000011110000000,1,0
388,4,TypeC,32300,000000000000011111000000000000000000000000000000000000000000000000000000000000011111100000000000000000000000011111100000000000000111110000000000000000000000011110000000,1,0
389,0,TypeA,53800,000000000000000000000000000011111111110000000000000000000000111111111100000000000000000111111111100000000000000000000000000000000111111111000000000000011111111110000000,0,0
390,1,TypeB,43800,000000000000011111110000000000000000000000000000000000000000000001111111100000000000000000000001111111100000000000000000000000000011111111000000000000000000000111111110,0,0
391,2,TypeB,43800,000000000000011111110000000000000000000000000000000000000000000001111111100000000000000000000001111111100000000000000000000000000011111111000000000000000000000111111110,0,0
392,3,TypeC,33300,000000000000011111100000000000000000000000000000000000000000000000000000000000011111100000000000000000000000011111100000000000000111110000000000000000000000011110000000,1,0
393,4,TypeC,33300,000000000000011111100000000000000000000000000000000000000000000000000000000000011111100000000000000000000000011111100000000000000111110000000000000000000000011110000000,1,0
394,0,TypeA,55600,000000000000000000000000000011111111110000000000000001111111110000000000000000011111111110000000000000000000000000000000111111111100000000000000000000011111111110000000,0,0
395,1,TypeB,44900,000000000000011111110000000000000000000000000000000000000000000000000000000000000000000000000001111111100000000000000000111111110000000000111111110000000000000011111110,0,0
396,2,TypeB,44900,000000000000011111110000000000000000000000000000000000000000000000000000000000000000000000000001111111100000000000000000111111110000000000111111110000000000000011111110,0,0
397,3,TypeC,30200,000000000000000000011111000000000000000000000000000000000000000000000000000000000000111110000000000000000000011111100000000000000111110000000000000011111000000000000000,0,0
398,4,TypeC,30200,000000000000000000011111000000000000000000000000000000000000000000000000000000000000111110000000000000000000011111100000000000000111110000000000000011111000000000000000,0,0
399,0,TypeA,54100,000000000000000000000000000011111111110000000000000000000000011111111100000000000000000000000000000011111111110000000000000000000111111111100000000000000000011111111110,1,0
400,1,TypeB,41500,000000000000011111110000000000000000000000000000000000000000000000000000111111110000000000000000111111100000000000000000000000011111110000000000111111110000000000000000,0,0
401,2,TypeB,41500,000000000000011111110000000000000000000000000000000000000000000000000000111111110000000000000000111111100000000000000000000000011111110000000000111111110000000000000000,0,0
402,3,TypeC,30200,111100000000000000000000000000000000000000000000000000001111110000000000000000000000000000000000000000000000011111100000000000000111110000000000000011111000000000000000,1,0
403,4,TypeC,30200,111100000000000000000000000000000000000000000000000000001111110000000000000000000000000000000000000000000000011111100000000000000111110000000000000011111000000000000000,1,0
404,0,TypeA,54400,000001111111110000000000000000011111111110000000000001111111111000000000000000000000000000000000000000000000000000000000000000000000011111111110000000000000011111111110,1,0
405,1,TypeB,44800,000000000000000000000000000000000000000011111111000000000000000000000000111111110000000000000001111111100000000000000000111111110000000000000011111111000000000000000000,0,0
406,2,TypeB,44800,000000000000000000000000000000000000000011111111000000000000000000000000111111110000000000000001111111100000000000000000111111110000000000000011111111000000000000000000,0,0
407,3,TypeC,33500,000000000000011111100000000000000000000000000000000000001111110000000000000000000000000000000001111110000000000000000000000000000011111100000000000011111000000000000000,1,0
408,4,TypeC,33500,000000000000011111100000000000000000000000000000000000001111110000000000000000000000000000000001111110000000000000000000000000000011111100000000000011111000000000000000,1,0
409,0,TypeA,52900,000000000000000000000000000011111111110000000000000001111111110000000000000000011111111110000000000000000000000000000000000000000111111111100000000000011111111110000000,0,0
410,1,TypeB,41500,000000000000011111110000000000000000000000000000000000000000000001111111100000000000111111100000000000000000000000000000000000111111110000000000000000011111110000000000,0,0
411,2,TypeB,41500,000000000000011111110000000000000000000000000000000000000000000001111111100000000000111111100000000000000000000000000000000000111111110000000000000000011111110000000000,0,0
412,3,TypeC,30200,111111000000000000111111000000000000000000000000000000000000000000000000000000000000111110000000000000000000000000000000000000000111110000000000000000000000011110000000,1,0
413,4,TypeC,30200,111111000000000000111111000000000000000000000000000000000000000000000000000000000000111110000000000000000000000000000000000000000111110000000000000000000000011110000000,1,0
414,0,TypeA,55100,111111111000000000000000000011111111110000000000000000000000011111111100000000000000000000000000000000000011111111100000000000000000000000000001111111111000000000000000,0,0
415,1,TypeB,39800,001111111000000000000000000000000000000000000000000000000111111100000000000000000000000000000000000000000011111000000000000000000001111111100000000000000000000111111110,0,0
416,2,TypeB,39800,001111111000000000000000000000000000000000000000000000000111111100000000000000000000000000000000000000000011111000000000000000000001111111100000000000000000000111111110,0,0
417,3,TypeC,31800,001111110000000000000000000011111000000000000000000000000000000000000000000000000000111110000000000000000011111000000000000000000001111110000000000000000000000000000000,1,0
418,4,TypeC,31800,001111110000000000000000000011111000000000000000000000000000000000000000000000000000111110000000000000000011111000000000000000000001111110000000000000000000000000000000,1,0
419,0,TypeA,57100,111111111000000000000000000011111111110000000000000000000000111111111100000000000000000000000000000000000000000000000000011111111110000000000000000000011111111110000000,0,0
420,1,TypeB,43800,111111110000000001111111000000000000000000000000000000000000000000000000111111110000000000000000000000000000000000000000111111110000000000000011111111000000000000000000,0,0
421,2,TypeB,43800,111111110000000001111111000000000000000000000000000000000000000000000000111111110000000000000000000000000000000000000000111111110000000000000011111111000000000000000000,0,0
422,3,TypeC,33000,000000000000000000000000000011111000000000000000000000000111111000000000000000011111100000000000000000000011111000000000000000000111110000000000000000000000000000000000,1,0
423,4,TypeC,33000,000000000000000000000000000011111000000000000000000000000111111000000000000000011111100000000000000000000011111000000000000000000111110000000000000000000000000000000000,1,0
424,0,TypeA,52900,000000000000000000000000000011111111110000000000000001111111111000000000000000011111111110000000000000000011111111100000000000000000000000000000000000011111111110000000,0,0
425,1,TypeB,42500,000000011111110000000000000000000000000000000000000000000000111111110000000000000000000000000000000000111111110000000000111111110000000000000000000000011111110000000000,0,0
426,2,TypeB,42500,000000011111110000000000000000000000000000000000000000000000111111110000000000000000000000000000000000111111110000000000111111110000000000000000000000011111110000000000,0,0
427,3,TypeC,31700,000000000000000000000000000000001111110000000000000000000000000000011111100000000000111110000000000000000011111000000000000000000000000000000000000000000000011110000000,0,0
428,4,TypeC,31700,000000000000000000000000000000001111110000000000000000000000000000011111100000000000111110000000000000000011111000000000000000000000000000000000000000000000011110000000,0,0
429,0,TypeA,55500,111111111000000000000000000011111111110000000000000001111111110000000000000000111111111100000000000000000000000000000000000000000000000000000000000000000000011111111110,0,0
430,1,TypeB,40200,000000001111110000000000000000000000000011111111000000000000000000000000111111110000000000000000000000000000000000000000000000000001111111000000000000011111110000000000,0,0
431,2,TypeB,40200,000000001111110000000000000000000000000011111111000000000000000000000000111111110000000000000000000000000000000000000000000000000001111111000000000000011111110000000000,0,0
432,3,TypeC,35500,000000001111110000000000000000001111110000000000000000001111110000000000000000000000000000000000000000000011111000000000000000000111110000000000000000000000000000000000,0,0
433,4,TypeC,35500,000000001111110000000000000000001111110000000000000000001111110000000000000000000000000000000000000000000011111000000000000000000111110000000000000000000000000000000000,0,0
434,0,TypeA,54700,000000000000000000000000000011111111110000000000000000000000011111111100000000000000111111111100000000000000000000000000000000000000011111111110000000000000011111111110,0,0
435,1,TypeB,43500,000000000011111111000000000000000000000011111111000000000000000000000000111111110000000000000000000000000000000000000000111111110000000000000000000000011111110000000000,0,0
436,2,TypeB,43500,000000000011111111000000000000000000000011111111000000000000000000000000111111110000000000000000000000000000000000000000111111110000000000000000000000011111110000000000,0,0
437,3,TypeC,31000,111111000000000000000001111110000000000000000000000000000000000000000000000000000000111110000000000000001111110000000000000000000000000000000000000011111000000000000000,1,0
438,4,TypeC,31000,111111000000000000000001111110000000000000000000000000000000000000000000000000000000111110000000000000001111110000000000000000000000000000000000000011111000000000000000,1,0
439,0,TypeA,52900,000000000000000000000000000011111111110000000000000000000000011111111100000000000000111111111100000000000111111111100000000000000000000000000000000000011111111110000000,1,0
440,1,TypeB,44900,000000000000000000000000000000000000000011111111000000000000000000000111111100000000000000000000000000000000000000000000111111110000000000000011111111000000000011111110,0,0
441,2,TypeB,44900,000000000000000000000000000000000000000011111111000000000000000000000111111100000000000000000000000000000000000000000000111111110000000000000011111111000000000011111110,0,0
442,3,TypeC,29300,111111000000000000000000000000000000000000000000000001111100000000000000000000000000111110000000000000000111110000000000000000000000000000000000000011111000000000000000,0,0
443,4,TypeC,29300,111111000000000000000000000000000000000000000000000001111100000000000000000000000000111110000000000000000111110000000000000000000000000000000000000011111000000000000000,0,0
444,0,TypeA,54700,000000000000000000000000000011111111110000000000000001111111110000000000000000111111111100000000000011111111110000000000000000000000000000000000000000011111111110000000,1,0
445,1,TypeB,43500,000000000000000000000000000000000000000011111111000000000000000000000000111111110000000000000000000000111111110000000000000000000011111111000000000000011111110000000000,0,0
446,2,TypeB,43500,000000000000000000000000000000000000000011111111000000000000000000000000111111110000000000000000000000111111110000000000000000000011111111000000000000011111110000000000,0,0
447,3,TypeC,32800,000000000000000000111111000000000000000000000000000000000000000000000000000000000000111110000000000000001111110000000000000000000011111100000000000011111000000000000000,1,0
448,4,TypeC,32800,000000000000000000111111000000000000000000000000000000000000000000000000000000000000111110000000000000001111110000000000000000000011111100000000000011111000000000000000,1,0
449,0,TypeA,54600,001111111110000000000000000011111111110000000000000000000000111111111100000000000000000000000000000011111111110000000000000000000000000000000000000000011111111100000000,1,0
450,1,TypeB,40500,001111111000000000000000000000000000000000000000000000000000000000000111111100000000000000000000000000001111111000000000111111110000000000000000000000011111110000000000,0,0
451,2,TypeB,40500,001111111000000000000000000000000000000000000000000000000000000000000111111100000000000000000000000000001111111000000000111111110000000000000000000000011111110000000000,0,0
452,3,TypeC,31500,000000000000000000000000000011111000000000000000000000001111110000000000000000000000111110000000000000001111110000000000000000000000000000000000000011111000000000000000,1,0
453,4,TypeC,31500,000000000000000000000000000011111000000000000000000000001111110000000000000000000000111110000000000000001111110000000000000000000000000000000000000011111000000000000000,1,0
454,0,TypeA,54500,000000000000000000000000000011111111110000000000000000000000111111111100000000000000000000000000000011111111110000000000000000000111111111100000000000011111111110000000,1,0
455,1,TypeB,42500,000000000000000000000011111110000000000000000000000000000000000000000000111111110000000000000000000000111111110000000000111111110000000000000000000000011111110000000000,0,0
456,2,TypeB,42500,000000000000000000000011111110000000000000000000000000000000000000000000111111110000000000000000000000111111110000000000111111110000000000000000000000011111110000000000,0,0
457,3,TypeC,28000,000000000000000000111111000000000000000000000000000000000000000000000000000000000000111110000000000000001111110000000000111000000000000000000000000011111000000000000000,1,0
458,4,TypeC,28000,000000000000000000111111000000000000000000000000000000000000000000000000000000000000111110000000000000001111110000000000111000000000000000000000000011111000000000000000,1,0
459,0,TypeA,53300,111111111000000000000000000011111111110000000000000000000000011111111100000000000000111111111000000000000000000000000000000000000000000000000000000000011111111110000000,0,0
460,1,TypeB,47200,000000000000000000000000000000000000000011111111000000000000000000000000111111110000000000000000000000000000000000000000111111110000000000000011111111000000000111111110,0,0
461,2,TypeB,47200,000000000000000000000000000000000000000011111111000000000000000000000000111111110000000000000000000000000000000000000000111111110000000000000011111111000000000111111110,0,0
462,3,TypeC,28700,111111000000000000000000000000000000000000000000000001111000000000000000000000011111100000000000000000000011111000000000000000000000000000000000000011111000000000000000,0,0
463,4,TypeC,28700,111111000000000000000000000000000000000000000000000001111000000000000000000000011111100000000000000000000011111000000000000000000000000000000000000011111000000000000000,0,0
464,0,TypeA,53400,000000000000000000011111111110000000000000000000000001111111110000000000000000000000111111111000000000000000000000000000000000000111111111100000000000011111111110000000,0,0
465,1,TypeB,39100,000000011111110000000000000000000000000011111111000000000000000001111111100000000000111111100000000000000000000000000000000000000000000000000000000000011111110000000000,0,0
466,2,TypeB,39100,000000011111110000000000000000000000000011111111000000000000000001111111100000000000111111100000000000000000000000000000000000000000000000000000000000011111110000000000,0,0
467,3,TypeC,31800,111111000000000000111111000000000000000000000000000000000000000000000000000000000000000111111000000000000000011111100000000000000000000000111111000000000000000000000000,1,0
468,4,TypeC,31800,111111000000000000111111000000000000000000000000000000000000000000000000000000000000000111111000000000000000011111100000000000000000000000111111000000000000000000000000,1,0
469,0,TypeA,53700,001111111110000000000000000011111111110000000000000000000000111111111100000000000000111111111000000000000000000000000000000000000000000000000000000000011111111110000000,0,0
470,1,TypeB,41500,000000000000000001111111000000000000000011111111000000000000000000000000000000000000111111100000000000000000000000000000000000000111111110000000000000011111110000000000,1,0
471,2,TypeB,41500,000000000000000001111111000000000000000011111111000000000000000000000000000000000000111111100000000000000000000000000000000000000111111110000000000000011111110000000000,1,0
472,3,TypeC,29500,001111100000000000111111000000000000000000000000000000001111110000000000000000000000000000000000011111100000000000000000000000000000000000000000000011111000000000000000,0,0
473,4,TypeC,29500,001111100000000000111111000000000000000000000000000000001111110000000000000000000000000000000000011111100000000000000000000000000000000000000000000011111000000000000000,0,0
474,0,TypeA,51900,000001111111110000000000000000011111111110000000000000000000000000000000000000011111111110000000000000111111111000000000000000000000000000000000000000011111111110000000,0,0
475,1,TypeB,43800,111111110000000001111111000000000000000000000000000000000000000000000000000000000000000000000001111111100000000000000000000000000000000000111111110000000000000111111110,0,0
476,2,TypeB,43800,111111110000000001111111000000000000000000000000000000000000000000000000000000000000000000000001111111100000000000000000000000000000000000111111110000000000000111111110,0,0
477,3,TypeC,32300,000001111110000000000000000000001111110000000000000000000000000000000000000000000000111110000000000000000011111000000000000000000000000000000000000000000000011110000000,1,0
478,4,TypeC,32300,000001111110000000000000000000001111110000000000000000000000000000000000000000000000111110000000000000000011111000000000000000000000000000000000000000000000011110000000,1,0
479,0,TypeA,52500,000000000000011111111110000000000000000000000000000001111111110000000000000000011111111110000000000000111111111000000000000000000000000000000000000000011111111110000000,0,0
480,1,TypeB,44900,000000111111110000000000000000000000000000000000000000000000000000000000000000000000000000000000000000001111111000000000111111100000000011111111000000000000000111111110,0,0
481,2,TypeB,44900,000000111111110000000000000000000000000000000000000000000000000000000000000000000000000000000000000000001111111000000000111111100000000011111111000000000000000111111110,0,0
482,3,TypeC,31800,000000000000000001111110000000000000000000000000000000000000000000000000000000000000111110000000000000000011111000000000000000000011111100000000000011111000000000000000,1,0
483,4,TypeC,31800,000000000000000001111110000000000000000000000000000000000000000000000000000000000000111110000000000000000011111000000000000000000011111100000000000011111000000000000000,1,0
484,0,TypeA,52800,000000000000000000000000000011111111110000000000000001111111110000000000000000011111111110000000000000111111111000000000000000000000000000000000000000011111111110000000,0,0
485,1,TypeB,42800,000000111111110000000000000000000000000000000000000000000000000000000000000000000000111111100000000000001111111000000000111111110000000000000000000000000000000111111110,0,0
486,2,TypeB,42800,000000111111110000000000000000000000000000000000000000000000000000000000000000000000111111100000000000001111111000000000111111110000000000000000000000000000000111111110,0,0
487,3,TypeC,30500,000000001111110000000000000011111000000000000000000000000000000000000000000000000000111110000000000000000011111000000000000000000000000000000000000011111000000000000000,1,0
488,4,TypeC,30500,000000001111110000000000000011111000000000000000000000000000000000000000000000000000111110000000000000000011111000000000000000000000000000000000000011111000000000000000,0,0
489,0,TypeA,53500,000000000000000000000000000000011111111110000000000000000000011111111100000000000000000000000000000011111111110000000000000000111111111100000000000000011111111110000000,1,0
490,1,TypeB,43800,111111110000000000000011111110000000000000000000000000000000000000000000000000000000000000000001111111100000000000000000000000111111110000000000000000000000000111111110,0,0
491,2,TypeB,43800,111111110000000000000011111110000000000000000000000000000000000000000000000000000000000000000001111111100000000000000000000000111111110000000000000000000000000111111110,0,0
492,3,TypeC,34300,111111000000000000000000000000001111110000000000000000000000000000000000000000000000111110000000000000000011111000000000000000000011111100000000000000000000000000000000,0,0
493,4,TypeC,34300,111111000000000000000000000000001111110000000000000000000000000000000000000000000000111110000000000000000011111000000000000000000011111100000000000000000000000000000000,0,0
494,0,TypeA,55000,111111111000000000000000000000011111111110000000000000000000000000000000000000011111111110000000000011111111110000000000000000000000000000000000000000011111111110000000,1,0
495,1,TypeB,43800,000000000000000001111111000000000000000000000000000000000000000000000000111111110000000000000001111111100000000000000000111111110000000000000000000000000000000111111110,0,0
496,2,TypeB,43800,000000000000000001111111000000000000000000000000000000000000000000000000111111110000000000000001111111100000000000000000111111110000000000000000000000000000000111111110,0,0
497,3,TypeC,35500,000000000000011111100000000000001111110000000000000000000000000000000000000000000000111110000000000000000011111000000000000000000001111110000000000000000000000000000000,1,0
498,4,TypeC,35500,000000000000011111100000000000001111110000000000000000000000000000000000000000000000111110000000000000000011111000000000000000000001111110000000000000000000000000000000,1,0
499,0,TypeA,53700,001111111110000000000000000000011111111110000000000000000000011111111100000000000000000000000000000011111111110000000000000000000000000000000000000000011111111110000000,1,0
500,1,TypeB,40400,111111110000000001111111000000000000000000000000000000001111111100000000000000000000000000000000000000001111111000000000000000000000000000000000000000000000000111111110,0,0
501,2,TypeB,40400,111111110000000001111111000000000000000000000000000000001111111100000000000000000000000000000000000000001111111000000000000000000000000000000000000000000000000111111110,0,0
502,3,TypeC,30800,111100000000000000000000000000001111110000000000000001111100000000000000000000000000111110000000000000001111110000000000000000000000000000000000000000000000000000000000,0,0
503,4,TypeC,30800,111100000000000000000000000000001111110000000000000001111100000000000000000000000000111110000000000000001111110000000000000000000000000000000000000000000000000000000000,0,0
504,0,TypeA,56600,000000000000000000000000000000011111111110000000000000000000111111111100000000000000000111111111100000000000000000000000111111111100000000000000000000011111111110000000,0,0
505,1,TypeB,42500,111111110000000001111111000000000000000000000000000000000000000001111111100000000000000000000000000000000000000000000000111111110000000000000000000000011111110000000000,0,0
506,2,TypeB,42500,111111110000000001111111000000000000000000000000000000000000000001111111100000000000000000000000000000000000000000000000111111110000000000000000000000011111110000000000,0,0
507,3,TypeC,32700,111111000000000000000000000000000000000000000000000000001111110000000000000000000000111110000000000000000011111000000000000000000000000000000000000000000000011111000000,1,0
508,4,TypeC,32700,111111000000000000000000000000000000000000000000000000001111110000000000000000000000111110000000000000000011111000000000000000000000000000000000000000000000011111000000,1,0
509,0,TypeA,54300,111111111000000000000000000000011111111110000000000000000000011111111100000000000000000000000000000011111111110000000000000000000000000000000000000000011111111110000000,0,0
510,1,TypeB,42200,111111110000000000000000000000000000000000000000000000001111111100000000000000000000000000000001111111100000000000000000111111100000000000000000000000011111110000000000,1,0
511,2,TypeB,42200,111111110000000000000000000000000000000000000000000000001111111100000000000000000000000000000001111111100000000000000000111111100000000000000000000000011111110000000000,1,0
512,3,TypeC,30300,111111000000000000000000000000001111110000000000000001111100000000000000000111110000000000000000000000000011111000000000000000000000000000000000000000000000000000000000,0,0
513,4,TypeC,30300,111111000000000000000000000000001111110000000000000001111100000000000000000111110000000000000000000000000011111000000000000000000000000000000000000000000000000000000000,0,0
514,0,TypeA,52500,000001111111110000000000000000001111111110000000000000000000111111111100000000000000000000000000000011111111110000000000000000000000000000000000000000011111111110000000,0,0
515,1,TypeB,41400,000000111111110000000000000000000000000011111111000000000000111111110000000000000000000000000000111111100000000000000000000000000000000000000000111111110000000000000000,1,0
516,2,TypeB,41400,000000111111110000000000000000000000000011111111000000000000111111110000000000000000000000000000111111100000000000000000000000000000000000000000111111110000000000000000,1,0
517,3,TypeC,31500,000000000000000000111111000000000000000000000000000000001111110000000000000000000000111110000000000000000011111000000000000000000000000000000000000011111000000000000000,0,0
518,4,TypeC,31500,000000000000000000111111000000000000000000000000000000001111110000000000000000000000111110000000000000000011111000000000000000000000000000000000000011111000000000000000,0,0
519,0,TypeA,51500,000001111111110000000000000000000000011111111110000000000000011111111100000000000000111111111000000000000000000000000000000000000000000000000000000000011111111110000000,0,0
520,1,TypeB,44400,000000011111110000000000000000000000000000000000000000000000000000000000000000000000000000000001111111100000000000111111110000000000000011111111000000000000000111111110,0,0
521,2,TypeB,44400,000000011111110000000000000000000000000000000000000000000000000000000000000000000000000000000001111111100000000000111111110000000000000011111111000000000000000111111110,0,0
522,3,TypeC,32100,000000001111110000000000000000000000000000000000000001111100000000000000000000000000111110000000000000000011111100000000000000000000000000000000000011111000000000000000,0,0
523,4,TypeC,32100,000000001111110000000000000000000000000000000000000001111100000000000000000000000000111110000000000000000011111100000000000000000000000000000000000011111000000000000000,0,0
524,0,TypeA,53400,000000000011111111110000000000001111111110000000000000000000111111111100000000000000000000001111111110000000000000000000000000000000000000000000000000000000011111111110,0,0
525,1,TypeB,41500,000000000000011111110000000000000000000011111111000000000000000000000000000000000000000000000000111111100000000000000000000000111111110000000000000000011111110000000000,1,0
526,2,TypeB,41500,000000000000011111110000000000000000000011111111000000000000000000000000000000000000000000000000111111100000000000000000000000111111110000000000000000011111110000000000,1,0
527,3,TypeC,32200,000000000000000000000000000000001111110000000000000000000000000000000000000000000000000000001111110000000000011111100000000000000111110000000000000011111000000000000000,1,0
528,4,TypeC,32200,000000000000000000000000000000001111110000000000000000000000000000000000000000000000000000001111110000000000011111100000000000000111110000000000000011111000000000000000,1,0
529,0,TypeA,56800,000000000000000000000000000000000000011111111110000000000000111111111100000000000000000000001111111110000000000000000000011111111110000000000000000000011111111110000000,0,0
530,1,TypeB,46200,000000000000011111110000000000000000000000000000000000000000000000000000000000000000000000000001111111100000000000000000111111110000000000000011111111000000000111111110,0,0
531,2,TypeB,46200,000000000000011111110000000000000000000000000000000000000000000000000000000000000000000000000001111111100000000000000000111111110000000000000011111111000000000111111110,0,0
532,3,TypeC,33400,000000001111110000000000000000000000011110000000000000000000000000000000000000000000000000001111110000000000011111100000000000000000000000000000000000001111110000000000,0,0
533,4,TypeC,33400,000000001111110000000000000000000000011110000000000000000000000000000000000000000000000000001111110000000000011111100000000000000000000000000000000000001111110000000000,0,0
534,0,TypeA,49400,000000000000000000000000000000001111111110000000000000000000111111111100000000000000111111111000000000000011111111100000000000000000000000000000000000011111111110000000,0,0
535,1,TypeB,41700,000000111111110000000000000000000000000011111111000000000000000000000000000000000000000000000001111111100000000000111111110000000000000000000000000000011111110000000000,1,0
536,2,TypeB,41700,000000111111110000000000000000000000000011111111000000000000000000000000000000000000000000000001111111100000000000111111110000000000000000000000000000011111110000000000,1,0
537,3,TypeC,32900,000000000000011111100000000000001111110000000000000000000000000000000000000000000000000000001111110000000000011111100000000000000000000000000000000011111000000000000000,1,0
538,4,TypeC,32900,000000000000011111100000000000001111110000000000000000000000000000000000000000000000000000001111110000000000011111100000000000000000000000000000000011111000000000000000,1,0
539,0,TypeA,50700,000000000000000000000000000000001111111110000000000000000000111111111100000000000000111111111100000000000011111111100000000000000000000000000000000000011111111110000000,0,0
540,1,TypeB,42500,000000111111110000000000000000000000000011111111000000000000000000000000000000000000000000000000111111100000000000000000111111110000000000000000000000011111110000000000,1,0
541,2,TypeB,42500,000000111111110000000000000000000000000011111111000000000000000000000000000000000000000000000000111111100000000000000000111111110000000000000000000000011111110000000000,1,0
542,3,TypeC,33200,000000001111110000000000000000001111110000000000000000000000000000000000000000000000000000001111110000000000011111100000000000000000000000000000000011111000000000000000,0,0
543,4,TypeC,33200,000000001111110000000000000000001111110000000000000000000000000000000000000000000000000000001111110000000000011111100000000000000000000000000000000011111000000000000000,0,0
544,0,TypeA,55000,000000000000000000000000000000011111111110000000000000000000111111111100000000000000111111111000000000000000000000000000111111111100000000000000000000000000011111111110,0,0
545,1,TypeB,43500,000000000011111111000000000000000000000000000000000000000000111111110000000000000000000000000001111111100000000000000000000000000111111110000000000000011111110000000000,0,0
546,2,TypeB,43500,000000000011111111000000000000000000000000000000000000000000111111110000000000000000000000000001111111100000000000000000000000000111111110000000000000011111110000000000,0,0
547,3,TypeC,34200,000000001111110000000000000000001111110000000000000000001111110000000000000000000000000000000000000000000011111000000000000000000000000000000000000000000000011110000000,0,0
548,4,TypeC,34200,000000001111110000000000000000001111110000000000000000001111110000000000000000000000000000000000000000000011111000000000000000000000000000000000000000000000011110000000,0,0
549,0,TypeA,56200,000000000000000000000000000000000000011111111110000000000000111111111100000000000000000000001111111110000000000000000000000000000000011111111110000000000000011111111110,1,0
550,1,TypeB,42500,000000111111110000000000000000000000000000000000000000000000111111110000000000000000000000000000000000001111111000000000000000000111111110000000000000011111110000000000,0,0
551,2,TypeB,42500,000000111111110000000000000000000000000000000000000000000000111111110000000000000000000000000000000000001111111000000000000000000111111110000000000000011111110000000000,0,0
552,3,TypeC,31700,000000001111110000000000000000000000011110000000000000001111110000000000000111110000000000000000000000000011111000000000000000000000000000000000000000000000000000000000,0,0
553,4,TypeC,31700,000000001111110000000000000000000000011110000000000000001111110000000000000111110000000000000000000000000011111000000000000000000000000000000000000000000000000000000000,0,0
554,0,TypeA,54100,000000000000000000000000000000000000011111111110000000000000111111111100000000000000000000000000000000000011111111100000000000000000000111111111100000000000011111111110,0,0
555,1,TypeB,43500,111111110000000000000000000000000000000000000000000000001111111100000000000000000000000000000001111111100000000000000000000000000011111111000000000000011111110000000000,1,0
556,2,TypeB,43500,111111110000000000000000000000000000000000000000000000001111111100000000000000000000000000000001111111100000000000000000000000000011111111000000000000011111110000000000,1,0
557,3,TypeC,29200,111111000000000000000000000000000000011110000000000000001111110000000000000000000000000000000000000000000011111000000000000000000000000000000011110000000000000000000000,0,0
558,4,TypeC,29200,111111000000000000000000000000000000011110000000000000001111110000000000000000000000000000000000000000000011111000000000000000000000000000000011110000000000000000000000,0,0
559,0,TypeA,53400,111111111000000000000000000000011111111110000000000000000000111111111100000000000000000000000000000000000011111111100000000000000000000000000000000000000000011111111110,0,0
560,1,TypeB,43500,111111110000000000000000000000000000000000000000000000001111111100000000000000000000000000000001111111100000000000000000000000000000000000000011111111000000000011111110,0,0
561,2,TypeB,43500,111111110000000000000000000000000000000000000000000000001111111100000000000000000000000000000001111111100000000000000000000000000000000000000011111111000000000011111110,0,0
562,3,TypeC,29700,111111000000000000000000000000000000011110000000000000000000000000011111100000000000000000000000000000000011111000000000000000000000000000111111000000000000000000000000,0,0
563,4,TypeC,29700,111111000000000000000000000000000000011110000000000000000000000000011111100000000000000000000000000000000011111000000000000000000000000000111111000000000000000000000000,0,0
564,0,TypeA,51900,000001111111110000000000000000011111111110000000000000000000111111111100000000000000000000000000000000000011111111100000000000000000000000000000000000000000011111111110,0,0
565,1,TypeB,44800,111111110000000000000000000000000000000000000000000000001111111100000000000000000000000000000001111111100000000000000000000000000000000011111111000000000000000111111110,0,0
566,2,TypeB,44800,111111110000000000000000000000000000000000000000000000001111111100000000000000000000000000000001111111100000000000000000000000000000000011111111000000000000000111111110,0,0
567,3,TypeC,30200,111111000000000000000000000000000000011110000000000000001111110000000000000000000000000000000000000000000011111000000000000000000000000000000011111000000000000000000000,0,0
568,4,TypeC,30200,111111000000000000000000000000000000011110000000000000001111110000000000000000000000000000000000000000000011111000000000000000000000000000000011111000000000000000000000,0,0
569,0,TypeA,51300,000000000000000000000000000000011111111110000000000000000000111111111100000000000000111111111000000000000011111111100000000000000000000000000000000000000000011111111110,0,0
570,1,TypeB,42500,111111110000000000000000000000000000000000000000000000000000000001111111100000000000111111100000000000000000000000000000000000000000000000000011111110000000000111111110,0,0
571,2,TypeB,42500,111111110000000000000000000000000000000000000000000000000000000001111111100000000000111111100000000000000000000000000000000000000000000000000011111110000000000111111110,0,0
572,3,TypeC,33200,111111000000000000000000000000001111110000000000000000000111110000000000000000011111100000000001111110000000000000000000000000000000000000000000000000000000000000000000,0,0
573,4,TypeC,33200,111111000000000000000000000000001111110000000000000000000111110000000000000000011111100000000001111110000000000000000000000000000000000000000000000000000000000000000000,0,0
574,0,TypeA,54400,000000000000000000000000000000011111111110000000000000000000111111111100000000000000111111111100000000000011111111100000000000000000000000000001111111111000000000000000,0,0
575,1,TypeB,42200,111111110000000000000000000000000000000000000000000000000000000001111111100000000000000000000001111111100000000000000000000000000111111100000000000000011111110000000000,1,0
576,2,TypeB,42200,111111110000000000000000000000000000000000000000000000000000000001111111100000000000000000000001111111100000000000000000000000000111111100000000000000011111110000000000,1,0
577,3,TypeC,33000,000000000000000000000001111110000000000011111100000000001111110000000000000000011111100000000001111110000000000000000000000000000000000000000000000000000000000000000000,0,0
578,4,TypeC,33000,000000000000000000000001111110000000000011111100000000001111110000000000000000011111100000000001111110000000000000000000000000000000000000000000000000000000000000000000,0,0
579,0,TypeA,55000,000000000000000000000000000000011111111110000000000000000000111111111100000000000000000000000000000011111111110000000000011111111100000000000000000000011111111110000000,0,0
580,1,TypeB,44800,111111110000000000000000000000000000000000000000000000000000000001111111100000000000000000000001111111100000000000000000000000000000000001111111100000000000000111111110,0,0
581,2,TypeB,44800,111111110000000000000000000000000000000000000000000000000000000001111111100000000000000000000001111111100000000000000000000000000000000001111111100000000000000111111110,0,0
582,3,TypeC,33200,000000000000000000000000000000001111110000000000000000001111110000000000000000011111100000000001111110000000000000000000000000000000000000000000000011111000000000000000,0,0
583,4,TypeC,33200,000000000000000000000000000000001111110000000000000000001111110000000000000000011111100000000001111110000000000000000000000000000000000000000000000011111000000000000000,0,0
584,0,TypeA,52000,000000000000000000000000000000011111111110000000000000000000111111111100000000000000111111111100000000000011111111100000000000000000000000000000000000011111111110000000,0,0
585,1,TypeB,44800,111111110000000000000000000000000000000000000000000000000000000001111111100000000000000000000001111111100000000000000000000000000000000000000011111111000000000111111110,0,0
586,2,TypeB,44800,111111110000000000000000000000000000000000000000000000000000000001111111100000000000000000000001111111100000000000000000000000000000000000000011111111000000000111111110,0,0
587,3,TypeC,34200,111111000000000000000000000000001111110000000000000000001111110000000000000000011111100000000001111110000000000000000000000000000000000000000000000000000000000000000000,0,0
588,4,TypeC,34200,111111000000000000000000000000001111110000000000000000001111110000000000000000011111100000000001111110000000000000000000000000000000000000000000000000000000000000000000,0,0
589,0,TypeA,50900,000001111111110000000000000000011111111110000000000000000000011111111100000000000000111111111000000000000000000000000000000000000000000000000000000000011111111110000000,0,0
590,1,TypeB,45400,000000111111110000000000000000000000000000000000000000000000000000000000000000000000000000111111110000000000000000111111110000000000000000000011111111000000000111111110,0,0
591,2,TypeB,45400,000000111111110000000000000000000000000000000000000000000000000000000000000000000000000000111111110000000000000000111111110000000000000000000011111111000000000111111110,0,0
592,3,TypeC,32000,000000000000000000000000000000000000011110000000000000000000000001111100000000000000111110000000000000001111110000000000000000000001111110000000000000000000000000000000,0,0
593,4,TypeC,32000,000000000000000000000000000000000000011110000000000000000000000001111100000000000000111110000000000000001111110000000000000000000001111110000000000000000000000000000000,0,0
594,0,TypeA,49300,000000000000000000000000000000000000011111111110000000000000011111111100000000000000111111111000000000000000000000000000000000000111111111000000000000011111111100000000,0,0
595,1,TypeB,42800,111111100000000000000011111110000000000000000000000000000000000000000000000000000000000000111111110000000000000000000000000000000111111110000000000000001111111100000000,0,0
596,2,TypeB,42800,111111100000000000000011111110000000000000000000000000000000000000000000000000000000000000111111110000000000000000000000000000000111111110000000000000001111111100000000,0,0
597,3,TypeC,27200,000000000000000000000000000000000000011110000000000000000000000001111100000000000000111110000000000000001111110000000000111000000000000000000000000000000000000000000000,0,0
598,4,TypeC,27200,000000000000000000000000000000000000011110000000000000000000000001111100000000000000111110000000000000001111110000000000111000000000000000000000000000000000000000000000,0,0
599,0,TypeA,55500,000000000000000000000000000000011111111110000000000000000000011111111100000000000000111111111000000000000000000000000000011111111110000000000001111111111000000000000000,0,0
600,1,TypeB,46200,111111110000000001111111000000000000000000000000000000000000000000000000000000000000000000000000000000000000000000000000111111110000000000000011111111000000000111111110,0,0
601,2,TypeB,46200,111111110000000001111111000000000000000000000000000000000000000000000000000000000000000000000000000000000000000000000000111111110000000000000011111111000000000111111110,0,0
602,3,TypeC,31000,111111000000000000111111000000000000000000000000000000000000000001111100000000000000111110000000000000001111110000000000000000000000000000000000000000000000000000000000,0,0
603,4,TypeC,31000,111111000000000000111111000000000000000000000000000000000000000001111100000000000000111110000000000000001111110000000000000000000000000000000000000000000000000000000000,0,0
604,0,TypeA,56900,000000000000000000000000000000011111111110000000000001111111111000000000000000011111111110000000000011111111110000000000000000000000000000000011111111110000000000000000,0,0
605,1,TypeB,42500,000000000000000000000000000000000000000000000000000000000000000001111111100000000000111111100000000000111111110000000000000000000111111110000000000000011111110000000000,0,0
606,2,TypeB,42500,000000000000000000000000000000000000000000000000000000000000000001111111100000000000111111100000000000111111110000000000000000000111111110000000000000011111110000000000,0,0
607,3,TypeC,35800,000000001111110000000000000000001111110000000000000000000111111000000000000000000000111110000000000000000011111000000000000000000000000000000000000000000000000000000000,0,0
608,4,TypeC,35800,000000001111110000000000000000001111110000000000000000000111111000000000000000000000111110000000000000000011111000000000000000000000000000000000000000000000000000000000,0,0
609,0,TypeA,54200,000001111111110000000000000011111111110000000000000000000000011111111100000000000000111111111100000000000000000000000000000000000000000000000000111111111000000000000000,0,0
610,1,TypeB,42500,000000011111110000000000000000000000000000000000000000000000000000000111111110000000000000000001111111100000000000000000000000000111111110000000000000011111110000000000,0,0
611,2,TypeB,42500,000000011111110000000000000000000000000000000000000000000000000000000111111110000000000000000001111111100000000000000000000000000111111110000000000000011111110000000000,0,0
612,3,TypeC,28000,000000000000000000000001111110000000000000000000000001111000000000000000000000000000111110000000000000000011111000000000000000000000000000000011111000000000000000000000,0,0
613,4,TypeC,28000,000000000000000000000001111110000000000000000000000001111000000000000000000000000000111110000000000000000011111000000000000000000000000000000011111000000000000000000000,0,0
614,0,TypeA,53500,000000000000000000000000000000000000011111111110000000000000011111111100000000000000000111111111100000000000000000000000000000000111111111100000000000011111111110000000,1,0
615,1,TypeB,42500,000111111110000000000000000000000000000000000000000000000000000000000111111100000000000000000001111111100000000000000000000000000111111110000000000000011111110000000000,1,0
616,2,TypeB,42500,000111111110000000000000000000000000000000000000000000000000000000000111111100000000000000000001111111100000000000000000000000000111111110000000000000011111110000000000,1,0
617,3,TypeC,31800,111111000000000000011111000000000000000000000000000000000000000000000000000000000000111110000000000000000011111000000000000000000001111110000000000000000000000000000000,0,0
618,4,TypeC,31800,111111000000000000011111000000000000000000000000000000000000000000000000000000000000111110000000000000000011111000000000000000000001111110000000000000000000000000000000,0,0
619,0,TypeA,54000,000001111111110000000000000011111111110000000000000000000000011111111100000000000000000111111111100000000000000000000000000000000000000000000000000000011111111110000000,0,0
620,1,TypeB,43800,000000111111110000000000000000000000000000000000000000000000000000000111111100000000000000000001111111100000000000000000111111110000000000000000011111111000000000000000,0,0
621,2,TypeB,43800,000000111111110000000000000000000000000000000000000000000000000000000111111100000000000000000001111111100000000000000000111111110000000000000000011111111000000000000000,0,0
622,3,TypeC,32800,111111000000000000111111000000000000000000000000000000000000000000000000000000000000111110000000000000000011111000000000000000000001111110000000000000000000000000000000,0,0
623,4,TypeC,32800,111111000000000000111111000000000000000000000000000000000000000000000000000000000000111110000000000000000011111000000000000000000001111110000000000000000000000000000000,0,0
624,0,TypeA,53100,000001111111110000000000000011111111110000000000000000000000011111111100000000000000111111111100000000000000000000000000000000000000000000000000000000011111111110000000,0,0
625,1,TypeB,42500,000000111111110000000000000000000000000000000000000000000000000000000111111100000000000000000001111111100000000000000000000000000111111110000000000000011111110000000000,1,0
626,2,TypeB,42500,000000111111110000000000000000000000000000000000000000000000000000000111111100000000000000000001111111100000000000000000000000000111111110000000000000011111110000000000,1,0
627,3,TypeC,27300,000000000000000000000001111110000000000000000000000001111100000000000000000000000000111110000000000000000011111000000000000000000000000000000011100000000000000000000000,0,0
628,4,TypeC,27300,000000000000000000000001111110000000000000000000000001111100000000000000000000000000111110000000000000000011111000000000000000000000000000000011100000000000000000000000,0,0
629,0,TypeA,52200,000000000000000011111111100000000000000000000000000000000000000000000000000000111111111100000000000000000111111111000000000000011111111110000000000000111111111100000000,0,0
630,1,TypeB,37400,000000000000000000000111111100000000000111111000000000000000000000111111100000000000011111110000000000000000000000000000000000000000000000000000000000111111110000000000,0,0
631,2,TypeB,37400,000000000000000000000111111100000000000111111000000000000000000000111111100000000000011111110000000000000000000000000000000000000000000000000000000000111111110000000000,0,0
632,3,TypeC,31500,001111110000000000011111100000000000000111111000000000000000000000000000000000000000000000000000011111100000000000000000000000000000000000000000000000111111000000000000,0,0
633,4,TypeC,31500,001111110000000000011111100000000000000111111000000000000000000000000000000000000000000000000000011111100000000000000000000000000000000000000000000000111111000000000000,0,0
634,0,TypeA,56700,000000000000000000000000000000000000000000000000111111111100000000000011111111110000000000000000011111111100000000000000000000011111111110000000000000000111111111000000,0,0
635,1,TypeB,41200,000000000000000000000000000000000000000000111111110000000000000000000000111111110000000000000000011111110000000000000000000000111111100000000000000000000000000001111111,0,0
636,2,TypeB,41200,000000000000000000000000000000000000000000111111110000000000000000000000111111110000000000000000011111110000000000000000000000111111100000000000000000000000000001111111,0,0
637,3,TypeC,35700,000000000001111110000000000000000000000111111000000000000000011111100000000000000000001111110000000000000000000000000000000000011111100000000000000000000000000000000000,1,0
638,4,TypeC,35700,000000000001111110000000000000000000000111111000000000000000011111100000000000000000001111110000000000000000000000000000000000011111100000000000000000000000000000000000,1,0
639,0,TypeA,51100,000000000000000000000000000000000011111111100000000000111111111000000000000000111111111100000000000000000000000000000000000000000000000011111111100000000000000111111111,0,0
640,1,TypeB,39100,011111100000000000000000000111111110000000000000011111111000000000000000000000000000000000000000000000111111110000000000000000000000000000000000000000000111111100000000,0,0
641,2,TypeB,39100,011111100000000000000000000111111110000000000000011111111000000000000000000000000000000000000000000000111111110000000000000000000000000000000000000000000111111100000000,0,0
642,3,TypeC,29900,011111100000000000000000000000000011111100000000000000111000000000000000000000000000000000000000000000000000011111000000000000000000000000000000000000111111000000000000,0,0
643,4,TypeC,29900,011111100000000000000000000000000011111100000000000000111000000000000000000000000000000000000000000000000000011111000000000000000000000000000000000000111111000000000000,0,0
644,0,TypeA,53300,000000000000011111111100000000000000000000000000000000000000000000000011111111110000000000000000011111111100000000000000000000000111111111100000000000000111111111000000,0,0
645,1,TypeB,43500,000000000000000000000000000111111110000000000000000000000000000000000000000000111111110000000000000000111111110000000000001111111100000000000000000000000111111100000000,0,0
646,2,TypeB,43500,000000000000000000000000000111111110000000000000000000000000000000000000000000111111110000000000000000111111110000000000001111111100000000000000000000000111111100000000,0,0
647,3,TypeC,29600,000000000000000011111100000000000011111100000000000000000000000000000000000000111000000000000000000000000000000000000000001111110000000000000000000000000111110000000000,0,0
648,4,TypeC,29600,000000000000000011111100000000000011111100000000000000000000000000000000000000111000000000000000000000000000000000000000001111110000000000000000000000000111110000000000,0,0
649,0,TypeA,55900,000000000000000000011111111100000000000111111111100000000000001111111110000000000000000000000000011111111100000000000000000000000000000011111111100000000000000000000000,0,0
650,1,TypeB,39100,000000000000000000000111111100000000000000000000111111100000000000000000000000011111111000000000000000111111110000000000000000000011111110000000000000000000000000000000,0,0
651,2,TypeB,39100,000000000000000000000111111100000000000000000000111111100000000000000000000000011111111000000000000000111111110000000000000000000011111110000000000000000000000000000000,0,0
652,3,TypeC,28000,000000000000000000011111100000000000000000001111110000000000000000111110000000000000000000000000011111100000000000000000001111100000000000000000000000000000000000000000,0,0
653,4,TypeC,28000,000000000000000000011111100000000000000000001111110000000000000000111110000000000000000000000000011111100000000000000000001111100000000000000000000000000000000000000000,0,0
654,0,TypeA,52400,000000000000000000000001111111110000000000000000000000111111111000000000000000111111111100000000000000000000000000000000000000000011111111100000000000111111111100000000,0,0
655,1,TypeB,42500,000000111111110000000000000111111110000000000000000000000000000000000000000000000000000000000000000000011111110000000000000000000011111110000000000000111111110000000000,0,0
656,2,TypeB,42500,000000111111110000000000000111111110000000000000000000000000000000000000000000000000000000000000000000011111110000000000000000000011111110000000000000111111110000000000,0,0
657,3,TypeC,27200,000000000000000000011111100000000000000000000000000000111100000000000000000000000000001111110000000000000000000000000000001111110000000000000000000000000000000000001111,1,0
658,4,TypeC,27200,000000000000000000011111100000000000000000000000000000111100000000000000000000000000001111110000000000000000000000000000001111110000000000000000000000000000000000001111,1,0
659,0,TypeA,54800,000000000000000011111111100000000000000111111111100000000000000000000000000000111111111100000000000000000000000000000000000000000000000011111111100000000000000111111111,0,0
660,1,TypeB,41200,000000000000011111110000000000000000000000000000000000000000000000000000000000111111110000000000000000111111110000000000000000000011111110000000000000000111111100000000,0,0
661,2,TypeB,41200,000000000000011111110000000000000000000000000000000000000000000000000000000000111111110000000000000000111111110000000000000000000011111110000000000000000111111100000000,0,0
662,3,TypeC,30400,011111100000000000011111100000000000000000001111100000000000000000000000000000000000000000000000000000000000000000000000000000011111100000000000000000000000011111000000,1,0
663,4,TypeC,30400,011111100000000000011111100000000000000000001111100000000000000000000000000000000000000000000000000000000000000000000000000000011111100000000000000000000000011111000000,1,0
664,0,TypeA,54500,000000000000000011111111100000000000000000000000111111111000000000000011111111110000000000000000000000000111111111000000000000000111111111100000000000000000000000000000,0,0
665,1,TypeB,38400,000000000000000011111111000000000000000000000000011111111000000000111111100000000000000000000000000000000000011111000000000000000111111110000000000000000000000000000000,0,0
666,2,TypeB,38400,000000000000000011111111000000000000000000000000011111111000000000111111100000000000000000000000000000000000011111000000000000000111111110000000000000000000000000000000,0,0
667,3,TypeC,30400,000000000000011110000000000000000011111100000000000000000000000000111110000000000000000000000000000000000000011111000000000000000000000000000000000000000000011111000000,1,0
668,4,TypeC,30400,000000000000011110000000000000000011111100000000000000000000000000111110000000000000000000000000000000000000011111000000000000000000000000000000000000000000011111000000,1,0
669,0,TypeA,56800,000000000000011111111100000000000000000000000000111111111000000000000011111111110000000000000000011111111100000000000000000000000000000011111111100000000000000000000000,0,0
670,1,TypeB,39400,011111110000000000000111111100000000000000000000000000000000000000000000111111110000000000000000000111111100000000000000000000000111111110000000000000000000000000000000,0,0
671,2,TypeB,39400,011111110000000000000111111100000000000000000000000000000000000000000000111111110000000000000000000111111100000000000000000000000111111110000000000000000000000000000000,0,0
672,3,TypeC,28800,011111100000000000000000000000000011111100000000000000000000000000000000000000000000000000000000011111100000000000000000001111110000000000000011100000000000000000000000,0,0
673,4,TypeC,28800,011111100000000000000000000000000011111100000000000000000000000000000000000000000000000000000000011111100000000000000000001111110000000000000011100000000000000000000000,0,0
674,0,TypeA,52100,000000111111110000000000000000000000000000000000111111111100000000000000000000011111111100000000000000000000000000000000000000000111111111100000000000111111111100000000,0,0
675,1,TypeB,42800,000000111111110000000000000000000000000000000000111111100000000000000000000000000000011111110000000000000000000000000000000000000111111110000000000000111111110000000000,0,0
676,2,TypeB,42800,000000111111110000000000000000000000000000000000111111100000000000000000000000000000011111110000000000000000000000000000000000000111111110000000000000111111110000000000,0,0
677,3,TypeC,26400,000000000000011110000000000000000000000000001111110000000000000000000000000000000000000000000000011111100000000000000000000000000111100000000000000000000000000000001111,0,0
678,4,TypeC,26400,000000000000011110000000000000000000000000001111110000000000000000000000000000000000000000000000011111100000000000000000000000000111100000000000000000000000000000001111,0,0
679,0,TypeA,50800,000000000000000000000000000000000000000000000000000000111111111000000000000000111111111100000000000000111111110000000000000000011111111110000000000000000000000111111111,0,0
680,1,TypeB,39100,011111110000000000000000000000000000000000000000011111111000000000111111100000000000000000000000000000111111110000000000000000000000000000000000000000000000000001111111,0,0
681,2,TypeB,39100,011111110000000000000000000000000000000000000000011111111000000000111111100000000000000000000000000000111111110000000000000000000000000000000000000000000000000001111111,0,0
682,3,TypeC,23400,011111100000000000000000000000000000000000000000000000000000000000000011100000000000011100000000000000000111110000000000000000000000000000000000000000000000000000001111,0,0
683,4,TypeC,23400,011111100000000000000000000000000000000000000000000000000000000000000011100000000000011100000000000000000111110000000000000000000000000000000000000000000000000000001111,0,0
684,0,TypeA,53400,000000000000000011111111100000000000000000000000000000111111111000000000000000000000000000000000011111111100000000000000000000000000000011111111100000000000000111111111,0,0
685,1,TypeB,43500,000000111111110000000000111111110000000000000000000000000000000000000000000000000000000000000000000000111111110000000000000000000001111111100000000000000111111100000000,1,0
686,2,TypeB,43500,000000111111110000000000111111110000000000000000000000000000000000000000000000000000000000000000000000111111110000000000000000000001111111100000000000000111111100000000,1,0
687,3,TypeC,27600,000000000000011110000000000000000000000000000000000000111000000000000000000000000000000000000000011111100000000000000000000000011111100000000000000000000000011111000000,0,0
688,4,TypeC,27600,000000000000011110000000000000000000000000000000000000111000000000000000000000000000000000000000011111100000000000000000000000011111100000000000000000000000011111000000,0,0
689,0,TypeA,48300,000000111111110000000000000000011111111100000000000000111111111000000000000000111111111100000000000000000111111111000000000000000000000000000000000000000000000000000000,0,0
690,1,TypeB,39000,000000111111110000000000111111110000000000000000011111111000000000000000111111110000000000000000011111110000000000000000000000000000000000000000000000000000000000000000,1,0
691,2,TypeB,39000,000000111111110000000000111111110000000000000000011111111000000000000000111111110000000000000000011111110000000000000000000000000000000000000000000000000000000000000000,1,0
692,3,TypeC,26100,000000000000011110000000000000000011111100000000000000111000000000000000000000000000011100000000000000000000011111000000000000000000000000000000000000000000000000000000,0,0
693,4,TypeC,26100,000000000000011110000000000000000011111100000000000000111000000000000000000000000000011100000000000000000000011111000000000000000000000000000000000000000000000000000000,0,0
694,0,TypeA,57600,000000000000000000000000000000000000000000000000111111111100000000000011111111110000000000000000000000111111110000000000001111111111000000000000000000111111111100000000,0,0
695,1,TypeB,40100,000000111111110000000000000000000000000000000000000000001111111000000000111111110000000000000000000000111111110000000000000000000000000000111111100000000000000000000000,0,0
696,2,TypeB,40100,000000111111110000000000000000000000000000000000000000001111111000000000111111110000000000000000000000111111110000000000000000000000000000111111100000000000000000000000,0,0
697,3,TypeC,24400,000000000000000000000111100000000000000000000000000000111100000000000011100000000000000000000000000000000000011111000000000000111111000000000000000000000000000000000000,0,0
698,4,TypeC,24400,000000000000000000000111100000000000000000000000000000111100000000000011100000000000000000000000000000000000011111000000000000111111000000000000000000000000000000000000,0,0
699,0,TypeA,52300,000000000000000000000000000000011111111110000000000000111111111000000000000000111111111100000000000000000000000000000000000000000111111111100000000000111111111100000000,0,0
700,1,TypeB,41500,011111100000000000000000000000000000000000000000000000000000000000000000000000011111111000000000000000011111111000000000000000000111111110000000000000000111111100000000,0,0
701,2,TypeB,41500,011111100000000000000000000000000000000000000000000000000000000000000000000000011111111000000000000000011111111000000000000000000111111110000000000000000111111100000000,0,0
702,3,TypeC,26100,011111100000000000000000000000011110000000000000000000111100000000000000000000000000000000000000000000000000000000000000000000011111100000000000000000000000000000001111,1,0
703,4,TypeC,26100,011111100000000000000000000000011110000000000000000000111100000000000000000000000000000000000000000000000000000000000000000000011111100000000000000000000000000000001111,1,0
704,0,TypeA,52500,000000000000000011111111100000000000000000000000000000111111111000000000000000111111111100000000000000000000000000000000000000000111111111100000000000111111111100000000,0,0
705,1,TypeB,39900,000000111111110000000000000000000000000000111111110000000000000000111111100000000000000000000000000000000000000000000000001111111100000000000000000000000001111100000000,0,0
706,2,TypeB,39900,000000111111110000000000000000000000000000111111110000000000000000111111100000000000000000000000000000000000000000000000001111111100000000000000000000000001111100000000,0,0
707,3,TypeC,29500,011111100000000000000001111100000000000000001111110000000000000000000000000000000000000000000000000000000000000000000000001111110000000000000000000000000001111100000000,0,0
708,4,TypeC,29500,011111100000000000000001111100000000000000001111110000000000000000000000000000000000000000000000000000000000000000000000001111110000000000000000000000000001111100000000,0,0
709,0,TypeA,57400,000000000000000000000000000000000000000000000000111111111000000000000011111111110000000000000000011111111100000000000000000000000000000011111111100000000000000111111111,0,0
710,1,TypeB,38100,000000111111110000000000000000000000000000000000111111100000000000111111100000000000000000000000011111110000000000000000000000000000000000000000000000000111111100000000,0,0
711,2,TypeB,38100,000000111111110000000000000000000000000000000000111111100000000000111111100000000000000000000000011111110000000000000000000000000000000000000000000000000111111100000000,0,0
712,3,TypeC,27000,011111100000000000000111100000000000000000000000000000000000000000111110000000000000000000000000011111100000000000000000001111110000000000000000000000000000000000000000,0,0
713,4,TypeC,27000,011111100000000000000111100000000000000000000000000000000000000000111110000000000000000000000000011111100000000000000000001111110000000000000000000000000000000000000000,0,0
714,0,TypeA,54900,000000000000000000000000000000000000000111111111100000000000000000000011111111110000000000000000000000000111111111000000000000011111111110000000000000000000000111111111,0,0
715,1,TypeB,40500,000000111111110000000000000000000000000111111000000000000000000000000000000000000000000000000000000000000111111100000000001111111100000000000000000000000000000001111111,0,0
716,2,TypeB,40500,000000111111110000000000000000000000000111111000000000000000000000000000000000000000000000000000000000000111111100000000001111111100000000000000000000000000000001111111,0,0
717,3,TypeC,29100,011111100000000000000000000000000000000111111000000000000000000000000000000000000000000000000000000000000111110000000000001111110000000000000000000000000000000000001111,0,0
718,4,TypeC,29100,011111100000000000000000000000000000000111111000000000000000000000000000000000000000000000000000000000000111110000000000001111110000000000000000000000000000000000001111,0,0
719,0,TypeA,56700,000000000000011111111100000000000000000000000000111111111100000000000011111111110000000000000000000000000000000000000000000000011111111110000000000000000000000111111111,0,0
720,1,TypeB,36400,000000000000000000000111111100000000000000000000000000001111111000000000000000000000011111110000000000000000011111000000000000000111111110000000000000000000000000000000,0,0
721,2,TypeB,36400,000000000000000000000111111100000000000000000000000000001111111000000000000000000000011111110000000000000000011111000000000000000111111110000000000000000000000000000000,0,0
722,3,TypeC,30900,011111100000000000000000000000000011111100000000000000000000000000000000000000000000001111110000000000000000011111000000000000000000000000000000000000000000000000001111,1,0
723,4,TypeC,30900,011111100000000000000000000000000011111100000000000000000000000000000000000000000000001111110000000000000000011111000000000000000000000000000000000000000000000000001111,1,0
724,0,TypeA,52900,000000000000000000000000000000011111111110000000000000111111111000000000000000111111111100000000000000000000000000000000000000011111111110000000000000111111111100000000,0,0
725,1,TypeB,39500,000000000000000000011111100000000000000000000000000000001111111000000000000000000000000000000000011111110000000000000000000000000111111110000000000000000111111100000000,0,0
726,2,TypeB,39500,000000000000000000011111100000000000000000000000000000001111111000000000000000000000000000000000011111110000000000000000000000000111111110000000000000000111111100000000,0,0
727,3,TypeC,28000,000000000000000000011111100000000000000111111000000000000000000000000011100000000000011110000000000000000000000000000000000000011111100000000000000000000000000000000000,0,0
728,4,TypeC,28000,000000000000000000011111100000000000000111111000000000000000000000000011100000000000011110000000000000000000000000000000000000011111100000000000000000000000000000000000,0,0
729,0,TypeA,53800,000000000000000000000001111111110000000000000000000000111111111000000000000000111111111100000000000000000000000000000000000000000000000011111111100000000000000111111111,0,0
730,1,TypeB,40500,000000111111110000000001111100000000000000000000000000000000000000000000111111110000000000000000000000000000000000000000000000000111111110000000000000000000000001111111,0,0
731,2,TypeB,40500,000000111111110000000001111100000000000000000000000000000000000000000000111111110000000000000000000000000000000000000000000000000111111110000000000000000000000001111111,0,0
732,3,TypeC,26200,011111100000000000000001111100000000000000001111110000000000000000000000000000111000000000000000000000000000011111000000000000000000000000000000000000000000000000000000,0,0
733,4,TypeC,26200,011111100000000000000001111100000000000000001111110000000000000000000000000000111000000000000000000000000000011111000000000000000000000000000000000000000000000000000000,0,0
734,0,TypeA,58700,000011111111110000000000000000000000000000000000111111111100000000000011111111110000000000000000000000000000000000000000000000011111111110000000000000111111111100000000,0,0
735,1,TypeB,40400,000000000000011111110000000000000000000000111111110000000000000000000000111111110000000000000000011111110000000000000000001111111100000000000000000000000000000000000000,0,0
736,2,TypeB,40400,000000000000011111110000000000000000000000111111110000000000000000000000111111110000000000000000011111110000000000000000001111111100000000000000000000000000000000000000,0,0
737,3,TypeC,32000,011111100000000000011111100000000000000111111000000000000000000000000000000000000000000000000000000000000000011111000000000000011111100000000000000000000000000000000000,0,0
738,4,TypeC,32000,011111100000000000011111100000000000000111111000000000000000000000000000000000000000000000000000000000000000011111000000000000011111100000000000000000000000000000000000,0,0
739,0,TypeA,54800,000000000000011111111100000000000000000000000000111111111100000000000000000000111111111100000000000000000000000000000000000000000000000011111111100000000000000111111111,0,0
740,1,TypeB,42500,000000000000000011111111000000000011111110000000000000000000000000000000111111110000000000000000000000000000000000000000000000000001111111100000000000000000000001111111,0,0
741,2,TypeB,42500,000000000000000011111111000000000011111110000000000000000000000000000000111111110000000000000000000000000000000000000000000000000001111111100000000000000000000001111111,0,0
742,3,TypeC,22400,000000000000011110000000000000000000000000000000000000111100000000000000000000111000000000000000011100000000000000000000000000000000000000000000000000111111000000000000,0,0
743,4,TypeC,22400,000000000000011110000000000000000000000000000000000000111100000000000000000000111000000000000000011100000000000000000000000000000000000000000000000000111111000000000000,0,0
744,0,TypeA,57800,000000000000000011111111100000000000000000000000111111111100000000000011111111110000000000000000000000000000000000000000000000000000000011111111100000000000000111111111,0,0
745,1,TypeB,37500,000000000000011110000000000000000000000000000000000000000000000000111111100000000000011111110000000000000000000000000000001111111100000000000000000000000111111100000000,0,0
746,2,TypeB,37500,000000000000011110000000000000000000000000000000000000000000000000111111100000000000011111110000000000000000000000000000001111111100000000000000000000000111111100000000,0,0
747,3,TypeC,32400,000000000000011110000000000000000011111100000000000000000000000000000000000000000000000000000000000000000111110000000000001111110000000000000000000000111111000000000000,0,0
748,4,TypeC,32400,000000000000011110000000000000000011111100000000000000000000000000000000000000000000000000000000000000000111110000000000001111110000000000000000000000111111000000000000,0,0
749,0,TypeA,51400,000000000000000011111111100000000000000000000000000000111111111000000000000000111111111100000000000000000111111111000000000000000000000011111111100000000000000000000000,0,0
750,1,TypeB,41500,000000000000000000000111111100000000000000000000000000001111111000000000000000000000000000000000000000000111111110000000000000000000111111100000000000111111110000000000,0,0
751,2,TypeB,41500,000000000000000000000111111100000000000000000000000000001111111000000000000000000000000000000000000000000111111110000000000000000000111111100000000000111111110000000000,0,0
752,3,TypeC,26300,000000000000011110000000000000000011111100000000000000111100000000000000000000000000000000000000011100000000000000000000001111110000000000000000000000000000000000000000,0,0
753,4,TypeC,26300,000000000000011110000000000000000011111100000000000000111100000000000000000000000000000000000000011100000000000000000000001111110000000000000000000000000000000000000000,0,0
754,0,TypeA,54300,000011111111110000000000000000000000000000000000000000111111111000000000000000111111111100000000000000000000000000000000000000000000000011111111100000000000011111111110,0,0
755,1,TypeB,40400,000000111111110000000000000000000000000000000000000000001111111000000000000000000000011111110000000000111111110000000000000000000000000000000000000000000000000111111110,0,0
756,2,TypeB,40400,000000111111110000000000000000000000000000000000000000001111111000000000000000000000011111110000000000111111110000000000000000000000000000000000000000000000000111111110,0,0
757,3,TypeC,31500,011111100000000000011111100000000000000111111000000000000000000000000000000000000000000000000000011111100000000000000000000000111111000000000000000000000000000000000000,0,0
758,4,TypeC,31500,011111100000000000011111100000000000000111111000000000000000000000000000000000000000000000000000011111100000000000000000000000111111000000000000000000000000000000000000,0,0
759,0,TypeA,53100,000000000000000011111111100000000000000000000000000000111111111000000000000000111111111100000000000000000000000000000000000000011111111110000000000000111111111100000000,0,0
760,1,TypeB,40400,000000111111110000000000000000000000000000000000000000001111111000000000000000000000011111110000000000111111110000000000000000000000000000000000000000111111110000000000,0,0
761,2,TypeB,40400,000000111111110000000000000000000000000000000000000000001111111000000000000000000000011111110000000000111111110000000000000000000000000000000000000000111111110000000000,0,0
762,3,TypeC,30300,011111100000000000011111100000000000000111111000000000000000000000000000000000000000011110000000000000000111110000000000000000000000000000000000000000000000000000000000,1,0
763,4,TypeC,30300,011111100000000000011111100000000000000111111000000000000000000000000000000000000000011110000000000000000111110000000000000000000000000000000000000000000000000000000000,1,0
764,0,TypeA,52000,000000000000011111111100000000000000000000000000000000111111111000000000000000111111111100000000000000000000000000000000000000000000000011111111100000000000000111111111,0,0
765,1,TypeB,39800,000000000000011110000000000111111110000000000000000000000000000000111111100000000000000000000000000000000000000000000000000000000111111110000000000000111111110000000000,0,0
766,2,TypeB,39800,000000000000011110000000000111111110000000000000000000000000000000111111100000000000000000000000000000000000000000000000000000000111111110000000000000111111110000000000,0,0
767,3,TypeC,26000,000000000000011110000000000000000000000000001111100000000000000000000000000000000000000000000000011111100000000000000000000000000000000011100000000000000111110000000000,0,0
768,4,TypeC,26000,000000000000011110000000000000000000000000001111100000000000000000000000000000000000000000000000011111100000000000000000000000000000000011100000000000000111110000000000,0,0
769,0,TypeA,53600,000011111111110000000000000000000000000000000000000000111111111000000000000000111111111100000000000000000000000000000000000000000000000011111111100000000000000111111111,0,0
770,1,TypeB,41500,011111100000000011111111000000000000000000000000000000000000000000000000000000000000000000000000000000111111110000000000000000000111111110000000000000000111111100000000,0,0
771,2,TypeB,41500,011111100000000011111111000000000000000000000000000000000000000000000000000000000000000000000000000000111111110000000000000000000111111110000000000000000111111100000000,0,0
772,3,TypeC,31800,011111100000000000000000000000011110000000000000000000000000000000000000000000000000001111110000000000000111111000000000000000000000111110000000000000000000000000000000,0,0
773,4,TypeC,31800,011111100000000000000000000000011110000000000000000000000000000000000000000000000000001111110000000000000111111000000000000000000000111110000000000000000000000000000000,0,0
774,0,TypeA,52700,000000000000000000000000000000000000000000000000000000111111111000000000000000111111111100000000000000011111111110000000000000000000000011111111100000000000000111111111,0,0
775,1,TypeB,41500,011111100000000000000000000000000000000000000000000000000000000000000000111111110000000000000000000000000111111110000000000000000111111110000000000000000111111100000000,0,0
776,2,TypeB,41500,011111100000000000000000000000000000000000000000000000000000000000000000111111110000000000000000000000000111111110000000000000000111111110000000000000000111111100000000,0,0
777,3,TypeC,31600,011111100000000000000000000000000000000000000000000000000000000000000000000000000000001111110000000000000111110000000000001111110000000000000000000000000000011111000000,1,0
778,4,TypeC,31600,011111100000000000000000000000000000000000000000000000000000000000000000000000000000001111110000000000000111110000000000001111110000000000000000000000000000011111000000,1,0
779,0,TypeA,50500,000000000000000000000000000000011111111100000000000000111111111000000000000000111111111100000000000000000000000000000000001111111110000000000000000000000111111111000000,0,0
780,1,TypeB,43500,000000111111110000000000000000000000000000000000000000000000000000000000111111110000000000000000000000111111110000000000000000000111111110000000000000000001111111000000,0,0
781,2,TypeB,43500,000000111111110000000000000000000000000000000000000000000000000000000000111111110000000000000000000000111111110000000000000000000111111110000000000000000001111111000000,0,0
782,3,TypeC,25300,000000000000011110000000000000011110000000000000000000000000000000000000000000111000000000000000000000000000000000000000001111110000000000000000000000000111110000000000,0,0
783,4,TypeC,25300,000000000000011110000000000000011110000000000000000000000000000000000000000000111000000000000000000000000000000000000000001111110000000000000000000000000111110000000000,0,0
784,0,TypeA,50000,000000000000000000000000000000011111111100000000000000111111111000000000000000111111111100000000000000000000000000000000000000011111111110000000000000000111111111000000,0,0
785,1,TypeB,42500,000000111111110000000000000000000000000000111111110000000000000000000000000000000000000000000000000111111100000000000000000000000111111110000000000000000000000001111111,0,0
786,2,TypeB,42500,000000111111110000000000000000000000000000111111110000000000000000000000000000000000000000000000000111111100000000000000000000000111111110000000000000000000000001111111,0,0
787,3,TypeC,32000,011111100000000000000000000000000011111100000000000000000000000000111110000000000000000000000000011111100000000000000000000000011111100000000000000000000000000000000000,0,0
788,4,TypeC,32000,011111100000000000000000000000000011111100000000000000000000000000111110000000000000000000000000011111100000000000000000000000011111100000000000000000000000000000000000,0,0
789,0,TypeA,52700,000000000000000000000000000000011111111110000000000000111111111000000000000000111111111100000000000000000000000000000000000000000000000011111111100000000000000111111111,0,0
790,1,TypeB,42500,000000111111110000000000000000000000000000000000000000001111111000000000000000000000000000000000000000111111110000000000000000000111111110000000000000000111111100000000,0,0
791,2,TypeB,42500,000000111111110000000000000000000000000000000000000000001111111000000000000000000000000000000000000000111111110000000000000000000111111110000000000000000111111100000000,0,0
792,3,TypeC,26700,011111100000000000000000000000011110000000000000000000111100000000000000000000000000000000000000000000000000011111000000000000111110000000000000000000000000000000000000,0,0
793,4,TypeC,26700,011111100000000000000000000000011110000000000000000000111100000000000000000000000000000000000000000000000000011111000000000000111110000000000000000000000000000000000000,0,0
794,0,TypeA,51300,000000000000000011111111100000000000000000000000000000111111111000000000000000111111111100000000000000111111110000000000000000000000000011111111100000000000000000000000,0,0
795,1,TypeB,43800,000000000000000000000111111100000000000000000000000000000000000000000000111111110000000000000000000000111111110000000000000000000111111110000000000000111111110000000000,0,0
796,2,TypeB,43800,000000000000000000000111111100000000000000000000000000000000000000000000111111110000000000000000000000111111110000000000000000000111111110000000000000111111110000000000,0,0
797,3,TypeC,29700,000000000000011110000000000000000011111100000000000000000000000000000000000000000000001111110000000000000000000000000000000000000000000011100000000000000111110000000000,0,0
798,4,TypeC,29700,000000000000011110000000000000000011111100000000000000000000000000000000000000000000001111110000000000000000000000000000000000000000000011100000000000000111110000000000,0,0
799,0,TypeA,54700,000000000000000011111111100000000000000000000000111111111000000000000000000000111111111100000000000000000000000000000000000000000000000011111111100000000000000111111111,0,0
800,1,TypeB,43500,000000111111110000000000000000000000000000111111110000000000000000000000000000000000000000000000000000111111110000000000000000000000111111100000000000111111110000000000,0,0
801,2,TypeB,43500,000000111111110000000000000000000000000000111111110000000000000000000000000000000000000000000000000000111111110000000000000000000000111111100000000000111111110000000000,0,0
802,3,TypeC,26200,001111100000000000000001111100000000000000000000000000000000000000111110000000000000011110000000000000000000000000000000001111110000000000000000000000000000000000000000,0,0
803,4,TypeC,26200,001111100000000000000001111100000000000000000000000000000000000000111110000000000000011110000000000000000000000000000000001111110000000000000000000000000000000000000000,0,0
804,0,TypeA,52700,000000000000000011111111100000000000000000000000000000111111111000000000000000111111111100000000000000000000000000000000001111111111000000000000000000000111111111000000,0,0
805,1,TypeB,41400,011111110000000000000000000111111110000000000000000000000000000000000000111111110000000000000000000000111111110000000000000000000001111111100000000000000000000000000000,1,0
806,2,TypeB,41400,011111110000000000000000000111111110000000000000000000000000000000000000111111110000000000000000000000111111110000000000000000000001111111100000000000000000000000000000,1,0
807,3,TypeC,30500,011111100000000000000001111100000000000111111000000000000000000000000000000000000000001111110000000000000000000000000000001111110000000000000000000000000000000000000000,0,0
808,4,TypeC,30500,011111100000000000000001111100000000000111111000000000000000000000000000000000000000001111110000000000000000000000000000001111110000000000000000000000000000000000000000,0,0
809,0,TypeA,50900,000000000000000000000000000000000000000000000000000000111111111000000000000000111111111100000000000000000111111111000000000000011111111110000000000000000000000111111111,0,0
810,1,TypeB,40100,000000111111110000000000000000000000000000111111100000000000000000000000111111110000000000000000000000111111110000000000000000000000000000000000000000000000000001111111,0,0
811,2,TypeB,40100,000000111111110000000000000000000000000000111111100000000000000000000000111111110000000000000000000000111111110000000000000000000000000000000000000000000000000001111111,0,0
812,3,TypeC,24200,000000000000011110000000000000011110000000000000000000111000000000000000000000000000011110000000000000000000011111000000000000000000000000000000000000000000000000000000,0,0
813,4,TypeC,24200,000000000000011110000000000000011110000000000000000000111000000000000000000000000000011110000000000000000000011111000000000000000000000000000000000000000000000000000000,0,0
814,0,TypeA,51500,000000000000000011111111100000000000000000000000000000111111111000000000000000111111111100000000000000000111111111000000000000000000000000000000000000111111111100000000,0,0
815,1,TypeB,43500,000000111111110000000000000000000000000000111111110000000000000000000000111111110000000000000000000000000000000000000000000000000111111110000000000000000111111100000000,0,0
816,2,TypeB,43500,000000111111110000000000000000000000000000111111110000000000000000000000111111110000000000000000000000000000000000000000000000000111111110000000000000000111111100000000,0,0
817,3,TypeC,27700,011111100000000000000000000000000000000111111000000000000000001111100000000000111000000000000000000000000000011111000000000000000000000000000000000000000000000000000000,0,0
818,4,TypeC,27700,011111100000000000000000000000000000000111111000000000000000001111100000000000111000000000000000000000000000011111000000000000000000000000000000000000000000000000000000,0,0
819,0,TypeA,53600,000000000000000011111111100000000000000000000000000000111111111000000000000000111111111100000000000000000000000000000000000000000000000011111111100000000000011111111110,0,0
820,1,TypeB,40500,011111100000000000000000000000000000000000000000111111100000000000000000000000000000000000000000000000111111110000000000000000000000000011111110000000000000000111111110,0,0
821,2,TypeB,40500,011111100000000000000000000000000000000000000000111111100000000000000000000000000000000000000000000000111111110000000000000000000000000011111110000000000000000111111110,0,0
822,3,TypeC,29000,011111100000000000000000000000011110000000000000000000000000000000111110000000000000000000000000000000000000011111000000000000011111100000000000000000000000000000000000,0,0
823,4,TypeC,29000,011111100000000000000000000000011110000000000000000000000000000000111110000000000000000000000000000000000000011111000000000000011111100000000000000000000000000000000000,0,0
824,0,TypeA,52900,000000000000000011111111100000000000000000000000000000111111111000000000000000111111111100000000000000000000000000000000000000000000000011111111100000000000000111111111,0,0
825,1,TypeB,39800,000000000000011110000000000000000000000000000000000000000000000000000000111111110000000000000000000000011111110000000000000000000111111110000000000000111111110000000000,0,0
826,2,TypeB,39800,000000000000011110000000000000000000000000000000000000000000000000000000111111110000000000000000000000011111110000000000000000000111111110000000000000111111110000000000,0,0
827,3,TypeC,26500,000000000000011110000000000000011110000000000000000000000000000000000000000000111000000000000000000000000111110000000000000000011111100000000000000000000000000000000000,0,0
828,4,TypeC,26500,000000000000011110000000000000011110000000000000000000000000000000000000000000111000000000000000000000000111110000000000000000011111100000000000000000000000000000000000,0,0
829,0,TypeA,53400,000000000000000000000000000000011111111100000000000000111111111000000000000000111111111100000000000000000000000000000000001111111111000000000000000000111111111100000000,0,0
830,1,TypeB,44800,000000111111110000000000000000000000000000111111110000000000000000000000000000000000000000000000000000111111110000000000001111111100000000000000000000111111110000000000,0,0
831,2,TypeB,44800,000000111111110000000000000000000000000000111111110000000000000000000000000000000000000000000000000000111111110000000000001111111100000000000000000000111111110000000000,0,0
832,3,TypeC,32100,011111100000000000000000000000000011111100000000000000000000000000000000000000000000011110000000000000000000011111000000000000111111000000000000000000000000000000000000,0,0
833,4,TypeC,32100,011111100000000000000000000000000011111100000000000000000000000000000000000000000000011110000000000000000000011111000000000000111111000000000000000000000000000000000000,0,0
834,0,TypeA,49900,000000000000000000000000000000011111111100000000000000111111111000000000000000111111111100000000000000000111111111000000000000000000000000000000000000000000000111111111,0,0
835,1,TypeB,41100,000000111111110000000000000111111110000000000000000000000000000000000000111111110000000000000000000000111111110000000000000000000000000011111110000000000000000000000000,0,0
836,2,TypeB,41100,000000111111110000000000000111111110000000000000000000000000000000000000111111110000000000000000000000111111110000000000000000000000000011111110000000000000000000000000,0,0
837,3,TypeC,33300,000000000000011110000000000000000011111100000000000000000000000000000000000000000000001111110000000000000000011111000000000000011111100000000000000000000000000000000000,0,0
838,4,TypeC,33300,000000000000011110000000000000000011111100000000000000000000000000000000000000000000001111110000000000000000011111000000000000011111100000000000000000000000000000000000,0,0
839,0,TypeA,55200,000000000000000000000000000000000000000000000000111111111000000000000011111111110000000000000000000000000111111111000000000000011111111110000000000000111111111100000000,0,0
840,1,TypeB,38100,000000000000000000000000111111110000000000000000111111100000000000111111100000000000000000000000000000011111110000000000000000111111100000000000000000000000000000000000,0,0
841,2,TypeB,38100,000000000000000000000000111111110000000000000000111111100000000000111111100000000000000000000000000000011111110000000000000000111111100000000000000000000000000000000000,0,0
842,3,TypeC,29300,011111100000000000000000000000000011111100000000000000111000000000000000000000000000000000000000000000000111110000000000001111110000000000000000000000000000000000000000,0,0
843,4,TypeC,29300,011111100000000000000000000000000011111100000000000000111000000000000000000000000000000000000000000000000111110000000000001111110000000000000000000000000000000000000000,0,0
844,0,TypeA,51100,000000000000000000000000000000000000000000000000000000111111111000000000000000111111111100000000000000000111111111000000000000000000000011111111100000000000000111111111,0,0
845,1,TypeB,41500,000000000000000000000111111100000000000000111111110000000000000000000000000000000000000000000000000000011111110000000000000000000000000000111111100000000000000111111110,0,0
846,2,TypeB,41500,000000000000000000000111111100000000000000111111110000000000000000000000000000000000000000000000000000011111110000000000000000000000000000111111100000000000000111111110,0,0
847,3,TypeC,28600,011111100000000000000001111100000000000000000000000000000000000000000000000000000000011100000000000000000111110000000000000000011111100000000000000000000000000000000000,0,0
848,4,TypeC,28600,011111100000000000000001111100000000000000000000000000000000000000000000000000000000011100000000000000000111110000000000000000011111100000000000000000000000000000000000,0,0
849,0,TypeA,55100,000000000000000000000000000000000000000000000000111111111000000000000011111111110000000000000000011111111100000000000000000000000111111111100000000000000111111111000000,0,0
850,1,TypeB,41200,000000000000000000000111111100000000000000111111110000000000000000000000000000000000000000000000000000111111110000000000000000000000000011111110000000000111111100000000,0,0
851,2,TypeB,41200,000000000000000000000111111100000000000000111111110000000000000000000000000000000000000000000000000000111111110000000000000000000000000011111110000000000111111100000000,0,0
852,3,TypeC,29100,011111100000000000000001111100000000000111111000000000000000000000111110000000000000000000000000000000000111110000000000000000000000000000000000000000000000000000000000,0,0
853,4,TypeC,29100,011111100000000000000001111100000000000111111000000000000000000000111110000000000000000000000000000000000111110000000000000000000000000000000000000000000000000000000000,0,0
854,0,TypeA,54900,000000000000000011111111100000000000000111111111100000000000000000000000000000111111111100000000000000011111111100000000000000000000000111111111100000000000000000000000,0,0
855,1,TypeB,39100,000000000000000000000000111111110000000000111111110000000000000000000000000000000000011111110000000000011111110000000000000000000000000000000000000000000111111100000000,1,0
856,2,TypeB,39100,000000000000000000000000111111110000000000111111110000000000000000000000000000000000011111110000000000011111110000000000000000000000000000000000000000000111111100000000,1,0
857,3,TypeC,29900,011111100000000000000000000000000000000111111000000000000000000000000000000000000000011100000000000000000000011111000000000000011111100000000000000000000000000000000000,0,0
858,4,TypeC,29900,011111100000000000000000000000000000000111111000000000000000000000000000000000000000011100000000000000000000011111000000000000011111100000000000000000000000000000000000,0,0
859,0,TypeA,56700,000000000000000011111111100000000000000000000000111111111000000000000000000000111111111100000000000000011111111110000000000000000000000000000000111111111100000000000000,0,0
860,1,TypeB,36100,001111100000000000000000000000000000000000111111110000000000000000000000000000000000011111110000000000011111110000000000000000000000000000000000000000000111111100000000,0,0
861,2,TypeB,36100,001111100000000000000000000000000000000000111111110000000000000000000000000000000000011111110000000000011111110000000000000000000000000000000000000000000111111100000000,0,0
862,3,TypeC,25000,001111100000000000000000000000011110000000000000000000000000001111100000000000000000000000000000011100000000000000000000000000000000000000000000000000000111110000000000,0,0
863,4,TypeC,25000,001111100000000000000000000000011110000000000000000000000000001111100000000000000000000000000000011100000000000000000000000000000000000000000000000000000111110000000000,0,0
864,0,TypeA,55400,000000000000000011111111100000000000000000000000000000111111111000000000000000111111111100000000000000000000000000000000001111111110000000000000111111111100000000000000,0,0
865,1,TypeB,39400,011111110000000000000000000000000000000000111111110000000000000000000000000000000000011111110000000000011111110000000000000000000111111110000000000000000000000000000000,1,0
866,2,TypeB,39400,011111110000000000000000000000000000000000111111110000000000000000000000000000000000011111110000000000011111110000000000000000000111111110000000000000000000000000000000,1,0
867,3,TypeC,25900,011111100000000000000001111100000000000000001111110000000000001111100000000000000000000000000000011100000000000000000000000000000000000000000000000000000000000000000000,0,0
868,4,TypeC,25900,011111100000000000000001111100000000000000001111110000000000001111100000000000000000000000000000011100000000000000000000000000000000000000000000000000000000000000000000,0,0
869,0,TypeA,53000,000000000000000000000000000000000000000000000000000000111111111000000000000000111111111100000000000000111111111100000000000000000000000011111111100000000000000111111111,0,0
870,1,TypeB,42500,000000000000000000000000000000000000000000111111110000000000000000000000000000000000011111110000000000011111111000000000000000000001111111100000000000000111111100000000,0,0
871,2,TypeB,42500,000000000000000000000000000000000000000000111111110000000000000000000000000000000000011111110000000000011111111000000000000000000001111111100000000000000111111100000000,0,0
872,3,TypeC,32400,000000000000011110000000000000000000000111111000000000000000000000111110000000000000000000000000000000000111111000000000000000000001111110000000000000000000000000000000,1,0
873,4,TypeC,32400,000000000000011110000000000000000000000111111000000000000000000000111110000000000000000000000000000000000111111000000000000000000001111110000000000000000000000000000000,1,0
874,0,TypeA,51700,000000000000000000000000000000011111111100000000000000111111111000000000000000111111111100000000000000000000000000000000000000000000000011111111100000000000000111111111,0,0
875,1,TypeB,36100,000000000000011110000000000000000000000000111111110000000000000000000000000000000000011111110000000000111111110000000000000000000000000000000000000000000111111100000000,0,0
876,2,TypeB,36100,000000000000011110000000000000000000000000111111110000000000000000000000000000000000011111110000000000111111110000000000000000000000000000000000000000000111111100000000,0,0
877,3,TypeC,28800,000000000000011110000000000000000000000111111000000000000000000000111110000000000000000000000000011111100000000000000000001111110000000000000000000000000000000000000000,0,0
878,4,TypeC,28800,000000000000011110000000000000000000000111111000000000000000000000111110000000000000000000000000011111100000000000000000001111110000000000000000000000000000000000000000,0,0
879,0,TypeA,57500,000000000000000011111111100000000000000000000000111111111000000000000011111111110000000000000000000000000000000000000000001111111110000000000000000000111111111100000000,0,0
880,1,TypeB,42400,000000111111110000000000000111111110000000000000000000000000000000000000000000111111110000000000000000111111110000000000000000000111111110000000000000000000000000000000,0,0
881,2,TypeB,42400,000000111111110000000000000111111110000000000000000000000000000000000000000000111111110000000000000000111111110000000000000000000111111110000000000000000000000000000000,0,0
882,3,TypeC,26700,000000000000011110000000000000011110000000000000000000000000001111100000000000000000000000000000000111110000000000000000001111110000000000000000000000000000000000000000,0,0
883,4,TypeC,26700,000000000000011110000000000000011110000000000000000000000000001111100000000000000000000000000000000111110000000000000000001111110000000000000000000000000000000000000000,0,0
884,1,TypeB,43800,011111110000000000000000000111111110000000000000000000000000000000000000000000000000000000000000000000111111110000000000000000000111111110000000000000111111110000000000,1,0
885,2,TypeB,43800,011111110000000000000000000111111110000000000000000000000000000000000000000000000000000000000000000000111111110000000000000000000111111110000000000000111111110000000000,1,0
886,3,TypeC,26300,001111110000000000000000000000011110000000000000000000000000001111100000000000000000000000000000000000000000000000000000000000000000000011100000000000000001111100000000,0,0
887,4,TypeC,26300,001111110000000000000000000000011110000000000000000000000000001111100000000000000000000000000000000000000000000000000000000000000000000011100000000000000001111100000000,0,0
888,0,TypeA,50300,000000000000000000000000000000000000000000000000000000111111111000000000000000111111111100000000000000011111111000000000000000000111111111100000000000111111111100000000,0,0
889,1,TypeB,42400,000000000000000011111111000000000000000000111111110000000000000000000000000000111111110000000000000000011111111000000000000000000000000000000000000000111111110000000000,0,0
890,2,TypeB,42400,000000000000000011111111000000000000000000111111110000000000000000000000000000111111110000000000000000011111111000000000000000000000000000000000000000111111110000000000,0,0
891,3,TypeC,32700,000000000000011110000000000000000011111100000000000000000000001111100000000000000000000000000000000000000111111000000000001111110000000000000000000000000000000000000000,0,0
892,4,TypeC,32700,000000000000011110000000000000000011111100000000000000000000001111100000000000000000000000000000000000000111111000000000001111110000000000000000000000000000000000000000,0,0
893,0,TypeA,50300,000000000000000000000000000000000011111111100000000000111111111000000000000000111111111000000000000000000000000000000000000000011111111110000000000000111111111100000000,0,0
894,1,TypeB,41400,000000000000000000000000000111111110000000000000111111100000000000000000000000011111111000000000000000111111110000000000000000000000000000000000000000111111110000000000,0,0
895,2,TypeB,41400,000000000000000000000000000111111110000000000000111111100000000000000000000000011111111000000000000000111111110000000000000000000000000000000000000000111111110000000000,0,0
896,3,TypeC,24200,011111100000000000000001111100000000000000000000000000111000000000000000000000111000000000000000000000000000000000000000000000011111100000000000000000000000000000000000,0,0
897,4,TypeC,24200,011111100000000000000001111100000000000000000000000000111000000000000000000000111000000000000000000000000000000000000000000000011111100000000000000000000000000000000000,0,0
898,0,TypeA,57900,000000000000000011111111100000000000000111111111100000000000000000000011111111110000000000000000011111111100000000000000000000000000000000000000000000111111111100000000,1,0
899,1,TypeB,40200,000000000000000000000000000111111110000000000000000000000000000000000000000000000000011111110000000000011111110000000000000000111111100000000000000000000111111100000000,0,0
900,2,TypeB,40200,000000000000000000000000000111111110000000000000000000000000000000000000000000000000011111110000000000011111110000000000000000111111100000000000000000000111111100000000,0,0
901,3,TypeC,25400,000000000000011110000000000000000000000111111000000000000000000000111110000000000000000000000000000000000000000000000000000000111110000000000011100000000000000000000000,0,0
902,4,TypeC,25400,000000000000011110000000000000000000000111111000000000000000000000111110000000000000000000000000000000000000000000000000000000111110000000000011100000000000000000000000,0,0
903,0,TypeA,50300,000000000000000000000000000000000011111111100000000000111111111000000000000000111111111100000000000000011111111100000000000000000000000000000000000000111111111100000000,0,0
904,1,TypeB,38100,000000000000000000000000000111111110000000000000000000000000000000111111100000000000011111110000000000011111110000000000000000000000000000000000000000000111111100000000,0,0
905,2,TypeB,38100,000000000000000000000000000111111110000000000000000000000000000000111111100000000000011111110000000000011111110000000000000000000000000000000000000000000111111100000000,0,0
906,3,TypeC,23700,000000000000011110000000000000000000000111111000000000000000000000111110000000000000011100000000000000000000000000000000000000000000000000000011100000000000000000000000,0,0
907,4,TypeC,23700,000000000000011110000000000000000000000111111000000000000000000000111110000000000000011100000000000000000000000000000000000000000000000000000011100000000000000000000000,0,0
908,0,TypeA,50700,000000000000000000000000000000000011111111100000000000111111111000000000000000111111111100000000000000000000000000000000000000000111111111100000000000111111111100000000,0,0
909,1,TypeB,42400,000000111111110000000000000000000000000000111111110000000000000000000000000000111111110000000000000000111111110000000000000000000000000000000000000000111111110000000000,0,0
910,2,TypeB,42400,000000111111110000000000000000000000000000111111110000000000000000000000000000111111110000000000000000111111110000000000000000000000000000000000000000111111110000000000,0,0
911,3,TypeC,23800,000000000000011110000000000000000000000111111000000000000000000000000000000000111000000000000000000000000000000000000000001111110000000000000011100000000000000000000000,0,0
912,4,TypeC,23800,000000000000011110000000000000000000000111111000000000000000000000000000000000111000000000000000000000000000000000000000001111110000000000000011100000000000000000000000,0,0
913,1,TypeB,40400,000000000000011111110000000000000000000000000000011111111000000000000000111111110000000000000000011111110000000000000000000000000000000000000000000000111111110000000000,0,0
914,2,TypeB,40400,000000000000011111110000000000000000000000000000011111111000000000000000111111110000000000000000011111110000000000000000000000000000000000000000000000111111110000000000,0,0
915,3,TypeC,28200,011111100000000000011111100000000000000000000000000000000000011111100000000000111000000000000000000000000000000000000000001111110000000000000000000000000000000000000000,0,0
916,4,TypeC,28200,011111100000000000011111100000000000000000000000000000000000011111100000000000111000000000000000000000000000000000000000001111110000000000000000000000000000000000000000,0,0
917,0,TypeA,57600,000000000000000000000000000000000000000000000000111111111000000000000011111111110000000000000000011111111100000000000000000000011111111110000000000000111111111100000000,0,0
918,1,TypeB,43800,000000000000011111110000000000000000000000000000000000000000000000000000111111110000000000000000000000111111110000000000000000000001111111100000000000111111110000000000,0,0
919,2,TypeB,43800,000000000000011111110000000000000000000000000000000000000000000000000000111111110000000000000000000000111111110000000000000000000001111111100000000000111111110000000000,0,0
920,3,TypeC,25600,000000000000011110000000000000000000000000000000000000111000000000000000000000000000000000000000000000000000011111000000000000111111000000000000000000111100000000000000,0,0
921,4,TypeC,25600,000000000000011110000000000000000000000000000000000000111000000000000000000000000000000000000000000000000000011111000000000000111111000000000000000000111100000000000000,0,0
922,0,TypeA,58400,000000000000000000000000000000000000000000000000111111111000000000000011111111110000000000000000011111111100000000000000000000000000000111111111100000000000000111111111,0,0
923,1,TypeB,42500,000000000000011111110000000000000000000000000000000000000000000000000000111111110000000000000000000000111111110000000000000000000000000111111110000000000111111100000000,0,0
924,2,TypeB,42500,000000000000011111110000000000000000000000000000000000000000000000000000111111110000000000000000000000111111110000000000000000000000000111111110000000000111111100000000,0,0
925,3,TypeC,28500,000000000000011110000000000000000000000000000000000000111000000000000000000000000000000000000000000000000000011111000000000000011111100000000000000000111111000000000000,0,0
926,4,TypeC,28500,000000000000011110000000000000000000000000000000000000111000000000000000000000000000000000000000000000000000011111000000000000011111100000000000000000111111000000000000,0,0
927,0,TypeA,59100,000000000000000000000000000000000000000000000000111111111000000000000011111111110000000000000000011111111100000000000000001111111111000000000000000000111111111100000000,0,0
928,1,TypeB,43800,000000000000011111110000000000000000000000000000000000000000000000000000111111110000000000000000000000111111110000000000000000000111111110000000000000111111110000000000,0,0
929,2,TypeB,43800,000000000000011111110000000000000000000000000000000000000000000000000000111111110000000000000000000000111111110000000000000000000111111110000000000000111111110000000000,0,0
930,3,TypeC,24600,000000000000011110000000000000000000000000000000000000111000000000000000000000111000000000000000000000000000011111000000000000011111100000000000000000000000000000000000,0,0
931,4,TypeC,24600,000000000000011110000000000000000000000000000000000000111000000000000000000000111000000000000000000000000000011111000000000000011111100000000000000000000000000000000000,0,0
932,0,TypeA,52400,000000000000000000000001111111110000000000000000000000111111111000000000000000111111111000000000000000000000000000000000000000000111111111100000000000111111111100000000,0,0
933,1,TypeB,40100,000000111111110000000000000111111110000000000000000000000000000000000000000000111111110000000000011111110000000000000000000000000000000000000000000000000111111100000000,0,0
934,2,TypeB,40100,000000111111110000000000000111111110000000000000000000000000000000000000000000111111110000000000011111110000000000000000000000000000000000000000000000000111111100000000,0,0
935,3,TypeC,23300,011111100000000000000001111100000000000000000000000000000000000000000000000000111000000000000000011111100000000000000000000000000000000011100000000000000000000000000000,0,0
936,4,TypeC,23300,011111100000000000000001111100000000000000000000000000000000000000000000000000111000000000000000011111100000000000000000000000000000000011100000000000000000000000000000,0,0
937,0,TypeA,49400,000000000000000000000000000000000011111111100000000000111111111000000000000000111111111100000000000000000000000000000000000000011111111110000000000000000111111111000000,0,0
938,1,TypeB,39200,000000000001111110000000000111111110000000000000111111100000000000000000000000000000000000000000000000000000000000000000000000000000000000111111100000000001111111000000,0,0
939,2,TypeB,39200,000000000001111110000000000111111110000000000000111111100000000000000000000000000000000000000000000000000000000000000000000000000000000000111111100000000001111111000000,0,0
940,3,TypeC,33800,000000000001111110000000000000000011111100000000000000000000000000000000000000000000000000000000011111100000000000000000001111110000000000000000000000000000011111000000,0,0
941,4,TypeC,33800,000000000001111110000000000000000011111100000000000000000000000000000000000000000000000000000000011111100000000000000000001111110000000000000000000000000000011111000000,0,0
942,0,TypeA,51400,000000000000000000000000000000000011111111100000000000111111111000000000000000111111111100000000000000000000000000000000001111111110000000000000000000000000000111111111,0,0
943,1,TypeB,40100,000000000000000000000000000111111110000000000000111111100000000000000000000000111111110000000000000000111111110000000000000000000000000000000000000000000000000001111111,0,0
944,2,TypeB,40100,000000000000000000000000000111111110000000000000111111100000000000000000000000111111110000000000000000111111110000000000000000000000000000000000000000000000000001111111,0,0
945,3,TypeC,27000,011111100000000000000001111100000000000000000000000000000000000000000000000000000000000000000000011111100000000000000000001111110000000000000000000000000000000000001111,0,0
946,4,TypeC,27000,011111100000000000000001111100000000000000000000000000000000000000000000000000000000000000000000011111100000000000000000001111110000000000000000000000000000000000001111,0,0
947,1,TypeB,41400,000000000000000000000000000111111110000000000000111111100000000000000000000000111111110000000000000000111111110000000000000000000000000000000000000000111111110000000000,0,0
948,2,TypeB,41400,000000000000000000000000000111111110000000000000111111100000000000000000000000111111110000000000000000111111110000000000000000000000000000000000000000111111110000000000,0,0
949,3,TypeC,27200,011111100000000000000001111100000000000000000000000000000000000000000000000000000000011110000000000111110000000000000000001111110000000000000000000000000000000000000000,0,0
950,4,TypeC,27200,011111100000000000000001111100000000000000000000000000000000000000000000000000000000011110000000000111110000000000000000001111110000000000000000000000000000000000000000,0,0
951,0,TypeA,55100,000000000000000011111111100000000000000000000000111111111000000000000011111111110000000000000000000000000000000000000000000000011111111110000000000000000111111111000000,0,0
952,1,TypeB,43800,000000000000000000000000000000000000000000000000011111111000000000000000000000111111110000000000011111110000000000000000000000000111111110000000000000111111110000000000,0,0
953,2,TypeB,43800,000000000000000000000000000000000000000000000000011111111000000000000000000000111111110000000000011111110000000000000000000000000111111110000000000000111111110000000000,0,0
954,3,TypeC,32200,011111100000000000000000000000000011111100000000000000000000001111100000000000000000000000000000000000000000000000000000001111110000000000000000000000000111110000000000,0,0
955,4,TypeC,32200,011111100000000000000000000000000011111100000000000000000000001111100000000000000000000000000000000000000000000000000000001111110000000000000000000000000111110000000000,0,0
956,0,TypeA,57500,000000000000000011111111100000000000000000000000111111111000000000000011111111110000000000000000000000000000000000000000000000000000000011111111100000000000011111111110,0,0
957,1,TypeB,42800,000000000000000000000000000000000000000000000000000000000000000000111111100000000000011111110000000000111111110000000000000000000111111110000000000000111111110000000000,0,0
958,2,TypeB,42800,000000000000000000000000000000000000000000000000000000000000000000111111100000000000011111110000000000111111110000000000000000000111111110000000000000111111110000000000,0,0
959,3,TypeC,29700,011111100000000000000000000000000011111100000000000000000000001111100000000000000000000000000000000000000000000000000000001111110000000000000000000000000000000000001111,1,0
960,4,TypeC,29700,011111100000000000000000000000000011111100000000000000000000001111100000000000000000000000000000000000000000000000000000001111110000000000000000000000000000000000001111,1,0
961,1,TypeB,36100,011111100000000000000111111100000000000000000000000000001111111000000000000000000000000000000000011111110000000000000000000000000000000000000000000000000001111111000000,0,0
962,2,TypeB,36100,011111100000000000000111111100000000000000000000000000001111111000000000000000000000000000000000011111110000000000000000000000000000000000000000000000000001111111000000,0,0
963,3,TypeC,23000,011111100000000000000001111100000000000000000000000000000000000000000000000000111000000000000000011100000000000000000000001111110000000000000000000000000000000000000000,0,0
964,4,TypeC,23000,011111100000000000000001111100000000000000000000000000000000000000000000000000111000000000000000011100000000000000000000001111110000000000000000000000000000000000000000,0,0
965,0,TypeA,53400,000000000000000011111111100000000000000111111111100000000000000000000000000000111111111000000000000000000000000000000000000000000111111111100000000000111111111100000000,0,0
966,1,TypeB,42200,000000111111110000000000000111111110000000000000000000000000000000000000000000000000000000000000000000111111110000000000000000000000000000111111100000000001111111000000,1,0
967,2,TypeB,42200,000000111111110000000000000111111110000000000000000000000000000000000000000000000000000000000000000000111111110000000000000000000000000000111111100000000001111111000000,1,0
968,3,TypeC,24900,000000000000011110000000000000011110000000000000000000000000000000000011100000000000000000000000000000000000011111000000000000000000001111100000000000000000000000000000,0,0
969,4,TypeC,24900,000000000000011110000000000000011110000000000000000000000000000000000011100000000000000000000000000000000000011111000000000000000000001111100000000000000000000000000000,0,0
970,0,TypeA,57500,000000000000000000000000000000000000000111111111100000000000000000000011111111110000000000000000011111111100000000000000000000000000000011111111100000000000000111111111,0,0
971,1,TypeB,40100,000000111111110000000000000111111110000000000000111111100000000000000000000000000000000000000000000000111111110000000000000000000000000000111111100000000000000000000000,0,0
972,2,TypeB,40100,000000111111110000000000000111111110000000000000111111100000000000000000000000000000000000000000000000111111110000000000000000000000000000111111100000000000000000000000,0,0
973,3,TypeC,24000,000000000000011110000000000000011110000000000000000000000000000000000011100000000000011110000000000000000000000000000000001111110000000000000000000000000000000000000000,0,0
974,4,TypeC,24000,000000000000011110000000000000011110000000000000000000000000000000000011100000000000011110000000000000000000000000000000001111110000000000000000000000000000000000000000,0,0
975,0,TypeA,49600,000000000000011111111100000000000011111111100000000000111111111000000000000000111111111000000000000000000000000000000000000000000000000000000000000000111111111100000000,0,0
976,1,TypeB,44800,000000111111110000000000000111111110000000000000000000000000000000000000000000000000000000000000000000111111110000000000000000000111111110000000000000111111110000000000,0,0
977,2,TypeB,44800,000000111111110000000000000111111110000000000000000000000000000000000000000000000000000000000000000000111111110000000000000000000111111110000000000000111111110000000000,0,0
978,3,TypeC,24600,001111100000000000000000111100000000000111111000000000000000000000000011100000000000000000000000000000000000000000000000001111110000000000000000000000000000000000000000,0,0
979,4,TypeC,24600,001111100000000000000000111100000000000111111000000000000000000000000011100000000000000000000000000000000000000000000000001111110000000000000000000000000000000000000000,0,0
980,0,TypeA,60900,000000000000000000000000000000000000000000000000111111111000000000000011111111110000000000000000011111111100000000000000001111111111000000000000111111111100000000000000,0,0
981,1,TypeB,39400,000000000001111110000000000111111110000000000000000000000000000000111111100000000000000000000000000000111111110000000000000000000000000000000000000000111111110000000000,0,0
982,2,TypeB,39400,000000000001111110000000000111111110000000000000000000000000000000111111100000000000000000000000000000111111110000000000000000000000000000000000000000111111110000000000,0,0
983,3,TypeC,27600,000000000001111110000000000000000011111100000000000000111000000000000011100000000000000000000000000000000000000000000000001111110000000000000000000000000000000000000000,0,0
984,4,TypeC,27600,000000000001111110000000000000000011111100000000000000111000000000000011100000000000000000000000000000000000000000000000001111110000000000000000000000000000000000000000,0,0
985,0,TypeA,51200,000000000000000011111111100000000000000000000000000000111111111000000000000000111111111100000000000000011111111110000000000000000000000000000000000000000111111111000000,0,0
986,1,TypeB,38100,000000000000011111110000000000000011111110000000000000000000000000000000000000111111110000000000000000011111110000000000000000000000000000000000000000000111111100000000,0,0
987,2,TypeB,38100,000000000000011111110000000000000011111110000000000000000000000000000000000000111111110000000000000000011111110000000000000000000000000000000000000000000111111100000000,0,0
988,3,TypeC,32400,011111100000000000000000000000000011111100000000000000000000000000000000000000000000011110000000000000000000011111000000000000011111100000000000000000000000000000000000,0,0
989,4,TypeC,32400,011111100000000000000000000000000011111100000000000000000000000000000000000000000000011110000000000000000000011111000000000000011111100000000000000000000000000000000000,0,0
990,0,TypeA,53100,000000000000000011111111100000000000000000000000000000111111111000000000000000111111111100000000000000011111111110000000000000000000000000000000000000111111111100000000,0,0
991,1,TypeB,39500,011111100000000000000111111100000000000000000000000000000000000000000000000000000000000000000000000000011111110000000000000000111111110000000000000000000111111100000000,0,0
992,2,TypeB,39500,011111100000000000000111111100000000000000000000000000000000000000000000000000000000000000000000000000011111110000000000000000111111110000000000000000000111111100000000,0,0
993,3,TypeC,33000,011111100000000000000000000000000011111100000000000000000000000000000000000000000000000000000000000000000000011111000000000000000000111110000000000000000001111100000000,0,0
994,4,TypeC,33000,011111100000000000000000000000000011111100000000000000000000000000000000000000000000000000000000000000000000011111000000000000000000111110000000000000000001111100000000,0,0
995,0,TypeA,55900,000000000000000011111111100000000000000000000000111111111000000000000011111111110000000000000000011111111100000000000000000000000000000000000000000000000111111111000000,0,0
996,1,TypeB,37100,011111100000000000000111111100000000000000000000000000000000000000000000000000111111110000000000000000011111110000000000000000000000000000000000000000000111111100000000,0,0
997,2,TypeB,37100,011111100000000000000111111100000000000000000000000000000000000000000000000000111111110000000000000000011111110000000000000000000000000000000000000000000111111100000000,0,0
998,3,TypeC,31600,011111100000000000000001111100000000000111111000000000000000000000000000000000000000000000000000000000000000011111000000000000000001111110000000000000000000000000000000,0,0
999,4,TypeC,31600,011111100000000000000001111100000000000111111000000000000000000000000000000000000000000000000000000000000000011111000000000000000001111110000000000000000000000000000000,0,0
1000,0,TypeA,0,000000000000000000000000000000000000000000000000000000000000000000000000000000000000000000000000000000000000000000000000000000000000000000000000000000000000000000000000,1,0
1001,0,TypeA,8000,000000000011111111000000000000000000000000000000000000000000000000000000000000000000000000000000000000000000000000000000000000000000000000000000000000000000000000000000,1,0
1002,1,TypeB,0,000000000000000000000000000000000000000000000000000000000000000000000000000000000000000000000000000000000000000000000000000000000000000000000000000000000000000000000000,1,0
1003,1,TypeB,4000,000000000011110000000000000000000000000000000000000000000000000000000000000000000000000000000000000000000000000000000000000000000000000000000000000000000000000000000000,1,0
1004,2,TypeB,0,000000000000000000000000000000000000000000000000000000000000000000000000000000000000000000000000000000000000000000000000000000000000000000000000000000000000000000000000,1,0
1005,2,TypeB,4000,000000000011110000000000000000000000000000000000000000000000000000000000000000000000000000000000000000000000000000000000000000000000000000000000000000000000000000000000,1,0
1006,3,TypeC,0,000000000000000000000000000000000000000000000000000000000000000000000000000000000000000000000000000000000000000000000000000000000000000000000000000000000000000000000000,1,0
1007,3,TypeC,3900,000000000011100000000000000000000000000000000000000000000000000000000000000000000000000000000000000000000000000000000000000000000000000000000000000000000000000000000000,1,0
1008,4,TypeC,0,000000000000000000000000000000000000000000000000000000000000000000000000000000000000000000000000000000000000000000000000000000000000000000000000000000000000000000000000,1,0
1009,4,TypeC,3900,000000000011100000000000000000000000000000000000000000000000000000000000000000000000000000000000000000000000000000000000000000000000000000000000000000000000000000000000,1,0
1010,0,TypeA,52200,000000011111111100000000000000000000111111111100000000000111111111000000000001111111111000000000000000000000001111111111000000000000000000000000000000000000000000000000,0,0
1011,1,TypeB,40400,000011111111000000000000000000000000000000000000000000000000000011111111000000000001111110000000000000000000001111111100000000000000000000000000000000000000000011111111,0,0
1012,2,TypeB,40400,000011111111000000000000000000000000000000000000000000000000000011111111000000000001111110000000000000000000001111111100000000000000000000000000000000000000000011111111,0,0
1013,3,TypeC,34400,000000011111000000000000000000000000000000000000000000000000111111000000000000000001111110000000000000000000000000111111000000000000000000000000000000000000011111100000,1,0
1014,4,TypeC,34400,000000011111000000000000000000000000000000000000000000000000111111000000000000000001111110000000000000000000000000111111000000000000000000000000000000000000011111100000,1,0
1015,0,TypeA,57300,000000000000000000000000000000111111111100000000000000000000000000000111111111000000000000000000111111111000000000000001111111111000000000000000000000000111111111100000,0,0
1016,1,TypeB,41500,000000000000000111111110000000000000000111111100000000000000000000000111111000000000000000000000000000000000000000000001111111100000000000000000000000000000000011111111,0,0
1017,2,TypeB,41500,000000000000000111111110000000000000000111111100000000000000000000000111111000000000000000000000000000000000000000000001111111100000000000000000000000000000000011111111,0,0
1018,3,TypeC,31000,000000000011111100000000000000000000000000000000000000000000000000000111111000000000000000000000000000000000000000000000000011111000000000001111100000000000011111100000,0,0
1019,4,TypeC,31000,000000000011111100000000000000000000000000000000000000000000000000000111111000000000000000000000000000000000000000000000000011111000000000001111100000000000011111100000,0,0
1020,0,TypeA,61200,011111111110000000000000000000000000000000000000011111111100000000000000000000000000000000000000111111111000000000000001111111111000000000000000111111111100000000000000,0,0
1021,1,TypeB,42800,000011111110000000000000000000000000000000000000000111111100000000000000000000000000000000000000000000011111111000000000000000000000011111111000000000000111111110000000,1,0
1022,2,TypeB,42800,000011111110000000000000000000000000000000000000000111111100000000000000000000000000000000000000000000011111111000000000000000000000011111111000000000000111111110000000,1,0
1023,3,TypeC,27500,000000000000000000000000000000000000000000000000011111100000000000000000000000000000000000000000000111111000000000011111000000000000011111000000000000111100000000000000,1,0
1024,4,TypeC,27500,000000000000000000000000000000000000000000000000011111100000000000000000000000000000000000000000000111111000000000011111000000000000011111000000000000111100000000000000,1,0
1025,0,TypeA,54400,000000011111111100000000000000111111111100000000000000000000000000000000000000011111111110000000000000011111111110000000000000000000000000000000111111111100000000000000,0,0
1026,1,TypeB,41500,000000000000000000000000000000000000111111100000000000000000000000000000000001111111000000000000000000011111111000000000000011111110000000000000000000111111110000000000,0,0
1027,2,TypeB,41500,000000000000000000000000000000000000111111100000000000000000000000000000000001111111000000000000000000011111111000000000000011111110000000000000000000111111110000000000,0,0
1028,3,TypeC,26200,000000000000000000000000000000000000000111100000000000000000000000000000000000000001111110000000000000000000111110000000000011100000000000000000000000111100000000000000,0,0
1029,4,TypeC,26200,000000000000000000000000000000000000000111100000000000000000000000000000000000000001111110000000000000000000111110000000000011100000000000000000000000111100000000000000,0,0
1030,0,TypeA,55400,000000000000000000000011111111100000000000001111111100000000000000000001111111110000000000000000111111111000000000000000000000111111111000000000000000000000000000000000,0,0
1031,1,TypeB,44800,000000000000000000000000000000000000000000001111111100000000000000000000000000011111111000000000000000011111111000000000000000000000011111111000000000000000000011111111,0,0
1032,2,TypeB,44800,000000000000000000000000000000000000000000001111111100000000000000000000000000011111111000000000000000011111111000000000000000000000011111111000000000000000000011111111,0,0
1033,3,TypeC,23700,000000000000000000000000000000000000000000001111110000000000111110000000000001110000000000000000000000000000000000000000000000000000011100000000000000111100000000000000,0,0
1034,4,TypeC,23700,000000000000000000000000000000000000000000001111110000000000111110000000000001110000000000000000000000000000000000000000000000000000011100000000000000111100000000000000,0,0
1035,0,TypeA,51800,000000000000000000000011111111100000000000000000000000000111111111000000000000011111111110000000000000011111111110000000000000111111111000000000000000000000000000000000,1,0
1036,1,TypeB,39400,000000000000000111111110000000000000000000000000000000111111110000000000001111110000000000000000001111111000000000000000000000000000000000000000000000111111110000000000,0,0
1037,2,TypeB,39400,000000000000000111111110000000000000000000000000000000111111110000000000001111110000000000000000001111111000000000000000000000000000000000000000000000111111110000000000,0,0
1038,3,TypeC,27100,000000000000000000000000000011100000000000000000011111100000000001111100000000000000000000000000000000000000001111110000000000000000011111000000000000000000000000000000,0,0
1039,4,TypeC,27100,000000000000000000000000000011100000000000000000011111100000000001111100000000000000000000000000000000000000001111110000000000000000011111000000000000000000000000000000,0,0
1040,0,TypeA,57400,000000000000000000000011111111110000000000000000011111111100000000000001111111110000000000000000000000000000111111111100000000000000000000000000111111110000000000000000,0,0
1041,1,TypeB,37100,011111110000000000000000000000111111110000000000011111000000000000000000000000000000000000000000000000000000001111111100000000000000000000000000111111100000000000000000,0,0
1042,2,TypeB,37100,011111110000000000000000000000111111110000000000011111000000000000000000000000000000000000000000000000000000001111111100000000000000000000000000111111100000000000000000,0,0
1043,3,TypeC,25900,000000011111000000000000000000111000000000000000011111000000000000000111111000000000000000000000000000000000000000111111000000000000000000000000000000000000000000000000,1,0
1044,4,TypeC,25900,000000011111000000000000000000111000000000000000011111000000000000000111111000000000000000000000000000000000000000111111000000000000000000000000000000000000000000000000,1,0
1045,0,TypeA,54200,000000011111111100000000000011111111110000000000000001111111100000000000000001111111111000000000000000000000000000000000000000000000000000000000111111111100000000000000,0,0
1046,1,TypeB,39900,011111110000000000000000000000000000000000000000000001111111100000000000000001111111100000000000000000000000000000000000000000000000011111000000000000111111110000000000,0,0
1047,2,TypeB,39900,011111110000000000000000000000000000000000000000000001111111100000000000000001111111100000000000000000000000000000000000000000000000011111000000000000111111110000000000,0,0
1048,3,TypeC,24600,000000011111000000000000000011100000000000000000000000000111100000000000000000000000000000000000000000000000000000000000000000000000011111000000000000111100000000000000,0,0
1049,4,TypeC,24600,000000011111000000000000000011100000000000000000000000000111100000000000000000000000000000000000000000000000000000000000000000000000011111000000000000111100000000000000,0,0
1050,0,TypeA,51900,000000000000000000000011111111100000000000000000000001111111110000000000000001111111111000000000000000000000000000000000000000111111111000000000000000111111110000000000,0,0
1051,1,TypeB,44800,000000000000000000000000000000000000000000111111110000000000000000000000000000011111111000000000000000000000001111111100000000000000011111111000000000111111110000000000,0,0
1052,2,TypeB,44800,000000000000000000000000000000000000000000111111110000000000000000000000000000011111111000000000000000000000001111111100000000000000011111111000000000111111110000000000,0,0
1053,3,TypeC,20200,000000000000000000000000000000000000000000000000000000000000000000000111000000000000000000000000111000000000000000111111000000000000011100000000000000111100000000000000,0,0
1054,4,TypeC,20200,000000000000000000000000000000000000000000000000000000000000000000000111000000000000000000000000111000000000000000111111000000000000011100000000000000111100000000000000,0,0
1055,0,TypeA,51900,000000011111111100000000000011111111100000000000000001111111110000000000000000000000000000000000111111111000000000000000000000111111111000000000000000000000000000000000,0,0
1056,1,TypeB,40400,011111110000000000000000000000000000000000111111110000000000000011111111000000000000000000000000000000001111111000000000000000000000000000000000000000000111111110000000,1,0
1057,2,TypeB,40400,011111110000000000000000000000000000000000111111110000000000000011111111000000000000000000000000000000001111111000000000000000000000000000000000000000000111111110000000,1,0
1058,3,TypeC,24700,000000000001111100000000000011100000000000000000011111100000000000000000000000000000000000000000111100000000000000000000000000000000000000000000000000000000011110000000,0,0
1059,4,TypeC,24700,000000000001111100000000000011100000000000000000011111100000000000000000000000000000000000000000111100000000000000000000000000000000000000000000000000000000011110000000,0,0
1060,0,TypeA,48200,000000000001111111100000000000000000111111111100000000000111111111000000000000000000000000000000111111110000000000000000000000111111111000000000000000000000000000000000,0,0
1061,1,TypeB,42400,000000000001111111100000000000000000011111111000000000000000000011111111000000000000000000000000111111110000000000000000000000000000000000000000000000111111110000000000,0,0
1062,2,TypeB,42400,000000000001111111100000000000000000011111111000000000000000000011111111000000000000000000000000111111110000000000000000000000000000000000000000000000111111110000000000,0,0
1063,3,TypeC,24400,000000011111000000000000000000000000011111100000000001111100000000000111000000000000000000000000000000000000000000000000000011100000000000000000000000000000000000000000,0,0
1064,4,TypeC,24400,000000011111000000000000000000000000011111100000000001111100000000000111000000000000000000000000000000000000000000000000000011100000000000000000000000000000000000000000,0,0
1065,0,TypeA,52200,000011111111000000000000000000000000000000000111111111100000000000000000000000000000000000000000000000111111111100000000000000111111111000000000000000111111110000000000,0,0
1066,1,TypeB,44500,000011111111000000000000000000111111110000000000000000111111110000000000000000000000000000000000000000000000000000000001111111100000000000000000000000111111110000000000,0,0
1067,2,TypeB,44500,000011111111000000000000000000111111110000000000000000111111110000000000000000000000000000000000000000000000000000000001111111100000000000000000000000111111110000000000,0,0
1068,3,TypeC,21100,000000011111000000000000000000000000000000000000000111100000000000000111000000000000000000000000000000000000111100000000000011100000000000000000000000000000000000000000,0,0
1069,4,TypeC,21100,000000011111000000000000000000000000000000000000000111100000000000000111000000000000000000000000000000000000111100000000000011100000000000000000000000000000000000000000,0,0
1070,0,TypeA,55000,000000000011111111100000000000000000000000000000000001111111111000000000000001111111111000000000000000000000111111111100000000000000000000000000111111111100000000000000,0,0
1071,1,TypeB,39400,000000000001111111100000000000000000000111111100000000000111111000000000000000000000000000000000000000000000111111110000000000000000000000000000000000111111110000000000,0,0
1072,2,TypeB,39400,000000000001111111100000000000000000000111111100000000000111111000000000000000000000000000000000000000000000111111110000000000000000000000000000000000111111110000000000,0,0
1073,3,TypeC,31100,000000000011111100000000000011110000000000000000000000000111111000000000000000000000000000000000000000011111100000000000000000000000000000000000000000111100000000000000,0,0
1074,4,TypeC,31100,000000000011111100000000000011110000000000000000000000000111111000000000000000000000000000000000000000011111100000000000000000000000000000000000000000111100000000000000,0,0
1075,0,TypeA,57300,000000000000000000000011111111100000000000000000011111111100000000000000000000011111111110000000000000000000111111111100000000000000000000000000111111111100000000000000,0,0
1076,1,TypeB,43800,000000000000000111111110000000000000000000000000000111111100000000000000000000000000000000000000111111110000000000000000000000111111110000000000000000111111110000000000,1,0
1077,2,TypeB,43800,000000000000000111111110000000000000000000000000000111111100000000000000000000000000000000000000111111110000000000000000000000111111110000000000000000111111110000000000,1,0
1078,3,TypeC,26200,000000000000000000000000000000000000000000000000000001111100000000000000000001110000000000000000000000000000111110000000000000000000011100000000000000001111110000000000,0,0
1079,4,TypeC,26200,000000000000000000000000000000000000000000000000000001111100000000000000000001110000000000000000000000000000111110000000000000000000011100000000000000001111110000000000,0,0
1080,0,TypeA,57100,011111111110000000000000000000000000000000111111111100000000000000000000000001111111111000000000000000111111111100000000000000111111111000000000000000000000000000000000,0,0
1081,1,TypeB,40500,011111110000000000000000000000000000111111100000000000000000000000000000000000000000000000000000111111100000000000000000000000000000000000000000111111100000000011111111,0,0
1082,2,TypeB,40500,011111110000000000000000000000000000111111100000000000000000000000000000000000000000000000000000111111100000000000000000000000000000000000000000111111100000000011111111,0,0
1083,3,TypeC,29100,000011110000000000000000000000000000011111100000000000000111111000000000000000000000000000000000000000000000000000000000000000000000001111000000000000000000011110000000,0,0
1084,4,TypeC,29100,000011110000000000000000000000000000011111100000000000000111111000000000000000000000000000000000000000000000000000000000000000000000001111000000000000000000011110000000,0,0
1085,0,TypeA,59700,011111111110000000000000000000111111111100000000000000000000000000000001111111110000000000000000111111111000000000000111111111100000000000000000000000000000000000000000,0,0
1086,1,TypeB,37400,011111110000000000000000000011110000000000000000000000000111111110000000000000000000000000000000000000000000001111111100000000000000000000000000000000111111110000000000,0,0
1087,2,TypeB,37400,011111110000000000000000000011110000000000000000000000000111111110000000000000000000000000000000000000000000001111111100000000000000000000000000000000111111110000000000,0,0
1088,3,TypeC,28200,000000000000000000000000000011100000000000000000000000000111110000000000001111110000000000000000000000000000111110000000000000000000011111000000000000000000000000000000,0,0
1089,4,TypeC,28200,000000000000000000000000000011100000000000000000000000000111110000000000001111110000000000000000000000000000111110000000000000000000011111000000000000000000000000000000,0,0
1090,0,TypeA,52500,000000000000000000000000000000111111111100000000000000000000000000000000000001111111111000000000000000111111111000000000000000111111111000000000000000011111111110000000,1,0
1091,1,TypeB,44500,000000000001111111100000000000111111110000000000000000000000000000000000000000011111111000000000000000000000000000000001111111100000000000000000111111110000000000000000,0,0
1092,2,TypeB,44500,000000000001111111100000000000111111110000000000000000000000000000000000000000011111111000000000000000000000000000000001111111100000000000000000111111110000000000000000,0,0
1093,3,TypeC,26100,000000000000000111100000000000000000011111100000000001111100000000000000000001110000000000000000000000000000000000111111000000000000000000000000000000000000000000000000,0,0
1094,4,TypeC,26100,000000000000000111100000000000000000011111100000000001111100000000000000000001110000000000000000000000000000000000111111000000000000000000000000000000000000000000000000,0,0
1095,0,TypeA,55800,011111111110000000000000000000111111111100000000000000000000111111111100000000000000000000000000111111111000000000000000000000111111111000000000000000000000000000000000,1,0
1096,1,TypeB,34500,000000000000000111111110000000000000000111111100000000000000111111000000000000000000000000000000000000001111111000000000000000000000000000001111100000000000000000000000,0,0
1097,2,TypeB,34500,000000000000000111111110000000000000000111111100000000000000111111000000000000000000000000000000000000001111111000000000000000000000000000001111100000000000000000000000,0,0
1098,3,TypeC,26100,011110000000000000000000000000000000000111100000000000000000111111000000000000000000000000000000111110000000000000000000000000000000000000001111100000000000000000000000,0,0
1099,4,TypeC,26100,011110000000000000000000000000000000000111100000000000000000111111000000000000000000000000000000111110000000000000000000000000000000000000001111100000000000000000000000,0,0
1100,0,TypeA,52300,000000000000000111111110000000000000000000000000011111111100000000000000000001111111111000000000000000011111111110000000000000111111111000000000000000000000000000000000,0,0
1101,1,TypeB,41400,000000000000000111111110000000000000111111100000000000000000000000000000000000011111111000000000000000011111111000000000000000000000011111111000000000000000000000000000,1,0
1102,2,TypeB,41400,000000000000000111111110000000000000111111100000000000000000000000000000000000011111111000000000000000011111111000000000000000000000011111111000000000000000000000000000,1,0
1103,3,TypeC,32900,000000000000000000000000000000000000000000000000000000000111110000000000000000000001111110000000000000011111100000000000000000000000011100000000000000001111110000000000,0,0
1104,4,TypeC,32900,000000000000000000000000000000000000000000000000000000000111110000000000000000000001111110000000000000011111100000000000000000000000011100000000000000001111110000000000,0,0
1105,0,TypeA,51100,000000011111111100000000000000111111111100000000000000000111111111000000000000000000000000000000111111111000000000000000000000111111111000000000000000000000000000000000,1,0
1106,1,TypeB,42500,011111110000000000000000000000000000000111111100000000000000000000000000000000011111111000000000000000000000000000000001111111100000000000000000000000000000000011111111,0,0
1107,2,TypeB,42500,011111110000000000000000000000000000000111111100000000000000000000000000000000011111111000000000000000000000000000000001111111100000000000000000000000000000000011111111,0,0
1108,3,TypeC,21400,000000011111000000000000000000111000000000000000000000000111110000000000000001110000000000000000000000000000000000000000000011100000000000000000000000000000000000000000,0,0
1109,4,TypeC,21400,000000011111000000000000000000111000000000000000000000000111110000000000000001110000000000000000000000000000000000000000000011100000000000000000000000000000000000000000,0,0
1110,0,TypeA,59500,000000000000000000000011111111100000000000111111111100000000000000000000000000000000000000000000111111111000000000000111111111100000000000000000111111110000000000000000,0,0
1111,1,TypeB,43500,000000000000000111111110000000000000011111111000000000000000000000000000000000000000000000000000000000011111111000000000000000000000000000000000111111100000000011111111,0,0
1112,2,TypeB,43500,000000000000000111111110000000000000011111111000000000000000000000000000000000000000000000000000000000011111111000000000000000000000000000000000111111100000000011111111,0,0
1113,3,TypeC,29300,000000000000000000000000000000000000000111111000000000000111110000000000000000000000000000000000111110000000000000111111000000000000000000000000000000000000011110000000,1,0
1114,4,TypeC,29300,000000000000000000000000000000000000000111111000000000000111110000000000000000000000000000000000111110000000000000111111000000000000000000000000000000000000011110000000,1,0
1115,0,TypeA,50200,000000000000000000000000000000000000111111111100000000000000000000000000000000011111111110000000000000111111111000000000000000111111111000000000000000111111110000000000,0,0
1116,1,TypeB,38400,011111110000000000000000000000111111100000000000000111111100000000000000000000000000000000000000000000001111111000000000000000000000000000000000000000111111110000000000,1,0
1117,2,TypeB,38400,011111110000000000000000000000111111100000000000000111111100000000000000000000000000000000000000000000001111111000000000000000000000000000000000000000111111110000000000,1,0
1118,3,TypeC,28000,000000000000000000000000000000000000000000111100000000000111111000000000001111110000000000000000000011111000000000000000000000000000000000000000000000000000011110000000,1,0
1119,4,TypeC,28000,000000000000000000000000000000000000000000111100000000000111111000000000001111110000000000000000000011111000000000000000000000000000000000000000000000000000011110000000,1,0
1120,0,TypeA,53500,000000011111111100000000000000000000000000000000000000000000000000000001111111110000000000000000111111111000000000000000000000111111111000000000000000011111111110000000,0,0
1121,1,TypeB,41800,011111110000000000000000000000000000000000000000000000000000000000000000000000000001111110000000000000000000111111110000000000000011111111000000000000111111110000000000,0,0
1122,2,TypeB,41800,011111110000000000000000000000000000000000000000000000000000000000000000000000000001111110000000000000000000111111110000000000000011111111000000000000111111110000000000,0,0
1123,3,TypeC,30400,000000000000000000000000000000000000000000000000000000000000000000000111000000000001111110000000000000000000001111110000000000000000111111000000000000000000011110000000,0,0
1124,4,TypeC,30400,000000000000000000000000000000000000000000000000000000000000000000000111000000000001111110000000000000000000001111110000000000000000111111000000000000000000011110000000,0,0
1125,0,TypeA,57400,011111111110000000000011111111100000000000000111111111000000000000000000000000000000000000000000111111111000000000000000000000111111111000000000000000000000000000000000,1,0
1126,1,TypeB,36400,000000000001111111100000000011110000000000111111110000000000000000000000000000000001111110000000000000000000000000000000000000000000000000000000000000111111110000000000,0,0
1127,2,TypeB,36400,000000000001111111100000000011110000000000111111110000000000000000000000000000000001111110000000000000000000000000000000000000000000000000000000000000111111110000000000,0,0
1128,3,TypeC,26700,000000011111000000000000000011100000000000000111110000000000000000000000000000000001111110000000000011111000000000000000000000000000000000000000000000000000000000000000,0,0
1129,4,TypeC,26700,000000011111000000000000000011100000000000000111110000000000000000000000000000000001111110000000000011111000000000000000000000000000000000000000000000000000000000000000,0,0
1130,0,TypeA,54600,000000011111111100000000000000000000000000000000011111111100000000000000000000000000000000000000111111111000000000000111111111100000000000000000000000111111110000000000,0,0
1131,1,TypeB,43500,000000000000000111111110000000000000000000111111110000000000000000000000000000000000000000000000000000011111111000000000000000000000001111111000000000111111110000000000,0,0
1132,2,TypeB,43500,000000000000000111111110000000000000000000111111110000000000000000000000000000000000000000000000000000011111111000000000000000000000001111111000000000111111110000000000,0,0
1133,3,TypeC,27800,000000011111000000000000000000000000000000000000000000000111110000000000000001110000000000000000000000011111100000000000000000000000000000000000000000000000011110000000,0,0
1134,4,TypeC,27800,000000011111000000000000000000000000000000000000000000000111110000000000000001110000000000000000000000011111100000000000000000000000000000000000000000000000011110000000,0,0
1135,0,TypeA,54000,011111111110000000000000000000111111111100000000000001111111110000000000000000011111111110000000000000000000000000000000000000111111111000000000000000000000000000000000,1,0
1136,1,TypeB,39400,000000000000000111111110000000000000000000000000011111100000000000000000000000011111111000000000000000001111111000000000000000000000000000000000000000111111110000000000,0,0
1137,2,TypeB,39400,000000000000000111111110000000000000000000000000011111100000000000000000000000011111111000000000000000001111111000000000000000000000000000000000000000111111110000000000,0,0
1138,3,TypeC,33200,000000000011111100000000000011111000000000000000011111100000000000000000000000111111000000000000000000000000000000000000000000000000000000000000000000001111110000000000,0,0
1139,4,TypeC,33200,000000000011111100000000000011111000000000000000011111100000000000000000000000111111000000000000000000000000000000000000000000000000000000000000000000001111110000000000,0,0
1140,0,TypeA,55900,000000011111111100000000000000000000011111111100000000000000000000000111111111000000000000000000111111111000000000000111111111100000000000000000000000000000000000000000,0,0
1141,1,TypeB,38400,011111110000000000000000000000111111110000000000000000000000000000000000000000000000000000000000111110000000001111111100000000000000000000000000000000111111110000000000,0,0
1142,2,TypeB,38400,011111110000000000000000000000111111110000000000000000000000000000000000000000000000000000000000111110000000001111111100000000000000000000000000000000111111110000000000,0,0
1143,3,TypeC,26000,000000000011111100000000000011111000000000000000000000000000000000000111000000000000000000000000111110000000000000000000000000000000000000000000000000000000011110000000,1,0
1144,4,TypeC,26000,000000000011111100000000000011111000000000000000000000000000000000000111000000000000000000000000111110000000000000000000000000000000000000000000000000000000011110000000,1,0
1145,0,TypeA,58500,000000011111111100000000000000000000000000000111111111100000000000000000000001111111111000000000000000000000000000000111111111100000000000000000111111111000000000000000,0,0
1146,1,TypeB,40400,000000000001111111100000000000000000000000000111111100000000000001111111000000000000000000000000000000000000001111111100000000000000000000000000000000111111110000000000,0,0
1147,2,TypeB,40400,000000000001111111100000000000000000000000000111111100000000000001111111000000000000000000000000000000000000001111111100000000000000000000000000000000111111110000000000,0,0
1148,3,TypeC,22400,000000000001111100000000000000000000000000000000011111100000000000000000000001110000000000000000000000000000000000000000000000000000011100000000000000111000000000000000,0,0
1149,4,TypeC,22400,000000000001111100000000000000000000000000000000011111100000000000000000000001110000000000000000000000000000000000000000000000000000011100000000000000111000000000000000,0,0
1150,0,TypeA,59300,000000000000000000000011111111100000000000000000000001111111110000000000000000000000000000000000111111111000000000000111111111100000000000000000111111111100000000000000,0,0
1151,1,TypeB,40400,011111110000000000000000000000000000000000000000000000111111110000000000000001111111000000000000000000011111111000000000000000000000000000000000111111110000000000000000,0,0
1152,2,TypeB,40400,011111110000000000000000000000000000000000000000000000111111110000000000000001111111000000000000000000011111111000000000000000000000000000000000111111110000000000000000,0,0
1153,3,TypeC,31800,000000000001111100000000000000000000000000000000000000000111110000000000000000000001111110000000000111111000000000000000000000000000000000001111100000000000000000000000,0,0
1154,4,TypeC,31800,000000000001111100000000000000000000000000000000000000000111110000000000000000000001111110000000000111111000000000000000000000000000000000001111100000000000000000000000,0,0
1155,0,TypeA,59000,000000000000000000000000000000111111111100000000000001111111111000000000000001111111111000000000000000000000000000000111111111100000000000000000111111111100000000000000,0,0
1156,1,TypeB,39400,011111110000000000000000000000111111110000000000000000000111111000000000000000000000000000000000000000011111111000000000000000000000000000000000000000111111110000000000,1,0
1157,2,TypeB,39400,011111110000000000000000000000111111110000000000000000000111111000000000000000000000000000000000000000011111111000000000000000000000000000000000000000111111110000000000,1,0
1158,3,TypeC,30600,000000011111000000000000000000000000000000000000000000000111111000000000000000000000011110000000000000000000000000000000000000000011111000000000000000000000011110000000,1,0
1159,4,TypeC,30600,000000011111000000000000000000000000000000000000000000000111111000000000000000000000011110000000000000000000000000000000000000000011111000000000000000000000011110000000,1,0
1160,0,TypeA,56900,000000000000000000000011111111100000000000000111111111100000000000000001111111110000000000000000000000011111111110000000000000111111111000000000000000000000000000000000,0,0
1161,1,TypeB,41500,011111110000000000000000000000000000000000000000000000000000000000000000000001111111100000000000001111111000000000000000000000000000000000000000111111100000000011111111,0,0
1162,2,TypeB,41500,011111110000000000000000000000000000000000000000000000000000000000000000000001111111100000000000001111111000000000000000000000000000000000000000111111100000000011111111,0,0
1163,3,TypeC,28300,000000011111000000000000000000000000000000000000011111100000000000000000000000000000111110000000000111111000000000000000000000000000011100000000000000000000000000000000,1,0
1164,4,TypeC,28300,000000011111000000000000000000000000000000000000011111100000000000000000000000000000111110000000000111111000000000000000000000000000011100000000000000000000000000000000,1,0
1165,0,TypeA,54300,011111111110000000000000000000000000000000000000011111111100000000000000000000000000000000000000111111111000000000000000000000111111111000000000000000111111110000000000,1,0
1166,1,TypeB,44600,011111110000000000000000000000000000000000000000000000000000000011111111000000000000000000000000000000000000000000000001111111100000000000000000111111100000000011111111,0,0
1167,2,TypeB,44600,011111110000000000000000000000000000000000000000000000000000000011111111000000000000000000000000000000000000000000000001111111100000000000000000111111100000000011111111,0,0
1168,3,TypeC,29800,000000000011111100000000000000000000000000000000011111100000000000000000000000000001111110000000000000000000000000000000000011100000000000000000000000000000011110000000,0,0
1169,4,TypeC,29800,000000000011111100000000000000000000000000000000011111100000000000000000000000000001111110000000000000000000000000000000000011100000000000000000000000000000011110000000,0,0
1170,0,TypeA,55000,000000000011111111100000000000000000011111111100000000000000000000000111111111000000000000000000111111111000000000000000000000000000000000000000111111111100000000000000,0,0
1171,1,TypeB,41400,000000000001111111100000000000000000000111111100000000000111111110000000000001111111100000000000000000000000000000000000000000000000000000000000000000111111110000000000,1,0
1172,2,TypeB,41400,000000000001111111100000000000000000000111111100000000000111111110000000000001111111100000000000000000000000000000000000000000000000000000000000000000111111110000000000,1,0
1173,3,TypeC,31300,000000000011111100000000000000000000011111100000000001111100000000000000001111110000000000000000000000000000000000000000000000000000000000001111100000000000000000000000,0,0
1174,4,TypeC,31300,000000000011111100000000000000000000011111100000000001111100000000000000001111110000000000000000000000000000000000000000000000000000000000001111100000000000000000000000,0,0
1175,0,TypeA,53900,000000011111111100000000000000111111111100000000000111111111100000000000000000000000000000000000111111111000000000000000000000111111111000000000000000000000000000000000,0,0
1176,1,TypeB,42800,000000000000000111111110000000000000000000000000000111111100000000000000000000000000000000000000000000111111100000000000000000000000011111111000000000111111110000000000,0,0
1177,2,TypeB,42800,000000000000000111111110000000000000000000000000000111111100000000000000000000000000000000000000000000111111100000000000000000000000011111111000000000111111110000000000,0,0
1178,3,TypeC,28000,000000011111000000000000000011100000000000000000000000000000000000000000000000000001111110000000000000000000000011111100000000000000000000001111100000000000000000000000,0,0
1179,4,TypeC,28000,000000011111000000000000000011100000000000000000000000000000000000000000000000000001111110000000000000000000000011111100000000000000000000001111100000000000000000000000,0,0
1180,0,TypeA,55000,000000000011111111100000000000000000111111111100000000000000000000000001111111110000000000000000111111111000000000000000000000000000000000000000111111111000000000000000,0,0
1181,1,TypeB,40900,000000000000000111111110000000000000000000000000000000000000000011111111000000000000000000000000000000011111111000000000000000000000000000000000111111110000000000011111,0,0
1182,2,TypeB,40900,000000000000000111111110000000000000000000000000000000000000000011111111000000000000000000000000000000011111111000000000000000000000000000000000111111110000000000011111,0,0
1183,3,TypeC,22400,000000000000000000000000000011100000000000111100000000000000111111000000000000000000000000000000000000000000000000000000000000000000011100000000000000000000000000001111,0,0
1184,4,TypeC,22400,000000000000000000000000000011100000000000111100000000000000111111000000000000000000000000000000000000000000000000000000000000000000011100000000000000000000000000001111,0,0
1185,0,TypeA,53200,000000000011111111100000000000111111111100000000000000000000000000000001111111110000000000000000111111111000000000000000000000111111111000000000000000000000000000000000,0,0
1186,1,TypeB,42400,000000000001111111100000000000000000000000000000000000111111110000000000000000011111111000000000000000000000001111111100000000000000000000000000000000000000000011111111,0,0
1187,2,TypeB,42400,000000000001111111100000000000000000000000000000000000111111110000000000000000011111111000000000000000000000001111111100000000000000000000000000000000000000000011111111,0,0
1188,3,TypeC,25000,000000000000000000000000000011100000000000000000011111100000000000000111111000000000000000000000000000000000000000111111000000000000000000000000000000000000000000001111,1,0
1189,4,TypeC,25000,000000000000000000000000000011100000000000000000011111100000000000000111111000000000000000000000000000000000000000111111000000000000000000000000000000000000000000001111,1,0
1190,0,TypeA,56600,000000000000000000000011111111100000000000111111111100000000000000000000000000000000000000000000111111111000000000000000000000111111111000000000000000011111111110000000,1,0
1191,1,TypeB,41400,000000000001111111100000000000000000000000000000000111111100000000000000000000011111111000000000000000011111111000000000000000000000000000000000000000111111110000000000,1,0
1192,2,TypeB,41400,000000000001111111100000000000000000000000000000000111111100000000000000000000011111111000000000000000011111111000000000000000000000000000000000000000111111110000000000,1,0
1193,3,TypeC,29500,000000011111000000000000000000000000000000000000011111100000000000000000000000000000000000000000000000000000001111100000000000000000011110000000000000000111110000000000,0,0
1194,4,TypeC,29500,000000011111000000000000000000000000000000000000011111100000000000000000000000000000000000000000000000000000001111100000000000000000011110000000000000000111110000000000,0,0
1195,0,TypeA,55300,000000011111111100000000000000000000111111111100000000000000000000000000000001111111111000000000000000000000111111111100000000000000000000000000111111111100000000000000,0,0
1196,1,TypeB,43500,000000000000000111111110000000000000000000000000000000000000000000000000000001111111100000000000000000001111111100000000000000000000000000000000111111100000000011111111,0,0
1197,2,TypeB,43500,000000000000000111111110000000000000000000000000000000000000000000000000000001111111100000000000000000001111111100000000000000000000000000000000111111100000000011111111,0,0
1198,3,TypeC,34600,000000000011111100000000000000000000000000000000000000000111110000000000000000000001111110000000000000000000000000111111000000000011111000000000000000000000000000000000,0,0
1199,4,TypeC,34600,000000000011111100000000000000000000000000000000000000000111110000000000000000000001111110000000000000000000000000111111000000000011111000000000000000000000000000000000,0,0
1200,0,TypeA,60800,000000000000000000000011111111100000000000000111111111100000000000000001111111110000000000000000111111111000000000000000000000000000000000000000111111111100000000000000,0,0
1201,1,TypeB,43800,000000000000000000000000000000000000000111111100000000000000000011111111000000000000000000000000111111110000000000000000000000000000011111111000000000111111110000000000,1,0
1202,2,TypeB,43800,000000000000000000000000000000000000000111111100000000000000000011111111000000000000000000000000111111110000000000000000000000000000011111111000000000111111110000000000,1,0
1203,3,TypeC,22900,000000011111000000000000000000000000000000000000011111100000000000000111000000000000000000000000111000000000000000000000000000000000000000001111100000000000000000000000,1,0
1204,4,TypeC,22900,000000011111000000000000000000000000000000000000011111100000000000000111000000000000000000000000111000000000000000000000000000000000000000001111100000000000000000000000,1,0
1205,0,TypeA,56200,011111111110000000000011111111100000000000000000000000000000000000000000000000000000000000000000111111111000000000000000000000111111111000000000000000000000000111111111,1,0
1206,1,TypeB,41800,000000011111000000000000000000111111110000000000000000000000000000000000000000000000000000000000000000000000111111110000000000000000011111111000000000000000000011111111,0,0
1207,2,TypeB,41800,000000011111000000000000000000111111110000000000000000000000000000000000000000000000000000000000000000000000111111110000000000000000011111111000000000000000000011111111,0,0
1208,3,TypeC,25800,000000011111000000000000000000000000000000000000000000000000000000000000000000000000000000000000111100000000001111110000000000000000000000001111100000000000000000001111,0,0
1209,4,TypeC,25800,000000011111000000000000000000000000000000000000000000000000000000000000000000000000000000000000111100000000001111110000000000000000000000001111100000000000000000001111,0,0
1210,0,TypeA,51200,000000000000000000000000000000111111111100000000000000000000000000000000000000011111111110000000000000111111111100000000000000111111111000000000000000111111110000000000,0,0
1211,1,TypeB,43500,000000000000000111111110000000000000000000000000000000000000000000000000000000011111111000000000111111100000000000000001111111100000000000000000000000111111110000000000,0,0
1212,2,TypeB,43500,000000000000000111111110000000000000000000000000000000000000000000000000000000011111111000000000111111100000000000000001111111100000000000000000000000111111110000000000,0,0
1213,3,TypeC,27200,000000000011111100000000000000000000000000000000000000000000000000000000000000000000001110000000000000000000111110000000000000000000000000001111100000000000000000001111,0,0
1214,4,TypeC,27200,000000000011111100000000000000000000000000000000000000000000000000000000000000000000001110000000000000000000111110000000000000000000000000001111100000000000000000001111,0,0
1215,0,TypeA,51900,000000000000000000000000000000111111111100000000000000000000000000000000000001111111111000000000000000001111111110000000000000111111111000000000000000011111111110000000,1,0
1216,1,TypeB,43800,000000000000000111111110000000000000000000000000000000000000000001111111000000000000000000000000000000001111111100000000000000000000011111111000000000111111110000000000,0,0
1217,2,TypeB,43800,000000000000000111111110000000000000000000000000000000000000000001111111000000000000000000000000000000001111111100000000000000000000011111111000000000111111110000000000,0,0
1218,3,TypeC,26700,000000011111000000000000000000000000000111111000000000000000000000000000000000000000011110000000000000000000000000000000000000000000000000001111100000000000000000001111,1,0
1219,4,TypeC,26700,000000011111000000000000000000000000000111111000000000000000000000000000000000000000011110000000000000000000000000000000000000000000000000001111100000000000000000001111,1,0
1220,0,TypeA,58500,000000000000000000000011111111100000000000000111111111100000000000000000000001111111110000000000000000000000111111111100000000000000000000000000111111111100000000000000,0,0
1221,1,TypeB,43800,000000000000000111111110000000000000000111111100000000000000000000000000000000000000000000000000000000011111111000000000000000000000011111111000000000111111110000000000,0,0
1222,2,TypeB,43800,000000000000000111111110000000000000000111111100000000000000000000000000000000000000000000000000000000011111111000000000000000000000011111111000000000111111110000000000,0,0
1223,3,TypeC,28500,000000000011111100000000000000111000000000000000000000000000000000000000000000000000000000000000000000000000000000011111000000000000011110000000000000001111110000000000,0,0
1224,4,TypeC,28500,000000000011111100000000000000111000000000000000000000000000000000000000000000000000000000000000000000000000000000011111000000000000011110000000000000001111110000000000,0,0
1225,0,TypeA,56400,000000000000000000000011111111100000000000001111111111000000000000000000000001111111111000000000000000000000000000000000000000111111111000000000000000011111111110000000,0,0
1226,1,TypeB,41400,000000000000000111111110000000000000000000111111110000000000000011111111000000000000000000000000000000111111100000000000000000000000000000000000000000000000000011111111,0,0
1227,2,TypeB,41400,000000000000000111111110000000000000000000111111110000000000000011111111000000000000000000000000000000111111100000000000000000000000000000000000000000000000000011111111,0,0
1228,3,TypeC,34800,000000000011111100000000000000000000000000001111110000000000000000000000001111110000000000000000000000000000000000000000000000000000111111000000000000001111110000000000,0,0
1229,4,TypeC,34800,000000000011111100000000000000000000000000001111110000000000000000000000001111110000000000000000000000000000000000000000000000000000111111000000000000001111110000000000,0,0
1230,0,TypeA,54900,000000000000000000000000000000111111111100000000000001111111110000000000000001111111111000000000000000000000111111111100000000000000000000000000111111111000000000000000,0,0
1231,1,TypeB,42400,000000000000000111111110000000000000000000000000000000000111111110000000000000011111111000000000111111110000000000000000000000000000000000000000000000000000000011111111,1,0
1232,2,TypeB,42400,000000000000000111111110000000000000000000000000000000000111111110000000000000011111111000000000111111110000000000000000000000000000000000000000000000000000000011111111,1,0
1233,3,TypeC,26900,000000011111000000000000000000000000000000000000011111100000000000000000001111110000000000000000000000000000000000000000000000000000000000001111100000000000000000001111,1,0
1234,4,TypeC,26900,000000011111000000000000000000000000000000000000011111100000000000000000001111110000000000000000000000000000000000000000000000000000000000001111100000000000000000001111,1,0
1235,0,TypeA,53000,000000000000000000000000000000111111111100000000000001111111110000000000000001111111110000000000000111111111100000000000000000111111111000000000000000000000000000000000,0,0
1236,1,TypeB,39900,000000000000000000000000000000000000000111111100000000000000000011111111000000000000000000000000000000000000111111110000000000111110000000000000000000000000000011111111,0,0
1237,2,TypeB,39900,000000000000000000000000000000000000000111111100000000000000000011111111000000000000000000000000000000000000111111110000000000111110000000000000000000000000000011111111,0,0
1238,3,TypeC,27300,000000000000000000000000000000000000000000000000000000000111110000000000000000000000011110000000000111111000000000000000000000111110000000000000000000000000000000001111,0,0
1239,4,TypeC,27300,000000000000000000000000000000000000000000000000000000000111110000000000000000000000011110000000000111111000000000000000000000111110000000000000000000000000000000001111,0,0
1240,0,TypeA,53100,000000000000000000000000000000111111111100000000000000000000000000000111111111000000000000000000111111111000000000000000000000111111111000000000000000111111110000000000,0,0
1241,1,TypeB,42800,000000000000000000000000000000000000000111111100000000000000000001111111000000000000000000000000000000000000001111111100000000000000000001111111100000000000000011111111,0,0
1242,2,TypeB,42800,000000000000000000000000000000000000000111111100000000000000000001111111000000000000000000000000000000000000001111111100000000000000000001111111100000000000000011111111,0,0
1243,3,TypeC,31700,000000011111000000000000000000000000000000000000000000000111110000000000000000000001111110000000000000000000000000000000000000000000111111000000000000000000000000001111,0,0
1244,4,TypeC,31700,000000011111000000000000000000000000000000000000000000000111110000000000000000000001111110000000000000000000000000000000000000000000111111000000000000000000000000001111,0,0
1245,0,TypeA,55900,000000000000000000000000000000111111111100000000000001111111110000000000000001111111111000000000000000000000111111111100000000000000000000000000111111111100000000000000,0,0
1246,1,TypeB,42500,000000000000000000000000000000000000000111111100000000000000000000000000000000011111111000000000000000011111111000000000000000000000000000000000111111100000000011111111,0,0
1247,2,TypeB,42500,000000000000000000000000000000000000000111111100000000000000000000000000000000011111111000000000000000011111111000000000000000000000000000000000111111100000000011111111,0,0
1248,3,TypeC,27900,000000000000000000000000000000111000000000000000000000000000000000000000001111110000000000000000000000011111100000000000000000000000111110000000000000000000011110000000,1,0
1249,4,TypeC,27900,000000000000000000000000000000111000000000000000000000000000000000000000001111110000000000000000000000011111100000000000000000000000111110000000000000000000011110000000,1,0
1250,0,TypeA,49700,000000011111111100000000000000000000000000000000000000000111111111000000000000011111111110000000000000000000000000000000000000111111111000000000000000011111111110000000,1,0
1251,1,TypeB,42400,000000000000000111111110000000000000000000000000000001111111100000000000000000111111110000000000000000000000001111111100000000000000000000000000000000111111110000000000,0,0
1252,2,TypeB,42400,000000000000000111111110000000000000000000000000000001111111100000000000000000111111110000000000000000000000001111111100000000000000000000000000000000111111110000000000,0,0
1253,3,TypeC,29300,000000000000000000000000000000000000000000000000000000000111111000000000000000111111000000000000111110000000000000000000000000111110000000000000000000000000000000001111,0,0
1254,4,TypeC,29300,000000000000000000000000000000000000000000000000000000000111111000000000000000111111000000000000111110000000000000000000000000111110000000000000000000000000000000001111,0,0
1255,0,TypeA,55000,011111111110000000000000000000111111111100000000000000000000000000000000000001111111111000000000000000000000000000000000000000111111111000000000000000011111111110000000,1,0
1256,1,TypeB,41400,000000000000000111111110000000000000000111111100000000000000000011111111000000000000000000000000000000000000001111111100000000000000000000000000000000111111110000000000,0,0
1257,2,TypeB,41400,000000000000000111111110000000000000000111111100000000000000000011111111000000000000000000000000000000000000001111111100000000000000000000000000000000111111110000000000,0,0
1258,3,TypeC,30300,000000000000000000000000000011100000000000000000000000000111111000000000001111110000000000000000000111111000000000000000000000000000000000000000000000001111110000000000,0,0
1259,4,TypeC,30300,000000000000000000000000000011100000000000000000000000000111111000000000001111110000000000000000000111111000000000000000000000000000000000000000000000001111110000000000,0,0
1260,0,TypeA,53800,000000000000000000000000000000000000000000000000000001111111111000000000000001111111111000000000000000111111111100000000000000111111111000000000000000011111111110000000,0,0
1261,1,TypeB,44800,000000000000000000000000000000111111110000000000000001111111100000000000000000000000000000000000000000001111111100000000000000000000000001111111100000000000000011111111,1,0
1262,2,TypeB,44800,000000000000000000000000000000111111110000000000000001111111100000000000000000000000000000000000000000001111111100000000000000000000000001111111100000000000000011111111,1,0
1263,3,TypeC,26700,000000000000000000000000000000000000000000000000000001111100000000000000000000000000011110000000000000000000000000111111000000000000000000001111100000000000011110000000,0,0
1264,4,TypeC,26700,000000000000000000000000000000000000000000000000000001111100000000000000000000000000011110000000000000000000000000111111000000000000000000001111100000000000011110000000,0,0
1265,0,TypeA,52800,000000011111111100000000000000111111111100000000000001111111111000000000000001111111110000000000000000000000111111111100000000000000000000000000000000000000000000000000,0,0
1266,1,TypeB,41400,000000000001111111100000000000000000000000000000000000000000000000000000000000111111110000000000111111100000000011111111000000000000000000000000000000111111110000000000,0,0
1267,2,TypeB,41400,000000000001111111100000000000000000000000000000000000000000000000000000000000111111110000000000111111100000000011111111000000000000000000000000000000111111110000000000,0,0
1268,3,TypeC,30500,000000000000000000000000000000000000000000000000000000000111111000000000000000000000111110000000000000000000000000111111000000000000000000001111100000000000011110000000,0,0
1269,4,TypeC,30500,000000000000000000000000000000000000000000000000000000000111111000000000000000000000111110000000000000000000000000111111000000000000000000001111100000000000011110000000,0,0
1270,0,TypeA,52800,000000011111111100000000000000111111111100000000000001111111111000000000000001111111111000000000000000000000000000000000000000111111111000000000000000000000000000000000,0,0
1271,1,TypeB,43800,000011111111000000000000000000000000000000000000000000000000000000000000000000000000000000000000111111100000000011111111000000000011111111000000000000111111110000000000,0,0
1272,2,TypeB,43800,000011111111000000000000000000000000000000000000000000000000000000000000000000000000000000000000111111100000000011111111000000000011111111000000000000111111110000000000,0,0
1273,3,TypeC,30800,000000000000000000000000000000000000000000000000000000000111111000000000000000000000000000000000111110000000000011111100000000000011111000000000000000000000011110000000,1,0
1274,4,TypeC,30800,000000000000000000000000000000000000000000000000000000000111111000000000000000000000000000000000111110000000000011111100000000000011111000000000000000000000011110000000,1,0
1275,0,TypeA,55100,011111111110000000000011111111100000000000000000000000000000000000000000000000011111111110000000000011111111100000000000000000111111111000000000000000000000000000000000,0,0
1276,1,TypeB,38400,000000000011111100000000000000000000000000000000000000000000000000000000000001111111000000000000111111100000000011111111000000000000000000000000000000111111110000000000,0,0
1277,2,TypeB,38400,000000000011111100000000000000000000000000000000000000000000000000000000000001111111000000000000111111100000000011111111000000000000000000000000000000111111110000000000,0,0
1278,3,TypeC,25800,000000000011111100000000000011100000000000000000000000000000000000000000000000000000000000000000000000000000000000111111000000000000000000001111100000000000000000001111,0,0
1279,4,TypeC,25800,000000000011111100000000000011100000000000000000000000000000000000000000000000000000000000000000000000000000000000111111000000000000000000001111100000000000000000001111,0,0
1280,0,TypeA,53000,000000000000000000000000000000000000000000000000011111111100000000000000000000011111111110000000000000011111111110000000000000111111111000000000000000000000000111111111,1,0
1281,1,TypeB,44500,000000000000000000000000000000000000000000111111110000000000000011111111000000000000000000000000111111110000000000000001111111100000000000000000000000000000000011111111,0,0
1282,2,TypeB,44500,000000000000000000000000000000000000000000111111110000000000000011111111000000000000000000000000111111110000000000000001111111100000000000000000000000000000000011111111,0,0
1283,3,TypeC,27300,000000000000000000000000000000000000000000000000000000000111110000000000001111110000000000000000111100000000000000000000000000111110000000000000000000000000011110000000,0,0
1284,4,TypeC,27300,000000000000000000000000000000000000000000000000000000000111110000000000001111110000000000000000111100000000000000000000000000111110000000000000000000000000011110000000,0,0
1285,0,TypeA,52600,000000000000000000000000000000000000000000111111111100000000000000000000000000011111111110000000000011111111100000000000000000111111111000000000000000111111110000000000,0,0
1286,1,TypeB,44800,000011111111000000000000000000000000000000111111110000000000000000000000000000000000000000000000000000001111111100000000000000111111110000000000000000111111110000000000,0,0
1287,2,TypeB,44800,000011111111000000000000000000000000000000111111110000000000000000000000000000000000000000000000000000001111111100000000000000111111110000000000000000111111110000000000,0,0
1288,3,TypeC,30000,000000000000000000000000000011100000000000000000000000000111111000000000000000000001111110000000000000001111100000000000000000000000000000000000000000000000011110000000,0,0
1289,4,TypeC,30000,000000000000000000000000000011100000000000000000000000000111111000000000000000000001111110000000000000001111100000000000000000000000000000000000000000000000011110000000,0,0
1290,0,TypeA,51600,000000011111111100000000000000111111111100000000000000000000000000000000000000011111111110000000000000011111111110000000000000111111111000000000000000000000000000000000,1,0
1291,1,TypeB,40400,011111110000000000000000000000000000111111100000000000000000000000000000000000011111111000000000000000001111111100000000000000000000000000000000000000111111110000000000,0,0
1292,2,TypeB,40400,011111110000000000000000000000000000111111100000000000000000000000000000000000011111111000000000000000001111111100000000000000000000000000000000000000111111110000000000,0,0
1293,3,TypeC,29200,000000011111000000000000000000000000000000000000000000000000000000000111111000000000000000000000000000000000111110000000000000111110000000000000000000000000011110000000,0,0
1294,4,TypeC,29200,000000011111000000000000000000000000000000000000000000000000000000000111111000000000000000000000000000000000111110000000000000111110000000000000000000000000011110000000,0,0
1295,0,TypeA,57600,000000000000000000000011111111100000000000000111111111100000000000000000000001111111111000000000000111111111100000000000000000111111111000000000000000000000000000000000,0,0
1296,1,TypeB,40400,011111110000000000000000000000000000000000111111110000000000000000000000000000011111111000000000000000000000111111100000000000000000000000000000000000111111110000000000,0,0
1297,2,TypeB,40400,011111110000000000000000000000000000000000111111110000000000000000000000000000011111111000000000000000000000111111100000000000000000000000000000000000111111110000000000,0,0
1298,3,TypeC,29600,000000000000000000000000000011100000000000001111110000000000000000000000000000000001111110000000000000011111100000000000000000111110000000000000000000000000000000000000,0,0
1299,4,TypeC,29600,000000000000000000000000000011100000000000001111110000000000000000000000000000000001111110000000000000011111100000000000000000111110000000000000000000000000000000000000,0,0
1300,0,TypeA,57000,011111111110000000000011111111100000000000000000000000000000000000000000000001111111111000000000000111111111100000000000000000111111111000000000000000000000000000000000,0,0
1301,1,TypeB,41400,011111110000000000000000000000000000000000111111110000000000000000000000000000011111111000000000000000000000111111110000000000000000000000000000000000111111110000000000,0,0
1302,2,TypeB,41400,011111110000000000000000000000000000000000111111110000000000000000000000000000011111111000000000000000000000111111110000000000000000000000000000000000111111110000000000,0,0
1303,3,TypeC,28800,000000000000000000000000000011100000000000000000000000000000000000000000000000000001111110000000000000011111100000000000000000111110000000000000000000000000011110000000,0,0
1304,4,TypeC,28800,000000000000000000000000000011100000000000000000000000000000000000000000000000000001111110000000000000011111100000000000000000111110000000000000000000000000011110000000,0,0
1305,0,TypeA,54700,000000011111111100000000000000111111111100000000000000000000000000000000000000011111111110000000000000000000111111111100000000000000000000000000111111111100000000000000,0,0
1306,1,TypeB,42400,000011111111000000000000000000111111110000000000000000000000000000000000000000111111110000000000111111110000000000000000000000000000000000000000000000000000000011111111,1,0
1307,2,TypeB,42400,000011111111000000000000000000111111110000000000000000000000000000000000000000111111110000000000111111110000000000000000000000000000000000000000000000000000000011111111,1,0
1308,3,TypeC,27100,000000011111000000000000000000000000000000000000000000000000000000000000001111110000000000000000111110000000000000011111000000000000000000000000000000000000011110000000,1,0
1309,4,TypeC,27100,000000011111000000000000000000000000000000000000000000000000000000000000001111110000000000000000111110000000000000011111000000000000000000000000000000000000011110000000,1,0
1310,0,TypeA,56600,011111111110000000000000000000111111111100000000000000000000000000000001111111110000000000000000111111111000000000000000000000111111111000000000000000000000000000000000,0,0
1311,1,TypeB,42400,000011111111000000000000000000111111110000000000000000000000000011111111000000000000000000000000000000011111111000000000000000000000000000000000000000111111110000000000,0,0
1312,2,TypeB,42400,000011111111000000000000000000111111110000000000000000000000000011111111000000000000000000000000000000011111111000000000000000000000000000000000000000111111110000000000,0,0
1313,3,TypeC,28400,000000000000000000000000000000000000000000000000000000000000000000000000001111110000000000000000111110000000000000111111000000000000011111000000000000000000011110000000,1,0
1314,4,TypeC,28400,000000000000000000000000000000000000000000000000000000000000000000000000001111110000000000000000111110000000000000111111000000000000011111000000000000000000011110000000,1,0
1315,0,TypeA,57200,011111111110000000000011111111110000000000000000000001111111110000000000000000000000000000000000111111111000000000000000000000111111111000000000000000000000000000000000,1,0
1316,1,TypeB,42800,011111110000000000000000000000000000000000000000000000000000000000000000000001111111000000000000000000011111111000000000000000000000011111111000000000111111110000000000,0,0
1317,2,TypeB,42800,011111110000000000000000000000000000000000000000000000000000000000000000000001111111000000000000000000011111111000000000000000000000011111111000000000111111110000000000,0,0
1318,3,TypeC,28900,000000000000000000000000000011110000000000000000000000000111110000000000001111110000000000000000000000011111100000000000000000000000000000000000000000000000011110000000,1,0
1319,4,TypeC,28900,000000000000000000000000000011110000000000000000000000000111110000000000001111110000000000000000000000011111100000000000000000000000000000000000000000000000011110000000,1,0
1320,0,TypeA,53200,000000000000000000000000000000111111111100000000000001111111110000000000000000000000000000000000111111111000000000000000000000111111111000000000000000000000000111111111,0,0
1321,1,TypeB,42400,000000000000000000000000000000111111110000000000000000111111110000000000000000011111111000000000000000011111111000000000000000000000000000000000111111110000000000000000,0,0
1322,2,TypeB,42400,000000000000000000000000000000111111110000000000000000111111110000000000000000011111111000000000000000011111111000000000000000000000000000000000111111110000000000000000,0,0
1323,3,TypeC,26500,000000000000000000000000000011111000000000000000000000000111110000000000000000000000000000000000000111111000000000000000000000111000000000000000000000000000000000111111,0,0
1324,4,TypeC,26500,000000000000000000000000000011111000000000000000000000000111110000000000000000000000000000000000000111111000000000000000000000111000000000000000000000000000000000111111,0,0
1325,0,TypeA,52700,000000011111111100000000000000000000000000000000000001111111110000000000000001111111111000000000000111111111100000000000000000111111111000000000000000000000000000000000,0,0
1326,1,TypeB,40400,011111110000000000000000000000111111110000000000000000000000000000000000000000111111110000000000000000001111111000000000000000000000000000000000000000000000000011111111,0,0
1327,2,TypeB,40400,011111110000000000000000000000111111110000000000000000000000000000000000000000111111110000000000000000001111111000000000000000000000000000000000000000000000000011111111,0,0
1328,3,TypeC,28800,000000000011111100000000000011111000000000000000000000000000000000000000001111110000000000000000111110000000000000000000000000000000000000001111100000000000000000000000,1,0
1329,4,TypeC,28800,000000000011111100000000000011111000000000000000000000000000000000000000001111110000000000000000111110000000000000000000000000000000000000001111100000000000000000000000,1,0
1330,0,TypeA,51800,000000000000000000000000000000111111111100000000000001111111110000000000000000111111111000000000000000111111111100000000000000111111111000000000000000000000000000000000,0,0
1331,1,TypeB,42800,011111110000000000000000000000000000000000000000000000000000000011111111000000000000000000000000001111111000000000000000000000111111110000000000000000000000000011111111,0,0
1332,2,TypeB,42800,011111110000000000000000000000000000000000000000000000000000000011111111000000000000000000000000001111111000000000000000000000111111110000000000000000000000000011111111,0,0
1333,3,TypeC,31100,000000011111000000000000000000000000000000000000000000000111110000000000000000000000000000000000000000000000111110000000000000000000000000001111100000000000011111100000,0,0
1334,4,TypeC,31100,000000011111000000000000000000000000000000000000000000000111110000000000000000000000000000000000000000000000111110000000000000000000000000001111100000000000011111100000,0,0
1335,0,TypeA,51200,000000011111111100000000000000000000000000000000000001111111111000000000000000011111111110000000000000111111111000000000000000111111111000000000000000000000000000000000,0,0
1336,1,TypeB,43800,000000000000000000000000000000111111110000000000000000000000000011111111000000000000000000000000000000001111111000000000000000111111110000000000000000000000000011111111,1,0
1337,2,TypeB,43800,000000000000000000000000000000111111110000000000000000000000000011111111000000000000000000000000000000001111111000000000000000111111110000000000000000000000000011111111,1,0
1338,3,TypeC,30800,000000000011111100000000000000000000000000000000000000000111111000000000000000000000000000000000000000001111100000000000000000111000000000000000000000000000000000111111,0,0
1339,4,TypeC,30800,000000000011111100000000000000000000000000000000000000000111111000000000000000000000000000000000000000001111100000000000000000111000000000000000000000000000000000111111,0,0
1340,0,TypeA,55800,011111111110000000000000000000000000000000000000000001111111111000000000000000000000000000000000111111111000000000000000000000111111111000000000000000011111111110000000,1,0
1341,1,TypeB,41400,011111110000000000000000000000111111110000000000000000000000000000000000000000011111111000000000000000011111111000000000000000000000000000000000000000000000000011111111,1,0
1342,2,TypeB,41400,011111110000000000000000000000111111110000000000000000000000000000000000000000011111111000000000000000011111111000000000000000000000000000000000000000000000000011111111,1,0
1343,3,TypeC,26300,000000011111000000000000000000000000000000000000000000000000011111000000000000000000000000000000000000011111100000000000000011100000000000000000000000000000000000001111,0,0
1344,4,TypeC,26300,000000011111000000000000000000000000000000000000000000000000011111000000000000000000000000000000000000011111100000000000000011100000000000000000000000000000000000001111,0,0
1345,0,TypeA,55200,000000000000000000000000000000000000000000001111111111000000000000000001111111110000000000000000111111111000000000000000000000111111111000000000000000111111110000000000,0,0
1346,1,TypeB,42400,000000000000000111111110000000000000000000111111110000000000000011111111000000000000000000000000000000011111111000000000000000000000000000000000000000111111110000000000,1,0
1347,2,TypeB,42400,000000000000000111111110000000000000000000111111110000000000000011111111000000000000000000000000000000011111111000000000000000000000000000000000000000111111110000000000,1,0
1348,3,TypeC,28500,000000000000000000000000000011100000000000000000000000000111111000000000000000000000000000000000111110000000000000000000000000000011111000000000000000000000011111000000,1,0
1349,4,TypeC,28500,000000000000000000000000000011100000000000000000000000000111111000000000000000000000000000000000111110000000000000000000000000000011111000000000000000000000011111000000,1,0
1350,0,TypeA,55000,000000000000000000000000000000111111111100000000000001111111111000000000000001111111111000000000000111111111100000000000000000111111111000000000000000000000000000000000,0,0
1351,1,TypeB,42500,011111110000000000000000000000000000000000000000000000000000000011111111000000000000000000000000000000111111100000000001111111100000000000000000111111110000000000000000,0,0
1352,2,TypeB,42500,011111110000000000000000000000000000000000000000000000000000000011111111000000000000000000000000000000111111100000000001111111100000000000000000111111110000000000000000,0,0
1353,3,TypeC,31500,000000000000000000000000000000000000000000000000000000000111111000000000001111110000000000000000000000000000000000111111000000000011111000000000000000000000011110000000,1,0
1354,4,TypeC,31500,000000000000000000000000000000000000000000000000000000000111111000000000001111110000000000000000000000000000000000111111000000000011111000000000000000000000011110000000,1,0
1355,0,TypeA,57700,000000000000000000000011111111100000000000111111111100000000000000000001111111110000000000000000111111111000000000000000000000111111111000000000000000000000000000000000,0,0
1356,1,TypeB,42500,000000000000000000000000000000111111110000000000000000000111111110000000000000000000000000000000000000000000111111100000000000000000000000000000111111100000000011111111,0,0
1357,2,TypeB,42500,000000000000000000000000000000111111110000000000000000000111111110000000000000000000000000000000000000000000111111100000000000000000000000000000111111100000000011111111,0,0
1358,3,TypeC,26300,000000000000000000000000000000000000000000000000000000000111110000000000000000000001111110000000000000000000000000000000000000111000000000001111100000000000000000001111,0,0
1359,4,TypeC,26300,000000000000000000000000000000000000000000000000000000000111110000000000000000000001111110000000000000000000000000000000000000111000000000001111100000000000000000001111,0,0
1360,0,TypeA,54000,000000000000000000000000000000000000111111111100000000000000111111111100000000000000000000000000111111111000000000000000000000111111111000000000000000011111111110000000,1,0
1361,1,TypeB,43600,011111110000000000000000000000000000000000000000000000000000000000000000000000000000000000000000000000111111100000000001111111100000000000000000111111100000000011111111,0,0
1362,2,TypeB,43600,011111110000000000000000000000000000000000000000000000000000000000000000000000000000000000000000000000111111100000000001111111100000000000000000111111100000000011111111,0,0
1363,3,TypeC,25000,000000011111000000000000000011100000000000000000000000000000000000000000001111110000000000000000000000000000000000000000000000000000011100000000000000000000011111000000,0,0
1364,4,TypeC,25000,000000011111000000000000000011100000000000000000000000000000000000000000001111110000000000000000000000000000000000000000000000000000011100000000000000000000011111000000,0,0
1365,0,TypeA,55800,000000000000000000000011111111100000000000000111111111100000000000000000000000011111111110000000000000000000000000000000000000111111111000000000000000011111111110000000,1,0
1366,1,TypeB,43800,011111110000000000000000000000000000000000000000000000000000000011111111000000000000000000000000000000000000111111110000000000000000011111111000000000111111110000000000,0,0
1367,2,TypeB,43800,011111110000000000000000000000000000000000000000000000000000000011111111000000000000000000000000000000000000111111110000000000000000011111111000000000111111110000000000,0,0
1368,3,TypeC,27700,000000011111000000000000000000000000000000000000000000000111111000000000001111110000000000000000111110000000000000000000000011100000000000000000000000000000000000000000,1,0
1369,4,TypeC,27700,000000011111000000000000000000000000000000000000000000000111111000000000001111110000000000000000111110000000000000000000000011100000000000000000000000000000000000000000,1,0
1370,0,TypeA,57500,000000000000000000000000000011111111110000000000011111111100000000000111111111100000000000000000111111111000000000000000000000111111111000000000000000000000000000000000,1,0
1371,1,TypeB,42500,000000000000000000000000000000111111110000000000000111111100000000000000000000000000000000000000000000000000001111111100000000000000000000000000111111100000000011111111,1,0
1372,2,TypeB,42500,000000000000000000000000000000111111110000000000000111111100000000000000000000000000000000000000000000000000001111111100000000000000000000000000111111100000000011111111,1,0
1373,3,TypeC,29300,000000000011111100000000000011100000000000000000000000000111110000000000001111110000000000000000000000000000000000000000000000000000000000000000000000000000000000111111,0,0
1374,4,TypeC,29300,000000000011111100000000000011100000000000000000000000000111110000000000001111110000000000000000000000000000000000000000000000000000000000000000000000000000000000111111,0,0
1375,0,TypeA,53200,000000000000000000000000000000111111111100000000000001111111111000000000000000011111111110000000000000000000000000000000000000111111111000000000000000011111111110000000,0,0
1376,1,TypeB,43500,000000000000000000000000000000000000000000000000000000000111111110000000000000011111111000000000001111111000000000000001111111100000000000000000000000000111111110000000,0,0
1377,2,TypeB,43500,000000000000000000000000000000000000000000000000000000000111111110000000000000011111111000000000001111111000000000000001111111100000000000000000000000000111111110000000,0,0
1378,3,TypeC,27500,000000000011111100000000000011100000000000000000000000000111111000000000000000000000000000000000000000000000000000011111000000000000001110000000000000000000000000000000,0,0
1379,4,TypeC,27500,000000000011111100000000000011100000000000000000000000000111111000000000000000000000000000000000000000000000000000011111000000000000001110000000000000000000000000000000,0,0
1380,0,TypeA,57300,000000011111111100000000000000000000000000000000011111111100000000000000000000011111111110000000000000000000000000000111111111100000000000000000111111111100000000000000,1,0
1381,1,TypeB,43800,011111110000000000000000000000000000000000000000000000000000000011111111000000000000000000000000000000011111111000000000000000000000011111111000000000111111110000000000,0,0
1382,2,TypeB,43800,011111110000000000000000000000000000000000000000000000000000000011111111000000000000000000000000000000011111111000000000000000000000011111111000000000111111110000000000,0,0
1383,3,TypeC,22100,000000011111000000000000000011100000000000000000011111000000000000000000000000000000000000000000000000000000000000000000000000111000000000000000000000000000011110000000,1,0
1384,4,TypeC,22100,000000011111000000000000000011100000000000000000011111000000000000000000000000000000000000000000000000000000000000000000000000111000000000000000000000000000011110000000,1,0
1385,0,TypeA,56100,011111111110000000000000000000000000000000111111111100000000000000000000000000000000000000000000000011111111100000000000000000111111111000000000000000011111111110000000,1,0
1386,1,TypeB,43500,000000000000000000000000000000000000000000001111111100000000000000000000000000011111111000000000001111111000000000000001111111100000000000000000000000111111110000000000,0,0
1387,2,TypeB,43500,000000000000000000000000000000000000000000001111111100000000000000000000000000011111111000000000001111111000000000000001111111100000000000000000000000111111110000000000,0,0
1388,3,TypeC,36200,000000000011111100000000000000000000000000000000000000000000111111000000000000000000000000000000000000011111100000000000000000000000011111000000000000001111110000000000,0,0
1389,4,TypeC,36200,000000000011111100000000000000000000000000000000000000000000111111000000000000000000000000000000000000011111100000000000000000000000011111000000000000001111110000000000,0,0
1390,0,TypeA,57000,000000000011111111100000000000000000000000111111111100000000000000000000000000011111111110000000000000000000000000000111111111100000000000000000111111111000000000000000,0,0
1391,1,TypeB,43800,011111110000000000000000000000000000000000001111111100000000000000000000000000000000000000000000000000011111111000000000000000111111110000000000000000111111110000000000,1,0
1392,2,TypeB,43800,011111110000000000000000000000000000000000001111111100000000000000000000000000000000000000000000000000011111111000000000000000111111110000000000000000111111110000000000,1,0
1393,3,TypeC,33900,000000000011111100000000000000000000000000000000000000000111111000000000000000000001111110000000000000000000111110000000000000000000000000000000000000000000000000001111,1,0
1394,4,TypeC,33900,000000000011111100000000000000000000000000000000000000000111111000000000000000000001111110000000000000000000111110000000000000000000000000000000000000000000000000001111,1,0
1395,0,TypeA,58000,000000000011111111100000000000000000000000111111111100000000000000000000000000011111111110000000000000000000000000000111111111100000000000000000111111111100000000000000,0,0
1396,1,TypeB,41400,011111110000000000000000000000000000000000001111111100000000000000000000000000111111110000000000000000001111111100000000000000000000000000000000000000111111110000000000,0,0
1397,2,TypeB,41400,011111110000000000000000000000000000000000001111111100000000000000000000000000111111110000000000000000001111111100000000000000000000000000000000000000111111110000000000,0,0
1398,3,TypeC,31400,000000000011111100000000000000000000000000000000000000000111111000000000000000000000000000000000111110000000000000000000000000111110000000000000000000000000011110000000,1,0
1399,4,TypeC,31400,000000000011111100000000000000000000000000000000000000000111111000000000000000000000000000000000111110000000000000000000000000111110000000000000000000000000011110000000,1,0
1400,0,TypeA,55200,000000011111111100000000000000000000000000111111111100000000000000000000000001111111111000000000000111111111100000000000000000111111111000000000000000000000000000000000,0,0
1401,1,TypeB,45600,000000000000000111111110000000000000000000000000000000000000000000000000000000000000000000000000111111110000000000000001111111100000000000000000111111100000000011111111,0,0
1402,2,TypeB,45600,000000000000000111111110000000000000000000000000000000000000000000000000000000000000000000000000111111110000000000000001111111100000000000000000111111100000000011111111,0,0
1403,3,TypeC,30600,000000000011111100000000000000000000000000000000000000000111111000000000000000000000000000000000111100000000000000111111000000000000000000001111100000000000000000000000,0,0
1404,4,TypeC,30600,000000000011111100000000000000000000000000000000000000000111111000000000000000000000000000000000111100000000000000111111000000000000000000001111100000000000000000000000,0,0
1405,0,TypeA,53400,000000011111111100000000000000000000000000111111111100000000000000000000000000011111111110000000000000000000000000000000000000111111111000000000000000011111111110000000,1,0
1406,1,TypeB,43500,000000000000000111111110000000000000000000000000000000000111111110000000000000000000000000000000000000001111111100000000000000000000000000000000111111100000000011111111,1,0
1407,2,TypeB,43500,000000000000000111111110000000000000000000000000000000000111111110000000000000000000000000000000000000001111111100000000000000000000000000000000111111100000000011111111,1,0
1408,3,TypeC,31300,000000000011111100000000000000000000000000000000000000000111110000000000001111110000000000000000000000000000000000111111000000000000000000001111100000000000000000000000,0,0
1409,4,TypeC,31300,000000000011111100000000000000000000000000000000000000000111110000000000001111110000000000000000000000000000000000111111000000000000000000001111100000000000000000000000,0,0
1410,0,TypeA,57900,000000011111111100000000000000111111111100000000000000000000000000000000000000000000000000000000111111111000000000000111111111100000000000000000111111111100000000000000,0,0
1411,1,TypeB,43800,011111110000000000000000000000111111110000000000000000000000000000000000000000000000000000000000000000001111111100000000000000111111110000000000000000111111110000000000,1,0
1412,2,TypeB,43800,011111110000000000000000000000111111110000000000000000000000000000000000000000000000000000000000000000001111111100000000000000111111110000000000000000111111110000000000,1,0
1413,3,TypeC,34100,000000000011111100000000000000000000000111111000000000000000111111000000000000000000000000000000000000011111100000000000000000000000000000001111100000000000000000000000,0,0
1414,4,TypeC,34100,000000000011111100000000000000000000000111111000000000000000111111000000000000000000000000000000000000011111100000000000000000000000000000001111100000000000000000000000,0,0
1415,0,TypeA,57300,011111111110000000000011111111100000000000111111111100000000000000000000000000011111111110000000000000000000000000000000000000111111111000000000000000000000000000000000,1,0
1416,1,TypeB,42400,000000000001111111100000000000000000000000001111111100000000000000000000000000011111111000000000000000000000001111111100000000000000000000000000000000111111110000000000,0,0
1417,2,TypeB,42400,000000000001111111100000000000000000000000001111111100000000000000000000000000011111111000000000000000000000001111111100000000000000000000000000000000111111110000000000,0,0
1418,3,TypeC,30000,000000000011111100000000000000111000000000000000000000000111111000000000000000000000000000000000000000000000000000000000000000000000011111000000000000000000011110000000,1,0
1419,4,TypeC,30000,000000000011111100000000000000111000000000000000000000000111111000000000000000000000000000000000000000000000000000000000000000000000011111000000000000000000011110000000,1,0
1420,0,TypeA,52100,000000011111111100000000000000111111111100000000000000000000000000000000000000111111111000000000000111111111100000000000000000111111111000000000000000000000000000000000,0,0
1421,1,TypeB,42500,011111110000000000000000000000111111110000000000000000000000000000000000000000000000000000000000001111111000000000000001111111100000000000000000000000111111110000000000,1,0
1422,2,TypeB,42500,011111110000000000000000000000111111110000000000000000000000000000000000000000000000000000000000001111111000000000000001111111100000000000000000000000111111110000000000,1,0
1423,3,TypeC,33300,000000000011111100000000000000000000000000000000000000000000111111000000000000111111000000000000000000011111100000000000000000000000011100000000000000000000000000000000,0,0
1424,4,TypeC,33300,000000000011111100000000000000000000000000000000000000000000111111000000000000111111000000000000000000011111100000000000000000000000011100000000000000000000000000000000,0,0
1425,0,TypeA,51500,000000011111111100000000000000111111111100000000000000000000000000000000000000011111111110000000000011111111100000000000000000111111111000000000000000000000000000000000,0,0
1426,1,TypeB,41400,011111110000000000000000000000111111110000000000000000000000000000000000000000011111111000000000000000000000001111111100000000000000000000000000000000111111110000000000,0,0
1427,2,TypeB,41400,011111110000000000000000000000111111110000000000000000000000000000000000000000011111111000000000000000000000001111111100000000000000000000000000000000111111110000000000,0,0
1428,3,TypeC,31400,000000000011111100000000000011111000000000000000000000000000111111000000000000000000000000000000000000011111100000000000000000000000011100000000000000000000000000000000,0,0
1429,4,TypeC,31400,000000000011111100000000000011111000000000000000000000000000111111000000000000000000000000000000000000011111100000000000000000000000011100000000000000000000000000000000,0,0
1430,0,TypeA,52800,000000000011111111100000000000111111111100000000000000000000000000000000000001111111111000000000000111111111100000000000000000111111111000000000000000000000000000000000,0,0
1431,1,TypeB,39400,000000000011111100000000000000111111100000000000000000000111111110000000000000000000000000000000000000000000000011111111000000000000000000000000000000111111110000000000,0,0
1432,2,TypeB,39400,000000000011111100000000000000111111100000000000000000000111111110000000000000000000000000000000000000000000000011111111000000000000000000000000000000111111110000000000,0,0
1433,3,TypeC,31500,000000000011111100000000000011111000000000000000000000000111110000000000000000000000000000000000000000000000000000111111000000000000000000000000000000000000011111000000,0,0
1434,4,TypeC,31500,000000000011111100000000000011111000000000000000000000000111110000000000000000000000000000000000000000000000000000111111000000000000000000000000000000000000011111000000,0,0
1435,0,TypeA,50000,000000000011111111100000000000111111111100000000000000000111111111000000000001111111111000000000000000000000000000000000000000111111111000000000000000000000000000000000,0,0
1436,1,TypeB,44500,000000000000000000000000000000000000011111111000000000000111111110000000000000000000000000000000111111110000000000000001111111100000000000000000000000111111110000000000,0,0
1437,2,TypeB,44500,000000000000000000000000000000000000011111111000000000000111111110000000000000000000000000000000111111110000000000000001111111100000000000000000000000111111110000000000,0,0
1438,3,TypeC,25700,000000000000000000000000000000000000000000000000000000000000111111000000000000000000000000000000111110000000000000000000000011100000000000001111100000000000011110000000,0,0
1439,4,TypeC,25700,000000000000000000000000000000000000000000000000000000000000111111000000000000000000000000000000111110000000000000000000000011100000000000001111100000000000011110000000,0,0
1440,0,TypeA,56600,000000000000000000000000000000000000000000111111111100000000000000000111111111000000000000000000111111111000000000000000000000111111111000000000000000011111111110000000,0,0
1441,1,TypeB,43500,000000000000000000000000000000111111110000000000000111111100000000000000000000000000000000000000111111110000000000000001111111100000000000000000000000111111110000000000,1,0
1442,2,TypeB,43500,000000000000000000000000000000111111110000000000000111111100000000000000000000000000000000000000111111110000000000000001111111100000000000000000000000111111110000000000,1,0
1443,3,TypeC,28200,000000000000000000000000000011100000000000000000000000000000000000000000000000000001111110000000000000011111100000000000000011100000000000000000000000000000011111100000,0,0
1444,4,TypeC,28200,000000000000000000000000000011100000000000000000000000000000000000000000000000000001111110000000000000011111100000000000000011100000000000000000000000000000011111100000,0,0
1445,0,TypeA,52100,000000000011111111100000000000000000000000000000000000000000111111111100000000000000000000000000111111111000000000000000000000111111111000000000000000011111111110000000,0,0
1446,1,TypeB,37400,000000000011111100000000000000000000011111100000000000000000000000000000000000000000000000000000111111100000000011111111000000000000000000000000000000111111110000000000,0,0
1447,2,TypeB,37400,000000000011111100000000000000000000011111100000000000000000000000000000000000000000000000000000111111100000000011111111000000000000000000000000000000111111110000000000,0,0
1448,3,TypeC,32300,000000000011111100000000000000000000011111100000000000000000000000000111111000000000000000000000111110000000000011111100000000000000000000000000000000000000000000000000,0,0
1449,4,TypeC,32300,000000000011111100000000000000000000011111100000000000000000000000000111111000000000000000000000111110000000000011111100000000000000000000000000000000000000000000000000,0,0
1450,0,TypeA,51200,000000000011111111100000000000000000000000000000000001111111111000000000000000011111111110000000000011111111100000000000000000111111111000000000000000000000000000000000,0,0
1451,1,TypeB,39400,000000000011111100000000000000000000000000000000000111111100000000000000000000011111111000000000000000000000000011111111000000000000000000000000000000111111110000000000,0,0
1452,2,TypeB,39400,000000000011111100000000000000000000000000000000000111111100000000000000000000011111111000000000000000000000000011111111000000000000000000000000000000111111110000000000,0,0
1453,3,TypeC,32200,000000000011111100000000000000000000000000000000011111100000000000000111111000000000000000000000000000011111100000000000000000000000011110000000000000000000000000000000,0,0
1454,4,TypeC,32200,000000000011111100000000000000000000000000000000011111100000000000000111111000000000000000000000000000011111100000000000000000000000011110000000000000000000000000000000,0,0
1455,0,TypeA,48700,000000000011111111100000000000000000111111111100000000000111111111000000000000111111111000000000000000000000000000000000000000111111111000000000000000000000000000000000,0,0
1456,1,TypeB,41800,000000000011111100000000000000000000000000000000000000000000000000000000000000000000000000000000111111100000000011111111000000000000000001111111100000000000000011111111,0,0
1457,2,TypeB,41800,000000000011111100000000000000000000000000000000000000000000000000000000000000000000000000000000111111100000000011111111000000000000000001111111100000000000000011111111,0,0
1458,3,TypeC,33200,000000000011111100000000000000000000000000000000011111100000000000000111111000000000000000000000000000011111100000000000000000000000011111000000000000000000000000000000,0,0
1459,4,TypeC,33200,000000000011111100000000000000000000000000000000011111100000000000000111111000000000000000000000000000011111100000000000000000000000011111000000000000000000000000000000,0,0
1460,0,TypeA,57200,000000000000000000000011111111100000000000000000000001111111110000000000000000011111111110000000000000000000000000000111111111100000000000000000111111111000000000000000,0,0
1461,1,TypeB,40400,011111110000000000000000000000111111110000000000000000111111110000000000000000000000000000000000000000001111111000000000000000000000000000000000000000111111110000000000,0,0
1462,2,TypeB,40400,011111110000000000000000000000111111110000000000000000111111110000000000000000000000000000000000000000001111111000000000000000000000000000000000000000111111110000000000,0,0
1463,3,TypeC,26100,000000011111000000000000000011100000000000000000000000000000000000000111111000000000000000000000111110000000000000000000000000000000000000000000000000000000011111000000,1,0
1464,4,TypeC,26100,000000011111000000000000000011100000000000000000000000000000000000000111111000000000000000000000111110000000000000000000000000000000000000000000000000000000011111000000,1,0
1465,0,TypeA,49400,000000000011111111100000000000000000111111111100000000000111111111000000000000011111111110000000000000000000000000000000000000111111111000000000000000000000000000000000,1,0
1466,1,TypeB,40400,000000000000000111111110000000000000000000000000000111111100000000000000000000011111111000000000000000000000111111100000000000000000000000000000000000111111110000000000,0,0
1467,2,TypeB,40400,000000000000000111111110000000000000000000000000000111111100000000000000000000011111111000000000000000000000111111100000000000000000000000000000000000111111110000000000,0,0
1468,3,TypeC,29800,000000011111000000000000000000000000000000000000000000000111110000000000000000000000000000000000000000000000000000111111000000000000011111000000000000000000011110000000,0,0
1469,4,TypeC,29800,000000011111000000000000000000000000000000000000000000000111110000000000000000000000000000000000000000000000000000111111000000000000011111000000000000000000011110000000,0,0
1470,0,TypeA,51400,000000000011111111100000000000000000000000000000000001111111110000000000000000000000000000000000111111111000000000000000000000111111111000000000000000011111111110000000,0,0
1471,1,TypeB,40400,000000000000000111111110000000000000000000000000000111111100000000000000000000000000000000000000111111100000000011111111000000000000000000000000000000111111110000000000,1,0
1472,2,TypeB,40400,000000000000000111111110000000000000000000000000000111111100000000000000000000000000000000000000111111100000000011111111000000000000000000000000000000111111110000000000,1,0
1473,3,TypeC,26400,000000000000000000000000000011100000000000000000011111100000000000000000000000000000011110000000000000011111100000000000000011111000000000000000000000000000000000000000,0,0
1474,4,TypeC,26400,000000000000000000000000000011100000000000000000011111100000000000000000000000000000011110000000000000011111100000000000000011111000000000000000000000000000000000000000,0,0
1475,0,TypeA,53300,000000000011111111100000000000000000000000111111111100000000000000000000000000000000000000000000111111111000000000000000000000111111111000000000000000000111111111100000,0,0
1476,1,TypeB,40400,011111110000000000000000000000000000000000000000000111111100000000000000000000111111110000000000000000001111111100000000000000000000000000000000000000111111110000000000,0,0
1477,2,TypeB,40400,011111110000000000000000000000000000000000000000000111111100000000000000000000111111110000000000000000001111111100000000000000000000000000000000000000111111110000000000,0,0
1478,3,TypeC,28500,000000000000000000000000000011100000000000000000011111000000000000000000000000000001111110000000000000000000000000000000000000000000011111000000000000000111110000000000,0,0
1479,4,TypeC,28500,000000000000000000000000000011100000000000000000011111000000000000000000000000000001111110000000000000000000000000000000000000000000011111000000000000000111110000000000,0,0
1480,0,TypeA,52200,000000000011111111100000000000000000000000111111111100000000000000000000000000000000000000000000111111111000000000000000000000111111111000000000000000111111110000000000,0,0
1481,1,TypeB,40400,011111110000000000000000000000000000000000000000000111111100000000000000000000011111111000000000000000001111111100000000000000000000000000000000000000111111110000000000,0,0
1482,2,TypeB,40400,011111110000000000000000000000000000000000000000000111111100000000000000000000011111111000000000000000001111111100000000000000000000000000000000000000111111110000000000,0,0
1483,3,TypeC,26900,000000000000000000000000000011100000000000000000011111000000000000000000000000000001111110000000000000000000000000000000000000000000011100000000000000000000011111100000,1,0
1484,4,TypeC,26900,000000000000000000000000000011100000000000000000011111000000000000000000000000000001111110000000000000000000000000000000000000000000011100000000000000000000011111100000,1,0
1485,0,TypeA,53000,000000011111111100000000000000111111111100000000000000000000111111111100000000000000000000000000111111111000000000000000000000111111111000000000000000000000000000000000,0,0
1486,1,TypeB,42400,000000000000000111111110000000000000000000001111111100000000000011111111000000000000000000000000000000011111111000000000000000000000000000000000000000111111110000000000,0,0
1487,2,TypeB,42400,000000000000000111111110000000000000000000001111111100000000000011111111000000000000000000000000000000011111111000000000000000000000000000000000000000111111110000000000,0,0
1488,3,TypeC,25900,000000011111000000000000000011100000000000000000000000000000111111000000000000000000111110000000000000000000000000000000000011100000000000000000000000000000000000000000,0,0
1489,4,TypeC,25900,000000011111000000000000000011100000000000000000000000000000111111000000000000000000111110000000000000000000000000000000000011100000000000000000000000000000000000000000,0,0
1490,0,TypeA,53700,000000000000000000000000000000111111111100000000000000000111111111000000000001111111111000000000000000000000111111111100000000000000000000000000111111111000000000000000,0,0
1491,1,TypeB,41400,000000000000000111111110000000000000000000000000000111111100000000000000000000011111111000000000000000000000111111110000000000000000000000000000000000111111110000000000,0,0
1492,2,TypeB,41400,000000000000000111111110000000000000000000000000000111111100000000000000000000011111111000000000000000000000111111110000000000000000000000000000000000111111110000000000,0,0
1493,3,TypeC,24400,000000011111000000000000000011100000000000000000000000000000111111000000000000000000000000000000000000000000000000000000000011100000000000001111100000000000000000000000,0,0
1494,4,TypeC,24400,000000011111000000000000000011100000000000000000000000000000111111000000000000000000000000000000000000000000000000000000000011100000000000001111100000000000000000000000,0,0
1495,0,TypeA,56600,000000000000000000000000000000000000000000111111111100000000000000000001111111110000000000000000111111111000000000000000000000111111111000000000000000011111111110000000,0,0
1496,1,TypeB,42500,000000000001111111100000000000111111100000000000000000000000000000000000000000000000000000000000000000001111111100000000000000000011111110000000000000111111110000000000,0,0
1497,2,TypeB,42500,000000000001111111100000000000111111100000000000000000000000000000000000000000000000000000000000000000001111111100000000000000000011111110000000000000111111110000000000,0,0
1498,3,TypeC,32300,000000000000000000000000000011100000000000000000000000000111111000000000000000000001111110000000000000000000000000000000000000000000011111000000000000001111110000000000,0,0
1499,4,TypeC,32300,000000000000000000000000000011100000000000000000000000000111111000000000000000000001111110000000000000000000000000000000000000000000011111000000000000001111110000000000,0,0
1500,0,TypeA,53000,000000000000000000000000000000000000000000000000000111111111100000000000000001111111110000000000000011111111100000000000000000111111111000000000000000011111111110000000,0,0
1501,1,TypeB,40400,000000000000000000000000000000000000000000000000000000111111110000000000000000011111110000000000111111100000000011111111000000000000000000000000000000111111110000000000,0,0
1502,2,TypeB,40400,000000000000000000000000000000000000000000000000000000111111110000000000000000011111110000000000111111100000000011111111000000000000000000000000000000111111110000000000,0,0
1503,3,TypeC,30700,000000000000000000000000000011100000000000000000000000000111111000000000000000000001111110000000000000000000000000000000000000000000001111000000000000000000011111100000,0,0
1504,4,TypeC,30700,000000000000000000000000000011100000000000000000000000000111111000000000000000000001111110000000000000000000000000000000000000000000001111000000000000000000011111100000,0,0
1505,0,TypeA,54000,000000000000000000000000000000000000000000000000000111111111100000000000000001111111111000000000000011111111100000000000000000111111111000000000000000011111111110000000,0,0
1506,1,TypeB,41400,000000000000000000000000000000000000000000000000000000111111110000000000000000011111111000000000111111100000000011111111000000000000000000000000000000111111110000000000,0,0
1507,2,TypeB,41400,000000000000000000000000000000000000000000000000000000111111110000000000000000011111111000000000111111100000000011111111000000000000000000000000000000111111110000000000,0,0
1508,3,TypeC,34400,000000000000000000000000000000000000000111111000000000000111111000000000000000000001111110000000000000000000000000000000000000000000000000001111100000000000011111100000,1,0
1509,4,TypeC,34400,000000000000000000000000000000000000000111111000000000000111111000000000000000000001111110000000000000000000000000000000000000000000000000001111100000000000011111100000,1,0
1510,0,TypeA,52000,000000000000000000000000000000000000011111111100000000000000011111111100000000000000000000000000111111111000000000000000000000111111111000000000000000011111111110000000,0,0
1511,1,TypeB,40400,000000000000000000000000000000000000000000000111111100000000000000000000000000011111111000000000111111100000000011111111000000000000000000000000000000111111110000000000,0,0
1512,2,TypeB,40400,000000000000000000000000000000000000000000000111111100000000000000000000000000011111111000000000111111100000000011111111000000000000000000000000000000111111110000000000,0,0
1513,3,TypeC,30800,000000000000000000000000000011100000000000000000000000000111111000000000000000000001111110000000000000000000000000000000000000000000000000001111100000000000011111100000,1,0
1514,4,TypeC,30800,000000000000000000000000000011100000000000000000000000000111111000000000000000000001111110000000000000000000000000000000000000000000000000001111100000000000011111100000,1,0
1515,0,TypeA,52300,000000000000000000000011111111100000000000000000000001111111110000000000000000111111111000000000000000000000000000000000000000111111111000000000000000011111111110000000,0,0
1516,1,TypeB,40400,000000000000000000000000000000111111110000000000000000000000000011111111000000000001111110000000000000001111111100000000000000000000000000000000000000111111110000000000,0,0
1517,2,TypeB,40400,000000000000000000000000000000111111110000000000000000000000000011111111000000000001111110000000000000001111111100000000000000000000000000000000000000111111110000000000,0,0
1518,3,TypeC,25000,000000000000000000000000000000000000000000000000000000000000000000000111111000000000000000000000111110000000000000000000000011100000000000001111100000000000000000111111,0,0
1519,4,TypeC,25000,000000000000000000000000000000000000000000000000000000000000000000000111111000000000000000000000111110000000000000000000000011100000000000001111100000000000000000111111,0,0
1520,0,TypeA,50600,000000000000000000000000000000000000011111111100000000000111111111000000000001111111111000000000000000000000000000000000000000111111111000000000000000011111111110000000,0,0
1521,1,TypeB,40500,000000000000000000000000000000000000000000000000000000000111110000000000000000011111111000000000000000111111100000000001111111100000000000000000000000111111110000000000,0,0
1522,2,TypeB,40500,000000000000000000000000000000000000000000000000000000000111110000000000000000011111111000000000000000111111100000000001111111100000000000000000000000111111110000000000,0,0
1523,3,TypeC,22500,000000000000000000000000000000000000000000000000000000000111110000000000000000000000000000000000111100000000000000000000000011100000000000001111100000000000000000001111,0,0
1524,4,TypeC,22500,000000000000000000000000000000000000000000000000000000000111110000000000000000000000000000000000111100000000000000000000000011100000000000001111100000000000000000001111,0,0
1525,0,TypeA,55100,000000000000000000000011111111100000000000000111111111000000000000000000000001111111111000000000000000000000000000000000000000111111111000000000000000011111111110000000,0,0
1526,1,TypeB,43500,000000000000000000000000000000111111110000000000000000000000000011111111000000000000000000000000000000011111111000000000000000000011111110000000000000111111110000000000,1,0
1527,2,TypeB,43500,000000000000000000000000000000111111110000000000000000000000000011111111000000000000000000000000000000011111111000000000000000000011111110000000000000111111110000000000,1,0
1528,3,TypeC,31700,000000000011111100000000000000000000000000000000000000000111110000000000001111110000000000000000000000000000000000000000000000000000011110000000000000000000011111000000,0,0
1529,4,TypeC,31700,000000000011111100000000000000000000000000000000000000000111110000000000001111110000000000000000000000000000000000000000000000000000011110000000000000000000011111000000,0,0
1530,0,TypeA,55200,000000000000000000000011111111100000000000000000000111111111100000000000000001111111111000000000000000000000000000000000000000111111111000000000000000011111111110000000,0,0
1531,1,TypeB,44800,000000000000000000000000000000111111110000000000000000000000000011111111000000000000000000000000000000011111111000000000000000000011111111000000000000111111110000000000,1,0
1532,2,TypeB,44800,000000000000000000000000000000111111110000000000000000000000000011111111000000000000000000000000000000011111111000000000000000000011111111000000000000111111110000000000,1,0
1533,3,TypeC,28900,000000000000000000000000000000000000011111100000000000000111110000000000001111110000000000000000000000000000000000000000000011100000000000000000000000000000011111000000,0,0
1534,4,TypeC,28900,000000000000000000000000000000000000011111100000000000000111110000000000001111110000000000000000000000000000000000000000000011100000000000000000000000000000011111000000,0,0
1535,0,TypeA,56000,000000000000000000000011111111100000000000111111111100000000000000000000000001111111111000000000000011111111100000000000000000111111111000000000000000000000000000000000,0,0
1536,1,TypeB,43500,000000000000000000000000000000111111110000000000000000000000000011111111000000000000000000000000000000111111100000000001111111100000000000000000000000111111110000000000,0,0
1537,2,TypeB,43500,000000000000000000000000000000111111110000000000000000000000000011111111000000000000000000000000000000111111100000000001111111100000000000000000000000111111110000000000,0,0
1538,3,TypeC,29900,000000000000000000000000000000000000000000000000000000000111110000000000001111110000000000000000000000000000000000011111000000000000011111000000000000000000011111000000,0,0
1539,4,TypeC,29900,000000000000000000000000000000000000000000000000000000000111110000000000001111110000000000000000000000000000000000011111000000000000011111000000000000000000011111000000,0,0
1540,0,TypeA,52600,000000000000000000000011111111100000000000000000000001111111110000000000000001111111110000000000000000000000000000000000000000111111111000000000000000011111111110000000,0,0
1541,1,TypeB,41400,011111110000000000000000000000000000000000000000000000000111111110000000000001111111100000000000000000011111111000000000000000000000000000000000000000111111110000000000,1,0
1542,2,TypeB,41400,011111110000000000000000000000000000000000000000000000000111111110000000000001111111100000000000000000011111111000000000000000000000000000000000000000111111110000000000,1,0
1543,3,TypeC,29000,000000000011111100000000000000000000000000000000011111000000000000000111111000000000000000000000000000000000000000000000000000000000011111000000000000000000000000001111,0,0
1544,4,TypeC,29000,000000000011111100000000000000000000000000000000011111000000000000000111111000000000000000000000000000000000000000000000000000000000011111000000000000000000000000001111,0,0
1545,0,TypeA,57200,000000011111111110000000000000000000000000000111111111100000000000000000000000000111111111100000000000000000000011111111110000000000000000000000000000000000001111111111,1,0
1546,1,TypeB,37600,000000000111111110000000000000000000000000000111111110000000000000000000000000000111111110000000000011111110000000001111110000000000000000000000000000000000000000000000,1,0
1547,2,TypeB,37600,000000000111111110000000000000000000000000000111111110000000000000000000000000000111111110000000000011111110000000001111110000000000000000000000000000000000000000000000,1,0
1548,3,TypeC,29000,000000000111111000000000000000000000000001111110000000000000000000000000000000000000000111100000000001111110000000000000000000000000000000000000000000000000000000001111,1,0
1549,4,TypeC,29000,000000000111111000000000000000000000000001111110000000000000000000000000000000000000000111100000000001111110000000000000000000000000000000000000000000000000000000001111,1,0
1550,0,TypeA,52100,000000000000000011111111100000000000111111110000000000000111111111100000000000000000000111111111100000000000000000000000000000000000000000000000000001111111111000000000,1,0
1551,1,TypeB,40400,000000000111111110000000000000000000111111110000000000000000000000000011111111000000000111111000000000000000000000000000000000000000000000000000000000011111111000000000,1,0
1552,2,TypeB,40400,000000000111111110000000000000000000111111110000000000000000000000000011111111000000000111111000000000000000000000000000000000000000000000000000000000011111111000000000,1,0
1553,3,TypeC,27800,000000000000000000001111100000000000000011110000000000000000001111100000000000000000000111111000000000000000000000001111110000000000000000000000000000000000000000000000,1,0
1554,4,TypeC,27800,000000000000000000001111100000000000000011110000000000000000001111100000000000000000000111111000000000000000000000001111110000000000000000000000000000000000000000000000,1,0
1555,0,TypeA,53900,000000000000000111111111100000000000000000000000000000111111111100000000000111111110000000000000000011111111110000000000000000000000011111111100000000000000000000000000,1,0
1556,1,TypeB,39400,000000000000000111111110000000000000000011111110000000000111111100000000000111111100000000000000000000000000000000000000000000000001111111100000000000000000000000000000,1,0
1557,2,TypeB,39400,000000000000000111111110000000000000000011111110000000000111111100000000000111111100000000000000000000000000000000000000000000000001111111100000000000000000000000000000,1,0
1558,3,TypeC,32100,000000000000001111100000000000000000000000000000000000000000001111100000000001111100000000000000000000001111110000000000000000001111110000000000000000000000000000000000,1,0
1559,4,TypeC,32100,000000000000001111100000000000000000000000000000000000000000001111100000000001111100000000000000000000001111110000000000000000001111110000000000000000000000000000000000,1,0
1560,0,TypeA,56100,011111111100000000000000000011111111100000000000000000111111111100000000000000000000000000000000000000000000000011111111110000000000000000000000000001111111111000000000,1,0
1561,1,TypeB,36000,000000000000001111111000000000111111100000000000000111111100000000000000000000000111111110000000000011111110000000000000000000000000000000000000000000000000000000000000,1,0
1562,2,TypeB,36000,000000000000001111111000000000111111100000000000000111111100000000000000000000000111111110000000000011111110000000000000000000000000000000000000000000000000000000000000,1,0
1563,3,TypeC,29800,000000111100000000000000000000011111100000000000000011111100000000000011111100000000000000000000111111000000000000000000000000000000000000000000000000000000000000000000,1,0
1564,4,TypeC,29800,000000111100000000000000000000011111100000000000000011111100000000000011111100000000000000000000111111000000000000000000000000000000000000000000000000000000000000000000,1,0
1565,0,TypeA,58400,000000000000000000000011111111110000000000000000000000111111111100000000000000000000000111111111100000000000011111111110000000000000000000000000000000000000001111111111,1,0
1566,1,TypeB,40400,000000000000000000000000000000111111100000000000000000000111111100000000000000000111111110000000000000001111111100000000000000111111110000000000000000000000000000000000,1,0
1567,2,TypeB,40400,000000000000000000000000000000111111100000000000000000000111111100000000000000000111111110000000000000001111111100000000000000111111110000000000000000000000000000000000,1,0
1568,3,TypeC,33100,000000000111111000000000000000000000000000000000000000000000000000000011111100000000000111111000000000001111110000000000000000000000000000000000000000000000011110000000,1,0
1569,4,TypeC,33100,000000000111111000000000000000000000000000000000000000000000000000000011111100000000000111111000000000001111110000000000000000000000000000000000000000000000011110000000,1,0
1570,0,TypeA,55800,011111111100000000000011111111110000000000000000000000000111111111100000000000000000000000000000000000000000000000000000000000000000011111111100000000000000001111111111,1,0
1571,1,TypeB,43800,000000011111111000000000111111110000000000000000000000000000000000000000000111111100000000000000000000000000000000000000000000000001111111100000000000011111111000000000,1,0
1572,2,TypeB,43800,000000011111111000000000111111110000000000000000000000000000000000000000000111111100000000000000000000000000000000000000000000000001111111100000000000011111111000000000,1,0
1573,3,TypeC,28800,000000000111111000000000000000000000000000000011111100000000000000111110000000000000000000000000000000000000000000001111110000000000000000000000000000000000000000001111,1,0
1574,4,TypeC,28800,000000000111111000000000000000000000000000000011111100000000000000111110000000000000000000000000000000000000000000001111110000000000000000000000000000000000000000001111,1,0
1575,0,TypeA,54400,000000111111111100000000000000000000111111111100000000000000000000000000000000000000000000000000000011111111110000000000000000000000011111111100000000000000011111111110,1,0
1576,1,TypeB,43800,000000000000011111111000000000000000000011111110000000000000000000000000000000000000000000000000000000000000011111111000000000111111110000000000000000011111111000000000,1,0
1577,2,TypeB,43800,000000000000011111111000000000000000000011111110000000000000000000000000000000000000000000000000000000000000011111111000000000111111110000000000000000011111111000000000,1,0
1578,3,TypeC,28000,000000000000000000000000000000000000111111000000000000000000000000000000000001111100000000000000000000000000000000001111110000000000000000111100000000000000011110000000,1,0
1579,4,TypeC,28000,000000000000000000000000000000000000111111000000000000000000000000000000000001111100000000000000000000000000000000001111110000000000000000111100000000000000011110000000,1,0
1580,0,TypeA,53300,000000000000000000000000111111110000000000011111111100000000000111111110000000000000000011111111100000000000000000000000000000000000000000000000000001111111111000000000,1,0
1581,1,TypeB,41100,000000000000000000000000111111110000000000000111111110000000000111111110000000000111111110000000000000000000000000000000000000011111110000000000000000000000000000000000,1,0
1582,2,TypeB,41100,000000000000000000000000111111110000000000000111111110000000000111111110000000000111111110000000000000000000000000000000000000011111110000000000000000000000000000000000,1,0
1583,3,TypeC,18800,000000000000000000000000000011110000000000011110000000000000001110000000000000000000000000000000000000000000000000000000000000000001110000000000000001110000000000000000,1,0
1584,4,TypeC,18800,000000000000000000000000000011110000000000011110000000000000001110000000000000000000000000000000000000000000000000000000000000000001110000000000000001110000000000000000,1,0
1585,0,TypeA,52800,000000000000011111111110000000000000111111111100000000000000001111111110000000000000000000000000000000011111111110000000000000000000011111111100000000000000000000000000,1,0
1586,1,TypeB,37000,000000000000011111111000000000111111110000000000000111111100000000000000000111111100000000000000000000000011111110000000000000000000000000000000000000000000000000000000,1,0
1587,2,TypeB,37000,000000000000011111111000000000111111110000000000000111111100000000000000000111111100000000000000000000000011111110000000000000000000000000000000000000000000000000000000,1,0
1588,3,TypeC,27200,011111100000000000001111100000000000000011111100000000000000000000000011111100000000000000000000000000000000000000000000000000000001110000000000000000000000000000000000,1,0
1589,4,TypeC,27200,011111100000000000001111100000000000000011111100000000000000000000000011111100000000000000000000000000000000000000000000000000000001110000000000000000000000000000000000,1,0
1590,0,TypeA,60400,011111111100000000000011111111110000000000000111111111100000000000000000000000000000000111111111100000000000000000000000000000000000000000000000000001111111111000000000,1,0
1591,1,TypeB,42800,000000000000000000000000000000111111110000000000000011111100000000000000000000000111111110000000000000000000000000000000000000000001111111100000000000000000011111111000,1,0
1592,2,TypeB,42800,000000000000000000000000000000111111110000000000000011111100000000000000000000000111111110000000000000000000000000000000000000000001111111100000000000000000011111111000,1,0
1593,3,TypeC,26700,000000000000000000000000000000000000111110000000000011111100000000000000000000000000000000000000111111000000000000000000000000000001110000000000000000000000000000001111,1,0
1594,4,TypeC,26700,000000000000000000000000000000000000111110000000000011111100000000000000000000000000000000000000111111000000000000000000000000000001110000000000000000000000000000001111,1,0
1595,0,TypeA,57100,000000000000000111111111100000000000000000011111111110000000000000000000000000000111111111100000000000000000000011111111110000000000000000000000000001111111110000000000,1,0
1596,1,TypeB,41500,000000000000000000000000111111110000000000000000000000000000000000000000000111111100000000000000000000000000000011111110000000000001111111100000000000011111110000000000,1,0
1597,2,TypeB,41500,000000000000000000000000111111110000000000000000000000000000000000000000000111111100000000000000000000000000000011111110000000000001111111100000000000011111110000000000,1,0
1598,3,TypeC,25400,000000000000000000000000000000000000000000011110000000000000000000000000000000000000011111100000000000000000000000000011110000000000011111100000000001110000000000000000,1,0
1599,4,TypeC,25400,000000000000000000000000000000000000000000011110000000000000000000000000000000000000011111100000000000000000000000000011110000000000011111100000000001110000000000000000,1,0
1600,0,TypeA,54400,011111111100000000000000000000000000000000000000000000000000001111111110000000000000000000000000111111111000000000000000000000000000011111111100000000000000011111111110,1,0
1601,1,TypeB,38100,011111110000000000000000000000111111100000000000000000000000000000000000000111111100000000000000111111110000000000000000000000000000000000000000000000011111110000000000,1,0
1602,2,TypeB,38100,011111110000000000000000000000111111100000000000000000000000000000000000000111111100000000000000111111110000000000000000000000000000000000000000000000011111110000000000,1,0
1603,3,TypeC,25000,000000000000000000000000000000000000000001111110000000000000000000000011111100000000000000000000111110000000000000000011110000000000000000000000000000000000000000001111,1,0
1604,4,TypeC,25000,000000000000000000000000000000000000000001111110000000000000000000000011111100000000000000000000111110000000000000000011110000000000000000000000000000000000000000001111,1,0
1605,0,TypeA,51500,000000000111111110000000000000011111111110000000000000000111111111100000000000000000000000000000111111111000000000000000000000000000000000000000000001111111111000000000,1,0
1606,1,TypeB,41400,000000000111111110000000000000111111110000000000000000000111111110000000000000000000000000000000000000011111110000000000000000000000000000000000000000011111111000000000,1,0
1607,2,TypeB,41400,000000000111111110000000000000111111110000000000000000000111111110000000000000000000000000000000000000011111110000000000000000000000000000000000000000011111111000000000,1,0
1608,3,TypeC,26800,000000000000000111111000000000011111100000000000000000000000000000000000000000000000000000000000000001111000000000001111110000000000000000000000000001110000000000000000,1,0
1609,4,TypeC,26800,000000000000000111111000000000011111100000000000000000000000000000000000000000000000000000000000000001111000000000001111110000000000000000000000000001110000000000000000,1,0
1610,0,TypeA,54900,000000111111111100000000000000000000000000000000000000000000001111111110000000000000000111111111100000000000000011111111110000000000011111111100000000000000000000000000,1,0
1611,1,TypeB,41500,000000000000000000000000111111110000000000000000000000000000000000000000000000000111111100000000000011111110000000000000000000111111110000000000000000011111110000000000,1,0
1612,2,TypeB,41500,000000000000000000000000111111110000000000000000000000000000000000000000000000000111111100000000000011111110000000000000000000111111110000000000000000011111110000000000,1,0
1613,3,TypeC,29900,000000000000000000000000000000000000000001111110000000000111111000000000000000000000000000000000000001111110000000000000000000000001111100000000000001110000000000000000,1,0
1614,4,TypeC,29900,000000000000000000000000000000000000000001111110000000000111111000000000000000000000000000000000000001111110000000000000000000000001111100000000000001110000000000000000,1,0
1615,0,TypeA,49900,011111111100000000000000000000000000000000000000000000000111111111100000000000000111111110000000000000011111111110000000000000000000011111111100000000000000000000000000,1,0
1616,1,TypeB,43500,000000000111111110000000000000000000000000000000000000000000000111111110000000000111111110000000000000000000000000000000000000111111110000000000000000011111110000000000,1,0
1617,2,TypeB,43500,000000000111111110000000000000000000000000000000000000000000000111111110000000000111111110000000000000000000000000000000000000111111110000000000000000011111110000000000,1,0
1618,3,TypeC,22900,011100000000000000000000000000000000000000000000000000000000001111100000000000000000000000000000000011111000000000000000011111100000000000000000000001110000000000000000,1,0
1619,4,TypeC,22900,011100000000000000000000000000000000000000000000000000000000001111100000000000000000000000000000000011111000000000000000011111100000000000000000000001110000000000000000,1,0
1620,0,TypeA,56200,011111111100000000000000000000000000000000011111111100000000000000000000000000000000000000000000111111111000000000000000000000000000011111111100000000000000001111111111,1,0
1621,1,TypeB,41500,000111111100000000000000000000000000000000000000000000000000000000000000000000000111111110000000000011111110000000000000000000011111110000000000000000011111111000000000,1,0
1622,2,TypeB,41500,000111111100000000000000000000000000000000000000000000000000000000000000000000000111111110000000000011111110000000000000000000011111110000000000000000011111111000000000,1,0
1623,3,TypeC,25300,000111110000000000000000000000000000000000000000000000000000000000000000000001111100000000000000000011111000000000001111110000000000000000000000000000000000000000001111,1,0
1624,4,TypeC,25300,000111110000000000000000000000000000000000000000000000000000000000000000000001111100000000000000000011111000000000001111110000000000000000000000000000000000000000001111,1,0
1625,0,TypeA,51900,000000000000011111111110000000000000000000000000000000000000000000000000000000000111111111100000000000001111111110000000000000000000011111111100000000000000001111111111,1,0
1626,1,TypeB,43800,000000000000011111111000000000000000000000000000000000000000000000000000000000000111111110000000000011111110000000000000000000000001111111100000000000000000000011111111,1,0
1627,2,TypeB,43800,000000000000011111111000000000000000000000000000000000000000000000000000000000000111111110000000000011111110000000000000000000000001111111100000000000000000000011111111,1,0
1628,3,TypeC,25000,000000000000000000000000000000000000000000000000000000000000000000000000000000000000000111111000000000001111110000000000000000000001110000000000000001110000000000001111,1,0
1629,4,TypeC,25000,000000000000000000000000000000000000000000000000000000000000000000000000000000000000000111111000000000001111110000000000000000000001110000000000000001110000000000001111,1,1
1630,0,TypeA,53600,000000011111111110000000000011111111100000000000000000111111111100000000000000000000000000000000111111111000000000000000000000000000011111111100000000000000000000000000,1,0
1631,1,TypeB,39400,011111110000000000000000111111110000000000000000000000000111111100000000000111111100000000000000000000000000000000000000000000111111110000000000000000000000000000000000,1,0
1632,2,TypeB,39400,011111110000000000000000111111110000000000000000000000000111111100000000000111111100000000000000000000000000000000000000000000111111110000000000000000000000000000000000,1,0
1633,3,TypeC,28500,000000000000011110000000000000000000111110000000000000000111111000000000000000000000000000000000000011111000000000000000000000000000000000111100000000000000000000000000,1,0
1634,4,TypeC,28500,000000000000011110000000000000000000111110000000000000000111111000000000000000000000000000000000000011111000000000000000000000000000000000111100000000000000000000000000,1,0
1635,0,TypeA,54800,000000000000000011111111100000000000000000000000000000000000001111111110000000000000000111111111100000000000000011111111110000000000011111111100000000000000000000000000,1,0
1636,1,TypeB,43800,000000000000000000000000111111110000000000000000000000000000000000000000000000000111111110000000000000000011111110000000000000111111110000000000000000011111111000000000,1,0
1637,2,TypeB,43800,000000000000000000000000111111110000000000000000000000000000000000000000000000000111111110000000000000000011111110000000000000111111110000000000000000011111111000000000,1,0
1638,3,TypeC,31200,000000000000011111100000000000000000000000000011111100000000000000000011111100000000000000000000111111000000000000001111110000000000000000000000000000000000000000000000,1,0
1639,4,TypeC,31200,000000000000011111100000000000000000000000000011111100000000000000000011111100000000000000000000111111000000000000001111110000000000000000000000000000000000000000000000,1,0
1640,0,TypeA,54400,000000000111111111100000000000000000000000011111111110000000000000000000000111111110000000000000111111111000000000000000000000000000011111111100000000000000000000000000,1,0
1641,1,TypeB,42800,000000000111111110000000000000111111100000000000000000000000000000000000000111111100000000000000000000000000000000000000000000111111110000000000000000011111111000000000,1,1
1642,2,TypeB,42800,000000000111111110000000000000111111100000000000000000000000000000000000000111111100000000000000000000000000000000000000000000111111110000000000000000011111111000000000,1,0
1643,3,TypeC,25000,000000000000011111100000000000000000000000000000000000000000001111100000000000000000000000000000000011111000000000000000000000000000011100000000000001110000000000000000,1,0
1644,4,TypeC,25000,000000000000011111100000000000000000000000000000000000000000001111100000000000000000000000000000000011111000000000000000000000000000011100000000000001110000000000000000,1,0
1645,0,TypeA,57300,011111111100000000000011111111110000000000011111111110000000000000000000000000000111111111100000000000000000000000000000000000000000011111111100000000000000000000000000,1,0
1646,1,TypeB,40400,011111110000000001111111100000000000111111110000000000000000000000000000000000000111111100000000000000000000000000000000000000000000000000000000000000011111111000000000,1,0
1647,2,TypeB,40400,011111110000000001111111100000000000111111110000000000000000000000000000000000000111111100000000000000000000000000000000000000000000000000000000000000011111111000000000,1,0
1648,3,TypeC,27300,011100000000000111111000000000000000000000000000000000000111111000000000000000000000000000000000000000000000000000001111110000000000011100000000000000000000000000000000,1,0
1649,4,TypeC,27300,011100000000000111111000000000000000000000000000000000000111111000000000000000000000000000000000000000000000000000001111110000000000011100000000000000000000000000000000,1,0
1650,0,TypeA,54900,011111111100000000000011111111100000000000000000000000000000001111111110000000000000000000000000111111111000000000000000000000000000011111111100000000000000000000000000,1,0
1651,1,TypeB,40400,011111110000000000000011111110000000000000000000000000000000000000000000000000000111111110000000000000000000011111111000000000000000000000000000000000000000000011111111,1,0
1652,2,TypeB,40400,011111110000000000000011111110000000000000000000000000000000000000000000000000000111111110000000000000000000011111111000000000000000000000000000000000000000000011111111,1,0
1653,3,TypeC,27000,011111100000000000001111100000000000000000011110000000000000000000000000000000000000000000000000111111000000000000001111110000000000000000000000000000000000000000000000,1,0
1654,4,TypeC,27000,011111100000000000001111100000000000000000011110000000000000000000000000000000000000000000000000111111000000000000001111110000000000000000000000000000000000000000000000,1,0
1655,0,TypeA,50500,000000011111111110000000000000000000111111110000000000000000001111111110000000000000000000000000000000000000000000000000000000000000011111111100000000000000001111111111,1,0
1656,1,TypeB,34800,000000000111111110000000000000000000000000000000000111111100000000000000000000000111111110000000000000000000000000001111110000000000000000000000000000000000011110000000,1,0
1657,2,TypeB,34800,000000000111111110000000000000000000000000000000000111111100000000000000000000000111111110000000000000000000000000001111110000000000000000000000000000000000011110000000,1,0
1658,3,TypeC,24100,000000000000000000001111100000000000000000000000000111100000000000000000000000000000000000000000000000000000000000001111110000000000011100000000000000000000011110000000,1,0
1659,4,TypeC,24100,000000000000000000001111100000000000000000000000000111100000000000000000000000000000000000000000000000000000000000001111110000000000011100000000000000000000011110000000,1,0
1660,0,TypeA,55100,011111111100000000000000000011111111100000000000000000000000001111111110000000000000000111111111100000000000011111111110000000000000000000000000000000000000000000000000,1,0
1661,1,TypeB,41400,000000000111111110000000000000000000111111110000000000000111111100000000000000000111111110000000000000000000000000000000000000000000000000000000000000000000000011111111,1,0
1662,2,TypeB,41400,000000000111111110000000000000000000111111110000000000000111111100000000000000000111111110000000000000000000000000000000000000000000000000000000000000000000000011111111,1,0
1663,3,TypeC,29300,011111100000000000000000000000000000111111000000000000000000001111100000000000000000000000000000111111000000000000000000000000000001110000000000000000000000000000000000,1,0
1664,4,TypeC,29300,011111100000000000000000000000000000111111000000000000000000001111100000000000000000000000000000111111000000000000000000000000000001110000000000000000000000000000000000,1,0
1665,0,TypeA,51000,011111111100000000000000000011111111100000000000000000000000001111111110000000000000000000000000000000001111111110000000000000000000000000000000000000011111111100000000,1,0
1666,1,TypeB,32200,000000000000000001111111100000000000000011111110000000000111111100000000000000000000000000000000000011111000000000000000000000000000000000000000000000000000011110000000,1,0
1667,2,TypeB,32200,000000000000000001111111100000000000000011111110000000000111111100000000000000000000000000000000000011111000000000000000000000000000000000000000000000000000011110000000,1,0
1668,3,TypeC,25200,000000000000000000001111100000000000000000000011111100000000000000000000000001111100000000000000000011111000000000000000000000000000000000000000000000000000011100000000,1,0
1669,4,TypeC,25200,000000000000000000001111100000000000000000000011111100000000000000000000000001111100000000000000000011111000000000000000000000000000000000000000000000000000011100000000,1,0
1670,0,TypeA,51400,000000011111111110000000000011111111100000000000000000000000000000000000000000000000000111111111100000000000000000000000000000000000011111111100000000000000011111111000,1,0
1671,1,TypeB,40800,000000000000000111111110000000000000000011111110000000000000000000000000000000000000000000001111100000000000000000000000011111111000000000000000000000000000011111111000,1,0
1672,2,TypeB,40800,000000000000000111111110000000000000000011111110000000000000000000000000000000000000000000001111100000000000000000000000011111111000000000000000000000000000011111111000,1,0
1673,3,TypeC,23300,000000011100000000000000000011100000000001111110000000000000000000000000000000000000000000001111100000000000000000000000011111100000000000000000000000000000000000000000,1,0
1674,4,TypeC,23300,000000011100000000000000000011100000000001111110000000000000000000000000000000000000000000001111100000000000000000000000011111100000000000000000000000000000000000000000,1,0
1675,0,TypeA,57500,011111111100000000000011111111110000000000000000000000000000001111111110000000000000000000001111111111000000000000000000000000000000011111111100000000000000000000000000,1,0
1676,1,TypeB,36400,011111110000000000000000000000000000000011111110000000000111111100000000000000000000000000001111100000000000000000000000000000011111111000000000000000000000000000000000,1,0
1677,2,TypeB,36400,011111110000000000000000000000000000000011111110000000000111111100000000000000000000000000001111100000000000000000000000000000011111111000000000000000000000000000000000,1,0
1678,3,TypeC,19900,011100000000000000000000000011110000000000000000000000000000000000000000000000000000000000001111100000000000000000000000000000000000011100000000000000000000000000001111,1,0
1679,4,TypeC,19900,011100000000000000000000000011110000000000000000000000000000000000000000000000000000000000001111100000000000000000000000000000000000011100000000000000000000000000001111,1,0
1680,0,TypeA,50500,000000011111111110000000000000000000000000000000000000000111111110000000000000000000000111111111100000000000000000000000000000111111110000000000000001111111111000000000,1,0
1681,1,TypeB,38400,000000000111111110000000000000111111100000000000000111111100000000000000000000000000000111111000000000000000000000000000000000111111110000000000000000000000000000000000,1,0
1682,2,TypeB,38400,000000000111111110000000000000111111100000000000000111111100000000000000000000000000000111111000000000000000000000000000000000111111110000000000000000000000000000000000,1,0
1683,3,TypeC,28400,000000000000000000001111100000000000111111000000000011111100000000000000000000000000000111111000000000000000000000000000000000000000000000000000000001110000000000000000,1,0
1684,4,TypeC,28400,000000000000000000001111100000000000111111000000000011111100000000000000000000000000000111111000000000000000000000000000000000000000000000000000000001110000000000000000,1,0
1685,0,TypeA,51300,000000000000011111111110000000000000000111111110000000000000001111111110000000000000000011111111100000000000000000000000000000000000011111111100000000000000000000000000,1,0
1686,1,TypeB,39400,000000011111110000000000000000000000000011111110000000000111111100000000000000000111111110000000000000000000000000000000000000000000000000000000000000011111111000000000,1,0
1687,2,TypeB,39400,000000011111110000000000000000000000000011111110000000000111111100000000000000000111111110000000000000000000000000000000000000000000000000000000000000011111111000000000,1,0
1688,3,TypeC,31100,000000000000000001111110000000000000000001111110000000000111111000000000000001111100000000000000111111000000000000000000000000000000000000000000000000000000000000000000,1,0
1689,4,TypeC,31100,000000000000000001111110000000000000000001111110000000000111111000000000000001111100000000000000111111000000000000000000000000000000000000000000000000000000000000000000,1,0
1690,0,TypeA,50500,000000011111111110000000000000000000000111111110000000000000001111111110000000000000000000000000000000001111111110000000000000000000000000000000000001111111111000000000,1,0
1691,1,TypeB,35200,000000000111111110000000000000000000000011111110000000000000000000000011111111000000000000000000000000000011111110000000000000000000000000000000000000000000011110000000,1,0
1692,2,TypeB,35200,000000000111111110000000000000000000000011111110000000000000000000000011111111000000000000000000000000000011111110000000000000000000000000000000000000000000011110000000,1,0
1693,3,TypeC,24500,000000000000011111000000000011110000000000000000000000000000000000000000000000000000000000000000000000000000011110000000000000000000011100000000000000000000011110000000,1,0
1694,4,TypeC,24500,000000000000011111000000000011110000000000000000000000000000000000000000000000000000000000000000000000000000011110000000000000000000011100000000000000000000011110000000,1,0
1695,0,TypeA,51200,000000000111111111100000000000111111110000000000000000000000001111111110000000000000000000000000000000000000000000000000000000111111111100000000000001111111111000000000,1,0
1696,1,TypeB,36500,000000000000011111111000000000111111100000000000000000000111111100000000000000000111111110000000000000000000000000000000000000000001111100000000000000000000000000000000,1,0
1697,2,TypeB,36500,000000000000011111111000000000111111100000000000000000000111111100000000000000000111111110000000000000000000000000000000000000000001111100000000000000000000000000000000,1,0
1698,3,TypeC,26600,000000000000011111100000000000000000000001111110000000000000000000000011100000000000000000000000000000000000000000000000000000000001111100000000000000000000011100000000,1,0
1699,4,TypeC,26600,000000000000011111100000000000000000000001111110000000000000000000000011100000000000000000000000000000000000000000000000000000000001111100000000000000000000011100000000,1,0
1700,0,TypeA,51700,000000000000000111111111100000000000000000000000000000000000001111111110000000000000000111111111100000000000000000000000000000000000011111111100000000000001111111100000,1,0
1701,1,TypeB,32200,000000000000000111111110000000000000000000000011111110000000001111100000000000000111111100000000000000000000000000000000000000000000000000000000000000000000011110000000,1,0
1702,2,TypeB,32200,000000000000000111111110000000000000000000000011111110000000001111100000000000000111111100000000000000000000000000000000000000000000000000000000000000000000011110000000,1,0
1703,3,TypeC,21400,000000000000000000000000000000000000000000011110000000000000001111100000000000000000000111100000000000000000000000000000000000000000000000000111000000000000011100000000,1,0
1704,4,TypeC,21400,000000000000000000000000000000000000000000011110000000000000001111100000000000000000000111100000000000000000000000000000000000000000000000000111000000000000011100000000,1,0
1705,0,TypeA,51000,000000011111111000000000000011111111100000000000000000000000001111111110000000000000000111111111100000000000000000000000000000000000011111111100000000000000000000000000,1,0
1706,1,TypeB,34000,000000011111111000000000111111110000000000000011111110000000001111100000000000000000000000000000111111000000000000000000000000000000000000000000000000000000000000000000,1,0
1707,2,TypeB,34000,000000011111111000000000111111110000000000000011111110000000001111100000000000000000000000000000111111000000000000000000000000000000000000000000000000000000000000000000,1,0
1708,3,TypeC,25800,000000000000001111100000000000000000000000000000000000000000001111100000000000000000000000000000111111000000000000000011110000000000000000000000000000000000000000001111,1,0
1709,4,TypeC,25800,000000000000001111100000000000000000000000000000000000000000001111100000000000000000000000000000111111000000000000000011110000000000000000000000000000000000000000001111,1,0
1710,0,TypeA,53600,000000000000000000000000000011111111100000000000000000000000001111111110000000000000000111111111100000000000011111111110000000000000011111111100000000000000000000000000,1,0
1711,1,TypeB,38400,000000000000000000000000000000111111100000000000000111111100000000000011111111000000000000000000111111000000000000000000000000000000000000000000000000011111111000000000,1,0
1712,2,TypeB,38400,000000000000000000000000000000111111100000000000000111111100000000000011111111000000000000000000111111000000000000000000000000000000000000000000000000011111111000000000,1,0
1713,3,TypeC,22900,000000000000000000000000000000000000000001111110000000000000000000000000000000000000000000000000111111000000000000000000000000000000011100000000000001110000000000001111,1,0
1714,4,TypeC,22900,000000000000000000000000000000000000000001111110000000000000000000000000000000000000000000000000111111000000000000000000000000000000011100000000000001110000000000001111,1,0
1715,0,TypeA,45300,000000111111111100000000000000000000000111111110000000000000000000000000000000000111111110000000000000001111111100000000000000111111110000000000000000000000000000000000,1,0
1716,1,TypeB,31000,000000111100000000000000111111100000000011111110000000000000000000000000000000000111111100000000000000001111110000000000000000000000000000000000000000000000000000000000,1,0
1717,2,TypeB,31000,000000111100000000000000111111100000000011111110000000000000000000000000000000000111111100000000000000001111110000000000000000000000000000000000000000000000000000000000,1,0
1718,3,TypeC,25800,000000111100000000000000000011110000000000000011111100000000000000000000000000000000000000000000000000001111110000000000000000000000000000000000000000000000000000001111,1,0
1719,4,TypeC,25800,000000111100000000000000000011110000000000000011111100000000000000000000000000000000000000000000000000001111110000000000000000000000000000000000000000000000000000001111,1,0
1720,0,TypeA,57000,011111111100000000000011111111110000000000000000000000000000001111111110000000000000000111111111100000000000000000000000000000000000000000000000000000011111111110000000,1,0
1721,1,TypeB,37000,000000000000000000111111100000000000000011111110000000000111111100000000000000000111111110000000000000000000011111111000000000000000000000000000000000000000000000000000,1,0
1722,2,TypeB,37000,000000000000000000111111100000000000000011111110000000000111111100000000000000000111111110000000000000000000011111111000000000000000000000000000000000000000000000000000,1,1
1723,3,TypeC,26700,000000000000011111100000000000111000000000000000000011111100000000000000000000000000000000000000111110000000000000000000000000000000000000000000000000000000011110000000,1,1
1724,4,TypeC,26700,000000000000011111100000000000111000000000000000000011111100000000000000000000000000000000000000111110000000000000000000000000000000000000000000000000000000011110000000,1,0
1725,0,TypeA,47400,000000000111111111100000000000000000000000000000000000111111111100000000000000000111111110000000000000000000000000000000000000000000011111111100000000000000011111111000,1,0
1726,1,TypeB,34200,000111111100000000000011111110000000000000000000000000000111111100000000000000000111111110000000000000000000000000000000000000000000000000111100000000000000000000000000,1,0
1727,2,TypeB,34200,000111111100000000000011111110000000000000000000000000000111111100000000000000000111111110000000000000000000000000000000000000000000000000111100000000000000000000000000,1,0
1728,3,TypeC,20900,011100000000000001111110000000000000000000000000000000000000001110000000000000000000000000000000000000000000000000000000000000000000000000111100000000000000000000001111,1,0
1729,4,TypeC,20900,011100000000000001111110000000000000000000000000000000000000001110000000000000000000000000000000000000000000000000000000000000000000000000111100000000000000000000001111,1,0
1730,0,TypeA,52100,000000000111111111100000000000000000000000000000000000000000001111111110000000000000000111111111100000000000000000000000000000111111110000000000000001111111111000000000,1,0
1731,1,TypeB,37000,000000000000011111111000000000000000000011111110000000000000000111111110000000000111111110000000000000001111110000000000000000000000000000000000000000000000000000000000,1,0
1732,2,TypeB,37000,000000000000011111111000000000000000000011111110000000000000000111111110000000000111111110000000000000001111110000000000000000000000000000000000000000000000000000000000,1,0
1733,3,TypeC,24600,011100000000000000000000000011110000000000000000000011111100000000000000000001111100000000000000111111000000000000000000000000000000000000000000000000000000000000000000,1,0
1734,4,TypeC,24600,011100000000000000000000000011110000000000000000000011111100000000000000000001111100000000000000111111000000000000000000000000000000000000000000000000000000000000000000,1,0
1735,0,TypeA,53800,011111111100000000000011111111110000000000000000000000000000001111111110000000000000000000000000000000001111111110000000000000000000011111111100000000000000000000000000,1,0
1736,1,TypeB,36000,000000000000000000000011111110000000000011111110000000000111111100000000000000000111111110000000000000000011111110000000000000000000000000000000000000000000000000000000,1,0
1737,2,TypeB,36000,000000000000000000000011111110000000000011111110000000000111111100000000000000000111111110000000000000000011111110000000000000000000000000000000000000000000000000000000,1,0
1738,3,TypeC,21900,011100000000000000000011100000000000000000000000000000000000000000000000000000011100000000000000000001111110000000000000011111100000000000000000000000000000000000000000,1,0
1739,4,TypeC,21900,011100000000000000000011100000000000000000000000000000000000000000000000000000011100000000000000000001111110000000000000011111100000000000000000000000000000000000000000,1,0
1740,0,TypeA,49600,000000000000000011111111100000000000000000000000000000000000000000000000000000000111111110000000000001111111110000000000000000000111111111100000000000011111111110000000,1,0
1741,1,TypeB,35500,000000000000000011111110000000000000000000000111111110000000000000000000000000000111111110000000000000001111110000000000000000000111110000000000000000000000000000000000,1,0
1742,2,TypeB,35500,000000000000000011111110000000000000000000000111111110000000000000000000000000000111111110000000000000001111110000000000000000000111110000000000000000000000000000000000,1,0
1743,3,TypeC,23900,000000011100000000001111100000000000000000000000000000000000000000000000000000000000000000000000000000000000011100000000000000000111110000000000000000000000011110000000,1,0
1744,4,TypeC,23900,000000011100000000001111100000000000000000000000000000000000000000000000000000000000000000000000000000000000011100000000000000000111110000000000000000000000011110000000,1,0
1745,0,TypeA,47500,000000000111111111100000000000000000111111110000000000000000000000000000000000000111111111100000000000001111111110000000000000000000011111111100000000000000000000000000,1,0
1746,1,TypeB,35000,000000000000011111111000000000000000111111000000000111111100000000000000000000000111111110000000000000001111110000000000000000000000000000000000000000000000000000000000,1,0
1747,2,TypeB,35000,000000000000011111111000000000000000111111000000000111111100000000000000000000000111111110000000000000001111110000000000000000000000000000000000000000000000000000000000,1,0
1748,3,TypeC,20200,011100000000000000001111100000000000000000000000000000000000000000000000000000000000000000000000111000000000000000000000000000000000000000111100000000000000011110000000,1,0
1749,4,TypeC,20200,011100000000000000001111100000000000000000000000000000000000000000000000000000000000000000000000111000000000000000000000000000000000000000111100000000000000011110000000,1,0
1750,0,TypeA,48800,000000000000011111111110000000000000000000000000000000000000001111111110000000000000000000000000000001111111110000000000000000011111111000000000000000011111111000000000,1,0
1751,1,TypeB,34300,000000000000000111111110000000000000000000000000000000000000000000000011111100000000000000000000000001111110000000000000000000011111110000000000000000000000011110000000,1,0
1752,2,TypeB,34300,000000000000000111111110000000000000000000000000000000000000000000000011111100000000000000000000000001111110000000000000000000011111110000000000000000000000011110000000,1,0
1753,3,TypeC,25500,000000000000000000000000000011100000000001111110000000000000000000000011111100000000000000000000000001111110000000000000000000000000000000000000000000000000011100000000,1,0
1754,4,TypeC,25500,000000000000000000000000000011100000000001111110000000000000000000000011111100000000000000000000000001111110000000000000000000000000000000000000000000000000011100000000,1,0
1755,0,TypeA,52400,000000000000011111111110000000000000000000000000000000000000001111111110000000000000000000000000000011111111110000000000000000111111110000000000000000011111111110000000,1,0
1756,1,TypeB,35600,000000000000000011111110000000000000000000000000000000000000000000000011111100000000000000000000000011111110000000000000000000111111110000000000000000000000011110000000,1,0
1757,2,TypeB,35600,000000000000000011111110000000000000000000000000000000000000000000000011111100000000000000000000000011111110000000000000000000111111110000000000000000000000011110000000,1,0
1758,3,TypeC,22000,000000000000000000000000000011100000000000000000000000000000000000000011111100000000000000000000000011110000000000000000011111100000000000000111000000000000000000000000,1,0
1759,4,TypeC,22000,000000000000000000000000000011100000000000000000000000000000000000000011111100000000000000000000000011110000000000000000011111100000000000000111000000000000000000000000,1,0
1760,0,TypeA,50800,011111111100000000000000000011111111110000000000000000000111111110000000000000000111111111100000000000000000000000000000000000000000011111111100000000000000000000000000,1,0
1761,1,TypeB,37400,000000000000000111111110000000000000000000000000000000000111111100000000000000000111111110000000000000000000011110000000000000000000000000000000000000011111111000000000,1,0
1762,2,TypeB,37400,000000000000000111111110000000000000000000000000000000000111111100000000000000000111111110000000000000000000011110000000000000000000000000000000000000011111111000000000,1,0
1763,3,TypeC,23800,000000011100000000000000000011110000000000000000000000000000000000000011111100000000000011111000000000000000000000000000000000000000000000000000000000000000011110000000,1,0
1764,4,TypeC,23800,000000011100000000000000000011110000000000000000000000000000000000000011111100000000000011111000000000000000000000000000000000000000000000000000000000000000011110000000,1,0
1765,0,TypeA,48700,000000011111111100000000000011111111100000000000000000000111111111100000000000000111111110000000000000000000000000000000000000000000000000000000000000011111111110000000,1,0
1766,1,TypeB,39000,000000011111110000000000111111110000000000000111111110000000000111111110000000000111111110000000000000000000000000000000000000000000000000000000000000000000000000000000,1,0
1767,2,TypeB,39000,000000011111110000000000111111110000000000000111111110000000000111111110000000000111111110000000000000000000000000000000000000000000000000000000000000000000000000000000,1,0
1768,3,TypeC,19500,000000011100000000000011100000000000000000000111000000000000000000000000000000000000000000000000000011111000000000000000000000000000000000000000000000000000011110000000,1,0
1769,4,TypeC,19500,000000011100000000000011100000000000000000000111000000000000000000000000000000000000000000000000000011111000000000000000000000000000000000000000000000000000011110000000,1,0
1770,0,TypeA,49500,000000000111111110000000000011111111100000000000000000000000001111111110000000000000000000000000000001111111110000000000000000000000000000000000000000011111111110000000,1,0
1771,1,TypeB,37100,000000000000000000000000111111110000000000000000000000000111111100000000000000000111111100000000000001111110000000000000011111110000000000000000000000000000000000000000,1,0
1772,2,TypeB,37100,000000000000000000000000111111110000000000000000000000000111111100000000000000000111111100000000000001111110000000000000011111110000000000000000000000000000000000000000,1,0
1773,3,TypeC,26200,000000000000000000001111100000000000000000000000000000000000000000111110000000000000000000000000111111000000000000000000111000000000011111100000000000000000000000000000,1,0
1774,4,TypeC,26200,000000000000000000001111100000000000000000000000000000000000000000111110000000000000000000000000111111000000000000000000111000000000011111100000000000000000000000000000,1,0
1775,0,TypeA,51200,000000011111111110000000000011111111100000000000000000000000001111111110000000000000000000000000000000001111111110000000000000000000000000000000000000011111111110000000,1,0
1776,1,TypeB,38000,000000111111110000000000111111110000000000000000000000000111111100000000000000000111111110000000000011111110000000000000000000000000000000000000000000000000000000000000,1,0
1777,2,TypeB,38000,000000111111110000000000111111110000000000000000000000000111111100000000000000000111111110000000000011111110000000000000000000000000000000000000000000000000000000000000,1,0
1778,3,TypeC,25500,000000111100000000001111100000000000000000000000000000000000000000000011111100000000000000001111100000000000000000000000000000000000000000000000000000000000011110000000,1,0
1779,4,TypeC,25500,000000111100000000001111100000000000000000000000000000000000000000000011111100000000000000001111100000000000000000000000000000000000000000000000000000000000011110000000,1,0
1780,0,TypeA,53500,011111111100000000000000000011111111100000000000000000000000001111111110000000000000000000000000000011111111110000000000000000000000011111111100000000000000000000000000,1,1
1781,1,TypeB,34200,000111111100000000000000000000111111100000000000000000000000000000000000000000000111111110000000000000011111110000000000000000000000000000000000000000000000011110000000,1,0
1782,2,TypeB,34200,000111111100000000000000000000111111100000000000000000000000000000000000000000000111111110000000000000011111110000000000000000000000000000000000000000000000011110000000,1,0
1783,3,TypeC,26400,000000000000000000000000000011110000000000011110000000000000000000000011111100000000000000000000000000000000000000000000000000000000011111100000000000000000011110000000,1,0
1784,4,TypeC,26400,000000000000000000000000000011110000000000011110000000000000000000000011111100000000000000000000000000000000000000000000000000000000011111100000000000000000011110000000,1,0
1785,0,TypeA,49700,000000000000000000000000000011111111100000000000000000000111111111100000000000000111111111100000000000011111111110000000000000000000000000000000000000011111111000000000,1,0
1786,1,TypeB,27600,000000000000011111000000000000111111100000000000000000000000000000111110000000000000000111100000000000000000000000001111110000000000000000000000000000000000000000000000,1,0
1787,2,TypeB,27600,000000000000011111000000000000111111100000000000000000000000000000111110000000000000000111100000000000000000000000001111110000000000000000000000000000000000000000000000,1,0
1788,3,TypeC,23600,000000000000000000000000000011110000000000000000000000000000000000111110000000000000000111100000000000000000000000001111110000000000000000000000000000000000000000001111,1,0
1789,4,TypeC,23600,000000000000000000000000000011110000000000000000000000000000000000111110000000000000000111100000000000000000000000001111110000000000000000000000000000000000000000001111,1,0
1790,0,TypeA,47300,000000000000011111111110000000000000000000000000000000000000000000000000000000000111111110000000000000011111111110000000000000111111110000000000000000011111111000000000,1,0
1791,1,TypeB,33200,000000000000011111100000000000111111100000000000000000000000000000000000000000000111111110000000000000011111110000000000000000000000000000000000000000000000011110000000,1,0
1792,2,TypeB,33200,000000000000011111100000000000111111100000000000000000000000000000000000000000000111111110000000000000011111110000000000000000000000000000000000000000000000011110000000,1,0
1793,3,TypeC,27000,000000000000011111100000000000000000000001111110000000000000000000000000000000000000000000000000111111000000000000000000000000000001110000000000000000000000011100000000,1,0
1794,4,TypeC,27000,000000000000011111100000000000000000000001111110000000000000000000000000000000000000000000000000111111000000000000000000000000000001110000000000000000000000011100000000,1,0
1795,0,TypeA,50400,000000000111111111100000000000000000000000000000000000111111111000000000000000000111111111100000000000011111111110000000000000000000011111111100000000000000000000000000,1,0
1796,1,TypeB,33100,000000000000000000000000000000000000000011111110000000000111111000000000000000000111111100000000000000000000011110000000000000011111110000000000000000000000000000000000,1,0
1797,2,TypeB,33100,000000000000000000000000000000000000000011111110000000000111111000000000000000000111111100000000000000000000011110000000000000011111110000000000000000000000000000000000,1,0
1798,3,TypeC,27000,000000000000000000000000000000000000000000000000000000000111111000000000000001111100000000000000111111000000000000000000000000000001110000000000000000000000000000001111,1,0
1799,4,TypeC,27000,000000000000000000000000000000000000000000000000000000000111111000000000000001111100000000000000111111000000000000000000000000000001110000000000000000000000000000001111,1,0
1800,0,TypeA,50400,000000000111111111000000000000000000000000000000000000111111111100000000000000000111111111100000000000011111111110000000000000000000011111111100000000000000000000000000,1,0
1801,1,TypeB,30500,000000000000000000000000000000011111100000000000000000000111111100000000000000000111111100000000000000000000011110000000000000000111110000000000000000000000000000000000,1,0
1802,2,TypeB,30500,000000000000000000000000000000011111100000000000000000000111111100000000000000000111111100000000000000000000011110000000000000000111110000000000000000000000000000000000,1,0
1803,3,TypeC,27600,000000000000000000000000000000011111100000000000000000000000001110000000000000000000000000000000111111000000000000000000000000000111110000000000000000000000000000001111,1,0
1804,4,TypeC,27600,000000000000000000000000000000011111100000000000000000000000001110000000000000000000000000000000111111000000000000000000000000000111110000000000000000000000000000001111,1,0
1805,0,TypeA,49500,000000000000000000000000000000000000000000000111111110000000000000000000000000000111111111100000000000011111111110000000000000000000011111111100000000000000011111111000,1,0
1806,1,TypeB,36400,000000000111111100000000000000000000000000000111111110000000000000000000000000000111111100000000000000000000011110000000000000000000000000000000000000000000011111111000,1,0
1807,2,TypeB,36400,000000000111111100000000000000000000000000000111111110000000000000000000000000000111111100000000000000000000011110000000000000000000000000000000000000000000011111111000,1,0
1808,3,TypeC,23100,000000000000000000000000000000000000000000011110000000000000000000000011111100000000000000000000000000000000011110000000000000000001110000000000000000000000000000001111,1,0
1809,4,TypeC,23100,000000000000000000000000000000000000000000011110000000000000000000000011111100000000000000000000000000000000011110000000000000000001110000000000000000000000000000001111,1,0
1810,0,TypeA,49100,000000000111111111100000000000000000000000000000000000000000000000000000000000000111111111100000000000011111111110000000000000000000011111111100000000000000011111111000,1,0
1811,1,TypeB,37400,000000000000000000000000000000111111100000000000000000000111111100000000000000000111111100000000000001111110000000000000000000000000000000000000000000011111111000000000,1,0
1812,2,TypeB,37400,000000000000000000000000000000111111100000000000000000000111111100000000000000000111111100000000000001111110000000000000000000000000000000000000000000011111111000000000,1,0
1813,3,TypeC,25800,000000000000000000000000000011110000000000000000000000000000000000000011111100000000000000000000000001111110000000000011110000000000000000000000000000000000011110000000,1,0
1814,4,TypeC,25800,000000000000000000000000000011110000000000000000000000000000000000000011111100000000000000000000000001111110000000000011110000000000000000000000000000000000011110000000,1,0
1815,0,TypeA,51200,000000000111111111100000000000000000000000000000000000000000000000000000000000000111111111100000000000011111111110000000000000000111111111100000000000011111111110000000,1,0
1816,1,TypeB,37600,000000011111111000000000000000111111100000000000000000000111111100000000000000000000000000000000000000000000000000000000000000000111110000000000000000011111110000000000,1,0
1817,2,TypeB,37600,000000011111111000000000000000111111100000000000000000000111111100000000000000000000000000000000000000000000000000000000000000000111110000000000000000011111110000000000,1,0
1818,3,TypeC,23700,011100000000000000000000000011100000000000000000000000000000000000000000000000000000000000000000111111000000000000000000000000000111110000000000000000000000011110000000,1,0
1819,4,TypeC,23700,011100000000000000000000000011100000000000000000000000000000000000000000000000000000000000000000111111000000000000000000000000000111110000000000000000000000011110000000,1,0
1820,0,TypeA,49500,000000000111111111100000000000000000000000000000000000000000000000000000000000000111111111100000000000011111111110000000000000001111111100000000000000011111111110000000,1,0
1821,1,TypeB,37800,000000011111111000000000000000111111100000000000000000000111111100000000000000000111111110000000000000000000000000000000000000001111110000000000000000000000000000000000,1,0
1822,2,TypeB,37800,000000011111111000000000000000111111100000000000000000000111111100000000000000000111111110000000000000000000000000000000000000001111110000000000000000000000000000000000,1,0
1823,3,TypeC,25700,011100000000000000000000000011110000000000000000000000000000000000000000000000000000000000000000111111000000000000000000000000001111110000000000000000000000011110000000,1,0
1824,4,TypeC,25700,011100000000000000000000000011110000000000000000000000000000000000000000000000000000000000000000111111000000000000000000000000001111110000000000000000000000011110000000,1,0
1825,0,TypeA,47200,000000000111111111100000000000000000000000000000000000000111111110000000000000000111111111100000000000001111111110000000000000000000011111111100000000000000000000000000,1,0
1826,1,TypeB,40400,000000000000011111111000000000111111100000000000000000000111111100000000000000000111111110000000000000000000000000000000000000000000000000000000000000011111111000000000,1,0
1827,2,TypeB,40400,000000000000011111111000000000111111100000000000000000000111111100000000000000000111111110000000000000000000000000000000000000000000000000000000000000011111111000000000,1,0
1828,3,TypeC,25200,000000000000000000000000000011110000000000000000000000000000000000000000000000000000000000000000111111000000000000001111110000000000000000111100000000000000011110000000,1,0
1829,4,TypeC,25200,000000000000000000000000000011110000000000000000000000000000000000000000000000000000000000000000111111000000000000001111110000000000000000111100000000000000011110000000,1,0
