col_id,emp_id,emp_type,cost,schedule_pattern,in_final_mip,is_selected,reduced_cost
0,2,TypeB,38000,000000000000111111100000000000000000000000111111110000000001111111100000000000000000000011111111000000000000011111110000000000000000000000000000000000000000000000000000,1,0,1528233.3314285632
1,1,TypeB,38000,000000000000111111100000000000011111111000000000000000000001111111100000000000000000000011111111000000000000011111110000000000000000000000000000000000000000000000000000,1,0,1294204.0228571352
2,2,TypeB,38000,000000000000111111100000000000011111111000000000000000000001111111100000000000000000000011111111000000000000011111110000000000000000000000000000000000000000000000000000,1,0,1294204.022857136
3,3,TypeC,29100,000001111110000000000001111000000000000000000000001111110000000000000000000000000000011111000000000000000000000000000000000000000000000011111100000000000000000000000000,1,0,1627649.2685714369
4,4,TypeC,29100,000001111110000000000001111000000000000000000000001111110000000000000000000000000000011111000000000000000000000000000000000000000000000011111100000000000000000000000000,1,0,1627649.2685714369
5,3,TypeC,25100,000000000000000000000000000000000000000000000000000000000000000000000000011111100000000000011111000000000000011100000000000000000000000011111100000000000000011100000000,1,0,0.0
6,4,TypeC,25100,000000000000000000000000000000000000000000000000000000000000000000000000011111100000000000011111000000000000011100000000000000000000000011111100000000000000011100000000,0,0,0.0
7,0,TypeA,54400,000000000000011111111110000000000000000000000000001111111110000000000000011111111110000000000000000000000000000000000000000000111111111000000000000111111110000000000000,0,0,2199605.9657142833
8,1,TypeB,42800,000000000000000000001111111100000000000000000000000000000000000000000000000011111110000000000000000000000000001111111000000000111111110000000000000111111110000000000000,0,0,1835849.1485714242
9,2,TypeB,42800,000000000000000000001111111100000000000000000000000000000000000000000000000011111110000000000000000000000000001111111000000000111111110000000000000111111110000000000000,0,0,1835849.1485714251
10,3,TypeC,24900,000000000000000000000011111100000000000000000000001111000000000000000000000000011110000000000000000000000000000000000000000000111100000000000000000111111000000000000000,0,0,1428552.1314285723
11,4,TypeC,24900,000000000000000000000011111100000000000000000000001111000000000000000000000000011110000000000000000000000000000000000000000000111100000000000000000111111000000000000000,0,0,1428552.1314285723
12,0,TypeA,53400,000000011111111110000000000000001111111110000000000000000000000000000000011111111110000000000000000000000000000000000000000000111111111000000000000000000000011111111110,0,0,2213825.5771428626
13,1,TypeB,38400,000000000111111110000000000000000000011110000000000000000000000000000000011111111000000000000000000000000000011111111000000000000111111110000000000000000000000000000000,1,0,2162610.45142857
14,2,TypeB,38400,000000000111111110000000000000000000011110000000000000000000000000000000011111111000000000000000000000000000011111111000000000000111111110000000000000000000000000000000,1,0,2162610.451428571
15,3,TypeC,32300,000000000001111110000000000000000000011110000000000000000011111100000000000011111000000000000000000000000000000000000000000000000000111110000000000000000000000000000000,1,0,252822.645714283
16,4,TypeC,32300,000000000001111110000000000000000000011110000000000000000011111100000000000011111000000000000000000000000000000000000000000000000000111110000000000000000000000000000000,1,0,252822.645714283
17,0,TypeA,52800,000001111111110000000000000000001111111110000000000011111111110000000000000000000000000000000000000000011111111110000000000000000000000000000000000000000000011111111110,0,0,1530837.8514285795
18,1,TypeB,36400,000001111111000000000000001111111000000000000000001111000000000000000000000000000000000000000000000000000000011111111000000000111111110000000000000000000000000000000000,0,0,2517723.3371428596
19,2,TypeB,36400,000001111111000000000000001111111000000000000000001111000000000000000000000000000000000000000000000000000000011111111000000000111111110000000000000000000000000000000000,0,0,2517723.3371428605
20,3,TypeC,28000,000001111100000000000011111100000000000000000000001111000000000000000000000000000000000000000000000000000000011110000000000000000000000000000000000000001111110000000000,1,0,597770.4228571448
21,4,TypeC,28000,000001111100000000000011111100000000000000000000001111000000000000000000000000000000000000000000000000000000011110000000000000000000000000000000000000001111110000000000,1,0,597770.4228571448
22,0,TypeA,52200,000000000000011111111110000000000000000000000000000000000011111111100000000000000000000000000000000000011111111110000000000000111111111000000000000011111111110000000000,0,0,2119408.6628571413
23,1,TypeB,42800,000000000000011111111000000000000000000000000000000000000011111100000000000000000000000000000000000000000000011111111000000000111111110000000000000000001111111100000000,1,0,2007787.8399999905
24,2,TypeB,42800,000000000000011111111000000000000000000000000000000000000011111100000000000000000000000000000000000000000000011111111000000000111111110000000000000000001111111100000000,1,0,2007787.8399999915
25,3,TypeC,28500,000000000000011110000000000000000000011110000000000000000011111100000000000000000000000000000000000000000000000000000000000000111100000000000000000111111000000000000000,1,0,1011537.2571428558
26,4,TypeC,28500,000000000000011110000000000000000000011110000000000000000011111100000000000000000000000000000000000000000000000000000000000000111100000000000000000111111000000000000000,1,0,1011537.2571428558
27,0,TypeA,51000,000000011111111110000000000000001111111110000000000000000000000000000000000000001111111110000000000000011111111110000000000000000000000000000000000000000000011111111110,0,0,1273609.5200000145
28,1,TypeB,41400,000000000000000000001111111100000000000000000000000000000011111111000000000000000011111110000000000000011111111000000000000000111111110000000000000000000000000000000000,1,0,2394629.3657142874
29,2,TypeB,41400,000000000000000000001111111100000000000000000000000000000011111111000000000000000011111110000000000000011111111000000000000000111111110000000000000000000000000000000000,1,0,2394629.3657142883
30,3,TypeC,31100,000000000000000000000011111100000000000000000000000000000000000000000000000000000000011110000000000000011111000000000000000000000000111110000000000000001111110000000000,1,0,1001776.8685714388
31,4,TypeC,31100,000000000000000000000011111100000000000000000000000000000000000000000000000000000000011110000000000000011111000000000000000000000000111110000000000000001111110000000000,1,0,1001776.8685714388
32,0,TypeA,48600,000001111111110000000000000000001111111110000000000000000011111111100000000000001111111110000000000000000000000000000000000000000000000000000000000111111111000000000000,0,0,2047997.46857143
33,1,TypeB,42800,000000000000000000000000011111111000000000000000000000000000011111100000000000001111111100000000000000000000000000000000000000111111110000000000000111111110000000000000,0,0,1615550.8342857165
34,2,TypeB,42800,000000000000000000000000011111111000000000000000000000000000011111100000000000001111111100000000000000000000000000000000000000111111110000000000000111111110000000000000,0,0,1615550.8342857175
35,3,TypeC,35200,000000000001111110000000000000001111110000000000000000000000011111100000000000000000011110000000000000000000000000000000000000000000000000000000000000001111110000000000,1,0,963152.3485714337
36,4,TypeC,35200,000000000001111110000000000000001111110000000000000000000000011111100000000000000000011110000000000000000000000000000000000000000000000000000000000000001111110000000000,1,0,963152.3485714337
37,0,TypeA,48500,000000111111110000000000000000000000000000000000000000000000000000000000000000001111111110000000000000011111111110000000000000111111111000000000000111111110000000000000,0,0,1518005.8914285824
38,1,TypeB,36900,000000111111110000000000000000000000000000000000001111000000000000000000000000000000000011111111000000000000000000000000000000000000111110000000000111111110000000000000,0,0,1531672.1657142825
39,2,TypeB,36900,000000111111110000000000000000000000000000000000001111000000000000000000000000000000000011111111000000000000000000000000000000000000111110000000000111111110000000000000,0,0,1531672.1657142835
40,3,TypeC,24000,000000000000000000000000000000000000000000000000001111000000000000000000000000000000000000000000000000000000111110000000000000000000111110000000000111100000000000001110,0,0,1651308.4800000018
41,4,TypeC,24000,000000000000000000000000000000000000000000000000001111000000000000000000000000000000000000000000000000000000111110000000000000000000111110000000000111100000000000001110,0,0,1651308.4800000018
42,0,TypeA,49300,000001111111110000000000000000001111111110000000000000000000000000000000000000001111111110000000000000011111111110000000000000111111111000000000000000000000000000000000,0,0,1040811.7828571592
43,1,TypeB,40200,000000000000000000000000000000001111110000000000000000000000000000000000011111111000000000000000000000000000011111111000000000111111100000000000000000011111110000000000,1,0,2917197.8114285693
44,2,TypeB,40200,000000000000000000000000000000001111110000000000000000000000000000000000011111111000000000000000000000000000011111111000000000111111100000000000000000011111110000000000,1,0,2917197.81142857
45,3,TypeC,28000,000000000000000000000000000000001111110000000000000000000011110000000000000000001110000000000000000000000000000000000000000000000000111110000000000000000011110000000000,0,0,627272.5999999968
46,4,TypeC,28000,000000000000000000000000000000001111110000000000000000000011110000000000000000001110000000000000000000000000000000000000000000000000111110000000000000000011110000000000,0,0,627272.5999999968
47,0,TypeA,56100,000001111111110000000000000000001111111110000000000000000000000000000000011111111110000000000001111111111000000000000000000000000000000000000000000000000000011111111110,0,0,753003.6285714321
48,1,TypeB,40800,000000000000000000001111111100000000011110000000000000000000000000000000011111111000000000000000000000000000000000000000000000111111110000000000000000000000000111111110,0,0,4116208.6742857127
49,2,TypeB,40800,000000000000000000001111111100000000011110000000000000000000000000000000011111111000000000000000000000000000000000000000000000111111110000000000000000000000000111111110,0,0,4116208.6742857136
50,3,TypeC,28200,000000000000000000000000000000001111110000000000000000000000011111100000000000000000000000000000000000000000000011111000000000000000011110000000000000000000000000001110,0,0,3940065.8628571453
51,4,TypeC,28200,000000000000000000000000000000001111110000000000000000000000011111100000000000000000000000000000000000000000000011111000000000000000011110000000000000000000000000001110,0,0,3940065.8628571453
52,0,TypeA,50600,000000000000000000001111111100000000000000000000000001111111110000000000000000000000000111111111000000000000111111111000000000000000000000000000000000000000011111111100,1,0,3048572.171428566
53,1,TypeB,38300,000000000000000000001111111100000000000000000000000000000000000000000000011111111000000000000000000000000000011111111000000000000000011110000000000111111100000000000000,1,0,4191716.1485714237
54,2,TypeB,38300,000000000000000000001111111100000000000000000000000000000000000000000000011111111000000000000000000000000000011111111000000000000000011110000000000111111100000000000000,1,0,4191716.1485714247
55,3,TypeC,25700,000000000000000000000011111100000000000000000000000000000011110000000000011110000000000000000000000000000000000011111000000000000000011110000000000000000000000000000000,0,0,3369594.262857138
56,4,TypeC,25700,000000000000000000000011111100000000000000000000000000000011110000000000011110000000000000000000000000000000000011111000000000000000011110000000000000000000000000000000,0,0,3369594.262857138
57,0,TypeA,54300,000001111111110000000000000000000000000000000000000001111111110000000000011111111110000000000000000000011111111110000000000000000000000000000000000000111111111100000000,1,0,428942.12571428716
58,1,TypeB,40800,000000000000000000000000000000000000000000000000001111000000000000000000011111111000000000000000000000000111111110000000000000111111110000000000000000111111110000000000,1,0,1861523.6628571488
59,2,TypeB,40800,000000000000000000000000000000000000000000000000001111000000000000000000011111111000000000000000000000000111111110000000000000111111110000000000000000111111110000000000,1,0,1861523.6628571497
60,3,TypeC,32000,000000000000000000000000000000000000011110000000000000000000011111100000000001111110000000000000000000000000000000000000000000000000111110000000000000000111110000000000,0,0,0.0
61,4,TypeC,32000,000000000000000000000000000000000000011110000000000000000000011111100000000001111110000000000000000000000000000000000000000000000000111110000000000000000111110000000000,0,0,0.0
62,0,TypeA,56500,000000000000011111111110000000000000000000000000001111111110000000000000011111111110000000000000000000011111111110000000000000000000000000000000000000000000011111111110,1,0,1963241.5542857172
63,1,TypeB,35400,000000000000000111111110000000001111110000000000001111000000000000000000000000000011111110000000000000000000000000000000000000111111110000000000000000000000000000000000,1,0,2940495.080000003
64,2,TypeB,35400,000000000000000111111110000000001111110000000000001111000000000000000000000000000011111110000000000000000000000000000000000000111111110000000000000000000000000000000000,1,0,2940495.080000004
65,3,TypeC,27500,000001110000000000000000000000001111110000000000001110000000000000000000000000001111110000000000000000000000000000000000000000000000111110000000000000000000000000000000,0,0,813302.0857142908
66,4,TypeC,27500,000001110000000000000000000000001111110000000000001110000000000000000000000000001111110000000000000000000000000000000000000000000000111110000000000000000000000000000000,0,0,813302.0857142908
67,0,TypeA,51500,000001111111110000000000000000000000000000000000000001111111110000000000000000001111111110000000000000000000000000000000000000011111111110000000000000000000011111111110,0,0,1783983.4514285736
68,1,TypeB,36400,000000000000000000000000011111111000000000000000001111000000000000000000000000000011111110000000000000000000001111111000000000111111110000000000000000000000000000000000,0,0,1685409.091428575
69,2,TypeB,36400,000000000000000000000000011111111000000000000000001111000000000000000000000000000011111110000000000000000000001111111000000000111111110000000000000000000000000000000000,0,0,1685409.091428576
70,3,TypeC,27100,000000000000011110000000000000001111110000000000001111000000000000000000000000000000011110000000000000000000000000000000000000000000011110000000000000000000000000000000,1,0,2734009.1142857214
71,4,TypeC,27100,000000000000011110000000000000001111110000000000001111000000000000000000000000000000011110000000000000000000000000000000000000000000011110000000000000000000000000000000,1,0,2734009.1142857214
72,0,TypeA,49900,000001111111110000000000000000000000000000000000000000000000000000000000000000001111111110000000000000001111111110000000000000111111111000000000000000000000011111111110,0,0,1792615.4114285875
73,1,TypeB,38200,000000000000000000000011111100000000000000000000000000000000011111100000000000000000000011111111000000000000000000000000000000111111110000000000000000000011111100000000,0,0,2373817.994285709
74,2,TypeB,38200,000000000000000000000011111100000000000000000000000000000000011111100000000000000000000011111111000000000000000000000000000000111111110000000000000000000011111100000000,0,0,2373817.99428571
75,3,TypeC,36800,000000000001111110000000000000001111110000000000000000000000011111100000000000000000000000000000000000000000000000000000000000000000111110000000000000000011111100000000,1,0,267491.2857142873
76,4,TypeC,36800,000000000001111110000000000000001111110000000000000000000000011111100000000000000000000000000000000000000000000000000000000000000000111110000000000000000011111100000000,1,0,267491.2857142873
77,0,TypeA,49000,000001111111110000000000000000001111111110000000000000000011111111100000000000001111111110000000000000000000000000000000000000000000000000000000000000000000011111111110,0,0,2321306.9885714315
78,1,TypeB,37400,000000011111110000000000000000000000000000000000000000000011110000000000000000000000000011111111000000000000011111111000000000111111110000000000000000000000000000000000,0,0,998444.3085714234
79,2,TypeB,37400,000000011111110000000000000000000000000000000000000000000011110000000000000000000000000011111111000000000000011111111000000000111111110000000000000000000000000000000000,0,0,998444.3085714243
80,3,TypeC,17800,000001110000000000000000000000000000000000000000000000000011110000000000000000000000000111000000000000000000000000000000000000111000000000000000000000000000000000001110,0,0,3988416.0799999973
81,4,TypeC,17800,000001110000000000000000000000000000000000000000000000000011110000000000000000000000000111000000000000000000000000000000000000111000000000000000000000000000000000001110,0,0,3988416.0799999973
82,0,TypeA,51700,000001111111110000000000000000000000000000000000001111111110000000000000000000001111111110000000000000000000000000000000000000111111111000000000000000000000011111111110,0,0,1760728.3485714346
83,1,TypeB,34600,000001111111000000000000000000000000000000000000001111000000000000000000000000001111111100000000000000000000000000000000000000111100000000000000000111111110000000000000,0,0,2999492.9485714296
84,2,TypeB,34600,000001111111000000000000000000000000000000000000001111000000000000000000000000001111111100000000000000000000000000000000000000111100000000000000000111111110000000000000,0,0,2999492.9485714305
85,3,TypeC,24000,000001111100000000000000000000000000000000000000001110000000000000000000000000000000011110000000000000000000000000000000000000111000000000000000000000001111110000000000,1,0,2585464.9371428625
86,4,TypeC,24000,000001111100000000000000000000000000000000000000001110000000000000000000000000000000011110000000000000000000000000000000000000111000000000000000000000001111110000000000,1,0,2585464.9371428625
87,0,TypeA,49200,000001111111110000000000000000001111111110000000000000000000000000000000000000000000000111111111000000000000000000000000000000000111111110000000000000000000011111111110,0,0,1791015.4114285782
88,1,TypeB,40800,000000000000000000001111111100000000000000000000001111000000000000000000000000001111111100000000000000000000000000000000000000000111111110000000000000001111111100000000,0,0,2320893.462857142
89,2,TypeB,40800,000000000000000000001111111100000000000000000000001111000000000000000000000000001111111100000000000000000000000000000000000000000111111110000000000000001111111100000000,0,0,2320893.462857143
90,3,TypeC,24800,000001110000000000000000000111111000000000000000001111000000000000000000000000000000000000000000000000000000000000000000000000111100000000000000000000001111110000000000,0,0,860421.1314285761
91,4,TypeC,24800,000001110000000000000000000111111000000000000000001111000000000000000000000000000000000000000000000000000000000000000000000000111100000000000000000000001111110000000000,0,0,860421.1314285761
92,0,TypeA,54600,000001111111110000000000000000000000000000000000000000000000000000000000011111111110000000000000000000011111111110000000000000111111111000000000000011111111110000000000,1,0,950548.017142864
93,1,TypeB,35200,000001111100000000000000000000000000000000000000000000000011110000000000011111111000000000000000000000000000000000000000000000111111110000000000000000001111110000000000,0,0,3683627.325714277
94,2,TypeB,35200,000001111100000000000000000000000000000000000000000000000011110000000000011111111000000000000000000000000000000000000000000000111111110000000000000000001111110000000000,0,0,3683627.325714278
95,3,TypeC,32000,000001111100000000000000000000001111110000000000000000000011110000000000000000000000000000000000000000000000000000000000000000000000111110000000000000001111110000000000,1,0,854270.5257142852
96,4,TypeC,32000,000001111100000000000000000000001111110000000000000000000011110000000000000000000000000000000000000000000000000000000000000000000000111110000000000000001111110000000000,1,0,854270.5257142852
97,0,TypeA,53700,000001111111110000000000000000001111111110000000000000000000000000000000011111111110000000000000000000011111111110000000000000000000000000000000000000000000011111111110,0,0,1702751.645714296
98,1,TypeB,36400,000000011111110000000000000000000000011110000000000000000000000000000000000000000011111110000000000000000000011111111000000000000000000000000000000111111110000000000000,0,0,468510.5771428598
99,2,TypeB,36400,000000011111110000000000000000000000011110000000000000000000000000000000000000000011111110000000000000000000011111111000000000000000000000000000000111111110000000000000,0,0,468510.57714286074
100,3,TypeC,31000,000000000000000000000000000000000000011110000000000000000000011111100000000000000011111100000000000000000000000000000000000000111000000000000000000000000011111100000000,0,0,427083.11428571865
101,4,TypeC,31000,000000000000000000000000000000000000011110000000000000000000011111100000000000000011111100000000000000000000000000000000000000111000000000000000000000000011111100000000,0,0,427083.11428571865
102,0,TypeA,50300,000000011111111100000000000000000000000000000000000000000011111111100000000000000000000000000000000000011111111110000000000000111111111000000000000000000000011111111110,0,0,3107773.1714285733
103,1,TypeB,31200,000000000000000000001111111100000000011110000000000000000000011111100000000000000000000011111111000000000000000000000000000000111100000000000000000000000000000000000000,0,0,3509968.2457142835
104,2,TypeB,31200,000000000000000000001111111100000000011110000000000000000000011111100000000000000000000011111111000000000000000000000000000000111100000000000000000000000000000000000000,0,0,3509968.2457142845
105,3,TypeC,24400,000001110000000000001111110000000000011110000000000000000000011111100000000000000000000000000000000000000000000000000000000000111000000000000000000000000000000000000000,0,0,2333738.3714285754
106,4,TypeC,24400,000001110000000000001111110000000000011110000000000000000000011111100000000000000000000000000000000000000000000000000000000000111000000000000000000000000000000000000000,0,0,2333738.3714285754
107,0,TypeA,52200,000000000000011111111110000000000000000000000000000000000000000000000000000000001111111110000000000000011111111110000000000000111111111000000000000000000000011111111110,0,0,2077260.4228571523
108,1,TypeB,37900,000000000000000000000000000000000000000000000000000000000000011111100000000000000011111110000000000000000000011111111000000000111111110000000000000000000111110000000000,0,0,2216727.342857142
109,2,TypeB,37900,000000000000000000000000000000000000000000000000000000000000011111100000000000000011111110000000000000000000011111111000000000111111110000000000000000000111110000000000,0,0,2216727.342857143
110,3,TypeC,29400,000000000000000000000000000000000000011110000000000000000000011111100000000000001111110000000000000000000000000000000000000000111000000000000000000000000111110000000000,0,0,582747.2914285716
111,4,TypeC,29400,000000000000000000000000000000000000011110000000000000000000011111100000000000001111110000000000000000000000000000000000000000111000000000000000000000000111110000000000,0,0,582747.2914285716
112,0,TypeA,54600,000000011111111110000000000000000000000000000000001111111110000000000000011111111110000000000000000000011111111110000000000000111111111000000000000000000000000000000000,0,0,1447598.8057142943
113,1,TypeB,35300,000000011111110000000000000000000000000000000000000000000011111100000000011111111000000000000000000000000000000000000000000000111100000000000000000000000111111100000000,0,0,2990304.708571419
114,2,TypeB,35300,000000011111110000000000000000000000000000000000000000000011111100000000011111111000000000000000000000000000000000000000000000111100000000000000000000000111111100000000,0,0,2990304.70857142
115,3,TypeC,28000,000001111100000000000011111100000000000000000000000000000011111100000000000000000000000000000000000000000000001111100000000000111000000000000000000000000000000000000000,0,0,1595365.7142857122
116,4,TypeC,28000,000001111100000000000011111100000000000000000000000000000011111100000000000000000000000000000000000000000000001111100000000000111000000000000000000000000000000000000000,0,0,1595365.7142857122
117,0,TypeA,51100,000000000000000000000000000000001111111110000000000001111111110000000000000000000000000111111111000000000000000000000000000000111111111000000000000000000000011111111110,0,0,2216029.497142858
118,1,TypeB,39500,000000000000011111111000000000000000000000000000001111000000000000000000011111111000000000000000000000000000000000000000000000111111110000000000000111111100000000000000,0,0,2988224.108571425
119,2,TypeB,39500,000000000000011111111000000000000000000000000000001111000000000000000000011111111000000000000000000000000000000000000000000000111111110000000000000111111100000000000000,0,0,2988224.108571426
120,3,TypeC,27100,000000000001111100000000000000000000011110000000000000000011110000000000011111000000000000000000000000000000000000000000000000000000011110000000000000000000000000000000,0,0,1514546.4800000032
121,4,TypeC,27100,000000000001111100000000000000000000011110000000000000000011110000000000011111000000000000000000000000000000000000000000000000000000011110000000000000000000000000000000,0,0,1514546.4800000032
122,0,TypeA,52200,000001111111110000000000000000001111111110000000000000000000000000000000000000011111111110000000000000000000000000000000000000011111111110000000000011111111110000000000,0,0,513273.9314285815
123,1,TypeB,42800,000000000000000000001111111100000000000000000000000000000011111100000000011111111000000000000000000000000000000000000000000000111111110000000000000111111110000000000000,0,0,3324589.1428571325
124,2,TypeB,42800,000000000000000000001111111100000000000000000000000000000011111100000000011111111000000000000000000000000000000000000000000000111111110000000000000111111110000000000000,0,0,3324589.1428571334
125,3,TypeC,31200,000000000001111110000000000000000000011110000000000000000011111100000000000000000000011110000000000000000000000000000000000000000000011110000000000000000000000000000000,1,0,1679805.7600000016
126,4,TypeC,31200,000000000001111110000000000000000000011110000000000000000011111100000000000000000000011110000000000000000000000000000000000000000000011110000000000000000000000000000000,1,0,1679805.7600000016
127,0,TypeA,55300,000000000000000000000000000000001111111110000000000011111111110000000000011111111110000000000000000000011111111110000000000000000000000000000000000011111111110000000000,1,0,854556.2114285752
128,1,TypeB,34800,000000000000000000000000011111111000000000000000001111000000000000000000011111111000000000000000000000011111110000000000000000000000000000000000000000001111110000000000,1,0,3468660.971428573
129,2,TypeB,34800,000000000000000000000000011111111000000000000000001111000000000000000000011111111000000000000000000000011111110000000000000000000000000000000000000000001111110000000000,1,0,3468660.971428574
130,3,TypeC,26700,000000000000000000000011111100000000000000000000001111000000000000000000011110000000000000000000000000000000000000000000000000000000011110000000000000001111110000000000,0,0,2372998.9714285703
131,4,TypeC,26700,000000000000000000000011111100000000000000000000001111000000000000000000011110000000000000000000000000000000000000000000000000000000011110000000000000001111110000000000,0,0,2372998.9714285703
132,0,TypeA,55000,000000000000000000000000000000001111111110000000000011111111110000000000011111111110000000000000000000011111111110000000000000000000000000000000000000000000011111111110,0,0,2127165.7314285766
133,1,TypeB,34300,000000000000000000000000000000000000000000000000001111000000000000000000011111111000000000000000000000000000011111111000000000111100000000000000000000000111111100000000,0,0,4296969.919999994
134,2,TypeB,34300,000000000000000000000000000000000000000000000000001111000000000000000000011111111000000000000000000000000000011111111000000000111100000000000000000000000111111100000000,0,0,4296969.919999995
135,3,TypeC,23500,000001111100000000000011111100000000000000000000001111000000000000000000000000000000000000000000000000000000000000000000000000111000000000000000000000000000111100000000,0,0,2020930.5942857168
136,4,TypeC,23500,000001111100000000000011111100000000000000000000001111000000000000000000000000000000000000000000000000000000000000000000000000111000000000000000000000000000111100000000,0,0,2020930.5942857168
137,0,TypeA,51200,000000011111111110000000000000001111111110000000000001111111110000000000000011111111110000000000000000000000111111111000000000000000000000000000000000000000000000000000,1,0,541360.9942857139
138,1,TypeB,36000,000000011111110000000000011111111000000000000000000000000000011111100000000011111110000000000000000000000111111110000000000000000000000000000000000000000000000000000000,0,0,621510.834285724
139,2,TypeB,36000,000000011111110000000000011111111000000000000000000000000000011111100000000011111110000000000000000000000111111110000000000000000000000000000000000000000000000000000000,0,0,621510.8342857249
140,3,TypeC,28000,000001111100000000000011111100000000000000000000000000000000011111100000000000000000000000000000000000000000111110000000000000111000000000000000000000000000000000000000,1,0,1924164.4742857167
141,4,TypeC,28000,000001111100000000000011111100000000000000000000000000000000011111100000000000000000000000000000000000000000111110000000000000111000000000000000000000000000000000000000,1,0,1924164.4742857167
142,0,TypeA,55300,000000011111111110000000000000000000000000000000001111111110000000000000000011111111110000000000000000000001111111111000000000000000000000000000000011111111110000000000,1,0,-1.862645149230957e-09
143,1,TypeB,37100,000000011111110000000000011111111000000000000000000000000000011111100000000011111110000000000000000000000000000000000000000000000000000000000000000000011111110000000000,0,0,1086081.022857139
144,2,TypeB,37100,000000011111110000000000011111111000000000000000000000000000011111100000000011111110000000000000000000000000000000000000000000000000000000000000000000011111110000000000,0,0,1086081.0228571398
145,3,TypeC,29000,000001111100000000000011111100000000000000000000000000000000011111100000000000000000000000000000000000001111110000000000000000111000000000000000000000000000000000000000,1,0,2480910.188571441
146,4,TypeC,29000,000001111100000000000011111100000000000000000000000000000000011111100000000000000000000000000000000000001111110000000000000000111000000000000000000000000000000000000000,1,0,2480910.188571441
147,0,TypeA,54000,000000011111111110000000000000001111111110000000000001111111110000000000011111111110000000000000000000000000000000000000000000000000000000000000000011111111110000000000,0,0,420210.16571428254
148,1,TypeB,36000,000000011111110000000000011111111000000000000000000000000000011111100000000000000011111110000000000000000000011111111000000000000000000000000000000000000000000000000000,0,0,788281.6857142895
149,2,TypeB,36000,000000011111110000000000011111111000000000000000000000000000011111100000000000000011111110000000000000000000011111111000000000000000000000000000000000000000000000000000,0,0,788281.6857142905
150,3,TypeC,28000,000001111100000000000011111100000000000000000000000000000000011111100000000000000000000000000000000000000000000000000000000000111000000000000000000000000111110000000000,0,0,1794421.6857142863
151,4,TypeC,28000,000001111100000000000011111100000000000000000000000000000000011111100000000000000000000000000000000000000000000000000000000000111000000000000000000000000111110000000000,0,0,1794421.6857142863
152,0,TypeA,52900,000000011111111110000000000000000000000000000000000000000000000000000000000000011111111110000000000000011111111110000000000000111111111000000000000000000000011111111110,0,0,1795315.4114285829
153,1,TypeB,37200,000000000000000000001111111100000000000000000000001111000000000000000000000000000011111110000000000000000000000000000000000000111111110000000000000000001111110000000000,0,0,2317293.462857142
154,2,TypeB,37200,000000000000000000001111111100000000000000000000001111000000000000000000000000000011111110000000000000000000000000000000000000111111110000000000000000001111110000000000,0,0,2317293.462857143
155,3,TypeC,25700,000000000000000000001111110000000000000000000000001111000000000000000000000000000000011110000000000000000000000000000000000000111000000000000000000000001111110000000000,1,0,2214734.7942857174
156,4,TypeC,25700,000000000000000000001111110000000000000000000000001111000000000000000000000000000000011110000000000000000000000000000000000000111000000000000000000000001111110000000000,1,0,2214734.7942857174
157,0,TypeA,50300,000001111111110000000000000000000000000000000000000000000011111111100000000000001111111110000000000000011111111110000000000000000000000000000000000000000000011111111110,0,0,2331038.9485714333
158,1,TypeB,34000,000000011111110000000000000000000000011110000000000000000011111111000000000000001111111100000000000000000000111111100000000000000000000000000000000000000000000000000000,0,0,1046245.8971428555
159,2,TypeB,34000,000000011111110000000000000000000000011110000000000000000011111111000000000000001111111100000000000000000000111111100000000000000000000000000000000000000000000000000000,0,0,1046245.8971428564
160,3,TypeC,30000,000000000000000000000000000000000000011110000000000000000000011111100000000000000000000000000000000000000000001111100000000000000000011110000000000000000111110000000000,0,0,1284956.3828571439
161,4,TypeC,30000,000000000000000000000000000000000000011110000000000000000000011111100000000000000000000000000000000000000000001111100000000000000000011110000000000000000111110000000000,0,0,1284956.3828571439
162,0,TypeA,51000,000000000000011111111110000000000000000000000000000000000011111111100000000000001111111110000000000000011111111110000000000000000000000000000000000000000000111111111100,0,0,2614383.960000002
163,1,TypeB,35000,000000011111110000000000000000000000000000000000001111000000000000111111110000000000000011111111000000000000011111111000000000000000000000000000000000000000000000000000,1,0,657187.3142857114
164,2,TypeB,35000,000000011111110000000000000000000000000000000000001111000000000000111111110000000000000011111111000000000000011111111000000000000000000000000000000000000000000000000000,1,0,657187.3142857123
165,3,TypeC,30400,000000000000000000000000000000000000011110000000000000000000011111100000000000000000000000000000000000000000000011111000000000000000011110000000000000001111110000000000,1,0,2434315.074285715
166,4,TypeC,30400,000000000000000000000000000000000000011110000000000000000000011111100000000000000000000000000000000000000000000011111000000000000000011110000000000000001111110000000000,1,0,2434315.074285715
167,0,TypeA,48400,000001111111110000000000000000001111111110000000000000000011111111100000000000001111111110000000000000011111111110000000000000000000000000000000000000000000000000000000,0,0,1578235.3200000096
168,1,TypeB,35600,000000011111110000000000000000000000000000000000000000000000011111100000000011111110000000000000000000000000000000000000000000000000011110000000000000111111110000000000,0,0,1851200.1428571371
169,2,TypeB,35600,000000011111110000000000000000000000000000000000000000000000011111100000000011111110000000000000000000000000000000000000000000000000011110000000000000111111110000000000,0,0,1851200.142857138
170,3,TypeC,29000,000000000000000000000000000000000000011110000000000000000000011111100000000000000000011110000000000000000000000000000000000000000000001110000000000000001111110000000000,1,0,2275650.897142862
171,4,TypeC,29000,000000000000000000000000000000000000011110000000000000000000011111100000000000000000011110000000000000000000000000000000000000000000001110000000000000001111110000000000,1,0,2275650.897142862
172,0,TypeA,52000,000000011111111110000000000000001111111110000000000000000000000000000000000000000000000000000000000000011111111110000000000000011111111110000000000000000000111111111100,0,0,2051343.7428571554
173,1,TypeB,31200,000000000000000000001111111000000000000000000000001111000000000000000000000000000011111110000000000000000000011111111000000000000000001111000000000000000000000000000000,0,0,3672133.9885714278
174,2,TypeB,31200,000000000000000000001111111000000000000000000000001111000000000000000000000000000011111110000000000000000000011111111000000000000000001111000000000000000000000000000000,0,0,3672133.9885714287
175,3,TypeC,23100,000001110000000000000000000000000000000000000000001111000000000000000000011111000000000000000000000000000000011111100000000000000000001110000000000000000000000000000000,0,0,2807440.120000008
176,4,TypeC,23100,000001110000000000000000000000000000000000000000001111000000000000000000011111000000000000000000000000000000011111100000000000000000001110000000000000000000000000000000,0,0,2807440.120000008
177,0,TypeA,52100,000000011111111110000000000000000000000000000000000000000000000000000000011111111110000000000000000000001111111110000000000000111111111000000000000000000000011111111100,0,0,2221257.537142869
178,1,TypeB,32200,000000000000000000001111111100000000000000000000001111000000000000000000000000000011111110000000000000000000011111111000000000000000001111000000000000000000000000000000,0,0,3673133.9885714278
179,2,TypeB,32200,000000000000000000001111111100000000000000000000001111000000000000000000000000000011111110000000000000000000011111111000000000000000001111000000000000000000000000000000,0,0,3673133.9885714287
180,3,TypeC,20900,000001110000000000000011111100000000000000000000001110000000000000000000011111000000000000000000000000000000000000000000000000000000001110000000000000000000000000000000,0,0,2954198.8114285786
181,4,TypeC,20900,000001110000000000000011111100000000000000000000001110000000000000000000011111000000000000000000000000000000000000000000000000000000001110000000000000000000000000000000,0,0,2954198.8114285786
182,0,TypeA,51500,000000011111111110000000000000001111111110000000000000000000000000000000000001111111110000000000000000011111111110000000000000000000000000000000000111111111000000000000,1,0,427642.1257142946
183,1,TypeB,27000,000000000000000011111110000000000000011110000000000000000011110000000000011111111000000000000001111000000000000000000000000000000000000000000000000000000000000000000000,0,0,3235527.5428571394
184,2,TypeB,27000,000000000000000011111110000000000000011110000000000000000011110000000000011111111000000000000001111000000000000000000000000000000000000000000000000000000000000000000000,0,0,3235527.5428571403
185,3,TypeC,26700,000000000000000000000011111100000000000000000000111000000000011111100000000000000000000000000001110000000000000000000000000000000000000000000000000000001111110000000000,0,0,1496691.5657142894
186,4,TypeC,26700,000000000000000000000011111100000000000000000000111000000000011111100000000000000000000000000001110000000000000000000000000000000000000000000000000000001111110000000000,0,0,1496691.5657142894
187,0,TypeA,51700,000000011111111100000000000000001111111110000000000011111111110000000000000000000000000111111111000000000000000000000000000000000000000000000000000111111111000000000000,1,0,999300.0
188,1,TypeB,33000,000000000000000000000011111100000000011110000000000000000011111111000000000000001111111100000000000000000000001111111000000000000000000000000000000000000000000000000000,0,0,2220763.611428567
189,2,TypeB,33000,000000000000000000000011111100000000011110000000000000000011111111000000000000001111111100000000000000000000001111111000000000000000000000000000000000000000000000000000,0,0,2220763.611428568
190,3,TypeC,25900,000000000000000000000011110000000000011110000000000000000000011111000000000000000000000000000001110000000000000000000000000000000000000000000000000000001111110000000000,0,0,735495.3885714347
191,4,TypeC,25900,000000000000000000000011110000000000011110000000000000000000011111000000000000000000000000000001110000000000000000000000000000000000000000000000000000001111110000000000,0,0,735495.3885714347
192,0,TypeA,53700,000000011111111110000000000000001111111110000000000011111111110000000000000000000000000111111111000000000000000000000000000000000000000000000000000111111111100000000000,1,0,1001300.0
193,1,TypeB,30300,000000000000000000000000000000000000011110000000000000000011110000000000011111111000000000000000000000000000000000000000000000000000011110000000000000000000000011111110,0,0,5826019.931428563
194,2,TypeB,30300,000000000000000000000000000000000000011110000000000000000011110000000000011111111000000000000000000000000000000000000000000000000000011110000000000000000000000011111110,0,0,5826019.931428564
195,3,TypeC,20200,000000000000000000000011111100000000000000000000001110000000000000000000000000000000000000000001110000000000000000000000000000000000011110000000000000000000000000001110,0,0,2950880.7657142915
196,4,TypeC,20200,000000000000000000000011111100000000000000000000001110000000000000000000000000000000000000000001110000000000000000000000000000000000011110000000000000000000000000001110,0,0,2950880.7657142915
197,0,TypeA,52500,000000011111111100000000000000000000000000000000000011111111110000000000000000011111111110000000000000001111111110000000000000000000000000000000000011111111110000000000,0,0,1000.0000000093132
198,1,TypeB,28000,000000000000000111111110000000000000011110000000000000000011110000000000011111111000000000000001111000000000000000000000000000000000000000000000000000000000000000000000,0,0,3236527.5428571394
199,2,TypeB,28000,000000000000000111111110000000000000011110000000000000000011110000000000011111111000000000000001111000000000000000000000000000000000000000000000000000000000000000000000,0,0,3236527.5428571403
200,3,TypeC,26800,000000000000011100000000000000000000011110000000000000000000011111100000000000000000000000000001110000000000000000000000000000000000000000000000000000001111110000000000,0,0,736395.3885714347
201,4,TypeC,26800,000000000000011100000000000000000000011110000000000000000000011111100000000000000000000000000001110000000000000000000000000000000000000000000000000000001111110000000000,0,0,736395.3885714347
202,0,TypeA,52100,000000011111111110000000000000000000000000000000000001111111110000000000000000000000000111111111000000000000111111111000000000000000000000000000000000000000011111111110,0,0,1874554.457142854
203,1,TypeB,26000,000000000000000000000011111100000000011110000000000000000011110000000000011111111000000000000001111000000000000000000000000000000000000000000000000000000000000000000000,0,0,3127400.2457142826
204,2,TypeB,26000,000000000000000000000011111100000000011110000000000000000011110000000000011111111000000000000001111000000000000000000000000000000000000000000000000000000000000000000000,0,0,3127400.2457142835
205,3,TypeC,28100,000000000000011110000000000000000000011110000000000000000000011111100000000000000000000000000001110000000000000000000000000000000000000000000000000000001111110000000000,0,0,737695.3885714347
206,4,TypeC,28100,000000000000011110000000000000000000011110000000000000000000011111100000000000000000000000000001110000000000000000000000000000000000000000000000000000001111110000000000,0,0,737695.3885714347
207,0,TypeA,51700,000000011111111110000000000000001111111110000000000000000000000000000000000000011111111110000000000000011111111110000000000000011111111110000000000000000000000000000000,1,0,1043211.7828571592
208,1,TypeB,28200,000000000000000011111110000000000000011110000000000000000011110000000000011111111000000000000000000000000000000000000000000000000000011110000000000000000000000000000000,0,0,4931047.22857142
209,2,TypeB,28200,000000000000000011111110000000000000011110000000000000000011110000000000011111111000000000000000000000000000000000000000000000000000011110000000000000000000000000000000,0,0,4931047.228571421
210,3,TypeC,24400,000000000000000000000011111100000000000000000000111000000000011111100000000000000000000000000001110000000000000000000000000000000000011110000000000000000000000000000000,0,0,2773093.045714291
211,4,TypeC,24400,000000000000000000000011111100000000000000000000111000000000011111100000000000000000000000000001110000000000000000000000000000000000011110000000000000000000000000000000,0,0,2773093.045714291
212,0,TypeA,54700,000000011111111110000000000000000000000000000000000001111111110000000000011111111110000000000000000000011111111110000000000000000000000000000000000000000000111111111100,0,0,1702251.6457142876
213,1,TypeB,25200,000000000000000000000011110000000000011110000000000000000011110000000000011111111000000000000000000000000000000000000000000000000000011110000000000000000000000000000000,0,0,4820919.931428563
214,2,TypeB,25200,000000000000000000000011110000000000011110000000000000000011110000000000011111111000000000000000000000000000000000000000000000000000011110000000000000000000000000000000,0,0,4820919.931428564
215,3,TypeC,21200,000000000000000000000011110000000000000000000000001111000000000000000000011111000000000000000001110000000000000000000000000000000000011110000000000000000000000000000000,0,0,2633457.3085714397
216,4,TypeC,21200,000000000000000000000011110000000000000000000000001111000000000000000000011111000000000000000001110000000000000000000000000000000000011110000000000000000000000000000000,0,0,2633457.3085714397
217,0,TypeA,53100,000000011111111110000000000000001111111110000000000011111111110000000000000000000000000111111111000000000000000000000000000000000000000000000000000000000000011111111110,0,0,1273609.5200000014
218,1,TypeB,31200,000000000000000000000011111100000000011110000000000000000011111111000000000000001111111100000000000000000000000000000000000000000000011110000000000000000000000000000000,0,0,3367922.302857138
219,2,TypeB,31200,000000000000000000000011111100000000011110000000000000000011111111000000000000001111111100000000000000000000000000000000000000000000011110000000000000000000000000000000,0,0,3367922.302857139
220,3,TypeC,29200,000000000000000000000011111100000000000000000000000000000000011111100000000000000000000000000001110000000000000000000000000000000000011110000000000000000001111110000000,0,0,2007573.3371428624
221,4,TypeC,29200,000000000000000000000011111100000000000000000000000000000000011111100000000000000000000000000001110000000000000000000000000000000000011110000000000000000001111110000000,0,0,2007573.3371428624
222,0,TypeA,52000,000000011111111110000000000000000000000000000000000000000011111111100000000000011111111110000000000000000000000000000000000000011111111110000000000000000000011111111110,0,0,2844112.88
223,1,TypeB,28200,000000000000000000000000000000000000011110000000000000000000011111100000000000000011111110000000000000000001111110000000000000000000011110000000000000000000000000000000,0,0,3726750.0914285723
224,2,TypeB,28200,000000000000000000000000000000000000011110000000000000000000011111100000000000000011111110000000000000000001111110000000000000000000011110000000000000000000000000000000,0,0,3726750.0914285732
225,3,TypeC,30400,000000000000000000000011111000000000011110000000000000000000011111100000000000000000000000000000000000000001111110000000000000000000011110000000000000000000000000000000,1,0,1564057.8628571453
226,4,TypeC,30400,000000000000000000000011111000000000011110000000000000000000011111100000000000000000000000000000000000000001111110000000000000000000011110000000000000000000000000000000,1,0,1564057.8628571453
227,0,TypeA,53700,000000011111111110000000000000000000000000000000000001111111110000000000011111111110000000000000000000011111111110000000000000111111111000000000000000000000000000000000,0,0,1470153.9085714333
228,1,TypeB,30200,000000000000000000000000000000000000011110000000000000000000011111100000000000000011111110000000000000000111111110000000000000000000011110000000000000000000000000000000,0,0,3135537.114285726
229,2,TypeB,30200,000000000000000000000000000000000000011110000000000000000000011111100000000000000011111110000000000000000111111110000000000000000000011110000000000000000000000000000000,0,0,3135537.114285727
230,3,TypeC,29300,000000000000011110000000000000000000011110000000000000000000011111100000000000000000000000000000000000000000000000000000000000000000011110000000000000000111110000000000,0,0,1433215.074285715
231,4,TypeC,29300,000000000000011110000000000000000000011110000000000000000000011111100000000000000000000000000000000000000000000000000000000000000000011110000000000000000111110000000000,0,0,1433215.074285715
232,0,TypeA,53200,000000011111111110000000000000001111111110000000000000000000000000000000000011111111110000000000000000011111111110000000000000000000000000000000000000000000011111111110,0,0,702251.645714296
233,1,TypeB,35600,000000011111110000000000000000000000000000000000000000000000011111100000000000000011111110000000000000000000000000000000000000000000011110000000000000001111111100000000,0,0,2418966.0571428565
234,2,TypeB,35600,000000011111110000000000000000000000000000000000000000000000011111100000000000000011111110000000000000000000000000000000000000000000011110000000000000001111111100000000,0,0,2418966.0571428575
235,3,TypeC,27900,000001111100000000000011111000000000011110000000000000000000011111100000000000000000000000000000000000000000000000000000000000000000011110000000000000000000000000000000,1,0,2082946.6971428613
236,4,TypeC,27900,000001111100000000000011111000000000011110000000000000000000011111100000000000000000000000000000000000000000000000000000000000000000011110000000000000000000000000000000,1,0,2082946.6971428613
237,0,TypeA,51400,000001111111110000000000000000001111111110000000000000000000000000000000000000000000000111111111000000000000111111111000000000000000000000000000000111111111100000000000,0,0,1602444.937142861
238,1,TypeB,28400,000000000001111110000000000000000000000000000000000000000011110000000000000000000000000011111111000000000000000000000000000000000000011110000000000111100000000000000000,0,0,3002862.554285704
239,2,TypeB,28400,000000000001111110000000000000000000000000000000000000000011110000000000000000000000000011111111000000000000000000000000000000000000011110000000000111100000000000000000,0,0,3002862.554285705
240,3,TypeC,27400,000000000001111110000000000000000000000000000000000000000011110000000000000000000000011110000000000000000000000000000000000000000000011110000000000111100000000000000000,0,0,1671874.1885714289
241,4,TypeC,27400,000000000001111110000000000000000000000000000000000000000011110000000000000000000000011110000000000000000000000000000000000000000000011110000000000111100000000000000000,0,0,1671874.1885714289
242,0,TypeA,51600,000001111111110000000000000000001111111110000000000000000000000000000000000000011111111110000000000000011111111110000000000000000000000000000000000000000000111111111100,0,0,1274209.5200000145
243,1,TypeB,32300,000000000111111100000000000000000000000000000000000000000011110000000000000000011111110000000000000000000000000000000000000000000000011110000000000000011111110000000000,0,0,2617409.657142846
244,2,TypeB,32300,000000000111111100000000000000000000000000000000000000000011110000000000000000011111110000000000000000000000000000000000000000000000011110000000000000011111110000000000,0,0,2617409.657142847
245,3,TypeC,26000,000000000001111100000000000000000000000000000000000000000011110000000000000000000000011110000000000000000000000000000000000000000000011110000000000000000001110000000000,0,0,1664682.228571428
246,4,TypeC,26000,000000000001111100000000000000000000000000000000000000000011110000000000000000000000011110000000000000000000000000000000000000000000011110000000000000000001110000000000,0,0,1664682.228571428
247,0,TypeA,51100,000001111111110000000000000000001111111110000000000000000000000000000000000000000000000111111111000000000000000000000000000000111111111000000000000000000000011111111110,0,0,1792915.4114285782
248,1,TypeB,32300,000000000001111110000000000000000000000000000000000000000011110000000000000000000000000011111111000000000000000000000000000000000000011110000000000000011111110000000000,0,0,2722269.114285703
249,2,TypeB,32300,000000000001111110000000000000000000000000000000000000000011110000000000000000000000000011111111000000000000000000000000000000000000011110000000000000011111110000000000,0,0,2722269.1142857037
250,3,TypeC,23600,000000000000000000000000000000000000000000000000000000000011110000000000000000000000011110000000000000000000000000000000000000000000011110000000000111110000000000001110,0,0,3216022.0457142857
251,4,TypeC,23600,000000000000000000000000000000000000000000000000000000000011110000000000000000000000011110000000000000000000000000000000000000000000011110000000000111110000000000001110,0,0,3216022.0457142857
252,0,TypeA,50200,000001111111110000000000000000001111111110000000000000000011111111100000000000000000000111111111000000000000000000000000000000000000000000000000000000000000011111111110,0,0,2330338.9485714277
253,1,TypeB,37100,000000000000000000001111111100000000000000000000000000000011110000000000000000001111111100000000000000000000011111111000000000000000000000000000000000011111110000000000,0,0,2118226.319999993
254,2,TypeB,37100,000000000000000000001111111100000000000000000000000000000011110000000000000000001111111100000000000000000000011111111000000000000000000000000000000000011111110000000000,0,0,2118226.319999994
255,3,TypeC,21400,000001110000000000000000000000000000000000000000000000000011110000000000000000000000011110000000000000000000000000000000000000111000000000000000000111110000000000000000,0,0,2840543.862857145
256,4,TypeC,21400,000001110000000000000000000000000000000000000000000000000011110000000000000000000000011110000000000000000000000000000000000000111000000000000000000111110000000000000000,0,0,2840543.862857145
257,0,TypeA,49300,000001111111110000000000000000001111111110000000000000000011111111100000000000000000000000000000000000000000111111111000000000000000000000000000000000000000011111111110,0,0,3180480.2571428567
258,1,TypeB,34300,000000000111111110000000000000000000000000000000000000000011110000000000000000001111111100000000000000000000000000000000000000000000011110000000000000011111110000000000,0,0,2462145.479999993
259,2,TypeB,34300,000000000111111110000000000000000000000000000000000000000011110000000000000000001111111100000000000000000000000000000000000000000000011110000000000000011111110000000000,0,0,2462145.479999994
260,3,TypeC,23600,000000000000000000000000000000000000011110000000000000000011110000000000000000000000011110000000000000000000000000000000000000111000000000000000000111110000000000000000,0,0,2225945.577142859
261,4,TypeC,23600,000000000000000000000000000000000000011110000000000000000011110000000000000000000000011110000000000000000000000000000000000000111000000000000000000111110000000000000000,0,0,2225945.577142859
262,0,TypeA,51200,000001111111110000000000000000001111111110000000000000000000000000000000000000000000000000000000000000011111111110000000000000111111111000000000000000000000011111111110,0,0,2050543.7428571554
263,1,TypeB,35200,000000000000000000001111111100000000000000000000000000000000011111100000000000001111111100000000000000000000011111111000000000000000011110000000000000000000000000000000,0,0,3723826.5599999987
264,2,TypeB,35200,000000000000000000001111111100000000000000000000000000000000011111100000000000001111111100000000000000000000011111111000000000000000011110000000000000000000000000000000,0,0,3723826.5599999996
265,3,TypeC,26600,000001110000000000000000000000000000011110000000000000000000011111100000000000000000000000000000000000000000000000000000000000000000011110000000000111111000000000000000,0,0,2341730.3314285753
266,4,TypeC,26600,000001110000000000000000000000000000011110000000000000000000011111100000000000000000000000000000000000000000000000000000000000000000011110000000000111111000000000000000,0,0,2341730.3314285753
267,0,TypeA,52100,000000000000011111111110000000000000000000000000000001111111110000000000000000001111111110000000000000011111111110000000000000000000000000000000000111111111000000000000,1,0,1282945.011428574
268,1,TypeB,40400,000000000000000000001111111100000000000000000000000000000000011111100000000000000000000011111111000000000000011111111000000000000000000000000000000000001111111100000000,1,0,2458157.0399999935
269,2,TypeB,40400,000000000000000000001111111100000000000000000000000000000000011111100000000000000000000011111111000000000000011111111000000000000000000000000000000000001111111100000000,1,0,2458157.0399999944
270,3,TypeC,29600,000000000000000000000011111100000000000000000000000000000000011111100000000000000000011110000000000000000000000000000000000000000000011110000000000111111000000000000000,1,0,2550820.80571429
271,4,TypeC,29600,000000000000000000000011111100000000000000000000000000000000011111100000000000000000011110000000000000000000000000000000000000000000011110000000000111111000000000000000,1,0,2550820.80571429
272,0,TypeA,52400,000001111111110000000000000000001111111110000000000000000000000000000000000011111111110000000000000000011111111110000000000000000000000000000000000111111111000000000000,1,0,428542.1257142946
273,1,TypeB,38500,000000000111111100000000000000000000000000000000000000000011110000000000000000000000000011111111000000000000000000000000000000111111110000000000000000000111111100000000,0,0,1243079.702857134
274,2,TypeB,38500,000000000111111100000000000000000000000000000000000000000011110000000000000000000000000011111111000000000000000000000000000000111111110000000000000000000111111100000000,0,0,1243079.7028571349
275,3,TypeC,27400,000000000000011100000000000000000000000000000000000000000011110000000000000001111110000000000000000000000000000000000000000000000000011110000000000000000001111100000000,1,0,789904.4285714226
276,4,TypeC,27400,000000000000011100000000000000000000000000000000000000000011110000000000000001111110000000000000000000000000000000000000000000000000011110000000000000000001111100000000,1,0,789904.4285714226
277,0,TypeA,51900,000001111111110000000000000000001111111110000000000000000000000000000000000000000000000000000000000000011111111110000000000000011111111110000000000000000000011111111110,0,0,2051243.7428571554
278,1,TypeB,40800,000000000000000000000000000000000000000000000000000000000011110000000000000000000000000011111111000000000000011111111000000000111111110000000000000000111111110000000000,1,0,904452.5028571337
279,2,TypeB,40800,000000000000000000000000000000000000000000000000000000000011110000000000000000000000000011111111000000000000011111111000000000111111110000000000000000111111110000000000,1,0,904452.5028571347
280,3,TypeC,28200,000001111100000000000011111100000000000000000000000000000011110000000000000000000000000000000000000000000000000000000000000000000000011110000000000000000001111100000000,0,0,1744524.4057142832
281,4,TypeC,28200,000001111100000000000011111100000000000000000000000000000011110000000000000000000000000000000000000000000000000000000000000000000000011110000000000000000001111100000000,0,0,1744524.4057142832
282,0,TypeA,51100,000001111111110000000000000000000000000000000000000001111111110000000000000000001111111110000000000000011111111110000000000000000000000000000000000111111111000000000000,1,0,999300.0000000056
283,1,TypeB,38500,000000000000000000001111111100000000000000000000000000000011110000000000000011111110000000000000000000000000000000000000000000111111110000000000000000000111111100000000,0,0,2463929.399999989
284,2,TypeB,38500,000000000000000000001111111100000000000000000000000000000011110000000000000011111110000000000000000000000000000000000000000000111111110000000000000000000111111100000000,0,0,2463929.39999999
285,3,TypeC,26500,000000000001111110000000000000001111110000000000000000000011110000000000000000000000000000000001110000000000000000000000000000111000000000000000000000000000000000000000,0,0,1367299.5600000038
286,4,TypeC,26500,000000000001111110000000000000001111110000000000000000000011110000000000000000000000000000000001110000000000000000000000000000111000000000000000000000000000000000000000,0,0,1367299.5600000038
287,0,TypeA,51500,000001111111110000000000000000001111111110000000000000000000000000000000000001111111110000000000000000011111111110000000000000000000000000000000000000000000011111111110,0,0,700551.645714296
288,1,TypeB,39800,000000000000000000001111111100000000000000000000000000000011110000000000000000000011111110000000000000000000000000000000000000111111110000000000000000000111111110000000,0,0,2038787.2742857086
289,2,TypeB,39800,000000000000000000001111111100000000000000000000000000000011110000000000000000000011111110000000000000000000000000000000000000111111110000000000000000000111111110000000,0,0,2038787.2742857095
290,3,TypeC,28700,000000000001111110000000000000001111110000000000000000000011110000000000000000000000000000000000000000000000011110000000000000111000000000000000000000000000000000000000,1,0,914860.5542857125
291,4,TypeC,28700,000000000001111110000000000000001111110000000000000000000011110000000000000000000000000000000000000000000000011110000000000000111000000000000000000000000000000000000000,1,0,914860.5542857125
292,0,TypeA,50600,000001111111110000000000000000001111111110000000000000000000000000000000000000001111111110000000000000011111111110000000000000000000000000000000000000000000011111111110,0,0,1273209.5200000145
293,1,TypeB,40500,000000000000000000001111111000000000000000000000000000000000000000000000000000000000000011111111000000000001111110000000000000111111110000000000000000000111111100000000,0,0,1409147.022857139
294,2,TypeB,40500,000000000000000000001111111000000000000000000000000000000000000000000000000000000000000011111111000000000001111110000000000000111111110000000000000000000111111100000000,0,0,1409147.0228571398
295,3,TypeC,24200,000000000000000000000000000000000000000000000000000000000000011100000000000000000000000000000011100000000001111110000000000000111000000000000000000000000001111100000000,0,0,2729922.0514285723
296,4,TypeC,24200,000000000000000000000000000000000000000000000000000000000000011100000000000000000000000000000011100000000001111110000000000000111000000000000000000000000001111100000000,0,0,2729922.0514285723
297,0,TypeA,54700,000000011111111110000000000000000000000000000000000000000000000000000000011111111110000000000000000000011111111110000000000000111111111000000000000000000000011111111110,0,0,2223557.5371428654
298,1,TypeB,28500,000000000000000000000000000000000000011110000000000000000011110000000000000000000011111110000000000000000000001111111000000000000000111110000000000000000000000000000000,0,0,2543726.0914285686
299,2,TypeB,28500,000000000000000000000000000000000000011110000000000000000011110000000000000000000011111110000000000000000000001111111000000000000000111110000000000000000000000000000000,0,0,2543726.0914285695
300,3,TypeC,25800,000000000000000000000000000000000000011110000000000000000011110000000000011111000000000000000000000000000000000000000000000000000000111110000000000000000000011100000000,0,0,1206669.0971428608
301,4,TypeC,25800,000000000000000000000000000000000000011110000000000000000011110000000000011111000000000000000000000000000000000000000000000000000000111110000000000000000000011100000000,0,0,1206669.0971428608
302,0,TypeA,51300,000000011111111110000000000000001111111110000000000000000011111111100000000000000000000000000000000000000001111111111000000000000000000000000000000111111111100000000000,0,0,2909570.7371428553
303,1,TypeB,29500,000000000000000000000000000000000000011110000000000000000011110000000000000000000011111110000000000000000001111111100000000000000000111110000000000000000000000000000000,0,0,2544726.0914285686
304,2,TypeB,29500,000000000000000000000000000000000000011110000000000000000011110000000000000000000011111110000000000000000001111111100000000000000000111110000000000000000000000000000000,0,0,2544726.0914285695
305,3,TypeC,24900,000000000000000000000000000000000000011110000000000000000011110000000000011111000000000000000001110000000000000000000000000000000000111110000000000000000000000000000000,0,0,1511449.4114285805
306,4,TypeC,24900,000000000000000000000000000000000000011110000000000000000011110000000000011111000000000000000001110000000000000000000000000000000000111110000000000000000000000000000000,0,0,1511449.4114285805
307,0,TypeA,51500,000001111111110000000000000000001111111110000000000001111111110000000000000000011111111110000000000000000000000000000000000000000000000000000000000000000000011111111110,0,0,1264177.560000006
308,1,TypeB,29500,000000000000000000000000000000000000011110000000000000000011110000000000000000011111110000000000000000000000011111111000000000000000111110000000000000000000000000000000,0,0,2701990.2685714215
309,2,TypeB,29500,000000000000000000000000000000000000011110000000000000000011110000000000000000011111110000000000000000000000011111111000000000000000111110000000000000000000000000000000,0,0,2701990.2685714224
310,3,TypeC,23800,000000000000000000000000000000000000011110000000000000000011110000000000000000000000000000000001110000000000000000000000000000000000111110000000000000000000011100000000,0,0,828772.8685714323
311,4,TypeC,23800,000000000000000000000000000000000000011110000000000000000011110000000000000000000000000000000001110000000000000000000000000000000000111110000000000000000000011100000000,0,0,828772.8685714323
312,0,TypeA,51900,000000011111111100000000000000001111111110000000000000000000000000000000000000011111111110000000000000011111111110000000000000000000000000000000000111111111100000000000,0,0,1001600.0000000149
313,1,TypeB,29500,000000000000000000000000000000000000011110000000000000000011110000000000000000000011111110000000000000000000011111111000000000000000111110000000000000000000000000000000,0,0,2544726.0914285686
314,2,TypeB,29500,000000000000000000000000000000000000011110000000000000000011110000000000000000000011111110000000000000000000011111111000000000000000111110000000000000000000000000000000,0,0,2544726.0914285695
315,3,TypeC,25900,000000000000000000000000000000000000011110000000000000000011110000000000000000000000000000000001110000000000000000000000000000000000111110000000000111111000000000000000,0,0,836664.8285714323
316,4,TypeC,25900,000000000000000000000000000000000000011110000000000000000011110000000000000000000000000000000001110000000000000000000000000000000000111110000000000111111000000000000000,0,0,836664.8285714323
317,0,TypeA,55400,000001111111110000000000000000001111111110000000000000000000000000000000011111111110000000000001111111110000000000000000000000000000000000000000000111111111100000000000,0,0,479394.10857143253
318,1,TypeB,32500,000000000001111110000000000000000000000000000000000000000011111100000000000000000011111110000000000000000000001111111000000000000000111110000000000000000000000000000000,0,0,1989854.7028571377
319,2,TypeB,32500,000000000001111110000000000000000000000000000000000000000011111100000000000000000011111110000000000000000000001111111000000000000000111110000000000000000000000000000000,0,0,1989854.7028571386
320,3,TypeC,32600,000000000001111110000000000000000000000000000000000000000011111100000000000000001111110000000000000000000000000000000000000000000000111110000000000111000000000000000000,0,0,123453.38285713829
321,4,TypeC,32600,000000000001111110000000000000000000000000000000000000000011111100000000000000001111110000000000000000000000000000000000000000000000111110000000000111000000000000000000,0,0,123453.38285713829
322,0,TypeA,52500,000001111111110000000000000000001111111110000000000000000000000000000000000000011111111110000000000000011111111110000000000000000000000000000000000111111111100000000000,0,0,1002200.0000000149
323,1,TypeB,35500,000000000111111110000000000000000000000000000000000000000011111100000000000000000011111110000000000000000000011111111000000000000000111110000000000000000000000000000000,0,0,1738563.028571424
324,2,TypeB,35500,000000000111111110000000000000000000000000000000000000000011111100000000000000000011111110000000000000000000011111111000000000000000111110000000000000000000000000000000,0,0,1738563.028571425
325,3,TypeC,31600,000000000001111110000000000000000000000000000000000000000011111100000000000000000000000000000001110000000000000000000000000000000000111110000000000000000111110000000000,0,0,0.0
326,4,TypeC,31600,000000000001111110000000000000000000000000000000000000000011111100000000000000000000000000000001110000000000000000000000000000000000111110000000000000000111110000000000,0,0,0.0
327,0,TypeA,50700,000000011111111110000000000000001111111110000000000000000011111111100000000000000000000000000000000000011111111110000000000000000000000000000000000000000000011111111110,0,0,2588367.280000006
328,1,TypeB,33400,000000000001111110000000000000000000000000000000000000000011110000000000011111111000000000000000000000000000111110000000000000000111111110000000000000000000000000000000,0,0,2891192.1142857065
329,2,TypeB,33400,000000000001111110000000000000000000000000000000000000000011110000000000011111111000000000000000000000000000111110000000000000000111111110000000000000000000000000000000,0,0,2891192.1142857075
330,3,TypeC,31300,000000000001111110000000000000000000000000000000000000000011110000000000000000000000000000000000000000000000111110000000000000111100000000000000000000001111110000000000,1,0,23013.737142852508
331,4,TypeC,31300,000000000001111110000000000000000000000000000000000000000011110000000000000000000000000000000000000000000000111110000000000000111100000000000000000000001111110000000000,1,0,23013.737142852508
332,0,TypeA,49400,000000011111111110000000000000001111111110000000000000000011111111100000000000011111111110000000000000000000000000000000000000111111111000000000000000000000000000000000,0,0,2090609.2514285762
333,1,TypeB,39400,000000000001111110000000000000000000000000000000000000000011111111000000000000000011111110000000000000000000011111111000000000000111111110000000000000000000000000000000,1,0,1438194.485714281
334,2,TypeB,39400,000000000001111110000000000000000000000000000000000000000011111111000000000000000011111110000000000000000000011111111000000000000111111110000000000000000000000000000000,1,0,1438194.485714282
335,3,TypeC,27800,000000000001111110000000000000000000000000000000000000000011110000000000000000000000000000000001110000000000000000000000000000111100000000000000000000001111110000000000,0,0,474152.7428571433
336,4,TypeC,27800,000000000001111110000000000000000000000000000000000000000011110000000000000000000000000000000001110000000000000000000000000000111100000000000000000000001111110000000000,0,0,474152.7428571433
337,0,TypeA,50200,000001111111110000000000000000001111111110000000000000000000000000000000000000011111111110000000000000000000000000000000000000111111110000000000000000000000011111111110,0,0,1784183.451428582
338,1,TypeB,40800,000000000000000000000000000000001111110000000000000000000011111100000000011111111000000000000000000000000000000000000000000000111111110000000000000000001111111100000000,0,0,3555970.022857135
339,2,TypeB,40800,000000000000000000000000000000001111110000000000000000000011111100000000011111111000000000000000000000000000000000000000000000111111110000000000000000001111111100000000,0,0,3555970.022857136
340,3,TypeC,28700,000000000000000000000000000000001111110000000000000000000011111100000000000000000000000000000001110000000000000000000000000000000000011110000000000000000000111100000000,0,0,1917447.4171428606
341,4,TypeC,28700,000000000000000000000000000000001111110000000000000000000011111100000000000000000000000000000001110000000000000000000000000000000000011110000000000000000000111100000000,0,0,1917447.4171428606
342,0,TypeA,52200,000000011111111100000000000000001111111110000000000011111111110000000000000000011111111110000000000000000000000000000000000000000000000000000000000000000000011111111110,0,0,1264877.560000006
343,1,TypeB,39900,000000000000000000001111111100000000000000000000000000000011111111000000000000000011111110000000000000000000000000000000000000000000111110000000000000111111110000000000,1,0,1239264.0114285648
344,2,TypeB,39900,000000000000000000001111111100000000000000000000000000000011111111000000000000000011111110000000000000000000000000000000000000000000111110000000000000111111110000000000,1,0,1239264.0114285657
345,3,TypeC,27000,000001110000000000000011111100000000000000000000001111000000000000000000000000001111110000000000000000000000000000000000000000000000111110000000000000000000000000000000,0,0,573629.2457142882
346,4,TypeC,27000,000001110000000000000011111100000000000000000000001111000000000000000000000000001111110000000000000000000000000000000000000000000000111110000000000000000000000000000000,0,0,573629.2457142882
347,0,TypeA,52600,000000111111111100000000000000001111111110000000000000000000000000000000000000011111111110000000000000011111111110000000000000000000000000000000000000000000011111111110,0,0,1275209.5200000145
348,1,TypeB,33500,000000111111110000000000001111111000000000000000001111000000000000000000011111111000000000000000000000000000000000000000000000000000111110000000000000000000000000000000,0,0,2309532.4742857143
349,2,TypeB,33500,000000111111110000000000001111111000000000000000001111000000000000000000011111111000000000000000000000000000000000000000000000000000111110000000000000000000000000000000,0,0,2309532.4742857153
350,3,TypeC,22500,000001110000000000000011111100000000000000000000001111000000000000000000000000000000000000000001110000000000000000000000000000000000111110000000000000000000000000000000,0,0,1725377.3428571513
351,4,TypeC,22500,000001110000000000000011111100000000000000000000001111000000000000000000000000000000000000000001110000000000000000000000000000000000111110000000000000000000000000000000,0,0,1725377.3428571513
352,1,TypeB,30200,000000000000000000001111111100000000000000000000001111000000000000000000000000000011111110000000000000000001111110000000000000000000011110000000000000000000000000000000,0,0,3671133.9885714278
353,2,TypeB,30200,000000000000000000001111111100000000000000000000001111000000000000000000000000000011111110000000000000000001111110000000000000000000011110000000000000000000000000000000,0,0,3671133.9885714287
354,3,TypeC,32300,000000000001111110000000000000001111110000000000001111000000000000000000000000000000000000000000000000000001111110000000000000000000011110000000000000000000000000000000,0,0,1199566.742857146
355,4,TypeC,32300,000000000001111110000000000000001111110000000000001111000000000000000000000000000000000000000000000000000001111110000000000000000000011110000000000000000000000000000000,0,0,1199566.742857146
356,1,TypeB,32200,000000000000000000001111111100000000000000000000001111000000000000000000000000000011111110000000000000000000011111111000000000000000011110000000000000000000000000000000,0,0,3673133.9885714278
357,2,TypeB,32200,000000000000000000001111111100000000000000000000001111000000000000000000000000000011111110000000000000000000011111111000000000000000011110000000000000000000000000000000,0,0,3673133.9885714287
358,3,TypeC,32000,000000000001111110000000000000001111110000000000001111000000000000000000000000000000000000000000000000000000000000000000000000000000011110000000000000001111110000000000,1,0,1069523.9542857157
359,4,TypeC,32000,000000000001111110000000000000001111110000000000001111000000000000000000000000000000000000000000000000000000000000000000000000000000011110000000000000001111110000000000,0,0,1069523.9542857157
360,0,TypeA,52300,000000011111111110000000000000000000000000000000000000000011111111100000000000011111111110000000000000011111111110000000000000000000000000000000000011111111110000000000,1,0,1060129.4285714328
361,1,TypeB,34400,000000011111110000000000000000000000011110000000000000000000011111100000000000000011111110000000000000000000000000000000000000111111110000000000000000000000000000000000,0,0,1475293.3314285763
362,2,TypeB,34400,000000011111110000000000000000000000011110000000000000000000011111100000000000000011111110000000000000000000000000000000000000111111110000000000000000000000000000000000,0,0,1475293.3314285772
363,3,TypeC,27200,000001111100000000000000000000000000011110000000000000000000011111100000000000000000011110000000000000000000000000000000000000111100000000000000000000000000000000000000,1,0,2548410.0228571524
364,4,TypeC,27200,000001111100000000000000000000000000011110000000000000000000011111100000000000000000011110000000000000000000000000000000000000111100000000000000000000000000000000000000,1,0,2548410.0228571524
365,0,TypeA,52300,000000011111111110000000000000001111111110000000000000000000000000000000000000011111111110000000000000011111111110000000000000000000000000000000000000000000011111111110,0,0,1274909.5200000145
366,1,TypeB,43800,000000011111110000000000000000000000000000000000000000000000000000000000011111111000000000000000000000000000011111111000000000111111110000000000000000001111111100000000,1,0,1506107.2571428549
367,2,TypeB,43800,000000011111110000000000000000000000000000000000000000000000000000000000011111111000000000000000000000000000011111111000000000111111110000000000000000001111111100000000,1,0,1506107.2571428558
368,3,TypeC,28200,000000000000000000000011111000000000000000000000001111000000000000000000000000000000011110000000000000000000000000000000000000000000111110000000000000001111110000000000,0,0,1362709.5542857181
369,4,TypeC,28200,000000000000000000000011111000000000000000000000001111000000000000000000000000000000011110000000000000000000000000000000000000000000111110000000000000001111110000000000,0,0,1362709.5542857181
370,0,TypeA,48900,000001111111110000000000000000001111111110000000000000000011111111100000000000000000000111111111000000000000000000000000000000000000000000000000000000000000011111111100,0,0,2329038.9485714277
371,1,TypeB,33500,000000011111110000000000000000000000000000000000000000000011110000000000011111111000000000000000000000000111111110000000000000000000111110000000000000000000000000000000,0,0,2047081.777142861
372,2,TypeB,33500,000000011111110000000000000000000000000000000000000000000011110000000000011111111000000000000000000000000111111110000000000000000000111110000000000000000000000000000000,0,0,2047081.7771428619
373,3,TypeC,31800,000000000000000000000011111100000000000000000000001111000000000000000000000000000000000000000000000000000001111110000000000000000000111110000000000000001111110000000000,0,0,374615.04000000004
374,4,TypeC,31800,000000000000000000000011111100000000000000000000001111000000000000000000000000000000000000000000000000000001111110000000000000000000111110000000000000001111110000000000,0,0,374615.04000000004
375,1,TypeB,31500,000000011111110000000000000000000000000000000000000000000011110000000000011111111000000000000000000000000000011111100000000000000000111110000000000000000000000000000000,0,0,2638294.754285707
376,2,TypeB,31500,000000011111110000000000000000000000000000000000000000000011110000000000011111111000000000000000000000000000011111100000000000000000111110000000000000000000000000000000,0,0,2638294.754285708
377,3,TypeC,31200,000000000000000000000011111100000000000000000000001111000000000000000000000000000000000000000000000000000000011111100000000000000000111110000000000000001111110000000000,0,0,374015.04000000004
378,4,TypeC,31200,000000000000000000000011111100000000000000000000001111000000000000000000000000000000000000000000000000000000011111100000000000000000111110000000000000001111110000000000,0,0,374015.04000000004
379,0,TypeA,47700,000001111111110000000000000000001111111110000000000000000011111111100000000000001111111110000000000000000000000000000000000000000000000000000000000000000000011111111100,0,0,2320006.9885714315
380,1,TypeB,33500,000000011111110000000000000000000000000000000000000000000011110000000000011111111000000000000000000000000000011111111000000000000000111110000000000000000000000000000000,0,0,2640294.754285707
381,2,TypeB,33500,000000011111110000000000000000000000000000000000000000000011110000000000011111111000000000000000000000000000011111111000000000000000111110000000000000000000000000000000,0,0,2640294.754285708
382,3,TypeC,29300,000000000000000000000011111100000000000000000000001111000000000000000000000000000000000000000000000000000000000011111000000000000000111110000000000000001111110000000000,0,0,1521073.731428571
383,4,TypeC,29300,000000000000000000000011111100000000000000000000001111000000000000000000000000000000000000000000000000000000000011111000000000000000111110000000000000001111110000000000,0,0,1521073.731428571
384,0,TypeA,48600,000000011111111100000000000000000000000000000000000001111111110000000000000000001111111110000000000000000000000000000000000000000111111110000000000011111111110000000000,0,0,508173.93142857216
385,1,TypeB,39400,000000000000000000001111111100000000000000000000000000000000011111100000000000000011111110000000000000000000011111111000000000111111110000000000000000000000000000000000,0,0,2496928.8228571434
386,2,TypeB,39400,000000000000000000001111111100000000000000000000000000000000011111100000000000000011111110000000000000000000011111111000000000111111110000000000000000000000000000000000,0,0,2496928.8228571443
387,3,TypeC,25900,000000000000011100000000000000001111110000000000000000000000011111100000000000000000000000000001110000000000000000000000000000111100000000000000000000000000000000000000,0,0,1866873.680000009
388,4,TypeC,25900,000000000000011100000000000000001111110000000000000000000000011111100000000000000000000000000001110000000000000000000000000000111100000000000000000000000000000000000000,0,0,1866873.680000009
389,0,TypeA,47700,000000000000011111111110000000000000000000000000000000000011111111000000000000000000000000000000000000011111111110000000000000000111111110000000000000000000011111111100,0,0,3387818.1828571428
390,1,TypeB,29400,000000000111111110000000000000001111110000000000000000000000011111000000000000000000000000000000000000000000000000000000000000111100000000000000000111100000000000000000,0,0,3940969.9828571416
391,2,TypeB,29400,000000000111111110000000000000001111110000000000000000000000011111000000000000000000000000000000000000000000000000000000000000111100000000000000000111100000000000000000,0,0,3940969.9828571426
392,3,TypeC,24000,000000000000011110000000000000001111110000000000001111000000000000000000000000000000000000000000000000000000000000000000000000111100000000000000000111000000000000000000,0,0,2511600.7942857184
393,4,TypeC,24000,000000000000011110000000000000001111110000000000001111000000000000000000000000000000000000000000000000000000000000000000000000111100000000000000000111000000000000000000,0,0,2511600.7942857184
394,0,TypeA,52100,000001111111110000000000000000001111111110000000000000000000000000000000000001111111110000000000000000011111111110000000000000000000000000000000000111111111100000000000,1,0,428242.1257142946
395,1,TypeB,34400,000000000111111110000000000000001111110000000000000000000011110000000000000000001111110000000000000000000000000000000000000000000000000000000000000000111111110000000000,0,0,864474.4571428485
396,2,TypeB,34400,000000000111111110000000000000001111110000000000000000000011110000000000000000001111110000000000000000000000000000000000000000000000000000000000000000111111110000000000,0,0,864474.4571428495
397,3,TypeC,23500,000000000000011110000000000111111000000000000000001111000000000000000000000000000000000000000000000000000000000000000000000000111100000000000000000111100000000000000000,0,0,516892.7542857183
398,4,TypeC,23500,000000000000011110000000000111111000000000000000001111000000000000000000000000000000000000000000000000000000000000000000000000111100000000000000000111100000000000000000,0,0,516892.7542857183
399,0,TypeA,52400,000001111111110000000000000000001111111110000000000011111111110000000000000000000000000111111111000000000000000000000000000000000000000000000000000000111111111100000000,1,0,0.0
400,1,TypeB,35400,000000000111111110000000000000001111110000000000000000000011110000000000000000000000000000000000000000011111110000000000000000000000000000000000000000111111110000000000,1,0,2122529.262857141
401,2,TypeB,35400,000000000111111110000000000000001111110000000000000000000011110000000000000000000000000000000000000000011111110000000000000000000000000000000000000000111111110000000000,1,0,2122529.262857142
402,3,TypeC,25000,000000000000011110000000000000001111110000000000001111000000000000000000000000000000000000000000000000000000000000000000000000111100000000000000000111100000000000000000,0,0,1518392.7542857183
403,4,TypeC,25000,000000000000011110000000000000001111110000000000001111000000000000000000000000000000000000000000000000000000000000000000000000111100000000000000000111100000000000000000,0,0,1518392.7542857183
404,0,TypeA,49900,000000011111111110000000000000000000000000000000000011111111110000000000000000001111111110000000000000000000000000000000000000111111110000000000000000011111111100000000,0,0,1503681.9714285731
405,1,TypeB,39500,000000000111111110000000000000000000000000000000001111000000000000000000011111111000000000000000000000000000000000000000000000111111110000000000000000011111110000000000,0,0,2794363.8399999943
406,2,TypeB,39500,000000000111111110000000000000000000000000000000001111000000000000000000011111111000000000000000000000000000000000000000000000111111110000000000000000011111110000000000,0,0,2794363.839999995
407,3,TypeC,23300,000000000000011110000000000000000000000000000000001110000000000000000000000000000000000000000001110000000000000000000000000000111100000000000000000000000011111100000000,0,0,1298706.788571434
408,4,TypeC,23300,000000000000011110000000000000000000000000000000001110000000000000000000000000000000000000000001110000000000000000000000000000111100000000000000000000000011111100000000,0,0,1298706.788571434
409,0,TypeA,46800,000000011111111110000000000000001111111110000000000000000000000000000000000000001111111110000000000000000000000000000000000000000111111110000000000000011111111100000000,0,0,1502081.9714285806
410,1,TypeB,37500,000000000000000000000000001111111000000000000000000000000011110000000000000000000011111110000000000000000000000000000000000000000111111110000000000000011111110000000000,0,0,1275660.1142857112
411,2,TypeB,37500,000000000000000000000000001111111000000000000000000000000011110000000000000000000011111110000000000000000000000000000000000000000111111110000000000000011111110000000000,0,0,1275660.1142857121
412,3,TypeC,24400,000000000000011110000000000000000000000000000000001111000000000000000000011111000000000000000000000000000000000000000000000000000000011110000000000111110000000000000000,0,0,2336768.9542857204
413,4,TypeC,24400,000000000000011110000000000000000000000000000000001111000000000000000000011111000000000000000000000000000000000000000000000000000000011110000000000111110000000000000000,0,0,2336768.9542857204
414,0,TypeA,53700,000000011111111110000000000000000000000000000000000011111111110000000000011111111110000000000000000000000000000000000000000000000111111110000000000000000000011111111110,0,0,2212625.5771428533
415,1,TypeB,32200,000000000111111110000000000000000000000000000000000000000011110000000000011111111000000000000000000000000000001111111000000000000000011110000000000000000000000000000000,0,0,3866798.1771428473
416,2,TypeB,32200,000000000111111110000000000000000000000000000000000000000011110000000000011111111000000000000000000000000000001111111000000000000000011110000000000000000000000000000000,0,0,3866798.1771428483
417,3,TypeC,25500,000001111100000000001111110000000000000000000000001111000000000000000000000000000000000000000000000000000000001111100000000000111100000000000000000000000000000000000000,0,0,1497399.4057142898
418,4,TypeC,25500,000001111100000000001111110000000000000000000000001111000000000000000000000000000000000000000000000000000000001111100000000000111100000000000000000000000000000000000000,0,0,1497399.4057142898
419,0,TypeA,51200,000001111111110000000000000000000000000000000000000011111111110000000000000000001111111110000000000000011111111110000000000000000000000000000000000000011111111100000000,0,0,993608.0400000066
420,1,TypeB,31200,000000000111111110000000000000001111110000000000000000000011110000000000011111111000000000000000000000000000000000000000000000000000011110000000000000000000000000000000,0,0,4253929.708571421
421,2,TypeB,31200,000000000111111110000000000000001111110000000000000000000011110000000000011111111000000000000000000000000000000000000000000000000000011110000000000000000000000000000000,0,0,4253929.708571421
422,3,TypeC,22600,000001111100000000001111110000000000000000000000001111000000000000000000000000000000000000000001110000000000000000000000000000111100000000000000000000000000000000000000,0,0,1949138.4114285805
423,4,TypeC,22600,000001111100000000001111110000000000000000000000001111000000000000000000000000000000000000000001110000000000000000000000000000111100000000000000000000000000000000000000,0,0,1949138.4114285805
424,0,TypeA,51500,000000111111111100000000000000000000000000000000000000000000000000000000011111111110000000000000000000011111111110000000000000000111111110000000000000011111111100000000,1,0,1941656.057142864
425,1,TypeB,34300,000000000000011111111000000000000000000000000000000000000000000000000000011111111000000000000000000000000000011110000000000000000000011110000000000000000111111100000000,0,0,3010350.0057142796
426,2,TypeB,34300,000000000000011111111000000000000000000000000000000000000000000000000000011111111000000000000000000000000000011110000000000000000000011110000000000000000111111100000000,0,0,3010350.0057142805
427,3,TypeC,27400,000000000000011110000000000000000000000000000000001111000000000000000000000000000000000000000000000000000000011110000000000000000000011110000000000000000011111100000000,0,0,1224740.2799999993
428,4,TypeC,27400,000000000000011110000000000000000000000000000000001111000000000000000000000000000000000000000000000000000000011110000000000000000000011110000000000000000011111100000000,0,0,1224740.2799999993
429,0,TypeA,49800,000001111111110000000000000000000000000000000000000000000000000000000000000000000000000111111111000000000000111111111000000000000111111110000000000011111111110000000000,0,0,1120650.8285714295
430,1,TypeB,37300,000000000000011111111000000000000000000000000000000000000000000000000000011111111000000000000000000000011111110000000000000000000000011110000000000000000111111100000000,1,0,3568795.719999999
431,2,TypeB,37300,000000000000011111111000000000000000000000000000000000000000000000000000011111111000000000000000000000011111110000000000000000000000011110000000000000000111111100000000,1,0,3568795.7199999997
432,3,TypeC,28700,000000000000011110000000000000000000000000000000001111000000000000000000000000000000000000000000000000000000111110000000000000000000011110000000000000000011111100000000,0,0,1226040.2799999993
433,4,TypeC,28700,000000000000011110000000000000000000000000000000001111000000000000000000000000000000000000000000000000000000111110000000000000000000011110000000000000000011111100000000,0,0,1226040.2799999993
434,0,TypeA,53100,000001111111110000000000000000000000000000000000000000000000000000000000011111111110000000000001111111110000000000000000000000111111110000000000000000000000011111111100,0,0,1269809.5200000014
435,1,TypeB,34300,000000000000011111111000000000000000000000000000000000000011110000000000011111111000000000000000000000000000000000000000000000000000011110000000000000000111111100000000,0,0,3648522.2171428446
436,2,TypeB,34300,000000000000011111111000000000000000000000000000000000000011110000000000011111111000000000000000000000000000000000000000000000000000011110000000000000000111111100000000,0,0,3648522.2171428455
437,3,TypeC,25200,000000000000011110000000000000000000000000000000001111000000000000000000000000000000000000000001110000000000000000000000000000000000011110000000000000000011111100000000,0,0,1677179.28571429
438,4,TypeC,25200,000000000000011110000000000000000000000000000000001111000000000000000000000000000000000000000001110000000000000000000000000000000000011110000000000000000011111100000000,0,0,1677179.28571429
439,0,TypeA,49600,000001111111110000000000000000000000000000000000000000000000000000000000000000001111111110000000000000011111111110000000000000111111111000000000000000011111111100000000,0,0,1513313.9314285815
440,1,TypeB,36600,000000000000000000001111111000000000000000000000000000000011111100000000000000000000000000000000000000011111111000000000000000000000111110000000000000000111111100000000,0,0,3677520.062857139
441,2,TypeB,36600,000000000000000000001111111000000000000000000000000000000011111100000000000000000000000000000000000000011111111000000000000000000000111110000000000000000111111100000000,0,0,3677520.06285714
442,3,TypeC,26900,000000000000011100000000000000001111110000000000001111000000000000000000000000000000000000000000000000000000000000000000000000000000111110000000000111110000000000000000,0,0,1042340.011428575
443,4,TypeC,26900,000000000000011100000000000000001111110000000000001111000000000000000000000000000000000000000000000000000000000000000000000000000000111110000000000111110000000000000000,0,0,1042340.011428575
444,0,TypeA,48300,000001111111110000000000000000000000000000000000000000000000000000000000000000001111111110000000000000000000111111111000000000000111111110000000000000000000011111111110,0,0,2384228.3885714347
445,1,TypeB,36600,000000000000000000001111111100000000000000000000000000000011111100000000000000000000000000000000000000000000111111100000000000000000111110000000000000000111111100000000,0,0,3271033.03999999
446,2,TypeB,36600,000000000000000000001111111100000000000000000000000000000011111100000000000000000000000000000000000000000000111111100000000000000000111110000000000000000111111100000000,0,0,3271033.0399999907
447,3,TypeC,28200,000000000000011110000000000000001111110000000000001111000000000000000000000000000000000000000000000000000000000000000000000000000000111110000000000111110000000000000000,0,0,1043640.011428575
448,4,TypeC,28200,000000000000011110000000000000001111110000000000001111000000000000000000000000000000000000000000000000000000000000000000000000000000111110000000000111110000000000000000,0,0,1043640.011428575
449,0,TypeA,48800,000000011111111110000000000000001111111110000000000000000000000000000000000000000000000000000000000000000111111111100000000000000111111110000000000000111111111100000000,1,0,775534.2228571586
450,1,TypeB,34400,000000000000000000001111111100000000011110000000000000000011110000000000000000000000000000000000000000011111111000000000000000000000000000000000000000111111110000000000,1,0,2545560.794285712
451,2,TypeB,34400,000000000000000000001111111100000000011110000000000000000011110000000000000000000000000000000000000000011111111000000000000000000000000000000000000000111111110000000000,1,0,2545560.7942857128
452,3,TypeC,27100,000001111100000000000011111100000000000000000000001111000000000000000000000000000000000000000000000000000000000000000000000000111100000000000000000000001111110000000000,1,0,1369256.6171428594
453,4,TypeC,27100,000001111100000000000011111100000000000000000000001111000000000000000000000000000000000000000000000000000000000000000000000000111100000000000000000000001111110000000000,1,0,1369256.6171428594
454,0,TypeA,48400,000001111111110000000000000000001111111110000000000000000011111111100000000000000000000000000000000000000111111111100000000000111111111000000000000000000000000000000000,0,0,2355269.5428571543
455,1,TypeB,36500,000000000000011111111000000000000000000000000000000000000011111100000000011111111000000000000000000000011111111000000000000000000000111110000000000000000000000000000000,1,0,3332426.788571425
456,2,TypeB,36500,000000000000011111111000000000000000000000000000000000000011111100000000011111111000000000000000000000011111111000000000000000000000111110000000000000000000000000000000,1,0,3332426.7885714257
457,3,TypeC,20500,000001110000000000000000000000000000000000000000001111000000000000000000000000000000000000000001110000000000000000000000000000111000000000000000000000001111110000000000,0,0,2299201.102857149
458,4,TypeC,20500,000001110000000000000000000000000000000000000000001111000000000000000000000000000000000000000001110000000000000000000000000000111000000000000000000000001111110000000000,0,0,2299201.102857149
459,0,TypeA,49300,000001111111110000000000000000000000000000000000000000000000000000000000000000001111111110000000000000011111111110000000000000000111111110000000000000000000011111111110,0,0,1791715.4114285829
460,1,TypeB,42800,000000000000011111111000000000000000000000000000000000000011111100000000011111111000000000000000000000000000000000000000000000000111111110000000000000111111110000000000,1,0,1431716.4399999902
461,2,TypeB,42800,000000000000011111111000000000000000000000000000000000000011111100000000011111111000000000000000000000000000000000000000000000000111111110000000000000111111110000000000,1,0,1431716.439999991
462,3,TypeC,21700,000000000000000000000000000000000000000000000000111000000000011100000000000000000000000000000001110000000000000000000000000000111100000000000000000000001111110000000000,0,0,2297106.788571434
463,4,TypeC,21700,000000000000000000000000000000000000000000000000111000000000011100000000000000000000000000000001110000000000000000000000000000111100000000000000000000001111110000000000,0,0,2297106.788571434
464,0,TypeA,50900,000000011111111110000000000000001111111110000000000000000000000000000000011111111110000000000000000000000000000000000000000000000111111110000000000000011111111110000000,1,0,1932624.0971428603
465,1,TypeB,40400,000000000000011111111000000000000000000000000000000000000011111100000000000000001111111100000000000000000000011111111000000000000000000000000000000000000111111110000000,1,0,1228653.6171428496
466,2,TypeB,40400,000000000000011111111000000000000000000000000000000000000011111100000000000000001111111100000000000000000000011111111000000000000000000000000000000000000111111110000000,1,0,1228653.6171428505
467,3,TypeC,21500,000001110000000000000000000000000000000000000000001111000000000000000000000000000000000000000001110000000000011111100000000000111100000000000000000000000000000000000000,0,0,2053371.3942857236
468,4,TypeC,21500,000001110000000000000000000000000000000000000000001111000000000000000000000000000000000000000001110000000000011111100000000000111100000000000000000000000000000000000000,0,0,2053371.3942857236
469,0,TypeA,52900,000000000000011111111110000000000000000000000000000000000000000000000000011111111110000000000001111111110000000000000000000000000111111110000000000000011111111100000000,0,0,1273553.0514285695
470,1,TypeB,38400,000000000000011111111000000000000000000000000000000000000011111100000000000000000011111110000000000000000000001111111000000000000111111110000000000000000000000000000000,0,0,1274257.3599999957
471,2,TypeB,38400,000000000000011111111000000000000000000000000000000000000011111100000000000000000011111110000000000000000000001111111000000000000111111110000000000000000000000000000000,0,0,1274257.3599999966
472,3,TypeC,21800,000001110000000000000000000000000000000000000000001111000000000000000000000000000000000000000001110000000000000000000000000000111100000000000000000000001111110000000000,0,0,1923928.6057142932
473,4,TypeC,21800,000001110000000000000000000000000000000000000000001111000000000000000000000000000000000000000001110000000000000000000000000000111100000000000000000000001111110000000000,0,0,1923928.6057142932
474,0,TypeA,51900,000000000000011111111110000000000000000000000000000000000011111111100000000000001111111110000000000000011111111110000000000000000000000000000000000111111111100000000000,0,0,2342374.4400000013
475,1,TypeB,36100,000000000000000111111110000000000000000000000000000000000011110000000000000000000011111110000000000000011111111000000000000000000000000000000000000111111100000000000000,0,0,2915334.08
476,2,TypeB,36100,000000000000000111111110000000000000000000000000000000000011110000000000000000000011111110000000000000011111111000000000000000000000000000000000000111111100000000000000,0,0,2915334.080000001
477,3,TypeC,22800,000001111100000000000000000000000000000000000000000000000011110000000000000000000000000000000000000000000000000000000000000000111100000000000000000111110000000000001110,0,0,2368343.868571427
478,4,TypeC,22800,000001111100000000000000000000000000000000000000000000000011110000000000000000000000000000000000000000000000000000000000000000111100000000000000000111110000000000001110,0,0,2368343.868571427
479,0,TypeA,49000,000000011111111110000000000000001111111110000000000000000011111111100000000000000000000111111111000000000000000000000000000000000000000000000000000000011111111100000000,0,0,2050437.4685714263
480,1,TypeB,35100,000000011111110000000000000000000000000000000000000000000011110000000000000000000011111110000000000000011111111000000000000000000000000000000000000000000111111100000000,0,0,1347195.6285714302
481,2,TypeB,35100,000000011111110000000000000000000000000000000000000000000011110000000000000000000011111110000000000000011111111000000000000000000000000000000000000000000111111100000000,0,0,1347195.6285714312
482,3,TypeC,27300,000001111100000000000000000000001111110000000000000000000011110000000000000000000000000000000000000000000000000000000000000000111100000000000000000111110000000000000000,0,0,1612016.7085714298
483,4,TypeC,27300,000001111100000000000000000000001111110000000000000000000011110000000000000000000000000000000000000000000000000000000000000000111100000000000000000111110000000000000000,0,0,1612016.7085714298
484,0,TypeA,48600,000001111111110000000000000000001111111110000000000000000000000000000000000000001111111110000000000000000000000000000000000000111111110000000000000000000000111111111100,0,0,1782583.451428582
485,1,TypeB,35100,000000000000000000001111111100000000011110000000000000000011111100000000000000000000000000000000000000000000011111111000000000000000000000000000000000000111111100000000,0,0,3133981.8114285627
486,2,TypeB,35100,000000000000000000001111111100000000011110000000000000000011111100000000000000000000000000000000000000000000011111111000000000000000000000000000000000000111111100000000,0,0,3133981.8114285637
487,3,TypeC,26500,000001110000000000000000000000001111110000000000000000000000011100000000000000000000000000000000000000000000000000000000000000111100000000000000000000000011111100000000,0,0,2091801.4228571476
488,4,TypeC,26500,000001110000000000000000000000001111110000000000000000000000011100000000000000000000000000000000000000000000000000000000000000111100000000000000000000000011111100000000,0,0,2091801.4228571476
489,0,TypeA,48600,000000111111111100000000000000000000000000000000000000000011111111000000000000001111111110000000000000000000000000000000000000111111110000000000000011111111110000000000,0,0,1567803.3599999994
490,1,TypeB,34200,000000111111110000000000000000001111110000000000000000000011111111000000000000000011111110000000000000000000000000000000000000000000011110000000000000000000000000000000,1,0,2424653.8971428555
491,2,TypeB,34200,000000111111110000000000000000001111110000000000000000000011111111000000000000000011111110000000000000000000000000000000000000000000011110000000000000000000000000000000,1,0,2424653.8971428564
492,3,TypeC,28100,000000000000000000000011111000000000011110000000000000000000011111000000000000000000000000000000000000000000111110000000000000000000011110000000000000000000000000000000,1,0,1561757.8628571453
493,4,TypeC,28100,000000000000000000000011111000000000011110000000000000000000011111000000000000000000000000000000000000000000111110000000000000000000011110000000000000000000000000000000,1,0,1561757.8628571453
494,0,TypeA,50900,000000011111111110000000000000001111111110000000000000000000000000000000000000001111111110000000000000000000000000000000000000111111111000000000000111111111100000000000,0,0,1511973.9314285815
495,1,TypeB,36100,000000000000000000001111111100000000011110000000000000000011111111000000000000000011111110000000000000000000000000000000000000000000000000000000000000000111111100000000,0,0,2094120.8228571368
496,2,TypeB,36100,000000000000000000001111111100000000011110000000000000000011111111000000000000000011111110000000000000000000000000000000000000000000000000000000000000000111111100000000,0,0,2094120.8228571378
497,3,TypeC,26200,000001111100000000000000000000000000011110000000000000000000011111000000000000000000000000000000000000000000011110000000000000111100000000000000000000000000000000000000,1,0,1555715.5085714343
498,4,TypeC,26200,000001111100000000000000000000000000011110000000000000000000011111000000000000000000000000000000000000000000011110000000000000111100000000000000000000000000000000000000,1,0,1555715.5085714343
499,0,TypeA,48600,000001111111110000000000000000001111111110000000000000000000000000000000000000001111111110000000000000000000000000000000000000111111110000000000000000111111111100000000,0,0,509673.9314285815
500,1,TypeB,34600,000000000000000000001111111100000000011110000000000000000000000000000000000000000011111110000000000000000000000000000000000000000000011110000000000000111111110000000000,1,0,1791186.9828571426
501,2,TypeB,34600,000000000000000000001111111100000000011110000000000000000000000000000000000000000011111110000000000000000000000000000000000000000000011110000000000000111111110000000000,1,0,1791186.9828571435
502,3,TypeC,22600,000001110000000000000000000000001111110000000000001110000000000000000000000000000000000000000000000000000000001110000000000000000000011110000000000000000000000000000000,0,0,2364536.4171428625
503,4,TypeC,22600,000001110000000000000000000000001111110000000000001110000000000000000000000000000000000000000000000000000000001110000000000000000000011110000000000000000000000000000000,0,0,2364536.4171428625
504,0,TypeA,50200,000000011111111110000000000000000000000000000000000001111111110000000000000000001111111110000000000000000000000000000000000000111111110000000000000000000000011111111110,0,0,1782683.4514285736
505,1,TypeB,29200,000000000000000000001111111000000000011110000000000000000011111100000000000000000011111110000000000000000000000000000000000000000000011110000000000000000000000000000000,0,0,3547910.022857139
506,2,TypeB,29200,000000000000000000001111111000000000011110000000000000000011111100000000000000000011111110000000000000000000000000000000000000000000011110000000000000000000000000000000,0,0,3547910.02285714
507,3,TypeC,25500,000000000000000000001111110000000000011110000000000000000000011100000000000000000000000000000000000000000000011110000000000000000000011110000000000000000000000000000000,0,0,1741145.582857146
508,4,TypeC,25500,000000000000000000001111110000000000011110000000000000000000011100000000000000000000000000000000000000000000011110000000000000000000011110000000000000000000000000000000,0,0,1741145.582857146
509,0,TypeA,51000,000000011111111110000000000000000000000000000000000000000000000000000000000000001111111110000000000000011111111110000000000000011111111110000000000000000000011111111100,0,0,1793415.4114285829
510,1,TypeB,33200,000000111111110000000000001111111000000000000000000000000011111100000000000000000011111110000000000000000000000000000000000000000000011110000000000000000000000000000000,0,0,1605641.6171428561
511,2,TypeB,33200,000000111111110000000000001111111000000000000000000000000011111100000000000000000011111110000000000000000000000000000000000000000000011110000000000000000000000000000000,0,0,1605641.617142857
512,3,TypeC,22500,000000000000000000000000001110000000000000000000000000000000011100000000000000000000000000000000000000000000001110000000000000000000011110000000000000000111110000000000,0,0,2449520.571428571
513,4,TypeC,22500,000000000000000000000000001110000000000000000000000000000000011100000000000000000000000000000000000000000000001110000000000000000000011110000000000000000111110000000000,0,0,2449520.571428571
514,0,TypeA,49900,000000000000011111111110000000000000000000000000000000000000000000000000000000001111111110000000000000011111111110000000000000111111110000000000000000000000011111111100,0,0,2074960.4228571523
515,1,TypeB,33300,000000000000000000001111111100000000011110000000000000000000000000000000000000000011111110000000000000000000000000000000000000000000011110000000000000000111111100000000,0,0,2784095.0228571426
516,2,TypeB,33300,000000000000000000001111111100000000011110000000000000000000000000000000000000000011111110000000000000000000000000000000000000000000011110000000000000000111111100000000,0,0,2784095.0228571435
517,3,TypeC,25900,000001110000000000001111110000000000011110000000000000000000000000000000000000000000000000000000000000000000000000000000000000000000011110000000000000000111110000000000,1,0,1238524.6114285747
518,4,TypeC,25900,000001110000000000001111110000000000011110000000000000000000000000000000000000000000000000000000000000000000000000000000000000000000011110000000000000000111110000000000,1,0,1238524.6114285747
519,1,TypeB,29000,000000000000000000001111111100000000011110000000000000000011111100000000000000000011111110000000000000000000011110000000000000000000000000000000000000000000000000000000,0,0,2398751.331428568
520,2,TypeB,29000,000000000000000000001111111100000000011110000000000000000011111100000000000000000011111110000000000000000000011110000000000000000000000000000000000000000000000000000000,0,0,2398751.331428569
521,3,TypeC,22700,000000000000000000000000000000001111110000000000001111000000000000000000000000000000000000000000000000000000001110000000000000111100000000000000000000000000000000001110,0,0,2361342.1028571473
522,4,TypeC,22700,000000000000000000000000000000001111110000000000001111000000000000000000000000000000000000000000000000000000001110000000000000111100000000000000000000000000000000001110,0,0,2361342.1028571473
523,0,TypeA,50300,000001111111110000000000000000001111111110000000000000000000000000000000000000001111111110000000000000000000000000000000000000011111111110000000000000000000111111111100,0,0,1784283.451428582
524,1,TypeB,35300,000000000000000000001111111100000000000000000000000000000011111100000000000000000011111110000000000000000000000000000000000000000000011110000000000000000111111100000000,0,0,3265385.011428564
525,2,TypeB,35300,000000000000000000001111111100000000000000000000000000000011111100000000000000000011111110000000000000000000000000000000000000000000011110000000000000000111111100000000,0,0,3265385.011428565
526,3,TypeC,25900,000001110000000000000011111100000000000000000000000000000011110000000000000000000000000000000000000000000000000000000000000000000000011110000000000000000111110000000000,0,0,1717814.599999996
527,4,TypeC,25900,000001110000000000000011111100000000000000000000000000000011110000000000000000000000000000000000000000000000000000000000000000000000011110000000000000000111110000000000,0,0,1717814.599999996
528,0,TypeA,50700,000000011111111110000000000000001111111110000000000000000000000000000000000000001111111110000000000000000001111111111000000000000000000000000000000000111111111100000000,0,0,593912.9771428667
529,1,TypeB,37600,000000000000000000001111111100000000000000000000000000000000011111100000000000001111111100000000000000000000000000000000000000000000111110000000000000000111111100000000,0,0,2741958.531428569
530,2,TypeB,37600,000000000000000000001111111100000000000000000000000000000000011111100000000000001111111100000000000000000000000000000000000000000000111110000000000000000111111100000000,0,0,2741958.53142857
531,3,TypeC,18500,000001110000000000000000011100000000000000000000001110000000000000000000000000000000000000000000000000000000000000000000000000111100000000000000000000000000111100000000,0,0,2893649.771428575
532,4,TypeC,18500,000001110000000000000000011100000000000000000000001110000000000000000000000000000000000000000000000000000000000000000000000000111100000000000000000000000000111100000000,0,0,2893649.771428575
533,0,TypeA,51900,000000011111111110000000000000001111111110000000000000000000000000000000000011111111110000000000000000000000111111111000000000000000000000000000000000111111111100000000,0,0,21555.102857146412
534,1,TypeB,34100,000000000000000000000000000000000000011110000000000000000000011111100000000011111110000000000000000000000000011111111000000000000000000000000000000000000111111100000000,0,0,2880390.7371428516
535,2,TypeB,34100,000000000000000000000000000000000000011110000000000000000000011111100000000011111110000000000000000000000000011111111000000000000000000000000000000000000111111100000000,0,0,2880390.7371428525
536,3,TypeC,25000,000001111100000000000000000000000000011110000000000000000000011111100000000000000000000000000001110000000000000000000000000000111100000000000000000000000000000000000000,0,0,2009154.514285725
537,4,TypeC,25000,000001111100000000000000000000000000011110000000000000000000011111100000000000000000000000000001110000000000000000000000000000111100000000000000000000000000000000000000,0,0,2009154.514285725
538,0,TypeA,49700,000001111111110000000000000000000000000000000000000000000011111111100000000000001111111110000000000000011111111110000000000000000000000000000000000000011111111110000000,1,0,2051737.468571432
539,1,TypeB,35400,000000111111110000000000000000000000011110000000000000000000011111100000000000000011111110000000000000000000000000000000000000000000000000000000000000000111111110000000,1,0,1428689.5885714302
540,2,TypeB,35400,000000111111110000000000000000000000011110000000000000000000011111100000000000000011111110000000000000000000000000000000000000000000000000000000000000000111111110000000,1,0,1428689.588571431
541,3,TypeC,25000,000000000000000000000000000000000000000000000000001111000000000000000000011111000000000000000000000000000000001110000000000000111100000000000000000000000001111110000000,0,0,1806045.805714293
542,4,TypeC,25000,000000000000000000000000000000000000000000000000001111000000000000000000011111000000000000000000000000000000001110000000000000111100000000000000000000000001111110000000,0,0,1806045.805714293
543,0,TypeA,56200,000000011111111110000000000000000000000000000000000000000000000000000000011111111110000000000001111111110000000000000000000000011111111110000000000000111111111100000000,0,0,0.0
544,1,TypeB,32500,000000111111110000000000000000000000011110000000000000000011111100000000011111111000000000000000000000000000000000000000000000000000000000000000000000000001111100000000,0,0,2652702.21714285
545,2,TypeB,32500,000000111111110000000000000000000000011110000000000000000011111100000000011111111000000000000000000000000000000000000000000000000000000000000000000000000001111100000000,0,0,2652702.217142851
546,3,TypeC,29500,000000000000000000000000000000001111110000000000001111000000000000000000000000000000000000000000000000000000011111100000000000111100000000000000000000000001111100000000,0,0,1368142.1028571473
547,4,TypeC,29500,000000000000000000000000000000001111110000000000001111000000000000000000000000000000000000000000000000000000011111100000000000111100000000000000000000000001111100000000,0,0,1368142.1028571473
548,0,TypeA,51300,000000011111111110000000000000001111111110000000000011111111110000000000000000001111111110000000000000000000000000000000000000000000000000000000000000011111111110000000,0,0,985276.0800000038
549,1,TypeB,36900,000000000000000000001111111000000000000000000000000000000000011111100000000000000011111110000000000000000000000000000000000000000000111110000000000000000111111110000000,0,0,2741258.531428569
550,2,TypeB,36900,000000000000000000001111111000000000000000000000000000000000011111100000000000000011111110000000000000000000000000000000000000000000111110000000000000000111111110000000,0,0,2741258.53142857
551,3,TypeC,28600,000000000000000000000000000000001111110000000000001111000000000000000000011111000000000000000000000000000000000000000000000000111100000000000000000000000001111110000000,0,0,2197777.3371428666
552,4,TypeC,28600,000000000000000000000000000000001111110000000000001111000000000000000000011111000000000000000000000000000000000000000000000000111100000000000000000000000001111110000000,0,0,2197777.3371428666
553,0,TypeA,48700,000000000000011111111110000000000000000000000000000000000011111111100000000000001111111110000000000000000000111111111000000000000000000000000000000000011111111100000000,0,0,2926895.4571428513
554,1,TypeB,39400,000000000000000000001111111100000000000000000000000000000000011111100000000000000011111110000000000000000000011111111000000000000000000000000000000000001111111100000000,0,0,2449325.0799999973
555,2,TypeB,39400,000000000000000000001111111100000000000000000000000000000000011111100000000000000011111110000000000000000000011111111000000000000000000000000000000000001111111100000000,0,0,2449325.079999998
556,3,TypeC,26000,000000000000000000000000000000001111110000000000001111000000000000000000011111000000000000000000000000000000000000000000000000111100000000000000000000000000111100000000,0,0,2195177.3371428666
557,4,TypeC,26000,000000000000000000000000000000001111110000000000001111000000000000000000011111000000000000000000000000000000000000000000000000111100000000000000000000000000111100000000,0,0,2195177.3371428666
558,0,TypeA,52800,000000111111111100000000000000000000000000000000000011111111110000000000000000001111111110000000000000000000000000000000000000111111111000000000000000000000011111111110,0,0,1785283.4514285736
559,1,TypeB,31500,000000111111110000000000000000000000011110000000000000000000000000000000011111111000000000000000000000000000111110000000000000000000111110000000000000000000000000000000,0,0,2159004.765714286
560,2,TypeB,31500,000000111111110000000000000000000000011110000000000000000000000000000000011111111000000000000000000000000000111110000000000000000000111110000000000000000000000000000000,0,0,2159004.765714287
561,3,TypeC,26300,000000000000000000000000000000000000000000000000001111000000000000000000011110000000000000000000000000000000111110000000000000111100000000000000000000001111110000000000,0,0,1847067.7828571433
562,4,TypeC,26300,000000000000000000000000000000000000000000000000001111000000000000000000011110000000000000000000000000000000111110000000000000111100000000000000000000001111110000000000,0,0,1847067.7828571433
563,0,TypeA,52100,000001111111110000000000000000000000000000000000000011111111110000000000000000001111111110000000000000000000000000000000000000111111111000000000000000000000011111111110,0,0,1784583.4514285736
564,1,TypeB,35600,000000000000000000000000001111111000000000000000000000000000011111100000000000000011111110000000000000000000000000000000000000000000111110000000000000000111111100000000,0,0,1979131.3714285716
565,2,TypeB,35600,000000000000000000000000001111111000000000000000000000000000011111100000000000000011111110000000000000000000000000000000000000000000111110000000000000000111111100000000,0,0,1979131.3714285726
566,3,TypeC,29400,000000000000000000000000000000000000011110000000000000000000011111100000000000000000000000000000000000000000011110000000000000111100000000000000000000001111110000000000,1,0,907783.8857142879
567,4,TypeC,29400,000000000000000000000000000000000000011110000000000000000000011111100000000000000000000000000000000000000000011110000000000000111100000000000000000000001111110000000000,1,0,907783.8857142879
568,0,TypeA,48700,000000011111111110000000000000001111111110000000000000000000000000000000000000001111111110000000000000000000000000000000000000111111111000000000000000011111111100000000,0,0,1503981.9714285806
569,1,TypeB,32500,000000111111110000000000000000000000011110000000000000000011111100000000011111111000000000000000000000000000000000000000000000000000111110000000000000000000000000000000,0,0,2798176.977142852
570,2,TypeB,32500,000000111111110000000000000000000000011110000000000000000011111100000000011111111000000000000000000000000000000000000000000000000000111110000000000000000000000000000000,0,0,2798176.9771428527
571,3,TypeC,28900,000001111100000000000000000000001111110000000000001111000000000000000000000000000000000000000000000000000000000000000000000000111100000000000000000000000011111100000000,0,0,1610229.457142862
572,4,TypeC,28900,000001111100000000000000000000001111110000000000001111000000000000000000000000000000000000000000000000000000000000000000000000111100000000000000000000000011111100000000,0,0,1610229.457142862
573,0,TypeA,52900,000001111111110000000000000000000000000000000000000001111111110000000000000000000000000000000001111111110000000000000000000000111111111000000000000000000000111111111100,0,0,1098595.725714285
574,1,TypeB,31500,000000000000000000001111111100000000011110000000000000000000011111100000000000000011111110000000000000000000000000000000000000000000111110000000000000000000000000000000,0,0,3024483.542857144
575,2,TypeB,31500,000000000000000000001111111100000000011110000000000000000000011111100000000000000011111110000000000000000000000000000000000000000000111110000000000000000000000000000000,0,0,3024483.542857145
576,3,TypeC,28300,000000000000000000000000000000001111110000000000001111000000000000000000011111000000000000000000000000000000000000000000000000111100000000000000000000001111110000000000,0,0,1918775.8571428652
577,4,TypeC,28300,000000000000000000000000000000001111110000000000001111000000000000000000011111000000000000000000000000000000000000000000000000111100000000000000000000001111110000000000,0,0,1918775.8571428652
578,0,TypeA,52700,000001111111110000000000000000000000000000000000000011111111110000000000000000000000000111111111000000000001111111111000000000000000000000000000000000000000011111111100,0,0,1875154.457142854
579,1,TypeB,37600,000000000000000000000000011111111000000000000000000000000011111100000000011111111000000000000000000000000000000000000000000000000000111110000000000000000111111100000000,0,0,2929342.519999991
580,2,TypeB,37600,000000000000000000000000011111111000000000000000000000000011111100000000011111111000000000000000000000000000000000000000000000000000111110000000000000000111111100000000,0,0,2929342.519999992
581,3,TypeC,26600,000000000000000000000000011100000000000000000000001111000000000000000000000000000000000000000000000000000001111110000000000000111100000000000000000000001111110000000000,0,0,1847367.7828571433
582,4,TypeC,26600,000000000000000000000000011100000000000000000000001111000000000000000000000000000000000000000000000000000001111110000000000000111100000000000000000000001111110000000000,0,0,1847367.7828571433
583,0,TypeA,49600,000001111111110000000000000000000000000000000000000000000000000000000000000000001111111110000000000000011111111110000000000000111111110000000000000000011111111110000000,0,0,1513313.9314285815
584,1,TypeB,36600,000000000000000000000000000000000000000000000000000000000011111100000000011111111000000000000000000000000000001111111000000000000000111110000000000000000111111100000000,0,0,3540210.9885714184
585,2,TypeB,36600,000000000000000000000000000000000000000000000000000000000011111100000000011111111000000000000000000000000000001111111000000000000000111110000000000000000111111100000000,0,0,3540210.9885714194
586,3,TypeC,29500,000001111100000000000000000000000000011110000000000000000000011111100000000000000000000000000000000000000000000000000000000000111100000000000000000000001111110000000000,1,0,1429272.720000004
587,4,TypeC,29500,000001111100000000000000000000000000011110000000000000000000011111100000000000000000000000000000000000000000000000000000000000111100000000000000000000001111110000000000,1,0,1429272.720000004
588,0,TypeA,49100,000000011111111110000000000000001111111110000000000000000011111111100000000000000000000000000000000000011111111110000000000000000000000000000000000000011111111100000000,1,0,2308065.8000000045
589,1,TypeB,39500,000000111111110000000000000000000000000000000000000000000011110000000000000000001111111100000000000000000000000000000000000000111111110000000000000000000111111100000000,0,0,862969.5599999968
590,2,TypeB,39500,000000111111110000000000000000000000000000000000000000000011110000000000000000001111111100000000000000000000000000000000000000111111110000000000000000000111111100000000,0,0,862969.5599999977
591,3,TypeC,26800,000000000001111110000000000000000000000000000000001110000000000000000000000000000000000000000000000000000000011110000000000000111100000000000000000000000001111100000000,0,0,578321.4057142874
592,4,TypeC,26800,000000000001111110000000000000000000000000000000001110000000000000000000000000000000000000000000000000000000011110000000000000111100000000000000000000000001111100000000,0,0,578321.4057142874
593,0,TypeA,51600,000000000000011111111110000000000000000000000000000000000011111111100000000000001111111110000000000000011111111110000000000000000000000000000000000011111111110000000000,0,0,1342074.4400000013
594,1,TypeB,38500,000000111111110000000000000000000000000000000000000000000011110000000000000000000011111110000000000000000000000000000000000000111111110000000000000000000111111100000000,0,0,861969.5599999968
595,2,TypeB,38500,000000111111110000000000000000000000000000000000000000000011110000000000000000000011111110000000000000000000000000000000000000111111110000000000000000000111111100000000,0,0,861969.5599999977
596,3,TypeC,29000,000000000001111110000000000000000000011110000000000000000011110000000000000000000000000000000000000000000000000000000000000000111100000000000000000000000001111100000000,0,0,458297.43999999855
597,4,TypeC,29000,000000000001111110000000000000000000011110000000000000000011110000000000000000000000000000000000000000000000000000000000000000111100000000000000000000000001111100000000,0,0,458297.43999999855
598,0,TypeA,51800,000000000000011111111110000000000000000000000000000001111111110000000000000001111111110000000000000000011111111110000000000000000000000000000000000000011111111100000000,1,0,703295.1771428548
599,1,TypeB,39500,000000000000000111111110000000000000000000000000000000000011110000000000000000000000000000000000000000000001111111100000000000111111110000000000000000000111111100000000,0,0,3004487.8399999905
600,2,TypeB,39500,000000000000000111111110000000000000000000000000000000000011110000000000000000000000000000000000000000000001111111100000000000111111110000000000000000000111111100000000,0,0,3004487.8399999915
601,3,TypeC,27500,000000000001111110000000000000000000011110000000000000000011110000000000000000000000000000000000000000000000000000000000000000111100000000000000000111110000000000000000,0,0,462589.3999999985
602,4,TypeC,27500,000000000001111110000000000000000000011110000000000000000011110000000000000000000000000000000000000000000000000000000000000000111100000000000000000111110000000000000000,0,0,462589.3999999985
603,0,TypeA,51600,000000011111111110000000000000001111111110000000000000000000000000000000000000001111111110000000000000000001111111111000000000000000000000000000000111111111100000000000,0,0,1594812.9771428658
604,1,TypeB,35100,000000000000000000001111111000000000000000000000000000000011110000000000000000000011111110000000000000000001111111100000000000000000000000000000000111111100000000000000,0,0,2400719.759999994
605,2,TypeB,35100,000000000000000000001111111000000000000000000000000000000011110000000000000000000011111110000000000000000001111111100000000000000000000000000000000111111100000000000000,0,0,2400719.759999995
606,3,TypeC,25900,000000000000000000000000000000000000000000000000001111000000000000000000000000000000000111000000000000000000111110000000000000111100000000000000000000001111110000000000,0,0,1846667.7828571433
607,4,TypeC,25900,000000000000000000000000000000000000000000000000001111000000000000000000000000000000000111000000000000000000111110000000000000111100000000000000000000001111110000000000,0,0,1846667.7828571433
608,0,TypeA,51300,000000000000011111111110000000000000000000000000000000000011111111100000000000001111111110000000000000000001111111111000000000000000000000000000000000000000011111111110,0,0,3208196.9371428527
609,1,TypeB,39100,000000000111111110000000000000000000000000000000000000000011111111000000000000001111110000000000000000000000011111111000000000000000000000000000000000000111111100000000,0,0,1293263.2457142742
610,2,TypeB,39100,000000000111111110000000000000000000000000000000000000000011111111000000000000001111110000000000000000000000011111111000000000000000000000000000000000000111111100000000,0,0,1293263.2457142752
611,3,TypeC,28800,000000000000000000000000000000000000000000000000001111000000000000000000000000001111110000000000000000000001111110000000000000111100000000000000000000000000111100000000,0,0,277701.4800000014
612,4,TypeC,28800,000000000000000000000000000000000000000000000000001111000000000000000000000000001111110000000000000000000001111110000000000000111100000000000000000000000000111100000000,0,0,277701.4800000014
613,0,TypeA,51400,000001111111110000000000000000000000000000000000000000000011111111100000000000000000000111111111000000000000000000000000000000111111111000000000000111111111100000000000,0,0,2578435.3199999947
614,1,TypeB,37100,000000000111111110000000000000000000000000000000000000000011110000000000000000001111111100000000000000000000011111111000000000000000000000000000000000000111111100000000,0,0,1315986.788571422
615,2,TypeB,37100,000000000111111110000000000000000000000000000000000000000011110000000000000000001111111100000000000000000000011111111000000000000000000000000000000000000111111100000000,0,0,1315986.788571423
616,3,TypeC,25600,000000000000000000000000000000000000000000000000001110000000000000000000000000000000000000000011100000000001111110000000000000111100000000000000000000001111110000000000,0,0,1846367.7828571433
617,4,TypeC,25600,000000000000000000000000000000000000000000000000001110000000000000000000000000000000000000000011100000000001111110000000000000111100000000000000000000001111110000000000,0,0,1846367.7828571433
618,0,TypeA,51600,000000011111111110000000000000001111111110000000000000000000000000000000000011111111110000000000000000011111111110000000000000000000000000000000000000011111111100000000,0,0,421950.1657142937
619,1,TypeB,35100,000000000000000000000000001111111000000000000000000000000011110000000000000000000011111110000000000000000000011111111000000000000000000000000000000111111100000000000000,0,0,1639892.5999999978
620,2,TypeB,35100,000000000000000000000000001111111000000000000000000000000011110000000000000000000011111110000000000000000000011111111000000000000000000000000000000111111100000000000000,0,0,1639892.5999999987
621,3,TypeC,25000,000000000000000000000000000000000000000000000000001110000000000000000000000000000000000000000001110000000000011111100000000000111100000000000000000000001111110000000000,0,0,1151448.097142863
622,4,TypeC,25000,000000000000000000000000000000000000000000000000001110000000000000000000000000000000000000000001110000000000011111100000000000111100000000000000000000001111110000000000,0,0,1151448.097142863
623,0,TypeA,50600,000000011111111110000000000000000000000000000000000000000000000000000000000000001111111110000000000000011111111110000000000000111111110000000000000000000000011111111110,0,0,1793015.4114285829
624,1,TypeB,37500,000000000000000000001111111000000000000000000000000000000011110000000000000000000000000000000000000000011111110000000000000000111111110000000000000111111100000000000000,0,0,3735299.6971428553
625,2,TypeB,37500,000000000000000000001111111000000000000000000000000000000011110000000000000000000000000000000000000000011111110000000000000000111111110000000000000111111100000000000000,0,0,3735299.697142856
626,3,TypeC,22800,000000000000000000000011111000000000000000000000001110000000000000000000000000000000000000000001110000000000000000000000000000111100000000000000000000001111110000000000,0,0,1298206.788571434
627,4,TypeC,22800,000000000000000000000011111000000000000000000000001110000000000000000000000000000000000000000001110000000000000000000000000000111100000000000000000000001111110000000000,0,0,1298206.788571434
628,0,TypeA,49600,000000000000011111111110000000000000000000000000000000000000000000000000000000001111111110000000000000011111111110000000000000111111110000000000000000011111111100000000,0,0,1795958.942857151
629,1,TypeB,36100,000000000111111110000000000000000000000000000000000000000011110000000000000000011111110000000000000000000000011111111000000000000000000000000000000111111100000000000000,0,0,1756744.4057142772
630,2,TypeB,36100,000000000111111110000000000000000000000000000000000000000011110000000000000000011111110000000000000000000000011111111000000000000000000000000000000111111100000000000000,0,0,1756744.405714278
631,3,TypeC,29800,000000000000000000000000000000000000000000000000001111000000000000000000000000001111110000000000000000000000111110000000000000111100000000000000000000001111110000000000,0,0,0.0
632,4,TypeC,29800,000000000000000000000000000000000000000000000000001111000000000000000000000000001111110000000000000000000000111110000000000000111100000000000000000000001111110000000000,0,0,0.0
633,0,TypeA,53800,000000000000011111111110000000000000000000000000000011111111110000000000000000001111111110000000000000011111111110000000000000000000000000000000000000000000011111111110,0,0,1557554.5314285755
634,1,TypeB,36100,000000000111111110000000000000000000000000000000000000000011110000000000000000000011111110000000000000000000011111111000000000000000000000000000000000000111111100000000,0,0,1314986.788571422
635,2,TypeB,36100,000000000111111110000000000000000000000000000000000000000011110000000000000000000011111110000000000000000000011111111000000000000000000000000000000000000111111100000000,0,0,1314986.788571423
636,3,TypeC,26300,000000000000000000000000000000001111110000000000001111000000000000000000000000000000000000000001110000000000000000000000000000111100000000000000000000001111110000000000,0,0,1540879.6285714367
637,4,TypeC,26300,000000000000000000000000000000001111110000000000001111000000000000000000000000000000000000000001110000000000000000000000000000111100000000000000000000001111110000000000,0,0,1540879.6285714367
638,0,TypeA,49000,000000011111111110000000000000000000000000000000000000000000000000000000000000001111111110000000000000011111111110000000000000111111110000000000000000011111111100000000,0,0,1512713.9314285815
639,1,TypeB,40400,000000000111111110000000000000000000000000000000000000000011111100000000011111111000000000000000000000000001111111100000000000111111110000000000000000000000000000000000,0,0,2643900.439999992
640,2,TypeB,40400,000000000111111110000000000000000000000000000000000000000011111100000000011111111000000000000000000000000001111111100000000000111111110000000000000000000000000000000000,0,0,2643900.439999993
641,3,TypeC,21400,000001111100000000000000000000000000000000000000001111000000000000000000000000000000000000000001110000000000000000000000000000000000011110000000000000000000011100000000,0,0,2324510.9085714365
642,4,TypeC,21400,000001111100000000000000000000000000000000000000001111000000000000000000000000000000000000000001110000000000000000000000000000000000011110000000000000000000011100000000,0,0,2324510.9085714365
643,1,TypeB,41500,000000000111111110000000000000000000000000000000000000000011111100000000011111111000000000000000000000000000000000000000000000111111110000000000000000000111111100000000,0,0,2515257.6514285617
644,2,TypeB,41500,000000000111111110000000000000000000000000000000000000000011111100000000011111111000000000000000000000000000000000000000000000111111110000000000000000000111111100000000,0,0,2515257.6514285626
645,3,TypeC,28000,000001111100000000000000000000000000000000000000001111000000000000000000000000001111110000000000000000000000000000000000000000000000011110000000000111111000000000000000,1,0,1180654.7714285734
646,4,TypeC,28000,000001111100000000000000000000000000000000000000001111000000000000000000000000001111110000000000000000000000000000000000000000000000011110000000000111111000000000000000,1,0,1180654.7714285734
647,0,TypeA,48500,000001111111110000000000000000001111111110000000000000000000000000000000000000001111111110000000000000000000000000000000000000111111110000000000000111111111000000000000,0,0,1509573.9314285815
648,1,TypeB,39800,000000000000000000000000000000000000000000000000000000000011110000000000000000000011111110000000000000000000011111111000000000111111110000000000000000001111111100000000,0,0,1889828.5828571375
649,2,TypeB,39800,000000000000000000000000000000000000000000000000000000000011110000000000000000000011111110000000000000000000011111111000000000111111110000000000000000001111111100000000,0,0,1889828.5828571385
650,3,TypeC,25100,000000000000011110000000000000000000011110000000000000000011110000000000000000000000000000000000000000000000011110000000000000111100000000000000000000000000000000000000,1,0,853386.6057142848
651,4,TypeC,25100,000000000000011110000000000000000000011110000000000000000011110000000000000000000000000000000000000000000000011110000000000000111100000000000000000000000000000000000000,1,0,853386.6057142848
652,0,TypeA,49300,000000011111111110000000000000001111111110000000000000000000000000000000000000000000000000000000000000011111111110000000000000111111110000000000000000000000011111111100,0,0,2048643.7428571554
653,1,TypeB,38800,000000000000000000001111111100000000000000000000000000000011110000000000000000001111110000000000000000000000000000000000000000111111110000000000000000001111111100000000,0,0,2195051.4514285615
654,2,TypeB,38800,000000000000000000001111111100000000000000000000000000000011110000000000000000001111110000000000000000000000000000000000000000111111110000000000000000001111111100000000,0,0,2195051.4514285624
655,3,TypeC,27400,000000000000011110000000000000000000011110000000000000000011110000000000000000000000000000000000000000000000000000000000000000111100000000000000000000001111110000000000,1,0,725943.8171428544
656,4,TypeC,27400,000000000000011110000000000000000000011110000000000000000011110000000000000000000000000000000000000000000000000000000000000000111100000000000000000000001111110000000000,1,0,725943.8171428544
657,0,TypeA,50600,000000111111111100000000000000001111111110000000000000000000000000000000000000001111111110000000000000000000000000000000000000111111111000000000000000000000011111111110,0,0,1784583.451428582
658,1,TypeB,38900,000000000000000000001111111100000000000000000000000000000011111100000000011111111000000000000000000000000000000000000000000000000000111110000000000000001111111100000000,0,0,3691469.6799999885
659,2,TypeB,38900,000000000000000000001111111100000000000000000000000000000011111100000000011111111000000000000000000000000000000000000000000000000000111110000000000000001111111100000000,0,0,3691469.6799999895
660,3,TypeC,32400,000000000000000000001111110000000000000000000000000000000000011111100000000000001111110000000000000000000000000000000000000000000000111110000000000000000000111100000000,0,0,0.0
661,4,TypeC,32400,000000000000000000001111110000000000000000000000000000000000011111100000000000001111110000000000000000000000000000000000000000000000111110000000000000000000111100000000,0,0,0.0
662,0,TypeA,48500,000000011111111110000000000000001111111110000000000000000000000000000000000000001111111110000000000000000111111111100000000000000000000000000000000000001111111110000000,0,0,992708.0400000177
663,1,TypeB,40400,000000000000011111111000000000000000000000000000000000000011111100000000011111111000000000000000000000000000011111111000000000111111110000000000000000000000000000000000,1,0,2553267.2685714196
664,2,TypeB,40400,000000000000011111111000000000000000000000000000000000000011111100000000011111111000000000000000000000000000011111111000000000111111110000000000000000000000000000000000,1,0,2553267.2685714206
665,3,TypeC,19400,000000000000011110000000000000000000000000000000001110000000000000000000011100000000000000000001110000000000000000000000000000000000011110000000000000000000000000000000,0,0,2950080.7657142915
666,4,TypeC,19400,000000000000011110000000000000000000000000000000001110000000000000000000011100000000000000000001110000000000000000000000000000000000011110000000000000000000000000000000,0,0,2950080.7657142915
667,0,TypeA,50900,000000011111111110000000000000001111111110000000000000000000000000000000000000000000000000000000000000011111111110000000000000111111110000000000000011111111110000000000,1,0,777334.2228571549
668,1,TypeB,38100,000000011111110000000000000000000000000000000000000000000011111111000000000000001111111100000000000000000001111110000000000000000000000000000000000111111100000000000000,0,0,1046214.3257142827
669,2,TypeB,38100,000000011111110000000000000000000000000000000000000000000011111111000000000000001111111100000000000000000001111110000000000000000000000000000000000111111100000000000000,0,0,1046214.3257142836
670,3,TypeC,24200,000000000000000000001111110000000000000000000000001111000000000000000000000000000000000000000000000000000000001110000000000000111100000000000000000111111000000000000000,0,0,1129461.2228571451
671,4,TypeC,24200,000000000000000000001111110000000000000000000000001111000000000000000000000000000000000000000000000000000000001110000000000000111100000000000000000111111000000000000000,0,0,1129461.2228571451
672,0,TypeA,48600,000000011111111110000000000000001111111110000000000000000000000000000000000000000000000111111111000000000000000000000000000000111111110000000000000000001111111110000000,1,0,1511713.9314285778
673,1,TypeB,36100,000000011111110000000000000000000000000000000000000000000011111100000000000000000011111110000000000000011111110000000000000000000000000000000000000111111100000000000000,0,0,1781647.7600000026
674,2,TypeB,36100,000000011111110000000000000000000000000000000000000000000011111100000000000000000011111110000000000000011111110000000000000000000000000000000000000111111100000000000000,0,0,1781647.7600000035
675,3,TypeC,27500,000000000000000000001111110000000000000000000000001111000000000000000000000000000000000000000000000000000000011111100000000000111100000000000000000111111000000000000000,0,0,1132761.2228571451
676,4,TypeC,27500,000000000000000000001111110000000000000000000000001111000000000000000000000000000000000000000000000000000000011111100000000000111100000000000000000111111000000000000000,0,0,1132761.2228571451
677,0,TypeA,51100,000000000000011111111110000000000000000000000000000000000011111111100000000000000000000000000001111111110000000000000000000000000111111110000000000000000000011111111110,0,0,2439070.1657142807
678,1,TypeB,36400,000000000000000011111110000000001111110000000000000000000011111100000000000000000011111110000000000000000000000000000000000000000000000000000000000000111111110000000000,0,0,1618577.1085714241
679,2,TypeB,36400,000000000000000011111110000000001111110000000000000000000011111100000000000000000011111110000000000000000000000000000000000000000000000000000000000000111111110000000000,0,0,1618577.108571425
680,3,TypeC,24300,000000000000000000001111110000000000000000000000001111000000000000000000011110000000000000000000000000000000000000000000000000111100000000000000000111111000000000000000,0,0,2278519.9142857157
681,4,TypeC,24300,000000000000000000001111110000000000000000000000001111000000000000000000011110000000000000000000000000000000000000000000000000111100000000000000000111111000000000000000,0,0,2278519.9142857157
682,0,TypeA,54600,000000011111111110000000000000001111111110000000000000000000000000000000011111111110000000000001111111110000000000000000000000000000000000000000000000011111111110000000,0,0,472802.14857143164
683,1,TypeB,40500,000000011111110000000000000000000000000000000000000000000011111100000000000000001111111100000000000000000000000000000000000000111111110000000000000111111100000000000000,0,0,1148462.9999999981
684,2,TypeB,40500,000000011111110000000000000000000000000000000000000000000011111100000000000000001111111100000000000000000000000000000000000000111111110000000000000111111100000000000000,0,0,1148462.999999999
685,3,TypeC,27100,000001111100000000000000000000001111110000000000001111000000000000000000000000000000000000000000000000000000000000000000000000111100000000000000000111111000000000000000,1,0,1892922.8971428634
686,4,TypeC,27100,000001111100000000000000000000001111110000000000001111000000000000000000000000000000000000000000000000000000000000000000000000111100000000000000000111111000000000000000,1,0,1892922.8971428634
687,0,TypeA,47400,000000011111111110000000000000001111111110000000000000000000000000000000000000001111111110000000000000000000000000000000000000111111110000000000000000001111111110000000,0,0,1502681.9714285806
688,1,TypeB,37600,000000111111110000000000000000000000000000000000000000000011111100000000000000000000000000000000000000000000011111111000000000000000011110000000000000001111111100000000,0,0,2951040.5657142773
689,2,TypeB,37600,000000111111110000000000000000000000000000000000000000000011111100000000000000000000000000000000000000000000011111111000000000000000011110000000000000001111111100000000,0,0,2951040.5657142783
690,3,TypeC,23200,000000000000000000001111110000000000000000000000001110000000000000000000000000000000000000000001110000000000000000000000000000000000011110000000000111111000000000000000,0,0,1959672.7257142914
691,4,TypeC,23200,000000000000000000001111110000000000000000000000001110000000000000000000000000000000000000000001110000000000000000000000000000000000011110000000000111111000000000000000,0,0,1959672.7257142914
692,0,TypeA,50000,000000000000011111111110000000000000000000000000000000000000000000000000000000001111111110000000000000011111111110000000000000000111111110000000000000111111111100000000,1,0,802150.9028571509
693,1,TypeB,33200,000000011111110000000000000000000000000000000000000000000011111100000000011111111000000000000000000000011111110000000000000000000000011110000000000000000000000000000000,0,0,4049965.7085714266
694,2,TypeB,33200,000000011111110000000000000000000000000000000000000000000011111100000000011111111000000000000000000000011111110000000000000000000000011110000000000000000000000000000000,0,0,4049965.7085714275
695,3,TypeC,24000,000000000000011110000000000000000000000000000000000000000000011100000000000000000000000000000000000000011100000000000000000000111110000000000000000111111000000000000000,0,0,1914387.2285714364
696,4,TypeC,24000,000000000000011110000000000000000000000000000000000000000000011100000000000000000000000000000000000000011100000000000000000000111110000000000000000111111000000000000000,0,0,1914387.2285714364
697,0,TypeA,51200,000000011111111110000000000000001111111110000000000000000000000000000000000000000000000000000000000000011111111110000000000000111111110000000000000111111111100000000000,0,0,1777634.222857155
698,1,TypeB,35600,000000000000000000001111111000000000000000000000000000000000011111000000000000000000000000000000000000000000011111111000000000000000011110000000000000001111111100000000,0,0,4453357.0399999935
699,2,TypeB,35600,000000000000000000001111111000000000000000000000000000000000011111000000000000000000000000000000000000000000011111111000000000000000011110000000000000001111111100000000,0,0,4453357.039999994
700,3,TypeC,25400,000000000000000000000011111000000000000000000000000000000000011111000000000000000000000000000001110000000000000000000000000000000000011110000000000111111000000000000000,0,0,2009565.2971428628
701,4,TypeC,25400,000000000000000000000011111000000000000000000000000000000000011111000000000000000000000000000001110000000000000000000000000000000000011110000000000111111000000000000000,0,0,2009565.2971428628
702,0,TypeA,54100,000000011111111110000000000000000000000000000000000011111111110000000000000011111111110000000000000000001111111110000000000000000000000000000000000000000000011111111110,0,0,701951.6457142923
703,1,TypeB,35600,000000000000000000001111111000000000000000000000000000000011111100000000000000000000000000000000000000001111111000000000000000000000011110000000000000111111110000000000,0,0,3537137.262857143
704,2,TypeB,35600,000000000000000000001111111000000000000000000000000000000011111100000000000000000000000000000000000000001111111000000000000000000000011110000000000000111111110000000000,0,0,3537137.262857144
705,3,TypeC,29100,000000000000011110000000000000000000000000000000000000000011110000000000000000000000000000000000000000001111110000000000000000000000011110000000000111111000000000000000,1,0,1785573.245714292
706,4,TypeC,29100,000000000000011110000000000000000000000000000000000000000011110000000000000000000000000000000000000000001111110000000000000000000000011110000000000111111000000000000000,1,0,1785573.245714292
707,0,TypeA,47000,000001111111110000000000000000001111111110000000000001111111110000000000000000000000000000000000000000000000000000000000000000000111111110000000000000001111111110000000,1,0,1757710.3028571447
708,1,TypeB,38600,000000011111110000000000000000000000000000000000000000000011111111000000000000000000000000000000000000000000011111111000000000000000011110000000000000001111111100000000,1,0,2770052.8457142767
709,2,TypeB,38600,000000011111110000000000000000000000000000000000000000000011111111000000000000000000000000000000000000000000011111111000000000000000011110000000000000001111111100000000,1,0,2770052.8457142776
710,3,TypeC,25000,000000000000011110000000000000000000000000000000000000000011110000000000000000000000000000000001110000000000000000000000000000111110000000000000000111111000000000000000,0,0,1303794.0400000024
711,4,TypeC,25000,000000000000011110000000000000000000000000000000000000000011110000000000000000000000000000000001110000000000000000000000000000111110000000000000000111111000000000000000,0,0,1303794.0400000024
712,0,TypeA,51600,000000011111111110000000000000001111111110000000000001111111110000000000000000000000000000000000000000011111111110000000000000000000000000000000000000111111111100000000,1,0,256728.33142857812
713,1,TypeB,34200,000000000000000000001111111000000000000000000000000000000011111100000000011111111000000000000000000000000000011111111000000000000000011110000000000000000000000000000000,0,0,4671037.708571418
714,2,TypeB,34200,000000000000000000001111111000000000000000000000000000000011111100000000011111111000000000000000000000000000011111111000000000000000011110000000000000000000000000000000,0,0,4671037.708571419
715,3,TypeC,23100,000000000000000000000011111000000000000000000000000000000000011100000000000000000000000000000001110000000000000000000000000000000000011110000000000111111000000000000000,0,0,2189253.0171428635
716,4,TypeC,23100,000000000000000000000011111000000000000000000000000000000000011100000000000000000000000000000001110000000000000000000000000000000000011110000000000111111000000000000000,0,0,2189253.0171428635
717,0,TypeA,50900,000001111111110000000000000000001111111110000000000000000000000000000000000000000000000000000001111111110000000000000000000000111111110000000000000111111111000000000000,0,0,825186.2057142928
718,1,TypeB,36600,000000011111110000000000000000000000000000000000000000000011111100000000000000000000000000000000000000000000011111111000000000000000011110000000000000111111110000000000,0,0,1955832.5257142782
719,2,TypeB,36600,000000011111110000000000000000000000000000000000000000000011111100000000000000000000000000000000000000000000011111111000000000000000011110000000000000111111110000000000,0,0,1955832.5257142792
720,3,TypeC,23400,000000000000011110000000000000000000000000000000001111000000000000000000000000000000000000000001110000000000000000000000000000000000011110000000000111111000000000000000,0,0,1959872.725714292
721,4,TypeC,23400,000000000000011110000000000000000000000000000000001111000000000000000000000000000000000000000001110000000000000000000000000000000000011110000000000111111000000000000000,0,0,1959872.725714292
722,0,TypeA,47800,000000011111111110000000000000001111111110000000000000000000000000000000000000000000000000000000000000011111111110000000000000000111111110000000000000001111111110000000,1,0,1768442.262857154
723,1,TypeB,38400,000000011111110000000000000000000000000000000000000000000011111100000000000000000011111110000000000000000000011111111000000000000000000000000000000000001111111100000000,0,0,944008.6057142811
724,2,TypeB,38400,000000011111110000000000000000000000000000000000000000000011111100000000000000000011111110000000000000000000011111111000000000000000000000000000000000001111111100000000,0,0,944008.605714282
725,3,TypeC,28300,000000000000000000000000000000000000011110000000000000000000011100000000000000000000000000000000000000000000011110000000000000000000111110000000000000001111110000000000,0,0,610718.8628571453
726,4,TypeC,28300,000000000000000000000000000000000000011110000000000000000000011100000000000000000000000000000000000000000000011110000000000000000000111110000000000000001111110000000000,0,0,610718.8628571453
727,0,TypeA,46400,000000011111111110000000000000001111111110000000000000000000000000000000000000000000000000000000000000001111111110000000000000111111110000000000000000001111111100000000,0,0,1767342.2628571587
728,1,TypeB,39500,000000011111110000000000000000000000000000000000000000000011111100000000000000000000000000000000000000001111111000000000000000111111110000000000000111111100000000000000,0,0,2413123.291428577
729,2,TypeB,39500,000000011111110000000000000000000000000000000000000000000011111100000000000000000000000000000000000000001111111000000000000000111111110000000000000111111100000000000000,0,0,2413123.291428578
730,3,TypeC,26500,000001110000000000000000000000001111110000000000001110000000000000000000000000000000000000000000000000000000111110000000000000000000111110000000000000000000000000000000,1,0,1513911.1771428632
731,4,TypeC,26500,000001110000000000000000000000001111110000000000001110000000000000000000000000000000000000000000000000000000111110000000000000000000111110000000000000000000000000000000,1,0,1513911.1771428632
732,0,TypeA,51100,000000011111111110000000000000001111111110000000000000000000000000000000000000000000000000000001111111110000000000000000000000111111111000000000000000011111111100000000,0,0,819594.2457142919
733,1,TypeB,38400,000000011111110000000000000000000000000000000000000000000011111100000000000000001111111100000000000000000000001111111000000000111111110000000000000000000000000000000000,0,0,991612.3485714272
734,2,TypeB,38400,000000011111110000000000000000000000000000000000000000000011111100000000000000001111111100000000000000000000001111111000000000111111110000000000000000000000000000000000,0,0,991612.3485714281
735,3,TypeC,26000,000001110000000000000011111000000000000000000000001111000000000000000000000000000000000000000000000000000000000000000000000000000000111110000000000000001111110000000000,0,0,1144495.5485714301
736,4,TypeC,26000,000001110000000000000011111000000000000000000000001111000000000000000000000000000000000000000000000000000000000000000000000000000000111110000000000000001111110000000000,0,0,1144495.5485714301
737,0,TypeA,50800,000000011111111110000000000000001111111110000000000000000000000000000000000000000000000000000001111111110000000000000000000000000111111110000000000000000000011111111110,0,0,1097995.7257142924
738,1,TypeB,39400,000000011111110000000000011111111000000000000000000000000011111100000000000000000000000000000000000000011111111000000000000000111111110000000000000000000000000000000000,1,0,1646104.1714285742
739,2,TypeB,39400,000000011111110000000000011111111000000000000000000000000011111100000000000000000000000000000000000000011111111000000000000000111111110000000000000000000000000000000000,1,0,1646104.1714285752
740,3,TypeC,27500,000001110000000000000000000000001111110000000000001110000000000000000000000000000000000000000000000000000000000000000000000000000000111110000000000000001111110000000000,0,0,1385168.3885714328
741,4,TypeC,27500,000001110000000000000000000000001111110000000000001110000000000000000000000000000000000000000000000000000000000000000000000000000000111110000000000000001111110000000000,0,0,1385168.3885714328
742,0,TypeA,47700,000000011111111110000000000000001111111110000000000000000000000000000000000000000000000000000000000000011111111110000000000000111111110000000000000000001111111100000000,0,0,1768342.262857154
743,1,TypeB,39500,000000011111110000000000000000000000000000000000000000000011111100000000000000000000000000000000000000000000001111111000000000111111110000000000000111111100000000000000,0,0,2006336.2685714234
744,2,TypeB,39500,000000011111110000000000000000000000000000000000000000000011111100000000000000000000000000000000000000000000001111111000000000111111110000000000000111111100000000000000,0,0,2006336.2685714243
745,3,TypeC,26200,000001110000000000000000000000001111110000000000001111000000000000000000000000000000000000000000000000000000000000000000000000000000111110000000000000000000111100000000,0,0,1662569.8685714342
746,4,TypeC,26200,000001110000000000000000000000001111110000000000001111000000000000000000000000000000000000000000000000000000000000000000000000000000111110000000000000000000111100000000,0,0,1662569.8685714342
747,0,TypeA,52200,000000011111111110000000000000001111111110000000000000000000000000000000000000000000000111111111000000000001111111111000000000000000000000000000000000000000011111111110,0,0,1876154.4571428625
748,1,TypeB,39400,000000011111110000000000000000000000000000000000000000000011111100000000000000001111111100000000000000011111111000000000000000111111110000000000000000000000000000000000,0,0,1399099.3714285754
749,2,TypeB,39400,000000011111110000000000000000000000000000000000000000000011111100000000000000001111111100000000000000011111111000000000000000111111110000000000000000000000000000000000,0,0,1399099.3714285763
750,3,TypeC,26100,000001110000000000000000000000000000011110000000000000000000011100000000000000000000000000000000000000000000000000000000000000000000111110000000000000001111110000000000,0,0,1384199.3714285754
751,4,TypeC,26100,000001110000000000000000000000000000011110000000000000000000011100000000000000000000000000000000000000000000000000000000000000000000111110000000000000001111110000000000,0,0,1384199.3714285754
752,0,TypeA,52600,000000000000011111111110000000000000000000000000000011111111110000000000000000000000000000000001111111110000000000000000000000111111110000000000000000001111111110000000,0,0,1102239.257142853
753,1,TypeB,41800,000000011111110000000000000000000000000000000000000000000011111100000000000000000000000000000000000000011111111000000000000000111111110000000000000000001111111100000000,0,0,2130629.85142857
754,2,TypeB,41800,000000011111110000000000000000000000000000000000000000000011111100000000000000000000000000000000000000011111111000000000000000111111110000000000000000001111111100000000,0,0,2130629.851428571
755,3,TypeC,28500,000001110000000000000000000000001111110000000000001111000000000000000000000000000000000000000000000000000000000000000000000000000000111110000000000000001111110000000000,0,0,1386168.3885714328
756,4,TypeC,28500,000001110000000000000000000000001111110000000000001111000000000000000000000000000000000000000000000000000000000000000000000000000000111110000000000000001111110000000000,0,0,1386168.3885714328
757,0,TypeA,48700,000000011111111110000000000000001111111110000000000000000000000000000000000000000000000000000000000000001111111110000000000000111111110000000000000000011111111110000000,1,0,1769642.2628571587
758,1,TypeB,37500,000000011111110000000000000000000000000000000000000000000011111100000000000000000000000000000000000000000000111110000000000000111111110000000000000111111100000000000000,0,0,2004336.2685714234
759,2,TypeB,37500,000000011111110000000000000000000000000000000000000000000011111100000000000000000000000000000000000000000000111110000000000000111111110000000000000111111100000000000000,0,0,2004336.2685714243
760,3,TypeC,28400,000000000000000000000000000000001111110000000000001111000000000000000000000000000000000000000000000000000000111110000000000000000000011110000000000000000000011110000000,1,0,1743614.6000000034
761,4,TypeC,28400,000000000000000000000000000000001111110000000000001111000000000000000000000000000000000000000000000000000000111110000000000000000000011110000000000000000000011110000000,1,0,1743614.6000000034
762,0,TypeA,47200,000000011111111110000000000000001111111110000000000000000000000000000000000000001111111110000000000000000111111111100000000000000111111110000000000000000000000000000000,0,0,1039011.7828571647
763,1,TypeB,38400,000000011111110000000000001111111000000000000000000000000011111100000000000000000000000000000000000000000000011111111000000000111111110000000000000000000000000000000000,0,0,1238617.148571426
764,2,TypeB,38400,000000011111110000000000001111111000000000000000000000000011111100000000000000000000000000000000000000000000011111111000000000111111110000000000000000000000000000000000,0,0,1238617.148571427
765,3,TypeC,22800,000000000000011110000000000000000000011110000000000000000000011100000000000000000000000000000000000000011100000000000000000000000000011110000000000000000000000000000000,0,0,2293891.297142866
766,4,TypeC,22800,000000000000011110000000000000000000011110000000000000000000011100000000000000000000000000000000000000011100000000000000000000000000011110000000000000000000000000000000,0,0,2293891.297142866
767,0,TypeA,50300,000000000000011111111110000000000000000000000000000000000011111111100000000000000000000000000000000000000111111111100000000000111111110000000000000000000000011111111110,0,0,3390718.1828571474
768,1,TypeB,37400,000000011111110000000000000000001111110000000000000000000011111100000000000000000000000000000000000000000000011111111000000000111111110000000000000000000000000000000000,0,0,2237617.148571426
769,2,TypeB,37400,000000011111110000000000000000001111110000000000000000000011111100000000000000000000000000000000000000000000011111111000000000111111110000000000000000000000000000000000,0,0,2237617.148571427
770,3,TypeC,29400,000000000000011110000000000000001111110000000000001111000000000000000000000000000000000000000000000000000000000000000000000000000000011110000000000000001111110000000000,1,0,1614871.811428573
771,4,TypeC,29400,000000000000011110000000000000001111110000000000001111000000000000000000000000000000000000000000000000000000000000000000000000000000011110000000000000001111110000000000,1,0,1614871.811428573
772,0,TypeA,51400,000001111111110000000000000000001111111110000000000000000000000000000000011111111110000000000000000000011111111110000000000000111111110000000000000000000000000000000000,0,0,1469353.9085714407
773,1,TypeB,40400,000000011111110000000000011111111000000000000000000000000011111111000000000000000011111110000000000000000000000000000000000000111111110000000000000000000000000000000000,1,0,199756.16000000015
774,2,TypeB,40400,000000011111110000000000011111111000000000000000000000000011111111000000000000000011111110000000000000000000000000000000000000111111110000000000000000000000000000000000,1,0,199756.16000000108
775,3,TypeC,26100,000000000000011110000000000000001111110000000000000000000011110000000000000000000000000000000000000000000000000000000000000000111100000000000000000000000000011100000000,0,0,1232594.6057142848
776,4,TypeC,26100,000000000000011110000000000000001111110000000000000000000011110000000000000000000000000000000000000000000000000000000000000000111100000000000000000000000000011100000000,0,0,1232594.6057142848
777,0,TypeA,51700,000001111111110000000000000000001111111110000000000000000000000000000000000011111111110000000000000000000000000000000000000000111111110000000000000111111111100000000000,0,0,939216.0571428612
778,1,TypeB,39400,000000011111110000000000000000001111110000000000000000000011111111000000000000001111111100000000000000000000000000000000000000111111110000000000000000000000000000000000,0,0,1198756.1600000001
779,2,TypeB,39400,000000011111110000000000000000001111110000000000000000000011111111000000000000001111111100000000000000000000000000000000000000111111110000000000000000000000000000000000,0,0,1198756.160000001
780,3,TypeC,26200,000000000000011110000000000000001111110000000000111000000000011111000000000000000000000000000000000000000000000000000000000000111100000000000000000000000000000000000000,0,0,2331813.0742857177
781,4,TypeC,26200,000000000000011110000000000000001111110000000000111000000000011111000000000000000000000000000000000000000000000000000000000000111100000000000000000000000000000000000000,0,0,2331813.0742857177
782,0,TypeA,55500,000000011111111110000000000000001111111110000000000001111111110000000000011111111110000000000001111111111000000000000000000000000000000000000000000000000000000000000000,0,0,0.0
783,1,TypeB,36400,000000011111110000000000000000001111110000000000000000000011111100000000000000000011111110000000000000000000000000000000000000111111110000000000000000000000000000000000,0,0,1377743.8800000008
784,2,TypeB,36400,000000011111110000000000000000001111110000000000000000000011111100000000000000000011111110000000000000000000000000000000000000111111110000000000000000000000000000000000,0,0,1377743.8800000018
785,3,TypeC,22800,000000000000000000000000000000000000000000000000000000000011110000000000011110000000000000000000000000011100000000000000000000111100000000000000000111111000000000000000,0,0,2402400.7485714313
786,4,TypeC,22800,000000000000000000000000000000000000000000000000000000000011110000000000011110000000000000000000000000011100000000000000000000111100000000000000000111111000000000000000,0,0,2402400.7485714313
787,0,TypeA,51800,000001111111110000000000000000000000000000000000000001111111110000000000000000001111111110000000000000011111111110000000000000000000000000000000000011111111110000000000,1,0,5.587935447692871e-09
788,1,TypeB,41500,000000000000000000000000000000000000000000000000000000000011111100000000011111111000000000000000000000000000011111111000000000111111110000000000000000011111110000000000,1,0,3168538.4914285615
789,2,TypeB,41500,000000000000000000000000000000000000000000000000000000000011111100000000011111111000000000000000000000000000011111111000000000111111110000000000000000011111110000000000,1,0,3168538.4914285624
790,3,TypeC,28500,000000000000011110000000000000001111110000000000001111000000000000000000000000001111110000000000000000000000000000000000000000111100000000000000000000000000000000000000,0,0,665533.011428575
791,4,TypeC,28500,000000000000011110000000000000001111110000000000001111000000000000000000000000001111110000000000000000000000000000000000000000111100000000000000000000000000000000000000,0,0,665533.011428575
792,0,TypeA,50000,000000011111111110000000000000001111111110000000000000000000000000000000000000001111111110000000000000001111111110000000000000000000000000000000000011111111110000000000,0,0,1.862645149230957e-08
793,1,TypeB,38400,000000011111110000000000000000000000000000000000000000000011111100000000011111111000000000000000000000001111111000000000000000111111110000000000000000000000000000000000,0,0,2675409.280000005
794,2,TypeB,38400,000000011111110000000000000000000000000000000000000000000011111100000000011111111000000000000000000000001111111000000000000000111111110000000000000000000000000000000000,0,0,2675409.280000006
795,3,TypeC,30900,000000000000000000000000000000001111110000000000000000000000011111100000000000000000000000000000000000000000001111100000000000111100000000000000000111111000000000000000,0,0,1423026.6342857187
796,4,TypeC,30900,000000000000000000000000000000001111110000000000000000000000011111100000000000000000000000000000000000000000001111100000000000111100000000000000000111111000000000000000,0,0,1423026.6342857187
797,0,TypeA,54900,000001111111110000000000000000000000000000000000000011111111110000000000011111111110000000000000000000000000000000000000000000111111111000000000000000111111111100000000,1,0,940916.0571428537
798,1,TypeB,42800,000000000000000000000000000000000000000000000000000000000011111100000000011111111000000000000000000000000000011111111000000000111111110000000000000000000111111110000000,1,0,3169838.4914285615
799,2,TypeB,42800,000000000000000000000000000000000000000000000000000000000011111100000000011111111000000000000000000000000000011111111000000000111111110000000000000000000111111110000000,1,0,3169838.4914285624
800,3,TypeC,31400,000000000000011110000000000000001111110000000000000000000000011111100000000000000000000000000000000000000000011111100000000000111100000000000000000000000000000000000000,1,0,1417734.6742857182
801,4,TypeC,31400,000000000000011110000000000000001111110000000000000000000000011111100000000000000000000000000000000000000000011111100000000000111100000000000000000000000000000000000000,1,0,1417734.6742857182
802,0,TypeA,49700,000000011111111110000000000000001111111110000000000000000000000000000000000000000000000000000000000000011111111110000000000000111111111000000000000000001111111110000000,1,0,1770342.262857154
803,1,TypeB,39400,000000011111110000000000000000000000000000000000000000000011111100000000011111111000000000000000000000000000011111111000000000111111110000000000000000000000000000000000,0,0,2269622.257142851
804,2,TypeB,39400,000000011111110000000000000000000000000000000000000000000011111100000000011111111000000000000000000000000000011111111000000000111111110000000000000000000000000000000000,0,0,2269622.257142852
805,3,TypeC,27200,000000000000011110000000000000001111110000000000000000000000011111100000000000000000000000000001110000000000000000000000000000111100000000000000000000000000000000000000,0,0,1868173.680000009
806,4,TypeC,27200,000000000000011110000000000000001111110000000000000000000000011111100000000000000000000000000001110000000000000000000000000000111100000000000000000000000000000000000000,0,0,1868173.680000009
807,0,TypeA,53400,000000000000011111111110000000000000000000000000000001111111110000000000000001111111110000000000000000011111111110000000000000000000000000000000000000000000011111111110,1,0,983596.6571428552
808,1,TypeB,36500,000000000001111110000000000000000000000000000000000000000011110000000000000000000000000000000000000000000000111111100000000000111111110000000000000111111100000000000000,0,0,2630906.125714278
809,2,TypeB,36500,000000000001111110000000000000000000000000000000000000000011110000000000000000000000000000000000000000000000111111100000000000111111110000000000000111111100000000000000,0,0,2630906.125714279
810,3,TypeC,30200,000000000000000000000000000000001111110000000000000000000011110000000000000000000000000000000000000000000000011111100000000000111100000000000000000111111000000000000000,1,0,1093527.8742857142
811,4,TypeC,30200,000000000000000000000000000000001111110000000000000000000011110000000000000000000000000000000000000000000000011111100000000000111100000000000000000111111000000000000000,1,0,1093527.8742857142
812,0,TypeA,45800,000000000000011111111110000000000000000000000000000000000011111111100000000000001111111110000000000000000000000000000000000000000111111110000000000000001111111100000000,0,0,2841856.411428567
813,1,TypeB,37800,000000000001111110000000000000000000000000000000000000000011110000000000000000000011111110000000000000000000000000000000000000111111110000000000000000001111111100000000,0,0,1488839.4171428513
814,2,TypeB,37800,000000000001111110000000000000000000000000000000000000000011110000000000000000000011111110000000000000000000000000000000000000111111110000000000000000001111111100000000,0,0,1488839.4171428522
815,3,TypeC,26900,000000000000000000000000000000001111110000000000000000000011110000000000000000000000000000000000000000000000001110000000000000111100000000000000000111111000000000000000,0,0,1090227.8742857142
816,4,TypeC,26900,000000000000000000000000000000001111110000000000000000000011110000000000000000000000000000000000000000000000001110000000000000111100000000000000000111111000000000000000,0,0,1090227.8742857142
817,0,TypeA,50800,000000000000011111111110000000000000000000000000000001111111110000000000000000000000000111111111000000000000000000000000000000000111111110000000000000000000111111111100,1,0,2073760.4228571383
818,1,TypeB,33600,000000000001111110000000000000000000000000000000000000000000011111100000000000000000000000000000000000000001111110000000000000000000011110000000000000001111111100000000,0,0,3903409.1828571362
819,2,TypeB,33600,000000000001111110000000000000000000000000000000000000000000011111100000000000000000000000000000000000000001111110000000000000000000011110000000000000001111111100000000,0,0,3903409.182857137
820,3,TypeC,27300,000000000000000000000000000000000000000000000000000000000011110000000000011110000000000000000000000000000001111110000000000000111100000000000000000111111000000000000000,0,0,1851455.0342857116
821,4,TypeC,27300,000000000000000000000000000000000000000000000000000000000011110000000000011110000000000000000000000000000001111110000000000000111100000000000000000111111000000000000000,0,0,1851455.0342857116
822,0,TypeA,50700,000001111111110000000000000000001111111110000000000000000000000000000000000000000000000111111111000000000000000000000000000000111111110000000000000111111111100000000000,0,0,1519605.8914285768
823,1,TypeB,35600,000000000001111110000000000000000000000000000000000000000000011111100000000000000000000000000000000000000000011111111000000000000000011110000000000000001111111100000000,0,0,3905409.1828571362
824,2,TypeB,35600,000000000001111110000000000000000000000000000000000000000000011111100000000000000000000000000000000000000000011111111000000000000000011110000000000000001111111100000000,0,0,3905409.182857137
825,3,TypeC,25800,000000000000000000000011111100000000000000000000001110000000000000000000000000000000000000000000000000000000111110000000000000111100000000000000000111111000000000000000,1,0,1131061.2228571451
826,4,TypeC,25800,000000000000000000000011111100000000000000000000001110000000000000000000000000000000000000000000000000000000111110000000000000111100000000000000000111111000000000000000,1,0,1131061.2228571451
827,0,TypeA,50600,000000000000011111111110000000000000000000000000000000000000000000000000000000001111111110000000000000011111111110000000000000000111111110000000000011111111110000000000,0,0,802750.9028571509
828,1,TypeB,34400,000000111111110000000000000000000000000000000000000000000000000000000000011111111000000000000000000000011111111000000000000000000000011110000000000000000000111100000000,1,0,3412993.4971428607
829,2,TypeB,34400,000000111111110000000000000000000000000000000000000000000000000000000000011111111000000000000000000000011111111000000000000000000000011110000000000000000000111100000000,1,0,3412993.4971428616
830,3,TypeC,26900,000000000000011110000000000000001111110000000000000000000000011100000000000000000000000000000000000000000000000000000000000000111100000000000000000111111000000000000000,0,0,1749973.0457142899
831,4,TypeC,26900,000000000000011110000000000000001111110000000000000000000000011100000000000000000000000000000000000000000000000000000000000000111100000000000000000111111000000000000000,0,0,1749973.0457142899
832,0,TypeA,47700,000001111111110000000000000000001111111110000000000000000000000000000000000000001111111110000000000000000001111111111000000000000000000000000000000000001111111100000000,0,0,1585121.0171428649
833,1,TypeB,34200,000000000001111110000000000000000000000000000000000000000011111111000000000000011111110000000000000000000000011111111000000000000000011110000000000000000000000000000000,0,0,2821356.399999989
834,2,TypeB,34200,000000000001111110000000000000000000000000000000000000000011111111000000000000011111110000000000000000000000011111111000000000000000011110000000000000000000000000000000,0,0,2821356.39999999
835,3,TypeC,29700,000000000000000000000011111100000000000000000000000000000000011111100000000000001111110000000000000000000000000000000000000000111000000000000000000111111000000000000000,0,0,857617.1999999993
836,4,TypeC,29700,000000000000000000000011111100000000000000000000000000000000011111100000000000001111110000000000000000000000000000000000000000111000000000000000000111111000000000000000,0,0,857617.1999999993
837,0,TypeA,45100,000001111111110000000000000000001111111110000000000000000000000000000000000000001111111110000000000000000000000000000000000000000111111110000000000000001111111100000000,0,0,1500381.9714285806
838,1,TypeB,33200,000000000001111110000000001111111000000000000000000000000000000000000000000000011111110000000000000000011111111000000000000000000000011110000000000000000000000000000000,1,0,2158790.4628571477
839,2,TypeB,33200,000000000001111110000000001111111000000000000000000000000000000000000000000000011111110000000000000000011111111000000000000000000000011110000000000000000000000000000000,1,0,2158790.4628571486
840,3,TypeC,31000,000000000000000000000011111100000000000000000000000000000000011111100000000000001111110000000000000000000000000000000000000000111100000000000000000111111000000000000000,0,0,482344.70285714325
841,4,TypeC,31000,000000000000000000000011111100000000000000000000000000000000011111100000000000001111110000000000000000000000000000000000000000111100000000000000000111111000000000000000,0,0,482344.70285714325
842,0,TypeA,50200,000000011111111110000000000000001111111110000000000000000000000000000000000000000000000000000000000000011111111110000000000000111111110000000000000111111111000000000000,0,0,1776634.222857155
843,1,TypeB,32200,000000000001111110000000001111111000000000000000000000000000000000000000011111111000000000000000000000000001111110000000000000000000011110000000000000000000000000000000,0,0,2871049.1714285696
844,2,TypeB,32200,000000000001111110000000001111111000000000000000000000000000000000000000011111111000000000000000000000000001111110000000000000000000011110000000000000000000000000000000,0,0,2871049.1714285705
845,3,TypeC,27100,000000000000000000000000000111111000000000000000000000000000011111100000000000000000000111000000000000000000000000000000000000111100000000000000000111111000000000000000,0,0,1568185.3257142892
846,4,TypeC,27100,000000000000000000000000000111111000000000000000000000000000011111100000000000000000000111000000000000000000000000000000000000111100000000000000000111111000000000000000,0,0,1568185.3257142892
847,0,TypeA,50900,000001111111110000000000000000001111111110000000000000000000000000000000000000001111111110000000000000011111111110000000000000000000000000000000000011111111110000000000,0,0,600.0000000149012
848,1,TypeB,34200,000000000001111110000000001111111000000000000000000000000000000000000000011111111000000000000000000000000111111110000000000000000000011110000000000000000000000000000000,1,0,2279836.1942857224
849,2,TypeB,34200,000000000001111110000000001111111000000000000000000000000000000000000000011111111000000000000000000000000111111110000000000000000000011110000000000000000000000000000000,1,0,2279836.1942857234
850,3,TypeC,28700,000000000000000000000011111100000000000000000000000000000000011111100000000000000000000000000000000000000000011110000000000000111100000000000000000111111000000000000000,0,0,1181653.794285716
851,4,TypeC,28700,000000000000000000000011111100000000000000000000000000000000011111100000000000000000000000000000000000000000011110000000000000111100000000000000000111111000000000000000,0,0,1181653.794285716
852,0,TypeA,52100,000000000000011111111110000000000000000000000000000001111111110000000000000000000000000000000000000000011111111110000000000000111111110000000000000000000000011111111110,1,0,2332588.7542857165
853,1,TypeB,33200,000000111111110000000000000000000000000000000000000000000011110000000000011111111000000000000000000000011111111000000000000000000000011110000000000000000000000000000000,1,0,3901007.0171428556
854,2,TypeB,33200,000000111111110000000000000000000000000000000000000000000011110000000000011111111000000000000000000000011111111000000000000000000000011110000000000000000000000000000000,1,0,3901007.0171428565
855,3,TypeC,31300,000000000000000000001111110000000000000000000000000000000000011111100000000000000000000000000000000000000001111110000000000000111100000000000000000111111000000000000000,0,0,1184253.794285716
856,4,TypeC,31300,000000000000000000001111110000000000000000000000000000000000011111100000000000000000000000000000000000000001111110000000000000111100000000000000000111111000000000000000,0,0,1184253.794285716
857,0,TypeA,49000,000000011111111110000000000000001111111110000000000000000000000000000000000001111111110000000000000000011111111110000000000000000000000000000000000000001111111100000000,0,0,419350.1657142937
858,1,TypeB,31200,000000000001111110000000000000000000000000000000000000000011110000000000011111111000000000000000000000011111111000000000000000000000011110000000000000000000000000000000,0,0,4526576.87428571
859,2,TypeB,31200,000000000001111110000000000000000000000000000000000000000011110000000000011111111000000000000000000000011111111000000000000000000000011110000000000000000000000000000000,0,0,4526576.874285711
860,3,TypeC,25200,000000000000000000000011111100000000000000000000000000000000011111100000000000000000000000000001110000000000000000000000000000111000000000000000000111111000000000000000,0,0,2009365.2971428628
861,4,TypeC,25200,000000000000000000000011111100000000000000000000000000000000011111100000000000000000000000000001110000000000000000000000000000111000000000000000000111111000000000000000,0,0,2009365.2971428628
862,0,TypeA,50300,000001111111110000000000000000001111111110000000000000000000000000000000000000001111111110000000000000011111111110000000000000000000000000000000000000111111111100000000,0,0,1.4901161193847656e-08
863,1,TypeB,34200,000000000001111110000000000000000000000000000000000000000011111111000000000011111110000000000000000000000000011111111000000000000000011110000000000000000000000000000000,0,0,3090534.348571418
864,2,TypeB,34200,000000000001111110000000000000000000000000000000000000000011111111000000000011111110000000000000000000000000011111111000000000000000011110000000000000000000000000000000,0,0,3090534.348571419
865,3,TypeC,31600,000000000000000000000000000000001111110000000000000000000000011111100000000001111110000000000000000000000000000000000000000000111100000000000000000111111000000000000000,1,0,991295.4914285741
866,4,TypeC,31600,000000000000000000000000000000001111110000000000000000000000011111100000000001111110000000000000000000000000000000000000000000111100000000000000000111111000000000000000,1,0,991295.4914285741
867,0,TypeA,47300,000001111111110000000000000000001111111110000000000001111111110000000000000000001111111110000000000000000000000000000000000000000000000000000000000000001111111100000000,0,0,981276.0800000038
868,1,TypeB,31200,000000000001111110000000000000000000000000000000000000000011110000000000011111111000000000000000000000000000011111111000000000000000011110000000000000000000000000000000,0,0,4120089.851428562
869,2,TypeB,31200,000000000001111110000000000000000000000000000000000000000011110000000000011111111000000000000000000000000000011111111000000000000000011110000000000000000000000000000000,0,0,4120089.851428563
870,3,TypeC,27000,000000000000000000000000000000001111110000000000000000000011110000000000011110000000000000000000000000000000000000000000000000111100000000000000000111111000000000000000,0,0,2239286.565714285
871,4,TypeC,27000,000000000000000000000000000000001111110000000000000000000011110000000000011110000000000000000000000000000000000000000000000000111100000000000000000111111000000000000000,0,0,2239286.565714285
872,0,TypeA,50900,000000011111111110000000000000001111111110000000000000000000000000000000011111111110000000000000000000011111111110000000000000000000000000000000000000000111111110000000,0,0,1421250.1657142937
873,1,TypeB,38900,000000000000000111111110000000001111110000000000000000000000000000000000011111111000000000000000000000000000000000000000000000111111110000000000000000000001111100000000,0,0,3450685.2799999984
874,2,TypeB,38900,000000000000000111111110000000001111110000000000000000000000000000000000011111111000000000000000000000000000000000000000000000111111110000000000000000000001111100000000,0,0,3450685.2799999993
875,3,TypeC,26500,000000000000000000000011111100000000000000000000000000000000011111100000000000000000000000000001110000000000000000000000000000111100000000000000000111111000000000000000,0,0,1634092.8000000068
876,4,TypeC,26500,000000000000000000000011111100000000000000000000000000000000011111100000000000000000000000000001110000000000000000000000000000111100000000000000000111111000000000000000,0,0,1634092.8000000068
877,0,TypeA,47800,000000011111111110000000000000001111111110000000000000000000000000000000000000001111111110000000000000011111111110000000000000000000000000000000000000000111111110000000,0,0,991708.040000014
878,1,TypeB,37900,000000000000000000000000000000000000000000000000000000000000011111100000000000000011111110000000000000000000011111111000000000000001111110000000000000000111111100000000,0,0,2593299.839999998
879,2,TypeB,37900,000000000000000000000000000000000000000000000000000000000000011111100000000000000011111110000000000000000000011111111000000000000001111110000000000000000111111100000000,0,0,2593299.839999999
880,3,TypeC,30000,000000000000000000001111110000000000000000000000000000000000011111100000000000000000000000000001110000000000000000000000000000000001111110000000000111111000000000000000,0,0,1159640.057142863
881,4,TypeC,30000,000000000000000000001111110000000000000000000000000000000000011111100000000000000000000000000001110000000000000000000000000000000001111110000000000111111000000000000000,0,0,1159640.057142863
882,0,TypeA,48300,000000000000011111111110000000000000000000000000000000000000000000000000000000001111111110000000000000011111111110000000000000111111110000000000000000001111111100000000,0,0,1794658.942857151
883,3,TypeC,27300,000000000000000000000000000000001111110000000000001110000000000000000000000000000000000000000000000000000000111110000000000000111100000000000000000111111000000000000000,0,0,1371734.0628571478
884,4,TypeC,27300,000000000000000000000000000000001111110000000000001110000000000000000000000000000000000000000000000000000000111110000000000000111100000000000000000111111000000000000000,0,0,1371734.0628571478
885,0,TypeA,49300,000000011111111110000000000000000000000000000000000000000000000000000000000000001111111110000000000000011111111110000000000000111111110000000000000000000000011111111100,0,0,1791715.4114285829
886,3,TypeC,30200,000000000000000000000000000000001111110000000000000000000000011111100000000000000000000000000000000000000000011110000000000000111100000000000000000111111000000000000000,1,0,1422326.6342857187
887,4,TypeC,30200,000000000000000000000000000000001111110000000000000000000000011111100000000000000000000000000000000000000000011110000000000000111100000000000000000111111000000000000000,1,0,1422326.6342857187
888,3,TypeC,28300,000000000000000000001111110000000000000000000000001111000000000000000000000000000000000000000000000000000000000011111000000000000000011110000000000000000011111100000000,0,0,2374598.9714285703
889,4,TypeC,28300,000000000000000000001111110000000000000000000000001111000000000000000000000000000000000000000000000000000000000011111000000000000000011110000000000000000011111100000000,0,0,2374598.9714285703
890,0,TypeA,50500,000000011111111110000000000000001111111110000000000000000000000000000000000000000000000111111111000000000000000000000000000000111111110000000000000000000000011111111110,0,0,1792315.4114285782
891,3,TypeC,28900,000000000000011110000000000000001111110000000000000000000000011111100000000000000000000000000000000000000000000000000000000000111000000000000000000111111000000000000000,1,0,1946557.8228571452
892,4,TypeC,28900,000000000000011110000000000000001111110000000000000000000000011111100000000000000000000000000000000000000000000000000000000000111000000000000000000111111000000000000000,1,0,1946557.8228571452
893,0,TypeA,51200,000000000000011111111110000000000000000000000000000000000000000000000000000000001111111110000000000000011111111110000000000000111111110000000000000000000000011111111110,0,0,2076260.4228571523
894,3,TypeC,31200,000000000000000000000000000000001111110000000000000000000000011111100000000000000000000000000000000000000000000011111000000000000000011110000000000111111000000000000000,1,0,2948857.822857145
895,4,TypeC,31200,000000000000000000000000000000001111110000000000000000000000011111100000000000000000000000000000000000000000000011111000000000000000011110000000000111111000000000000000,1,0,2948857.822857145
896,0,TypeA,49900,000000011111111110000000000000001111111110000000000000000000000000000000000000001111111110000000000000000000000000000000000000111111110000000000000111111111100000000000,0,0,1510973.9314285815
897,3,TypeC,30200,000000000000011110000000000000001111110000000000000000000000011111100000000000000000000000000000000000000000000000000000000000111100000000000000000111111000000000000000,1,0,1571285.3257142892
898,4,TypeC,30200,000000000000011110000000000000001111110000000000000000000000011111100000000000000000000000000000000000000000000000000000000000111100000000000000000111111000000000000000,0,0,1571285.3257142892
899,0,TypeA,50600,000000011111111110000000000000001111111110000000000000000000000000000000000000000000000000000000000000011111111110000000000000111111110000000000000000000000011111111110,0,0,2049943.7428571554
900,3,TypeC,29000,000000000000000000000000000000001111110000000000001111000000000000000000000000000000000000000000000000000000011111100000000000111100000000000000000111111000000000000000,0,0,1373434.0628571478
901,4,TypeC,29000,000000000000000000000000000000001111110000000000001111000000000000000000000000000000000000000000000000000000011111100000000000111100000000000000000111111000000000000000,0,0,1373434.0628571478
902,0,TypeA,47100,000000011111111110000000000000001111111110000000000000000000000000000000000000000000000000000000000000001111111110000000000000000111111110000000000000000000011111111100,0,0,2046743.74285716
903,3,TypeC,27500,000000000000011110000000000000001111110000000000001111000000000000000000000000000000000000000000000000000000111110000000000000111100000000000000000000000000000000000000,0,0,1366142.1028571473
904,4,TypeC,27500,000000000000011110000000000000001111110000000000001111000000000000000000000000000000000000000000000000000000111110000000000000111100000000000000000000000000000000000000,0,0,1366142.1028571473
905,0,TypeA,50300,000000011111111110000000000000001111111110000000000000000000000000000000000000001111111110000000000000000000000000000000000000111111111000000000000000000000011111111110,0,0,1784283.451428582
906,3,TypeC,24000,000000000000011110000000000000001111110000000000001111000000000000000000000000000000000000000000000000000000000000000000000000111100000000000000000000000000000000001110,0,0,2511600.7942857184
907,4,TypeC,24000,000000000000011110000000000000001111110000000000001111000000000000000000000000000000000000000000000000000000000000000000000000111100000000000000000000000000000000001110,0,0,2511600.7942857184
908,3,TypeC,26300,000000000000011110000000000000001111110000000000001111000000000000000000011110000000000000000000000000000000000000000000000000111110000000000000000000000000000000000000,1,0,2513900.7942857184
909,4,TypeC,26300,000000000000011110000000000000001111110000000000001111000000000000000000011110000000000000000000000000000000000000000000000000111110000000000000000000000000000000000000,1,0,2513900.7942857184
910,1,TypeB,36300,000000000000000000001111111100000000000000000000000000000000000000000000000000000000000011111111000000000001111110000000000000000000011110000000000000000111111100000000,0,0,2636044.759999994
911,2,TypeB,36300,000000000000000000001111111100000000000000000000000000000000000000000000000000000000000011111111000000000001111110000000000000000000011110000000000000000111111100000000,0,0,2636044.759999995
912,3,TypeC,27200,000000000000000000000000000000001111110000000000001111000000000000000000000000001111110000000000000000000000000000000000000000111100000000000000000000000000011100000000,0,0,664233.011428575
913,4,TypeC,27200,000000000000000000000000000000001111110000000000001111000000000000000000000000001111110000000000000000000000000000000000000000111100000000000000000000000000011100000000,0,0,664233.011428575
914,3,TypeC,23600,000000000000000000000000000000001111110000000000001111000000000000000000000000000000000000000000000000000000001110000000000000111100000000000000000000000000011100000000,0,0,1362242.1028571473
915,4,TypeC,23600,000000000000000000000000000000001111110000000000001111000000000000000000000000000000000000000000000000000000001110000000000000111100000000000000000000000000011100000000,0,0,1362242.1028571473
916,0,TypeA,47700,000000011111111110000000000000000000000000000000000000000000000000000000000000001111111110000000000000011111111110000000000000111111110000000000000000001111111100000000,0,0,1511413.9314285815
917,1,TypeB,35000,000000000000000000000000000000000000000000000000000000000000011111100000000000000000000011111111000000000000011111111000000000000000011110000000000000000011111100000000,0,0,3452757.0399999935
918,2,TypeB,35000,000000000000000000000000000000000000000000000000000000000000011111100000000000000000000011111111000000000000011111111000000000000000011110000000000000000011111100000000,0,0,3452757.0399999944
919,3,TypeC,25600,000000000000000000000011111000000000011110000000000000000000011111100000000000000000000000000000000000000000000000000000000000111100000000000000000000000000011100000000,0,0,1331644.0571428603
920,4,TypeC,25600,000000000000000000000011111000000000011110000000000000000000011111100000000000000000000000000000000000000000000000000000000000111100000000000000000000000000011100000000,0,0,1331644.0571428603
921,0,TypeA,50600,000000011111111110000000000000000000000000000000000001111111110000000000000000000000000000000000000000011111111110000000000000000111111110000000000000000000011111111110,0,0,2048443.742857147
922,3,TypeC,24300,000000000000000000000000000000000000000000000000001111000000000000000000000000000000000111000000000000011100000000000000000000111110000000000000000000000011111100000000,0,0,2400513.4971428635
923,4,TypeC,24300,000000000000000000000000000000000000000000000000001111000000000000000000000000000000000111000000000000011100000000000000000000111110000000000000000000000011111100000000,0,0,2400513.4971428635
924,0,TypeA,51600,000000000000011111111110000000000000000000000000000000000000000000000000000000001111111110000000000000001111111110000000000000011111111110000000000000000000011111111110,0,0,2076960.422857157
925,3,TypeC,26200,000000000000011110000000000000001111110000000000001111000000000000000000000000000000000000000000000000000000000000000000000000111110000000000000000000000000011100000000,0,0,1513800.7942857184
926,4,TypeC,26200,000000000000011110000000000000001111110000000000001111000000000000000000000000000000000000000000000000000000000000000000000000111110000000000000000000000000011100000000,0,0,1513800.7942857184
927,3,TypeC,28800,000000000000011110000000000000001111110000000000001111000000000000000000000000000000000000000000000000000000000000000000000000111100000000000000000000000011111100000000,0,0,1237699.314285717
928,4,TypeC,28800,000000000000011110000000000000001111110000000000001111000000000000000000000000000000000000000000000000000000000000000000000000111100000000000000000000000011111100000000,0,0,1237699.314285717
929,3,TypeC,25000,000000000000011110000000000000001111110000000000001111000000000000000000011110000000000000000000000000000000000000000000000000111100000000000000000000000000000000000000,0,0,2512600.7942857184
930,4,TypeC,25000,000000000000011110000000000000001111110000000000001111000000000000000000011110000000000000000000000000000000000000000000000000111100000000000000000000000000000000000000,0,0,2512600.7942857184
931,3,TypeC,29300,000000000000000000000000000000001111110000000000001111000000000000000000000000001111110000000000000000000000000000000000000000111100000000000000000111111000000000000000,0,0,672124.971428575
932,4,TypeC,29300,000000000000000000000000000000001111110000000000001111000000000000000000000000001111110000000000000000000000000000000000000000111100000000000000000111111000000000000000,0,0,672124.971428575
933,3,TypeC,28900,000000000000000000001111110000000000011110000000000000000000011111100000000000000000000000000000000000000000000011111000000000000000011110000000000000000000000000000000,0,0,2711516.5542857163
934,4,TypeC,28900,000000000000000000001111110000000000011110000000000000000000011111100000000000000000000000000000000000000000000011111000000000000000011110000000000000000000000000000000,0,0,2711516.5542857163
935,3,TypeC,26600,000000000000000000001111110000000000011110000000000000000000011111100000000000000000000000000000000000000000000000000000000000111100000000000000000000000000011100000000,0,0,1332644.0571428603
936,4,TypeC,26600,000000000000000000001111110000000000011110000000000000000000011111100000000000000000000000000000000000000000000000000000000000111100000000000000000000000000011100000000,0,0,1332644.0571428603
937,3,TypeC,23400,000000000000000000000011111100000000000000000000001111000000000000000000000000000000000000000000000000000000011110000000000000111100000000000000000000000000011100000000,0,0,1122869.2628571447
938,4,TypeC,23400,000000000000000000000011111100000000000000000000001111000000000000000000000000000000000000000000000000000000011110000000000000111100000000000000000000000000011100000000,0,0,1122869.2628571447
939,0,TypeA,46400,000000011111111110000000000000001111111110000000000000000000000000000000000000001111111110000000000000000000000000000000000000111111110000000000000000001111111100000000,0,0,1501681.9714285806
940,3,TypeC,27100,000000000000000000000011111100000000000000000000001110000000000000000000000000000000000000000000000000000001111110000000000000111100000000000000000111111000000000000000,1,0,1132361.2228571451
941,4,TypeC,27100,000000000000000000000011111100000000000000000000001110000000000000000000000000000000000000000000000000000001111110000000000000111100000000000000000111111000000000000000,1,0,1132361.2228571451
942,0,TypeA,49000,000000000000011111111110000000000000000000000000000000000000000000000000000000001111111110000000000000001111111110000000000000000111111110000000000000000000011111111110,0,0,2074360.422857157
943,3,TypeC,27200,000000000000000000000000000000001111110000000000001111000000000000000000000000000000000000000000000000001111110000000000000000111100000000000000000000000000011100000000,0,0,1921587.8171428717
944,4,TypeC,27200,000000000000000000000000000000001111110000000000001111000000000000000000000000000000000000000000000000001111110000000000000000111100000000000000000000000000011100000000,0,0,1921587.8171428717
945,0,TypeA,53700,000000011111111110000000000000000000000000000000000000000011111111100000000000000000000000000001111111111000000000000000000000111111111000000000000000000000011111111110,0,0,2159025.1542857112
946,3,TypeC,24500,000000000000000000000011111100000000000000000000001110000000000000000000000000000000011110000000000000000000000000000000000000111100000000000000000111111000000000000000,0,0,2121455.737142863
947,4,TypeC,24500,000000000000000000000011111100000000000000000000001110000000000000000000000000000000011110000000000000000000000000000000000000111100000000000000000111111000000000000000,0,0,2121455.737142863
948,0,TypeA,49900,000000000000011111111110000000000000000000000000000000000000000000000000000000001111111110000000000000001111111110000000000000111111110000000000000000000000011111111110,0,0,2075260.422857157
949,3,TypeC,25900,000000000000000000000000000000001111110000000000001111000000000000000000000000000000000000000000000000000000000011111000000000000000011110000000000000000000011100000000,0,0,2890073.2914285744
950,4,TypeC,25900,000000000000000000000000000000001111110000000000001111000000000000000000000000000000000000000000000000000000000011111000000000000000011110000000000000000000011100000000,0,0,2890073.2914285744
951,3,TypeC,26200,000000000000000000000000000000001111110000000000001111000000000000000000000000000000000000000000000000000000011110000000000000111100000000000000000000000000011110000000,0,0,1364842.1028571473
952,4,TypeC,26200,000000000000000000000000000000001111110000000000001111000000000000000000000000000000000000000000000000000000011110000000000000111100000000000000000000000000011110000000,0,0,1364842.1028571473
953,3,TypeC,23900,000000000000011110000000000000001111110000000000001110000000000000000000000000000000000000000000000000000000000000000000000000111100000000000000000000000000011100000000,0,0,1511500.7942857184
954,4,TypeC,23900,000000000000011110000000000000001111110000000000001110000000000000000000000000000000000000000000000000000000000000000000000000111100000000000000000000000000011100000000,0,0,1511500.7942857184
955,3,TypeC,28300,000000000000000000000000000000001111110000000000001111000000000000000000000000000000000000000000000000000000111110000000000000111100000000000000000111111000000000000000,0,0,1372734.0628571478
956,4,TypeC,28300,000000000000000000000000000000001111110000000000001111000000000000000000000000000000000000000000000000000000111110000000000000111100000000000000000111111000000000000000,0,0,1372734.0628571478
957,3,TypeC,21200,000000000000000000000011111100000000000000000000001111000000000000000000000000000000000000000001110000000000000000000000000000111100000000000000000000000000011100000000,0,0,1575308.2685714355
958,4,TypeC,21200,000000000000000000000011111100000000000000000000001111000000000000000000000000000000000000000001110000000000000000000000000000111100000000000000000000000000011100000000,0,0,1575308.2685714355
959,0,TypeA,48400,000000011111111110000000000000001111111110000000000000000000000000000000000000001111111110000000000000000000000000000000000000000111111110000000000000000000011111111110,0,0,1782383.451428582
960,3,TypeC,25500,000000000000000000000011111100000000000000000000001111000000000000000000000000000000000000000000000000000000011110000000000000111100000000000000000111111000000000000000,1,0,1130761.2228571451
961,4,TypeC,25500,000000000000000000000011111100000000000000000000001111000000000000000000000000000000000000000000000000000000011110000000000000111100000000000000000111111000000000000000,1,0,1130761.2228571451
962,3,TypeC,27000,000000000000011110000000000000001111110000000000001111000000000000000000000000000000000000000000000000000000000000000000000000111100000000000000000111111000000000000000,0,0,1520392.7542857183
963,4,TypeC,27000,000000000000011110000000000000001111110000000000001111000000000000000000000000000000000000000000000000000000000000000000000000111100000000000000000111111000000000000000,0,0,1520392.7542857183
964,0,TypeA,49900,000001111111110000000000000000000000000000000000000000000011111111100000000000000000000000000000000000011111111110000000000000111111110000000000000000000000011111111110,0,0,3107373.1714285733
965,1,TypeB,37600,000000000001111110000000000000000000000000000000000000000000000000000000011111111000000000000000000000000001111111100000000000000000111110000000000000000111111100000000,0,0,2504049.6114285663
966,2,TypeB,37600,000000000001111110000000000000000000000000000000000000000000000000000000011111111000000000000000000000000001111111100000000000000000111110000000000000000111111100000000,0,0,2504049.611428567
967,3,TypeC,29300,000000000000011110000000000000000000011110000000000000000000011111100000000000000000000000000000000000000000000000000000000000000000111110000000000000000000111100000000,0,0,857391.314285717
968,4,TypeC,29300,000000000000011110000000000000000000011110000000000000000000011111100000000000000000000000000000000000000000000000000000000000000000111110000000000000000000111100000000,0,0,857391.314285717
969,0,TypeA,52600,000000011111111110000000000000000000000000000000000000000000000000000000011111111110000000000001111111110000000000000000000000111111111000000000000000000111111110000000,0,0,990608.040000001
970,1,TypeB,35600,000000011111110000000000000000000000000000000000000000000000011111100000000000011111110000000000000000000000000000000000000000000000111110000000000000000111111100000000,0,0,1721704.9942857102
971,2,TypeB,35600,000000011111110000000000000000000000000000000000000000000000011111100000000000011111110000000000000000000000000000000000000000000000111110000000000000000111111100000000,0,0,1721704.994285711
972,3,TypeC,31600,000000000000011110000000000000000000011110000000000000000000011111100000000000000000000000000000000000000000000000000000000000000000111110000000000000001111110000000000,1,0,580989.8342857156
973,4,TypeC,31600,000000000000011110000000000000000000011110000000000000000000011111100000000000000000000000000000000000000000000000000000000000000000111110000000000000001111110000000000,1,0,580989.8342857156
974,0,TypeA,50000,000000011111111110000000000000001111111110000000000000000000000000000000000000001111111110000000000000000000111111111000000000000000000000000000000000000000011111111110,0,0,1866122.4971428663
975,1,TypeB,34100,000000000001111110000000000000001111110000000000000000000000000000000000011111111000000000000000000000000000111110000000000000000000000000000000000000000111111100000000,0,0,2594247.691428568
976,2,TypeB,34100,000000000001111110000000000000001111110000000000000000000000000000000000011111111000000000000000000000000000111110000000000000000000000000000000000000000111111100000000,0,0,2594247.691428569
977,0,TypeA,49300,000000011111111110000000000000001111111110000000000000000000000000000000000000001111111110000000000000000000000000000000000000111111110000000000000000000000011111111110,0,0,1783283.451428582
978,1,TypeB,33100,000000000001111110000000000000001111110000000000000000000011110000000000011111111000000000000000000000000000000000000000000000000000000000000000000000000111111100000000,0,0,3231419.902857134
979,2,TypeB,33100,000000000001111110000000000000001111110000000000000000000011110000000000011111111000000000000000000000000000000000000000000000000000000000000000000000000111111100000000,0,0,3231419.902857135
980,1,TypeB,38100,000000011111110000000000000000001111110000000000000000000000000000000000011111111000000000000000000000000000011111111000000000000000000000000000000000000111111100000000,0,0,1970677.8342857128
981,2,TypeB,38100,000000011111110000000000000000001111110000000000000000000000000000000000011111111000000000000000000000000000011111111000000000000000000000000000000000000111111100000000,0,0,1970677.8342857137
982,1,TypeB,33100,000000000000000000000000000000001111110000000000000000000011110000000000011111111000000000000000000000000001111110000000000000000000000000000000000000000111111100000000,0,0,3630409.0685714204
983,2,TypeB,33100,000000000000000000000000000000001111110000000000000000000011110000000000011111111000000000000000000000000001111110000000000000000000000000000000000000000111111100000000,0,0,3630409.0685714213
984,3,TypeC,25800,000000000000000000000000000000000000000000000000000000000000011111100000000000000000000000000001110000000000001110000000000000000000011110000000000000000001111100000000,0,0,1855214.6457142914
985,4,TypeC,25800,000000000000000000000000000000000000000000000000000000000000011111100000000000000000000000000001110000000000001110000000000000000000011110000000000000000001111100000000,0,0,1855214.6457142914
986,1,TypeB,36300,000000000000000000000000000000000000000000000000000000000000011111100000000000000000000011111111000000000000011111111000000000000000011110000000000000000111111100000000,0,0,3454057.0399999935
987,2,TypeB,36300,000000000000000000000000000000000000000000000000000000000000011111100000000000000000000011111111000000000000011111111000000000000000011110000000000000000111111100000000,0,0,3454057.0399999944
988,1,TypeB,35300,000000000000000000000000000000000000000000000000000000000000011111100000000000000011111110000000000000000000011111111000000000000000011110000000000000000111111100000000,0,0,3445225.0799999973
989,2,TypeB,35300,000000000000000000000000000000000000000000000000000000000000011111100000000000000011111110000000000000000000011111111000000000000000011110000000000000000111111100000000,0,0,3445225.079999998
990,3,TypeC,23200,000000000000000000000000000000000000000000000000000000000000011111100000000000001110000000000000000000011100000000000000000000000000011110000000000000000000011100000000,0,0,2251812.2628571484
991,4,TypeC,23200,000000000000000000000000000000000000000000000000000000000000011111100000000000001110000000000000000000011100000000000000000000000000011110000000000000000000011100000000,0,0,2251812.2628571484
992,0,TypeA,48300,000000011111111110000000000000001111111110000000000000000000000000000000000000000000000111111111000000000000000000000000000000000111111110000000000000000000011111111100,0,0,1790115.4114285782
993,1,TypeB,37300,000000000000000000001111111100000000000000000000000000000000000000000000000000000000000011111111000000000000001111111000000000000000011110000000000000000111111100000000,1,0,2637044.759999994
994,2,TypeB,37300,000000000000000000001111111100000000000000000000000000000000000000000000000000000000000011111111000000000000001111111000000000000000011110000000000000000111111100000000,1,0,2637044.759999995
995,0,TypeA,50300,000000011111111110000000000000001111111110000000000001111111110000000000000000000000000000000000000000000001111111111000000000000000000000000000000000011111111100000000,1,0,1843149.348571429
996,1,TypeB,35100,000000000000000000000000000000001111110000000000000000000011110000000000011111111000000000000000000000000001111111100000000000000000000000000000000000000111111100000000,0,0,3632409.0685714204
997,2,TypeB,35100,000000000000000000000000000000001111110000000000000000000011110000000000011111111000000000000000000000000001111111100000000000000000000000000000000000000111111100000000,0,0,3632409.0685714213
998,3,TypeC,24900,000000000000000000000000000000000000000000000000000000000011110000000000011111000000000000000001110000000000000000000000000000000000011110000000000000000001111100000000,0,0,2356051.1200000066
999,4,TypeC,24900,000000000000000000000000000000000000000000000000000000000011110000000000011111000000000000000001110000000000000000000000000000000000011110000000000000000001111100000000,0,0,2356051.1200000066
1000,0,TypeA,0,000000000000000000000000000000000000000000000000000000000000000000000000000000000000000000000000000000000000000000000000000000000000000000000000000000000000000000000000,1,0,9899334.491428569
1001,0,TypeA,8000,000000000011111111000000000000000000000000000000000000000000000000000000000000000000000000000000000000000000000000000000000000000000000000000000000000000000000000000000,1,0,8359386.634285712
1002,1,TypeB,0,000000000000000000000000000000000000000000000000000000000000000000000000000000000000000000000000000000000000000000000000000000000000000000000000000000000000000000000000,1,0,8027404.931428567
1003,1,TypeB,4000,000000000011110000000000000000000000000000000000000000000000000000000000000000000000000000000000000000000000000000000000000000000000000000000000000000000000000000000000,1,0,6483457.074285709
1004,2,TypeB,0,000000000000000000000000000000000000000000000000000000000000000000000000000000000000000000000000000000000000000000000000000000000000000000000000000000000000000000000000,1,0,8027404.9314285675
1005,2,TypeB,4000,000000000011110000000000000000000000000000000000000000000000000000000000000000000000000000000000000000000000000000000000000000000000000000000000000000000000000000000000,1,0,6483457.07428571
1006,3,TypeC,0,000000000000000000000000000000000000000000000000000000000000000000000000000000000000000000000000000000000000000000000000000000000000000000000000000000000000000000000000,1,0,4854680.742857143
1007,3,TypeC,3900,000000000011100000000000000000000000000000000000000000000000000000000000000000000000000000000000000000000000000000000000000000000000000000000000000000000000000000000000,1,0,4310632.885714286
1008,4,TypeC,0,000000000000000000000000000000000000000000000000000000000000000000000000000000000000000000000000000000000000000000000000000000000000000000000000000000000000000000000000,1,0,4854680.742857143
1009,4,TypeC,3900,000000000011100000000000000000000000000000000000000000000000000000000000000000000000000000000000000000000000000000000000000000000000000000000000000000000000000000000000,1,0,4310632.885714286
1010,0,TypeA,52600,000000000000001111111100000000000111111111100000000000000000000011111111110000000000011111111000000000000000000000000111111111100000000000000000000000000000000000000000,1,0,3032817.0685714325
1011,1,TypeB,40100,000000000000001111111100000000000111111100000000011111111000000000000000000000000000011111111000000000000000000000000000111111100000000000000000000000000000000000000000,1,0,2227013.0285714297
1012,2,TypeB,40100,000000000000001111111100000000000111111100000000011111111000000000000000000000000000011111111000000000000000000000000000111111100000000000000000000000000000000000000000,1,0,2227013.0285714306
1013,3,TypeC,30400,000000000000000000000000000000111111000000000000011111100000000000000000000000000000000111111000000000000000000000001111100000000000001111100000000000000000000000000000,1,0,1309351.885714287
1014,4,TypeC,30400,000000000000000000000000000000111111000000000000011111100000000000000000000000000000000111111000000000000000000000001111100000000000001111100000000000000000000000000000,1,0,1309351.885714287
1015,0,TypeA,47800,000000000000000000000000000000000001111111100000000000011111111110000000000000000000000000000000000000000000011111111100000000000111111111100000000000001111111110000000,1,0,4131117.8914285703
1016,1,TypeB,35800,001111111000000000000000000000000001111111100000000000000000000011111110000000000000000000000000000000000011111100000000000001111110000000000000000000000000000000000000,1,0,1935579.5885714255
1017,2,TypeB,35800,001111111000000000000000000000000001111111100000000000000000000011111110000000000000000000000000000000000011111100000000000001111110000000000000000000000000000000000000,1,0,1935579.5885714265
1018,3,TypeC,33800,001111100000000000000000000000000000011111100000000000011111100000000000000000000000000000000000000000000011111100000000000001111110000000000000000000000000000000000000,1,0,0.0
1019,4,TypeC,33800,001111100000000000000000000000000000011111100000000000011111100000000000000000000000000000000000000000000011111100000000000001111110000000000000000000000000000000000000,1,0,0.0
1020,0,TypeA,53400,001111111100000000000000111111111100000000000000000000000000000011111111110000000000011111111000000000000000011111111100000000000000000000000000000000000000000000000000,1,0,1019375.1028571464
1021,1,TypeB,38000,001111111100000000011111111000000000000000000000000000000000000011111110000000000000011111111000000000000011111110000000000000000000000000000000000000000000000000000000,1,0,-1.862645149230957e-09
1022,2,TypeB,38000,001111111100000000011111111000000000000000000000000000000000000011111110000000000000011111111000000000000011111110000000000000000000000000000000000000000000000000000000,1,0,-9.313225746154785e-10
1023,3,TypeC,29800,000000111100000000000111111000000000000000000000000000000000000000000011111100000000000000000000000000000000000011111100000000000000011111100000000000000000000000000000,1,0,2256910.8857142883
1024,4,TypeC,29800,000000111100000000000111111000000000000000000000000000000000000000000011111100000000000000000000000000000000000011111100000000000000011111100000000000000000000000000000,1,0,2256910.8857142883
1025,0,TypeA,54000,000000111111111100000000000000000000000000000000000000001111111110000000000000111111111100000000000000000000000000000111111111100000000000000000000000111111111000000000,1,0,728034.788571421
1026,1,TypeB,41100,000000001111111100000000000000111111110000000000000000000000111111110000000000111111110000000000000000000000000000000000000000000000000000000000000000111111100000000000,1,0,581349.4342857003
1027,2,TypeB,41100,000000001111111100000000000000111111110000000000000000000000111111110000000000111111110000000000000000000000000000000000000000000000000000000000000000111111100000000000,1,0,581349.4342857013
1028,3,TypeC,28300,000000001111110000000000000000000000000000000000011100000000000000011110000000000000000000000000000000000000000000011111100000000000000000000000000000000001111110000000,1,0,0.0
1029,4,TypeC,28300,000000001111110000000000000000000000000000000000011100000000000000011110000000000000000000000000000000000000000000011111100000000000000000000000000000000001111110000000,1,0,0.0
1030,0,TypeA,55000,000000000000000000000000111111111100000000000000011111111000000000000011111111100000000000000000000000000000000000000000000000111111111100000000000000001111111110000000,1,0,1481588.622857144
1031,1,TypeB,38100,000000000000000000000000000000111111110000000000011111111000000000000000011111100000000000000000000000011111110000000000000000000000000000000000000000111111100000000000,1,0,2236135.782857146
1032,2,TypeB,38100,000000000000000000000000000000111111110000000000011111111000000000000000011111100000000000000000000000011111110000000000000000000000000000000000000000111111100000000000,1,0,2236135.782857147
1033,3,TypeC,28900,000000000000000000000000000000111100000000000000000000001111000000000000011111100000000000000000000000000000000000000000000000000000011111100000000000000000111110000000,1,0,1087370.2400000012
1034,4,TypeC,28900,000000000000000000000000000000111100000000000000000000001111000000000000011111100000000000000000000000000000000000000000000000000000011111100000000000000000111110000000,1,0,1087370.2400000012
1035,0,TypeA,52500,000000000000000000000000000000000000000000000000011111111000000000000000000000111111111100000000000000011111111110000000000000000111111111100000000000011111111110000000,1,0,1808035.6114285756
1036,1,TypeB,40400,000000000000011111110000000000000000000000000000011111111000000000000000000000111111110000000000000000000000011111110000000000111111110000000000000000000000000000000000,1,0,60611.982857135125
1037,2,TypeB,40400,000000000000011111110000000000000000000000000000011111111000000000000000000000111111110000000000000000000000011111110000000000111111110000000000000000000000000000000000,1,0,60611.982857136056
1038,3,TypeC,27400,000000000000000011110000000000000000000000000000011111100000000000000000000000111000000000000000000000000000000000000000000000000000011111100000000000111111000000000000,1,0,1488998.2285714196
1039,4,TypeC,27400,000000000000000011110000000000000000000000000000011111100000000000000000000000111000000000000000000000000000000000000000000000000000011111100000000000111111000000000000,1,0,1488998.2285714196
1040,0,TypeA,56500,000000000000000000000000111111111100000000000000000000001111111110000000000000111111111100000000000000000000000000000111111111100000000000000000000000011111111110000000,1,0,1139433.3828571364
1041,1,TypeB,37400,000000000000011111110000000000000111111110000000000000000000000011111110000000000000000000000000000000000000000000011111100000000011111110000000000000000000000000000000,1,0,2294281.879999996
1042,2,TypeB,37400,000000000000011111110000000000000111111110000000000000000000000011111110000000000000000000000000000000000000000000011111100000000011111110000000000000000000000000000000,1,0,2294281.879999997
1043,3,TypeC,28000,000000111000000000011111100000000000011110000000000000000001111110000000000000000000000000000000000000000000000000011111100000000000000000000000000000000000000000000000,1,0,1420228.2000000002
1044,4,TypeC,28000,000000111000000000011111100000000000011110000000000000000001111110000000000000000000000000000000000000000000000000011111100000000000000000000000000000000000000000000000,1,0,1420228.2000000002
1045,0,TypeA,47200,000000001111111110000000000000000111111111100000000000000000000000000000000000000000011111111000000000000000000000000000000000000111111111100000000000001111111110000000,1,0,3487155.097142862
1046,1,TypeB,41400,000000111111110000000000000000000001111111100000000001111111000000000000000000000000011111111000000000000000000000000000000000111111110000000000000000000000000000000000,1,0,968670.3942857208
1047,2,TypeB,41400,000000111111110000000000000000000001111111100000000001111111000000000000000000000000011111111000000000000000000000000000000000111111110000000000000000000000000000000000,1,0,968670.3942857217
1048,3,TypeC,34000,000000000000011110000000000000000000011111100000000000000001111110000000000000000000000111111000000000000000000000000000000000000000011111100000000000000000000000000000,1,0,1692379.0857142843
1049,4,TypeC,34000,000000000000011110000000000000000000011111100000000000000001111110000000000000000000000111111000000000000000000000000000000000000000011111100000000000000000000000000000,1,0,1692379.0857142843
1050,0,TypeA,48600,000000000000000000000000001111111111000000000000000000000000000000000000000000111111111100000000000000000000111111110000000000000111111110000000000000001111111110000000,1,0,2108118.8685714277
1051,1,TypeB,41500,000000000000000111111100000000000001111111100000000000000000000000000000000000000000000000000000000000000000011111110000000000111111110000000000000000111111100000000000,1,0,2532989.8114285693
1052,2,TypeB,41500,000000000000000111111100000000000001111111100000000000000000000000000000000000000000000000000000000000000000011111110000000000111111110000000000000000111111100000000000,1,0,2532989.81142857
1053,3,TypeC,31500,000000000000000011111100000000000001111110000000000000000000000000000000000111100000000000000000000000000000000000000000000000111110000000000000000000000001111110000000,1,0,895837.0228571454
1054,4,TypeC,31500,000000000000000011111100000000000001111110000000000000000000000000000000000111100000000000000000000000000000000000000000000000111110000000000000000000000001111110000000,1,0,895837.0228571454
1055,0,TypeA,50100,000000001111111110000000000000000111111111100000000000000000000000000000000000111111111100000000000000011111111110000000000000000000000000000000000000001111111110000000,1,0,1715714.7885714322
1056,1,TypeB,31000,000000111100000000000000000000111111110000000000000000000000000000011111110000000000011110000000000000000000011111111000000000000000000000000000000000000000000000000000,1,0,2512724.125714289
1057,2,TypeB,31000,000000111100000000000000000000111111110000000000000000000000000000011111110000000000011110000000000000000000011111111000000000000000000000000000000000000000000000000000,1,0,2512724.12571429
1058,3,TypeC,24600,000000111100000000000000000000000000011111100000000000000000000000011110000000000000011100000000000000000000011110000000000000000000000000000000000000000000000000000000,1,0,104350.62857143767
1059,4,TypeC,24600,000000111100000000000000000000000000011111100000000000000000000000011110000000000000011100000000000000000000011110000000000000000000000000000000000000000000000000000000,1,0,104350.62857143767
1060,0,TypeA,54400,001111111100000000000111111111100000000000000000000000000001111111110000000000000000000000000000000000000000000000000000111111111100000000000000000000001111111110000000,1,0,3231131.451428566
1061,1,TypeB,42400,001111111100000000000000000000111111110000000000011111111000000000000000000000000000000000000000000000000000011111111000000000000111111110000000000000000000000000000000,1,0,624363.1828571446
1062,2,TypeB,42400,001111111100000000000000000000111111110000000000011111111000000000000000000000000000000000000000000000000000011111111000000000000111111110000000000000000000000000000000,1,0,624363.1828571456
1063,3,TypeC,20500,000000111100000000000000001111100000000000000000011100000000000011110000000000000000000000000000000000000000000000000000000000000000001110000000000000000000000000000000,1,0,3835942.874285716
1064,4,TypeC,20500,000000111100000000000000001111100000000000000000011100000000000011110000000000000000000000000000000000000000000000000000000000000000001110000000000000000000000000000000,1,0,3835942.874285716
1065,0,TypeA,52200,000000001111111110000000000000000000000000000000000000000000000011111111110000000000000000000000000000011111111110000000000000111111111100000000000000001111111110000000,1,0,1863975.434285717
1066,1,TypeB,35100,000000111100000000000000111111100000000000000000000000000000000000000000000000111111110000000000000000011111110000000000000000000111111100000000000000000000000000000000,1,0,2347357.9828571416
1067,2,TypeB,35100,000000111100000000000000111111100000000000000000000000000000000000000000000000111111110000000000000000011111110000000000000000000111111100000000000000000000000000000000,1,0,2347357.9828571426
1068,3,TypeC,24100,000000111100000000000000000000000000000000000000000000000000000000000000011111100000000000000000000000000000011110000000000000111110000000000000000000111000000000000000,1,0,1000649.6057142895
1069,4,TypeC,24100,000000111100000000000000000000000000000000000000000000000000000000000000011111100000000000000000000000000000011110000000000000111110000000000000000000111000000000000000,1,0,1000649.6057142895
1070,0,TypeA,50700,000000000000011111111100000000000000000000000000000000000000000000000000000000111111111100000000000000011111111110000000000000000111111111100000000000001111111110000000,1,0,1384660.348571431
1071,1,TypeB,37300,000000111111110000000000000000111111110000000000000000000000000000000000000000000000000000000000000000011111110000000000111111100000000011110000000000000000000000000000,1,0,1688991.6457142942
1072,2,TypeB,37300,000000111111110000000000000000111111110000000000000000000000000000000000000000000000000000000000000000011111110000000000111111100000000011110000000000000000000000000000,1,0,1688991.645714295
1073,3,TypeC,26800,000000000000011110000000000000000000000000000000000000000000000000000000000000000000011100000000000000000000000000000111100000000000001111100000000000000001111110000000,1,0,2724216.5657142904
1074,4,TypeC,26800,000000000000011110000000000000000000000000000000000000000000000000000000000000000000011100000000000000000000000000000111100000000000001111100000000000000001111110000000,1,0,2724216.5657142904
1075,0,TypeA,52100,000000111111111000000000001111111111000000000000000000000000000011111111110000000000000000000000000000000011111111000000000000000111111111100000000000000000000000000000,1,0,1601984.548571432
1076,1,TypeB,36800,000000000000000000000000111111100000000000000000011111111000000000011111110000000000000000000000000000000011111110000000000000000000011111100000000000000000000000000000,1,0,2592887.879999996
1077,2,TypeB,36800,000000000000000000000000111111100000000000000000011111111000000000011111110000000000000000000000000000000011111110000000000000000000011111100000000000000000000000000000,1,0,2592887.879999997
1078,3,TypeC,35900,000000000001111110000000000000000001111110000000000000001111100000000000000000000000000000000000000000000000000000000000000000000000011111100000000000111111000000000000,1,0,568860.4171428531
1079,4,TypeC,35900,000000000001111110000000000000000001111110000000000000001111100000000000000000000000000000000000000000000000000000000000000000000000011111100000000000111111000000000000,1,0,568860.4171428531
1080,0,TypeA,57000,000000111111111100000000000000000000000011111111110000000000000000000011111111100000000000000000000000000000000000000111111111100000000000000000000000001111111110000000,1,0,408563.4914285764
1081,1,TypeB,39400,000000000000001111111100000000000000000000000000000000000001111110000000000000111111110000000000000000011111110000000000000000000111111110000000000000000000000000000000,1,0,2880129.948571421
1082,2,TypeB,39400,000000000000001111111100000000000000000000000000000000000001111110000000000000111111110000000000000000011111110000000000000000000111111110000000000000000000000000000000,1,0,2880129.948571422
1083,3,TypeC,34100,000000111111000000000000000000111111000000000000000000000001111110000000000000000000000000000000000000000000000000011111100000000000000000000000000000000000111110000000,1,0,746210.6800000016
1084,4,TypeC,34100,000000111111000000000000000000111111000000000000000000000001111110000000000000000000000000000000000000000000000000011111100000000000000000000000000000000000111110000000,1,0,746210.6800000016
1085,0,TypeA,51700,000000111111111000000000000000111111111100000000000000000000000000000011111111100000000000000000000000000000011111111100000000000000000000000000000000001111111110000000,1,0,1383005.2457142845
1086,1,TypeB,38400,000000000000000000000000111111100000000000000000000000000000000001111110000000000000011111111000000000011111110000000000000000000111111110000000000000000000000000000000,1,0,2050881.400000006
1087,2,TypeB,38400,000000000000000000000000111111100000000000000000000000000000000001111110000000000000011111111000000000011111110000000000000000000111111110000000000000000000000000000000,1,0,2050881.400000007
1088,3,TypeC,28200,000000000000000000000000000000000000011110000000000000000000000001111110000000000000000000000000000000000011110000000000000001111100000000000000000000000000111110000000,1,0,483183.1371428594
1089,4,TypeC,28200,000000000000000000000000000000000000011110000000000000000000000001111110000000000000000000000000000000000011110000000000000001111100000000000000000000000000111110000000,1,0,483183.1371428594
1090,0,TypeA,55500,000000111111111100000000000000111111110000000000000111111111100000000000000000111111111100000000000000000000000000000111111111100000000000000000000000000000000000000000,1,0,0.0
1091,1,TypeB,36800,000000111111110000000000001111111100000000000000011111100000000000000000000000000000011111110000000000000000000000000000000001111110000000000000000000000000000000000000,1,0,2779121.6857142895
1092,2,TypeB,36800,000000111111110000000000001111111100000000000000011111100000000000000000000000000000011111110000000000000000000000000000000001111110000000000000000000000000000000000000,1,0,2779121.6857142905
1093,3,TypeC,30300,000000000000111110000000000000000000000000000000011111100000000000000000011111100000000000000000000000000011110000000000000001111110000000000000000000000000000000000000,1,0,1962684.497142856
1094,4,TypeC,30300,000000000000111110000000000000000000000000000000011111100000000000000000011111100000000000000000000000000011110000000000000001111110000000000000000000000000000000000000,1,0,1962684.497142856
1095,0,TypeA,53400,000000111111111100000000000000111111111100000000000000000001111111110000000000000000000000000000000000000000000000000111111111100000000000000000000000001111111110000000,1,0,2030417.645714283
1096,1,TypeB,39100,000000000000000000000000000000000111111110000000000000000001111111000000000000111111110000000000000000000011111110000000000000000011111110000000000000000000000000000000,1,0,2421765.2457142733
1097,2,TypeB,39100,000000000000000000000000000000000111111110000000000000000001111111000000000000111111110000000000000000000011111110000000000000000011111110000000000000000000000000000000,1,0,2421765.2457142742
1098,3,TypeC,30800,000000000000000000000000000000000000011110000000000000000000000000000000011111100000000000000000000000000000011110000000000001111110000000000000000000000001111110000000,1,0,639051.0342857176
1099,4,TypeC,30800,000000000000000000000000000000000000011110000000000000000000000000000000011111100000000000000000000000000000011110000000000001111110000000000000000000000001111110000000,1,0,639051.0342857176
1100,0,TypeA,52300,000000000000011111111100000000000001111111100000000000000000000011111111110000000000000000000000000000000000000000000111111111100000000000000000000000001111111110000000,1,0,1911079.765714284
1101,1,TypeB,38400,000000111111110000000000000000000000011111100000000000000000000011111110000000000000011111110000000000000000000000000000000000000111111110000000000000000000000000000000,1,0,1478800.1942857187
1102,2,TypeB,38400,000000111111110000000000000000000000011111100000000000000000000011111110000000000000011111110000000000000000000000000000000000000111111110000000000000000000000000000000,1,0,1478800.1942857197
1103,3,TypeC,25400,000000000000000011111100000000000000011111100000000000000000000000000000000000000000011100000000000000000000000000001111100000000000000000000000000000111000000000000000,1,0,1845659.3542857207
1104,4,TypeC,25400,000000000000000011111100000000000000011111100000000000000000000000000000000000000000011100000000000000000000000000001111100000000000000000000000000000111000000000000000,1,0,1845659.3542857207
1105,0,TypeA,53500,000000111111111100000000000000111111110000000000000000000000000000000011111111100000000000000000000000000000000000000000111111111100000000000000000000001111111110000000,1,0,784538.1542857178
1106,1,TypeB,42500,000000000000000000000000000000111111110000000000000000000000000011111110000000000000011111111000000000000000000000000000111111110000000000000000000000111111100000000000,1,0,1.862645149230957e-09
1107,2,TypeB,42500,000000000000000000000000000000111111110000000000000000000000000011111110000000000000011111111000000000000000000000000000111111110000000000000000000000111111100000000000,1,0,2.7939677238464355e-09
1108,3,TypeC,28900,000000000000011110000000000000000000011111100000000000000000000000000011111100000000000000000000000000000000000000000000000000111100000000000000000000001111100000000000,1,0,1238230.2971428595
1109,4,TypeC,28900,000000000000011110000000000000000000011111100000000000000000000000000011111100000000000000000000000000000000000000000000000000111100000000000000000000001111100000000000,1,0,1238230.2971428595
1110,0,TypeA,47000,000000000000011111111100000000000000000000000000000000001111111110000000000000000000011111111000000000000000011111111100000000000000000000000000000000001111111110000000,1,0,3957750.9599999953
1111,1,TypeB,37000,000000000000000111111100000000000111111110000000000000000000111111110000000000000000011111111000000000000000000011111100000000000000000000000000000000000000000000000000,1,0,4635978.674285711
1112,2,TypeB,37000,000000000000000111111100000000000111111110000000000000000000111111110000000000000000011111111000000000000000000011111100000000000000000000000000000000000000000000000000,1,0,4635978.674285712
1113,3,TypeC,25900,000000000000011110000000000000111100000000000000000000001111100000000000000000000000011100000000000000000000000011111100000000000000000000000000000000000000000000000000,1,0,1451702.925714288
1114,4,TypeC,25900,000000000000011110000000000000111100000000000000000000001111100000000000000000000000011100000000000000000000000011111100000000000000000000000000000000000000000000000000,1,0,1451702.925714288
1115,0,TypeA,52700,000000000000000111111111100000000000000000000000000111111111000000000000000000111111111100000000000000000000011111111100000000000000000000000000000000001111111110000000,1,0,1665092.6228571376
1116,1,TypeB,37000,000000111111110000000000111111100000000000000000000000000000000011111110000000000000011111111000000000000011111110000000000000000000000000000000000000000000000000000000,1,0,549615.7085714294
1117,2,TypeB,37000,000000111111110000000000111111100000000000000000000000000000000011111110000000000000011111111000000000000011111110000000000000000000000000000000000000000000000000000000,1,0,549615.7085714303
1118,3,TypeC,29000,000000000000011110000000000000000000011111100000000000000000000000000000011111100000000000000000000000000000000000011111100000000000000111100000000000000000000000000000,1,0,2162782.2228571447
1119,4,TypeC,29000,000000000000011110000000000000000000011111100000000000000000000000000000011111100000000000000000000000000000000000011111100000000000000111100000000000000000000000000000,1,0,2162782.2228571447
1120,0,TypeA,51800,000000111111111000000000000000000000000000000000000111111111100000000000000000111111111100000000000000000000000000000000000000111111111000000000000000001111111110000000,1,0,1093183.3771428522
1121,1,TypeB,41400,000000000000001111111100000000000111111110000000000000000000000000000000000000000000011111111000000000011111110000000000111111110000000000000000000000000000000000000000,1,0,2589223.1714285817
1122,2,TypeB,41400,000000000000001111111100000000000111111110000000000000000000000000000000000000000000011111111000000000011111110000000000111111110000000000000000000000000000000000000000,1,0,2589223.1714285826
1123,3,TypeC,25200,000000111000000000000000001111100000000000000000000000000000000000000000011111100000000000000000000000000000000000011111100000000000011110000000000000000000000000000000,1,0,3775780.50857143
1124,4,TypeC,25200,000000111000000000000000001111100000000000000000000000000000000000000000011111100000000000000000000000000000000000011111100000000000011110000000000000000000000000000000,1,0,3775780.50857143
1125,0,TypeA,52200,000000000000000111111111100000000000000000000000000000001111111111000000000000111111111100000000000000000000000000000000000000111111111000000000000000001111111110000000,1,0,2435857.817142847
1126,1,TypeB,40100,000000000111111110000000000000111111110000000000000000000001111111000000000000000000011111111000000000000000000000000000000000000011111110000000000000000000000000000000,1,0,2104435.914285713
1127,2,TypeB,40100,000000000111111110000000000000111111110000000000000000000001111111000000000000000000011111111000000000000000000000000000000000000011111110000000000000000000000000000000,1,0,2104435.914285714
1128,3,TypeC,31500,000000000000000111110000000000000000011111100000000000001111100000000000011111100000000000000000000000000000000000000000000000000000000000000000000000000000111110000000,1,0,761623.0399999963
1129,4,TypeC,31500,000000000000000111110000000000000000011111100000000000001111100000000000011111100000000000000000000000000000000000000000000000000000000000000000000000000000111110000000,1,0,761623.0399999963
1130,0,TypeA,51000,000000111111111100000000000000000111111111100000000000000000000000000000000000111111111100000000000000000000011111111100000000000000000000000000000000001111111110000000,1,0,1936849.5828571422
1131,1,TypeB,42500,000000000000001111111100000000000111111110000000000000000000000000011111110000000000000000000000000000000000000000000000000000000111111110000000000000111111100000000000,1,0,1831887.5828571394
1132,2,TypeB,42500,000000000000001111111100000000000111111110000000000000000000000000011111110000000000000000000000000000000000000000000000000000000111111110000000000000111111100000000000,1,0,1831887.5828571403
1133,3,TypeC,29600,000000111100000000000111111000000000011111100000000000000000000000000000000000000000000000000000000000000000000000000000000000111110000000000000000000000000111110000000,1,0,890061.920000006
1134,4,TypeC,29600,000000111100000000000111111000000000011111100000000000000000000000000000000000000000000000000000000000000000000000000000000000111110000000000000000000000000111110000000,1,0,890061.920000006
1135,0,TypeA,49300,000000001111111110000000000000000000000000000000000111111111100000000000000000000000000000000000000000000000011111111100000000000011111111100000000000001111111110000000,1,0,3111805.9199999943
1136,1,TypeB,39900,000000000000001111111100000000000000000000000000000000000000111111110000000000000000000000000000000000011111110000000000000000000000011111100000000000111111100000000000,1,0,4919796.822857138
1137,2,TypeB,39900,000000000000001111111100000000000000000000000000000000000000111111110000000000000000000000000000000000011111110000000000000000000000011111100000000000111111100000000000,1,0,4919796.822857139
1138,3,TypeC,30900,000000000000000000000000000000000000000000000000000111111000000000000011111100000000000000000000000000000000011110000000000000000000011111100000000000000000111110000000,1,0,495004.9028571453
1139,4,TypeC,30900,000000000000000000000000000000000000000000000000000111111000000000000011111100000000000000000000000000000000011110000000000000000000011111100000000000000000111110000000,1,0,495004.9028571453
1140,0,TypeA,52200,001111111100000000000000000000000000000000000000000000111111110000000000000000111111111100000000000000000000000000000111111111100000000000000000000000001111111110000000,1,0,821082.674285708
1141,1,TypeB,39100,001111111100000000000000001111111100000000000000000000111111100000000000000000000000000000000000000000011111110000000000000000000000000000000000000000111111100000000000,1,0,853590.9257142842
1142,2,TypeB,39100,001111111100000000000000001111111100000000000000000000111111100000000000000000000000000000000000000000011111110000000000000000000000000000000000000000111111100000000000,1,0,853590.9257142851
1143,3,TypeC,28300,001111100000000000000000001111100000000000000000011111100000000001111110000000000000000000000000000000000000000011111100000000000000000000000000000000000000000000000000,1,0,829339.5428571375
1144,4,TypeC,28300,001111100000000000000000001111100000000000000000011111100000000001111110000000000000000000000000000000000000000011111100000000000000000000000000000000000000000000000000,1,0,829339.5428571375
1145,0,TypeA,53400,000000000000000000000111111111100000000000000000000000001111111111000000000000111111111100000000000000000000011111111100000000000000000000000000000000001111111110000000,1,0,3412069.5657142745
1146,1,TypeB,34000,001111111100000000000000000000111111110000000000000000000001111111000000000000000000011110000000000000011111110000000000000000000000000000000000000000000000000000000000,1,0,3328326.9885714315
1147,2,TypeB,34000,001111111100000000000000000000111111110000000000000000000001111111000000000000000000011110000000000000011111110000000000000000000000000000000000000000000000000000000000,1,0,3328326.9885714324
1148,3,TypeC,31500,000000000000000011111100000000000000011111100000000000000001111110000000000000000000011100000000000000000000000011111100000000000000000000000000000000000000000000000000,1,0,2639742.205714288
1149,4,TypeC,31500,000000000000000011111100000000000000011111100000000000000001111110000000000000000000011100000000000000000000000011111100000000000000000000000000000000000000000000000000,1,0,2639742.205714288
1150,0,TypeA,52800,000000001111111110000000000000000000000000000000000000001111111111000000000000111111111100000000000000000000000000000111111111100000000000000000000000001111111110000000,1,0,1912333.2914285623
1151,1,TypeB,41400,000000001111111100000000000000111111110000000000000001111111100000000000000000000000000000000000000000000011111110000000000000111111110000000000000000000000000000000000,1,0,373278.18285713997
1152,2,TypeB,41400,000000001111111100000000000000111111110000000000000001111111100000000000000000000000000000000000000000000011111110000000000000111111110000000000000000000000000000000000,1,0,373278.1828571409
1153,3,TypeC,29800,000000000000001111110000000000000000000000000000000000000000000000000000011111100000000000000000000000000011110000000000000000000000011110000000000000000000111110000000,1,0,2260785.9885714278
1154,4,TypeC,29800,000000000000001111110000000000000000000000000000000000000000000000000000011111100000000000000000000000000011110000000000000000000000011110000000000000000000111110000000,1,0,2260785.9885714278
1155,0,TypeA,54900,000000000000011111111100000000000000000000000000000111111111100000000000000000111111111100000000000000000000000000000111111111100000000000000000000000001111111110000000,1,0,764170.6914285645
1156,1,TypeB,39100,001111111100000000000000000000111111110000000000000000000000000011111110000000000000000000000000000000011111110000000000000000000011111110000000000000000000000000000000,1,0,991330.1942857169
1157,2,TypeB,39100,001111111100000000000000000000111111110000000000000000000000000011111110000000000000000000000000000000011111110000000000000000000011111110000000000000000000000000000000,1,0,991330.1942857178
1158,3,TypeC,31200,000000000000000011111100000000000000011111100000000000000000000000011110000000000000000000000000000000000000000000000000000000000000011111100000000000000000111110000000,1,0,151870.65142857283
1159,4,TypeC,31200,000000000000000011111100000000000000011111100000000000000000000000011110000000000000000000000000000000000000000000000000000000000000011111100000000000000000111110000000,1,0,151870.65142857283
1160,0,TypeA,48500,000000001111111110000000000000000111111111100000000000000001111111110000000000000000000000000000000000000000011111111100000000000111111111100000000000000000000000000000,1,0,4387249.154285712
1161,1,TypeB,39400,000000000000011111110000000000000111111110000000000000000001111111000000000000000000000000000000000000011111110000000000000000000111111110000000000000000000000000000000,1,0,2971032.1371428575
1162,2,TypeB,39400,000000000000011111110000000000000111111110000000000000000001111111000000000000000000000000000000000000011111110000000000000000000111111110000000000000000000000000000000,1,0,2971032.1371428585
1163,3,TypeC,29300,000000000000000000011111100000000000011111100000000000000001111110000000000111100000000000000000000000000000000000000000000000111100000000000000000000000000000000000000,1,0,687411.8342857128
1164,4,TypeC,29300,000000000000000000011111100000000000011111100000000000000001111110000000000111100000000000000000000000000000000000000000000000111100000000000000000000000000000000000000,1,0,687411.8342857128
1165,0,TypeA,48500,000000000000000000000000000000000111111111100000000000000001111111110000000000000000000000000000000000000000011111111100000000000111111111100000000000001111111110000000,1,0,4910787.205714282
1166,1,TypeB,42500,001111111100000000000000000000000000000000000000000000000000000000000000000000000000011111111000000000000011111110000000000000000111111110000000000000111111100000000000,1,0,1426414.0857142862
1167,2,TypeB,42500,001111111100000000000000000000000000000000000000000000000000000000000000000000000000011111111000000000000011111110000000000000000111111110000000000000111111100000000000,1,0,1426414.0857142871
1168,3,TypeC,28400,000000000000000000000000000000000000011111100000000000000000000000000000011111100000000000000000000000000000000011111100000000000000001111100000000000111000000000000000,1,0,2167974.182857145
1169,4,TypeC,28400,000000000000000000000000000000000000011111100000000000000000000000000000011111100000000000000000000000000000000011111100000000000000001111100000000000111000000000000000,1,0,2167974.182857145
1170,0,TypeA,51000,000000111111111100000000000000000000000000000000000000001111111110000000000000111111111100000000000000011111111110000000000000000000000000000000000000001111111110000000,1,0,1822626.5942857126
1171,1,TypeB,40400,000000000111111110000000001111111100000000000000000000000000000011111110000000000000000000000000000000000011111110000000000000111111110000000000000000000000000000000000,1,0,91633.17142857052
1172,2,TypeB,40400,000000000111111110000000001111111100000000000000000000000000000011111110000000000000000000000000000000000011111110000000000000111111110000000000000000000000000000000000,1,0,91633.17142857146
1173,3,TypeC,30200,000000000000001111110000000000000000011111100000000000000001111110000000000111100000000000000000000000000000000000000000000000111100000000000000000000000000000000000000,1,0,1688311.8342857128
1174,4,TypeC,30200,000000000000001111110000000000000000011111100000000000000001111110000000000111100000000000000000000000000000000000000000000000111100000000000000000000000000000000000000,1,0,1688311.8342857128
1175,0,TypeA,50600,000000111111111100000000000000000000000000000000000000011111111110000000000000111111111100000000000000000000000000000000000000111111110000000000000000001111111110000000,1,0,1677204.7828571396
1176,1,TypeB,42400,001111111100000000000000000000000111111110000000000000000000111111110000000000000000011111111000000000000000000000000000000000111111110000000000000000000000000000000000,1,0,2469892.919999998
1177,2,TypeB,42400,001111111100000000000000000000000111111110000000000000000000111111110000000000000000011111111000000000000000000000000000000000111111110000000000000000000000000000000000,1,0,2469892.919999999
1178,3,TypeC,31200,000000111100000000000000000000000000000000000000000000011111100000000000011111100000000000000000000000000000000000000000000000000000011111100000000000000000111110000000,1,0,1360306.6114285714
1179,4,TypeC,31200,000000111100000000000000000000000000000000000000000000011111100000000000011111100000000000000000000000000000000000000000000000000000011111100000000000000000111110000000,1,0,1360306.6114285714
1180,0,TypeA,54500,000000000000011111111100000000000000000011111111110000000000000000000011111111110000000000000000000000011111111110000000000000111111110000000000000000000000000000000000,1,0,839696.0114285797
1181,1,TypeB,40500,001111111000000000000000111111100000000000000000000000000000000000000000000000000000000000000000000000011111110000000000000000111111110000000000000000111111100000000000,1,0,2391415.651428573
1182,2,TypeB,40500,001111111000000000000000111111100000000000000000000000000000000000000000000000000000000000000000000000011111110000000000000000111111110000000000000000111111100000000000,1,0,2391415.6514285738
1183,3,TypeC,31000,000000000000011110000000000000000000011111100000000000000001111110000000000000000000000000000000000000000000000000000000000000111100000000000000000000000000111110000000,1,0,1312806.5885714283
1184,4,TypeC,31000,000000000000011110000000000000000000011111100000000000000001111110000000000000000000000000000000000000000000000000000000000000111100000000000000000000000000111110000000,1,0,1312806.5885714283
1185,0,TypeA,55600,000000000000000000000111111111100000000000000000000000000000000000000011111111110000000000000000000000000011111111110000000000000111111111100000000000001111111110000000,1,0,3565354.531428569
1186,1,TypeB,40400,001111111100000000000000000000111111110000000000000000000000000000000000011111110000000000000000000000011111110000000000000000111111110000000000000000000000000000000000,1,0,1918284.285714291
1187,2,TypeB,40400,001111111100000000000000000000111111110000000000000000000000000000000000011111110000000000000000000000011111110000000000000000111111110000000000000000000000000000000000,1,0,1918284.285714292
1188,3,TypeC,31200,000000000000000000000000000000000000011111100000000000000000000000000000011111100000000000000000000000000011111100000000000000000000011111100000000000111000000000000000,1,0,1021815.4914285741
1189,4,TypeC,31200,000000000000000000000000000000000000011111100000000000000000000000000000011111100000000000000000000000000011111100000000000000000000011111100000000000111000000000000000,1,0,1021815.4914285741
1190,0,TypeA,51100,000000001111111110000000000000111111111100000000000000000000000000000011111111100000000000000000000000000000011111111100000000000000000000000000000000001111111110000000,1,0,1755683.4285714254
1191,1,TypeB,41400,000000000000000000000000000000111111110000000000011111111000000000000000000000000000011111111000000000011111110000000000000000111111110000000000000000000000000000000000,1,0,1854805.4400000116
1192,2,TypeB,41400,000000000000000000000000000000111111110000000000011111111000000000000000000000000000011111111000000000011111110000000000000000111111110000000000000000000000000000000000,1,0,1854805.4400000125
1193,3,TypeC,32900,000000000000000000000000000000000000011111100000000000011111100000000000011111100000000000000000000000000000000000000000000000111110000000000000000000111111000000000000,1,0,350017.9828571435
1194,4,TypeC,32900,000000000000000000000000000000000000011111100000000000011111100000000000011111100000000000000000000000000000000000000000000000111110000000000000000000111111000000000000,1,0,350017.9828571435
1195,0,TypeA,54000,000000000000000111111111100000000000000000000000000000000000000000000011111111110000000000000000000000000000011111111100000000000111111111100000000000001111111110000000,1,0,2670881.8285714258
1196,1,TypeB,41500,000000000000001111111100000000000000000000000000000000111111100000000000000000000000000000000000000000000011111110000000000000111111110000000000000000111111100000000000,1,0,1770662.6514285635
1197,2,TypeB,41500,000000000000001111111100000000000000000000000000000000111111100000000000000000000000000000000000000000000011111110000000000000111111110000000000000000111111100000000000,1,0,1770662.6514285645
1198,3,TypeC,33100,000000000000001111110000000000000000000000000000000000000001111110000000000000000000000000000000000000000000000000001111100000000000011111100000000000001111100000000000,1,0,3509981.371428566
1199,4,TypeC,33100,000000000000001111110000000000000000000000000000000000000001111110000000000000000000000000000000000000000000000000001111100000000000011111100000000000001111100000000000,1,0,3509981.371428566
1200,0,TypeA,48400,000000000000011111111100000000000000000000000000000000000001111111110000000000000000000000000000000000000000011111111100000000000111111111100000000000001111111110000000,1,0,4007890.9714285647
1201,1,TypeB,39100,000000000000011111110000000000111111110000000000011111111000000000000000000000000000000000000000000000000000000111111100000000000000000000000000000000111111100000000000,1,0,668598.108571426
1202,2,TypeB,39100,000000000000011111110000000000111111110000000000011111111000000000000000000000000000000000000000000000000000000111111100000000000000000000000000000000111111100000000000,1,0,668598.108571427
1203,3,TypeC,33700,000000000000001111110000000000000000011110000000000000000001111110000000000000000000000000000000000000000000000000011111100000000000000000000000000000000001111110000000,1,0,1799206.382857141
1204,4,TypeC,33700,000000000000001111110000000000000000011110000000000000000001111110000000000000000000000000000000000000000000000000011111100000000000000000000000000000000001111110000000,1,0,1799206.382857141
1205,0,TypeA,50800,000000000000000000000000000000000111111110000000000000000000000000000011111111110000000000000000000000011111111110000000000000111111111000000000000000001111111110000000,1,0,2976965.085714292
1206,1,TypeB,39100,000000000000001111111100000000000111111110000000000000000000000011111110000000000000000000000000000000000011111110000000000000000000000000000000000000111111100000000000,1,0,1728638.908571423
1207,2,TypeB,39100,000000000000001111111100000000000111111110000000000000000000000011111110000000000000000000000000000000000011111110000000000000000000000000000000000000111111100000000000,1,0,1728638.908571424
1208,3,TypeC,31400,000000111000000000000000000000000000000000000000000000000001111110000000000000000000000000000000000000000011111100000000000000000000001111100000000000111111000000000000,1,0,1884709.1599999978
1209,4,TypeC,31400,000000111000000000000000000000000000000000000000000000000001111110000000000000000000000000000000000000000011111100000000000000000000001111100000000000111111000000000000,1,0,1884709.1599999978
1210,0,TypeA,52100,000000000000000000000111111111100000000000000000000000000001111111110000000000000000000000000000000000011111111110000000000000111111111000000000000000001111111110000000,1,0,4310950.697142857
1211,1,TypeB,41400,000000111111110000000000000000111111110000000000000001111111100000000000000000000000000000000000000000000011111110000000000000000111111110000000000000000000000000000000,1,0,-9.313225746154785e-10
1212,2,TypeB,41400,000000111111110000000000000000111111110000000000000001111111100000000000000000000000000000000000000000000011111110000000000000000111111110000000000000000000000000000000,1,0,0.0
1213,3,TypeC,32800,000000000000000000000111111000000000000000000000000000000001111110000000000000000000000000000000000000000000000000000111100000000000011111100000000000000001111110000000,1,0,2681255.5542857107
1214,4,TypeC,32800,000000000000000000000111111000000000000000000000000000000001111110000000000000000000000000000000000000000000000000000111100000000000011111100000000000000001111110000000,1,0,2681255.5542857107
1215,0,TypeA,53600,001111111100000000000000111111111100000000000000000000000001111111110000000000000000000000000000000000011111111110000000000000111111111100000000000000000000000000000000,1,0,1997064.2971428614
1216,1,TypeB,35000,001111111100000000000000000000111111110000000000011110000000000000000000000000111111110000000000000000000011111110000000000000000000000000000000000000000000000000000000,1,0,826711.6914285626
1217,2,TypeB,35000,001111111100000000000000000000111111110000000000011110000000000000000000000000111111110000000000000000000011111110000000000000000000000000000000000000000000000000000000,1,0,826711.6914285636
1218,3,TypeC,27300,000000000000000011111100000000000000000000000000011100000000000000000000000000000000000000000000000000000000011110000000000000000000001111100000000000111111000000000000,1,0,1337559.5371428565
1219,4,TypeC,27300,000000000000000011111100000000000000000000000000011100000000000000000000000000000000000000000000000000000000011110000000000000000000001111100000000000111111000000000000,1,0,1337559.5371428565
1220,0,TypeA,50900,000000000000000011111111100000000000000000000000000000000001111111110000000000000000000000000000000000011111111110000000000000111111111100000000000000001111111110000000,1,0,3416877.994285714
1221,1,TypeB,39000,001111111100000000000000000000000111111110000000000001111111100000000000000000111111110000000000000000000000000111111100000000000000000000000000000000000000000000000000,1,0,227697.73714284413
1222,2,TypeB,39000,001111111100000000000000000000000111111110000000000001111111100000000000000000111111110000000000000000000000000111111100000000000000000000000000000000000000000000000000,1,0,227697.73714284506
1223,3,TypeC,29700,001111100000000000000000000000000000000000000000011111000000000000000000011111100000000000000000000000000000000000000000000000000000001111100000000000000001111110000000,1,0,1718187.5371428542
1224,4,TypeC,29700,001111100000000000000000000000000000000000000000011111000000000000000000011111100000000000000000000000000000000000000000000000000000001111100000000000000001111110000000,1,0,1718187.5371428542
1225,0,TypeA,55900,000000000000000000000000001111111111000000000000000000000000000000000011111111110000000000000000000000011111111110000000000000111111111100000000000000001111111110000000,1,0,2211314.39428572
1226,1,TypeB,37000,001111111100000000000000000000000111111110000000000000000000000000011111110000000000011111110000000000000011111110000000000000000000000000000000000000000000000000000000,1,0,2083783.9542857148
1227,2,TypeB,37000,001111111100000000000000000000000111111110000000000000000000000000011111110000000000011111110000000000000011111110000000000000000000000000000000000000000000000000000000,1,0,2083783.9542857157
1228,3,TypeC,33700,000000000000000011111100000000000001111110000000000000000001111110000000000000000000000000000000000000000000000000000000000000111110000000000000000000001111100000000000,1,0,2143932.4057142837
1229,4,TypeC,33700,000000000000000011111100000000000001111110000000000000000001111110000000000000000000000000000000000000000000000000000000000000111110000000000000000000001111100000000000,1,0,2143932.4057142837
1230,0,TypeA,53100,000000000000000000000000000000111111111100000000000000000000000000000011111111110000000000000000000000000000011111111100000000000111111111100000000000001111111110000000,1,0,2328825.222857142
1231,1,TypeB,38000,001111111100000000000000000000000111111110000000000000000000000000011111110000000000011111111000000000000011111110000000000000000000000000000000000000000000000000000000,1,0,1084783.9542857148
1232,2,TypeB,38000,001111111100000000000000000000000111111110000000000000000000000000011111110000000000011111111000000000000011111110000000000000000000000000000000000000000000000000000000,1,0,1084783.9542857157
1233,3,TypeC,33300,000000111100000000000000000000000001111110000000000000000001111110000000000000000000000000000000000000000000000000000000000000111110000000000000000000000001111110000000,1,0,1687536.7314285734
1234,4,TypeC,33300,000000111100000000000000000000000001111110000000000000000001111110000000000000000000000000000000000000000000000000000000000000111110000000000000000000000001111110000000,1,0,1687536.7314285734
1235,0,TypeA,55200,000000000000011111111100000000000000000011111111110000000000000000000000000000111111111100000000000000000000000000000111111111100000000000000000000000001111111110000000,1,0,0.0
1236,1,TypeB,40100,000000000000000000000000000000000000000000111111110000000000111111110000000000111111110000000000000000011111110000000000111111100000000000000000000000000000000000000000,1,0,976957.2342857067
1237,2,TypeB,40100,000000000000000000000000000000000000000000111111110000000000111111110000000000111111110000000000000000011111110000000000111111100000000000000000000000000000000000000000,1,0,976957.2342857076
1238,3,TypeC,32100,000000000000000011111100000000000000000000000000011111100000000000000000011111100000000000000000000000000000000000011111100000000000000000000000000000000001111110000000,1,0,1448184.2914285688
1239,4,TypeC,32100,000000000000000011111100000000000000000000000000011111100000000000000000011111100000000000000000000000000000000000011111100000000000000000000000000000000001111110000000,1,0,1448184.2914285688
1240,0,TypeA,54400,000000000000000000000000111111111100000000000000000000000000000000000000000000111111111100000000000000011111111110000000000000111111111100000000000000001111111110000000,1,0,520405.8914285768
1241,1,TypeB,38000,001111111100000000000000111111100000000000000000000000000000111111110000000000000000011111111000000000000011111110000000000000000000000000000000000000000000000000000000,1,0,2537708.4342857096
1242,2,TypeB,38000,001111111100000000000000111111100000000000000000000000000000111111110000000000000000011111111000000000000011111110000000000000000000000000000000000000000000000000000000,1,0,2537708.4342857106
1243,3,TypeC,32600,000000000000011110000000000000000000011111100000000000000001111110000000000000000000000000000000000000000000011110000000000000000000011111100000000000000000000000000000,1,0,1542020.3942857133
1244,4,TypeC,32600,000000000000011110000000000000000000011111100000000000000001111110000000000000000000000000000000000000000000011110000000000000000000011111100000000000000000000000000000,1,0,1542020.3942857133
1245,0,TypeA,50300,000000001111111110000000000000111111111100000000000000000000000000000000000000111111111100000000000000000000011111111100000000000000000000000000000000001111111110000000,1,0,1065474.9257142805
1246,1,TypeB,40400,000000000000011111110000000000111111110000000000000000000000000000000000000000000000011111111000000000000011111110000000000000111111110000000000000000000000000000000000,1,0,876784.4628571467
1247,2,TypeB,40400,000000000000011111110000000000111111110000000000000000000000000000000000000000000000011111111000000000000011111110000000000000111111110000000000000000000000000000000000,1,0,876784.4628571477
1248,3,TypeC,23500,000000000000001111110000000000000000000000000000011100000000000000011110000000000000000000000000000000000000000011111100000000000000000000000000000000000000000011100000,1,0,1904566.8285714276
1249,4,TypeC,23500,000000000000001111110000000000000000000000000000011100000000000000011110000000000000000000000000000000000000000011111100000000000000000000000000000000000000000011100000,1,0,1904566.8285714276
1250,0,TypeA,50900,000000000000000011111111100000000000000000000000000000000000000000000000000000111111111100000000000000000000011111111100000000000111111111100000000000001111111110000000,1,0,1978373.3257142818
1251,1,TypeB,39100,000000000000011111110000000000000000000000000000011111111000000000000000000000111111110000000000000000011111110000000000111111100000000000000000000000000000000000000000,1,0,-1.862645149230957e-09
1252,2,TypeB,39100,000000000000011111110000000000000000000000000000011111111000000000000000000000111111110000000000000000011111110000000000111111100000000000000000000000000000000000000000,1,0,-9.313225746154785e-10
1253,3,TypeC,30400,000000000000001111110000000000000000000000000000011111100000000000011110000000000000000000000000000000000000000011111100000000000000011111100000000000000000000000000000,1,0,1326245.4228571402
1254,4,TypeC,30400,000000000000001111110000000000000000000000000000011111100000000000011110000000000000000000000000000000000000000011111100000000000000011111100000000000000000000000000000,1,0,1326245.4228571402
1255,0,TypeA,50000,000000000000011111111100000000000000000000000000000000000000000000000000000000111111111100000000000000000000011111111100000000000111111111100000000000001111111110000000,1,0,1977473.3257142818
1256,1,TypeB,40400,000000000000011111110000000000111111110000000000011111111000000000000000000000000000000000000000000000011111110000000000000000000111111110000000000000000000000000000000,1,0,1118196.9142857213
1257,2,TypeB,40400,000000000000011111110000000000111111110000000000011111111000000000000000000000000000000000000000000000011111110000000000000000000111111110000000000000000000000000000000,1,0,1118196.9142857222
1258,3,TypeC,31600,000000000000001111110000000000000000011110000000000000000000000000000000011111100000000000000000000000000000000011111100000000000000011111100000000000000000000000000000,1,0,2272509.5200000014
1259,4,TypeC,31600,000000000000001111110000000000000000011110000000000000000000000000000000011111100000000000000000000000000000000011111100000000000000011111100000000000000000000000000000,1,0,2272509.5200000014
1260,0,TypeA,52000,000000111111111000000000000000111111110000000000000000000000000000000000000000111111111100000000000000000000000000000111111111100000000000000000000000001111111110000000,1,0,470202.1485714298
1261,1,TypeB,39100,001111111000000000000000000000111111110000000000011111111000000000000000000000000000000000000000000000011111110000000000111111100000000000000000000000000000000000000000,1,0,816042.8742857222
1262,2,TypeB,39100,001111111000000000000000000000111111110000000000011111111000000000000000000000000000000000000000000000011111110000000000111111100000000000000000000000000000000000000000,1,0,816042.8742857231
1263,3,TypeC,23300,001111100000000000000000000000000000000000000000011100000000000000000000011111100000000000000000000000000000000011111100000000000000000000000000000000111000000000000000,1,0,1717579.4971428546
1264,4,TypeC,23300,001111100000000000000000000000000000000000000000011100000000000000000000011111100000000000000000000000000000000011111100000000000000000000000000000000111000000000000000,1,0,1717579.4971428546
1265,0,TypeA,55400,000000000000000111111111100000000000000000000000011111111000000000000000000000111111111100000000000000000000000000000111111111100000000000000000000000001111111110000000,1,0,1045776.879999999
1266,1,TypeB,38000,000000000111111110000000000000111111110000000000000000000000000011111110000000000000011111111000000000000011111110000000000000000000000000000000000000000000000000000000,1,0,163066.7314285729
1267,2,TypeB,38000,000000000111111110000000000000111111110000000000000000000000000011111110000000000000011111111000000000000011111110000000000000000000000000000000000000000000000000000000,1,0,163066.73142857384
1268,3,TypeC,29400,000000000000000000000000000000000000000000000000011111100000000000011110000000000000000000000000000000000000000000011111100000000000011111100000000000001111100000000000,1,0,1939416.645714282
1269,4,TypeC,29400,000000000000000000000000000000000000000000000000011111100000000000011110000000000000000000000000000000000000000000011111100000000000011111100000000000001111100000000000,1,0,1939416.645714282
1270,0,TypeA,55300,000000000000000000000000111111111100000000000000011111111000000000000011111111110000000000000000000000000000011111111100000000000000000000000000000000001111111110000000,1,0,1564027.6685714275
1271,1,TypeB,37100,000000000111111110000000000000000000000000000000011111100000000011111110000000000000000000000000000000011111110000000000111111100000000000000000000000000000000000000000,1,0,974946.6514285719
1272,2,TypeB,37100,000000000111111110000000000000000000000000000000011111100000000011111110000000000000000000000000000000011111110000000000111111100000000000000000000000000000000000000000,1,0,974946.6514285728
1273,3,TypeC,25200,000000000000000000000111111000000000000000000000011111100000000000000000000111110000000000000000000000000000000000000000000000000000011110000000000000111000000000000000,1,0,1339948.9542857124
1274,4,TypeC,25200,000000000000000000000111111000000000000000000000011111100000000000000000000111110000000000000000000000000000000000000000000000000000011110000000000000111000000000000000,1,0,1339948.9542857124
1275,0,TypeA,52900,001111111100000000000000111111111100000000000000000000000000000000000000000000111111111100000000000000000000011111111100000000000000000000000000000000001111111110000000,1,0,510255.8857142832
1276,1,TypeB,40200,001111111100000000000000111111100000000000000000000000000000000000000000000000000000000000000000000000011111110000000000111111100000000000000000000000111111100000000000,1,0,1522066.280000003
1277,2,TypeB,40200,001111111100000000000000111111100000000000000000000000000000000000000000000000000000000000000000000000011111110000000000111111100000000000000000000000111111100000000000,1,0,1522066.280000004
1278,3,TypeC,22100,000000000000011110000000000000000000000000000000011111100000000000011110000000000000011100000000000000000000000000000000000000000000000000000000000000111000000000000000,1,0,59345.90857143048
1279,4,TypeC,22100,000000000000011110000000000000000000000000000000011111100000000000011110000000000000011100000000000000000000000000000000000000000000000000000000000000111000000000000000,1,0,59345.90857143048
1280,0,TypeA,48700,000000000000011111111100000000000111111110000000000000000000000000000000000000111111111100000000000000011111111110000000000000000000000000000000000000001111111110000000,1,0,1623681.6171428598
1281,1,TypeB,39100,000000111111110000000000000000000111111110000000000000000000000011111110000000000000000000000000000000011111110000000000111111100000000000000000000000000000000000000000,1,0,428493.69714286365
1282,2,TypeB,39100,000000111111110000000000000000000111111110000000000000000000000011111110000000000000000000000000000000011111110000000000111111100000000000000000000000000000000000000000,1,0,428493.6971428646
1283,3,TypeC,24100,000000000000000000000000000000000000000000000000011100000000000000000000000000000000000111111000000000000000000011111100000000000000011110000000000000111000000000000000,1,0,2654892.4114285717
1284,4,TypeC,24100,000000000000000000000000000000000000000000000000011100000000000000000000000000000000000111111000000000000000000011111100000000000000011110000000000000111000000000000000,1,0,2654892.4114285717
1285,0,TypeA,55000,000000111111111100000000000000111111111100000000000000000000000000000000000000111111111100000000000000000000000000000111111111100000000000000000000000001111111110000000,1,0,0.0
1286,1,TypeB,40100,001111111100000000000000000000111111110000000000011111111000000000000000000000000000000000000000000000000011111110000000000000000011111110000000000000000000000000000000,1,0,998635.6799999997
1287,2,TypeB,40100,001111111100000000000000000000111111110000000000011111111000000000000000000000000000000000000000000000000011111110000000000000000011111110000000000000000000000000000000,1,0,998635.6800000006
1288,3,TypeC,29100,001111100000000000000111111000000000000000000000011111100000000000000000000000000000000000000000000000000000000000000000000000111110000000000000000000000000111110000000,1,0,486615.685714283
1289,4,TypeC,29100,001111100000000000000111111000000000000000000000011111100000000000000000000000000000000000000000000000000000000000000000000000111110000000000000000000000000111110000000,1,0,486615.685714283
1290,0,TypeA,53600,000000000000000000000000111111111100000000000000000111111111000000000000000000111111111100000000000000000000011111111100000000000000000000000000000000001111111110000000,1,0,798038.1657142825
1291,1,TypeB,38400,000000000000000000000000001111111100000000000000011111100000000011111110000000000000000000000000000000000011111110000000000000000111111110000000000000000000000000000000,1,0,1076971.0057142824
1292,2,TypeB,38400,000000000000000000000000001111111100000000000000011111100000000011111110000000000000000000000000000000000011111110000000000000000111111110000000000000000000000000000000,1,0,1076971.0057142833
1293,3,TypeC,25200,000000000000000000000000001111100000000000000000011111100000000000000000011111100000000000000000000000000000000000000000000000000000011110000000000000111000000000000000,1,0,2339948.9542857124
1294,4,TypeC,25200,000000000000000000000000001111100000000000000000011111100000000000000000011111100000000000000000000000000000000000000000000000000000011110000000000000111000000000000000,1,0,2339948.9542857124
1295,0,TypeA,55300,000000000000000000000000111111111100000000000000000111111111100000000000000000111111111100000000000000011111111110000000000000000000000000000000000000001111111110000000,1,0,0.0
1296,1,TypeB,40400,000000000000000000000000000000111111110000000000000000000000000011111110000000000000011111111000000000000011111110000000000000000111111110000000000000000000000000000000,1,0,736608.5257142885
1297,2,TypeB,40400,000000000000000000000000000000111111110000000000000000000000000011111110000000000000011111111000000000000011111110000000000000000111111110000000000000000000000000000000,1,1,736608.5257142894
1298,3,TypeC,23400,000000000000000000000000000000000000000000000000011111100000000000011110000000000000000000000000000000000000011110000000000000000000011110000000000000111000000000000000,1,0,68951.39428571239
1299,4,TypeC,23400,000000000000000000000000000000000000000000000000011111100000000000011110000000000000000000000000000000000000011110000000000000000000011110000000000000111000000000000000,1,0,68951.39428571239
1300,0,TypeA,53500,000000111111111000000000000000000000000000000000011111111000000000000000000000111111111100000000000000000000000000000111111111100000000000000000000000001111111110000000,1,0,761231.8685714286
1301,1,TypeB,37000,001111111100000000000000000000000000000000000000011111111000000000011111110000000000011111110000000000011111110000000000000000000000000000000000000000000000000000000000,1,0,2158008.6971428636
1302,2,TypeB,37000,001111111100000000000000000000000000000000000000011111111000000000011111110000000000011111110000000000011111110000000000000000000000000000000000000000000000000000000000,1,0,2158008.6971428646
1303,3,TypeC,29300,000000000000011110000000000000000000000000000000011111100000000000000000011111100000000000000000000000000000000000000000000000111110000000000000000000000000111110000000,1,0,961684.497142856
1304,4,TypeC,29300,000000000000011110000000000000000000000000000000011111100000000000000000011111100000000000000000000000000000000000000000000000111110000000000000000000000000111110000000,1,0,961684.497142856
1305,0,TypeA,56400,001111111111000000000000111111111100000000000000000000000001111111110000000000000000000000000000000000000000000000000111111111100000000000000000000000001111111110000000,1,0,1300928.9314285666
1306,1,TypeB,40400,000000000000001111111100000000000000000000000000011111111000000000011111110000000000000000000000000000011111110000000000000000000111111110000000000000000000000000000000,1,0,2027963.1542857178
1307,2,TypeB,40400,000000000000001111111100000000000000000000000000011111111000000000011111110000000000000000000000000000011111110000000000000000000111111110000000000000000000000000000000,1,0,2027963.1542857187
1308,3,TypeC,32100,000000111111000000000000000000000000011111100000000000000001111110000000000000000000000000000000000000000000000000000000000000000000011111100000000000111000000000000000,1,0,1520753.331428572
1309,4,TypeC,32100,000000111111000000000000000000000000011111100000000000000001111110000000000000000000000000000000000000000000000000000000000000000000011111100000000000111000000000000000,1,0,1520753.331428572
1310,0,TypeA,57100,001111111100000000000111111111100000000000000000000000000000000000000011111111100000000000000000000000000000000000000111111111100000000000000000000000001111111110000000,1,0,2267794.805714283
1311,1,TypeB,39400,001111111100000000000000111111100000000000000000000000000000000011111110000000000000000000000000000000000011111110000000000000111111110000000000000000000000000000000000,1,0,820439.1428571381
1312,2,TypeB,39400,001111111100000000000000111111100000000000000000000000000000000011111110000000000000000000000000000000000011111110000000000000111111110000000000000000000000000000000000,1,0,820439.142857139
1313,3,TypeC,35700,000000000000001111110000000000000000000000000000000000000001111110000000000000000000000000000000000000000000000000011111100000000000011111100000000000000001111110000000,1,0,2791282.8514285674
1314,4,TypeC,35700,000000000000001111110000000000000000000000000000000000000001111110000000000000000000000000000000000000000000000000011111100000000000011111100000000000000001111110000000,1,0,2791282.8514285674
1315,0,TypeA,56300,001111111100000000000111111111100000000000000000000000000000000000000000000000111111111100000000000000000000000000000111111111100000000000000000000000001111111110000000,1,0,1577586.3028571382
1316,1,TypeB,40400,001111111100000000000000001111111100000000000000000000000000000011111110000000000000000000000000000000000011111110000000000000000111111110000000000000000000000000000000,1,0,60611.982857141644
1317,2,TypeB,40400,001111111100000000000000001111111100000000000000000000000000000011111110000000000000000000000000000000000011111110000000000000000111111110000000000000000000000000000000,1,0,60611.982857142575
1318,3,TypeC,32000,000000000000000011111100000000000000011111100000000000111111000000000000011111100000000000000000000000000000000000000000000000111110000000000000000000000000000000000000,1,0,350158.5828571459
1319,4,TypeC,32000,000000000000000011111100000000000000011111100000000000111111000000000000011111100000000000000000000000000000000000000000000000111110000000000000000000000000000000000000,1,0,350158.5828571459
1320,0,TypeA,52400,000000000000011111111100000000000000000000000000000000001111111110000000000000111111111100000000000000000000000000000111111111100000000000000000000000001111111110000000,1,0,2003287.8399999905
1321,1,TypeB,39100,001111111100000000000000000000111111110000000000000000000000000011111110000000000000000000000000000000011111110000000000111111100000000000000000000000000000000000000000,1,0,3.725290298461914e-09
1322,2,TypeB,39100,001111111100000000000000000000111111110000000000000000000000000011111110000000000000000000000000000000011111110000000000111111100000000000000000000000000000000000000000,1,0,4.6566128730773926e-09
1323,3,TypeC,28100,000000000000000011111100000000000000000000000000000000001111100000000000011111100000000000000000000000000000000000000000000001111110000000000000000000111000000000000000,1,0,1377518.971428567
1324,4,TypeC,28100,000000000000000011111100000000000000000000000000000000001111100000000000011111100000000000000000000000000000000000000000000001111110000000000000000000111000000000000000,1,0,1377518.971428567
1325,0,TypeA,49000,000000000000111111111100000000000000000000000000000000000000000000000000000000111111111100000000000000000000011111111100000000000111111110000000000000001111111110000000,1,0,1976473.3257142818
1326,1,TypeB,40400,001111111100000000000000111111100000000000000000011111111000000000000000000000000000000000000000000000000011111110000000000000000111111110000000000000000000000000000000,1,0,1383190.342857141
1327,2,TypeB,40400,001111111100000000000000111111100000000000000000011111111000000000000000000000000000000000000000000000000011111110000000000000000111111110000000000000000000000000000000,1,0,1383190.342857142
1328,3,TypeC,30200,000000000000001111110000000000000000011111100000000000001111100000000000011111100000000000000000000000000000000000000000000000000000001110000000000000000000000000000000,1,0,1760323.0399999963
1329,4,TypeC,30200,000000000000001111110000000000000000011111100000000000001111100000000000011111100000000000000000000000000000000000000000000000000000001110000000000000000000000000000000,1,0,1760323.0399999963
1330,0,TypeA,52800,000000000000000000000000111111111100000000000000000000001111111110000000000000111111111100000000000000011111111110000000000000000000000000000000000000001111111110000000,1,0,1239117.148571428
1331,1,TypeB,36800,000000000000011111110000000000000000000000000000011111111000000000011111110000000000000000000000000000000011111110000000000000000000000000000000000000000001111110000000,1,0,700015.1771428529
1332,2,TypeB,36800,000000000000011111110000000000000000000000000000011111111000000000011111110000000000000000000000000000000011111110000000000000000000000000000000000000000001111110000000,1,0,700015.1771428538
1333,3,TypeC,31000,000000000000000011111100000000000000000000000000000000000001111110000000000000000000011100000000000000000000000000000000000000000000011110000000000000000001111110000000,1,0,2629318.6742857145
1334,4,TypeC,31000,000000000000000011111100000000000000000000000000000000000001111110000000000000000000011100000000000000000000000000000000000000000000011110000000000000000001111110000000,1,0,2629318.6742857145
1335,0,TypeA,52100,000000000000000000000000111111111100000000000000000000001111111110000000000000111111111100000000000000000000011111111100000000000000000000000000000000001111111110000000,1,0,1831930.1257142778
1336,1,TypeB,39100,000000000000011111110000000000111111110000000000011111111000000000000000000000000000000000000000000000000011111110000000000000000000000000000000000000111111100000000000,1,0,519639.417142855
1337,2,TypeB,39100,000000000000011111110000000000111111110000000000011111111000000000000000000000000000000000000000000000000011111110000000000000000000000000000000000000111111100000000000,1,0,519639.41714285593
1338,3,TypeC,34300,000000000000000011111100000000000000011111100000000000000001111110000000000000000000000000000000000000000011110000000000000000000000000000000000000000000001111110000000,1,0,1799806.382857141
1339,4,TypeC,34300,000000000000000011111100000000000000011111100000000000000001111110000000000000000000000000000000000000000011110000000000000000000000000000000000000000000001111110000000,1,0,1799806.382857141
1340,0,TypeA,50300,000000000000000111111111100000000000000000000000000000000001111111110000000000000000111111110000000000000011111111110000000000000000000000000000000000011111111110000000,1,0,4083624.531428567
1341,1,TypeB,39100,000000111111110000000000000000111111110000000000000000000000000000000000000000000000011111110000000000011111110000000000111111100000000000000000000000000000000000000000,1,0,1533527.4685714412
1342,2,TypeB,39100,000000111111110000000000000000111111110000000000000000000000000000000000000000000000011111110000000000011111110000000000111111100000000000000000000000000000000000000000,1,0,1533527.4685714422
1343,3,TypeC,34300,000000000000000000000000000000000000011111100000000000000001111110000000000000000000000000000000000000000000000011111100000000000000011110000000000000000001111110000000,1,0,2692679.0857142843
1344,4,TypeC,34300,000000000000000000000000000000000000011111100000000000000001111110000000000000000000000000000000000000000000000011111100000000000000011110000000000000000001111110000000,1,0,2692679.0857142843
1345,0,TypeA,53400,000000000000011111111100000000000111111111100000000000000000000000000011111111110000000000000000000000000000011111111100000000000000000000000000000000011111111110000000,1,0,2911303.0971428547
1346,1,TypeB,40100,000000111111110000000000000000111111110000000000000000000000000000000000000000000000011111111000000000011111110000000000111111100000000000000000000000000000000000000000,1,0,534527.4685714412
1347,2,TypeB,40100,000000111111110000000000000000111111110000000000000000000000000000000000000000000000011111111000000000011111110000000000111111100000000000000000000000000000000000000000,1,0,534527.4685714422
1348,3,TypeC,31200,000000000000011110000000000000000000011111100000000000001111100000000000011111100000000000000000000000000000000000000000000001111110000000000000000000000000000000000000,1,0,1277623.2457142835
1349,4,TypeC,31200,000000000000011110000000000000000000011111100000000000001111100000000000011111100000000000000000000000000000000000000000000001111110000000000000000000000000000000000000,1,0,1277623.2457142835
1350,0,TypeA,48400,000000000000011111111100000000000111111111100000000000000001111111110000000000000000000000000000000000000000011111111100000000000000000000000000000000001111111110000000,1,0,4248912.239999994
1351,1,TypeB,41400,001111111100000000000000000000000111111110000000000000000000000000000000000000000000011111111000000000000011111110000000000000000111111110000000000000000000000000000000,1,0,1708147.1371428613
1352,2,TypeB,41400,001111111100000000000000000000000111111110000000000000000000000000000000000000000000011111111000000000000011111110000000000000000111111110000000000000000000000000000000,1,0,1708147.1371428622
1353,3,TypeC,34900,000000000000000011111100000000000000000000000000000000000001111110000000000000000000000000000000000000000011111100000000000000000000011110000000000000000001111110000000,1,0,1641524.1599999964
1354,4,TypeC,34900,000000000000000011111100000000000000000000000000000000000001111110000000000000000000000000000000000000000011111100000000000000000000011110000000000000000001111110000000,1,0,1641524.1599999964
1355,0,TypeA,53100,000000000000011111111100000000000111111111100000000000000000000000000000000000111111111100000000000000000000000000000111111111100000000000000000000000001111111110000000,1,0,1524697.8514285684
1356,1,TypeB,37900,000000000000011111110000000000111111110000000000000000000000000000000000011111100000000000000000000000000000000000000000111111100000000000000000000000000001111110000000,1,0,834927.5828571422
1357,2,TypeB,37900,000000000000011111110000000000111111110000000000000000000000000000000000011111100000000000000000000000000000000000000000111111100000000000000000000000000001111110000000,1,0,834927.5828571431
1358,3,TypeC,31200,001111100000000000000000000000000000011111100000000000000000000000000000011111100000000000000000000000000000000000000000000000000000011110000000000000000001111110000000,1,0,959291.3599999994
1359,4,TypeC,31200,001111100000000000000000000000000000011111100000000000000000000000000000011111100000000000000000000000000000000000000000000000000000011110000000000000000001111110000000,1,0,959291.3599999994
1360,0,TypeA,51500,000000000000000011111111100000000000000000000000000000011111111110000000000000111111111100000000000000000000011111111100000000000000000000000000000000001111111110000000,1,0,2042888.8399999924
1361,1,TypeB,36000,000000000000011111110000000000111111110000000000000000000001111110000000000000000000011111111000000000000011111110000000000000000000000000000000000000000000000000000000,1,0,1897257.0114285694
1362,2,TypeB,36000,000000000000011111110000000000111111110000000000000000000001111110000000000000000000011111111000000000000011111110000000000000000000000000000000000000000000000000000000,1,0,1897257.0114285704
1363,3,TypeC,33400,000000000000011110000000000000000000011111100000000000011111100000000000011111100000000000000000000000000000000000000000000000000000000000000000000000000001111110000000,1,0,0.0
1364,4,TypeC,33400,000000000000011110000000000000000000011111100000000000011111100000000000011111100000000000000000000000000000000000000000000000000000000000000000000000000001111110000000,1,0,0.0
1365,0,TypeA,50400,000000000000011111111100000000000000000000000000011111111000000000000000000000111111111100000000000000000000011111111100000000000000000000000000000000001111111110000000,1,0,1737673.6228571385
1366,1,TypeB,38000,000000000000011111110000000000111111110000000000011111111000000000000000000000000000011111111000000000000011111110000000000000000000000000000000000000000000000000000000,1,0,634184.7600000035
1367,2,TypeB,38000,000000000000011111110000000000111111110000000000011111111000000000000000000000000000011111111000000000000011111110000000000000000000000000000000000000000000000000000000,1,0,634184.7600000044
1368,3,TypeC,32300,000000000000000011111100000000000000011110000000000000000001111110000000000000000000000000000000000000000000000000000000000000000000011110000000000000000001111110000000,1,0,1797806.382857141
1369,4,TypeC,32300,000000000000000011111100000000000000011110000000000000000001111110000000000000000000000000000000000000000000000000000000000000000000011110000000000000000001111110000000,1,0,1797806.382857141
1370,0,TypeA,55200,000000000000000111111111100000000000000011111111110000000000000011111111110000000000000000000000000000000000011111111100000000000000000000000000000000001111111110000000,1,0,1084078.6571428552
1371,1,TypeB,39400,000000000000011111110000000000111111110000000000000000000000000011111110000000000000000000000000000000000011111110000000000000000111111110000000000000000000000000000000,1,0,-1.862645149230957e-09
1372,2,TypeB,39400,000000000000011111110000000000111111110000000000000000000000000011111110000000000000000000000000000000000011111110000000000000000111111110000000000000000000000000000000,1,0,-9.313225746154785e-10
1373,3,TypeC,29700,000000000000011110000000000000000000011111100000000000000000000000000000000000000000000000000000000000000000011110000000000000111110000000000000000000000000111110000000,1,0,368773.0857142899
1374,4,TypeC,29700,000000000000011110000000000000000000011111100000000000000000000000000000000000000000000000000000000000000000011110000000000000111110000000000000000000000000111110000000,1,0,368773.0857142899
1375,0,TypeA,50600,000000000000011111111100000000000000000000000000000000011111111110000000000000111111111100000000000000000000011111111100000000000000000000000000000000001111111110000000,1,0,2041988.8399999924
1376,1,TypeB,41400,000000000000001111111100000000000000000000000000000000000000111111110000000000000000011111111000000000000011111110000000000000000111111110000000000000000000000000000000,1,0,3250398.714285711
1377,2,TypeB,41400,000000000000001111111100000000000000000000000000000000000000111111110000000000000000011111111000000000000011111110000000000000000111111110000000000000000000000000000000,1,0,3250398.7142857118
1378,3,TypeC,33000,000000000000011110000000000000000000011111100000000000011111100000000000000000000000000000000000000000000000000000000000000000111110000000000000000000000001111110000000,1,0,353849.55428571627
1379,4,TypeC,33000,000000000000011110000000000000000000011111100000000000011111100000000000000000000000000000000000000000000000000000000000000000111110000000000000000000000001111110000000,1,0,353849.55428571627
1380,0,TypeA,52200,000000000000111111111100000000000000000000000000000000000000000011111111110000000000000000000000000000000000011111111100000000000111111111100000000000001111111110000000,1,0,2366855.2399999965
1381,1,TypeB,41400,000000000000111111110000000000111111110000000000011111111000000000000000000000000000000000000000000000000011111110000000000000111111110000000000000000000000000000000000,1,0,563751.2000000011
1382,2,TypeB,41400,000000000000111111110000000000111111110000000000011111111000000000000000000000000000000000000000000000000011111110000000000000111111110000000000000000000000000000000000,1,0,563751.200000002
1383,3,TypeC,34700,000000000000111110000000000000000000011111100000000000000000000000000000011111100000000000000000000000000000000000000000000000000000011111100000000000000001111110000000,1,0,1168482.2228571447
1384,4,TypeC,34700,000000000000111110000000000000000000011111100000000000000000000000000000011111100000000000000000000000000000000000000000000000000000011111100000000000000001111110000000,1,0,1168482.2228571447
1385,0,TypeA,54400,000000000000111111111100000000000000000011111111110000000000000000000000000000111111111100000000000000000000011111111100000000000000000000000000000000011111111110000000,1,0,696096.7428571396
1386,1,TypeB,39400,000000000000111111110000000000111111110000000000000000000001111110000000000000000000000000000000000000000011111110000000000000000111111110000000000000000000000000000000,1,0,1826823.451428567
1387,2,TypeB,39400,000000000000111111110000000000111111110000000000000000000001111110000000000000000000000000000000000000000011111110000000000000000111111110000000000000000000000000000000,1,0,1826823.451428568
1388,3,TypeC,35200,000000000000111110000000000000000000011111100000000000000001111110000000000000000000000000000000000000000000000000000000000000000000001111100000000000000001111110000000,1,0,1693579.0857142843
1389,4,TypeC,35200,000000000000111110000000000000000000011111100000000000000001111110000000000000000000000000000000000000000000000000000000000000000000001111100000000000000001111110000000,1,0,1693579.0857142843
1390,0,TypeA,52800,000000000000111111111100000000000000000000000000000111111111100000000000000000111111111100000000000000000000011111111100000000000000000000000000000000001111111110000000,1,0,1458967.434285704
1391,1,TypeB,41400,000000000000111111110000000000111111110000000000011111111000000000000000000000000000000000000000000000000011111110000000000000000111111110000000000000000000000000000000,1,0,563751.2000000011
1392,2,TypeB,41400,000000000000111111110000000000111111110000000000011111111000000000000000000000000000000000000000000000000011111110000000000000000111111110000000000000000000000000000000,1,0,563751.200000002
1393,3,TypeC,36500,000000000000111110000000000000000000011111100000000000000001111110000000000000000000000000000000000000000000000000000000000000000000011111100000000000000001111110000000,1,0,1694879.0857142843
1394,4,TypeC,36500,000000000000111110000000000000000000011111100000000000000001111110000000000000000000000000000000000000000000000000000000000000000000011111100000000000000001111110000000,1,0,1694879.0857142843
1395,0,TypeA,49200,000000111111111100000000000000000111111110000000000000000000000000000011111111100000000000000000000000000000000000000000000000000111111110000000000000011111111110000000,1,0,2542319.040000001
1396,1,TypeB,33200,000000000000011110000000000000111111110000000000011111111000000000000000000000000000011111111000000000000000000000000000000000000000011110000000000000000000000000000000,1,0,2671216.1542857178
1397,2,TypeB,33200,000000000000011110000000000000111111110000000000011111111000000000000000000000000000011111111000000000000000000000000000000000000000011110000000000000000000000000000000,1,0,2671216.1542857187
1398,3,TypeC,20700,000000000000011110000000000000111100000000000000011100000000000000000000000000000000000000000000000000000000000000000000000000000000011110000000000000111000000000000000,1,0,890665.2514285743
1399,4,TypeC,20700,000000000000011110000000000000111100000000000000011100000000000000000000000000000000000000000000000000000000000000000000000000000000011110000000000000111000000000000000,1,0,890665.2514285743
1400,0,TypeA,48600,000000001111111110000000000000000111111110000000000000000000000000000011111111100000000000000000000000000011111111110000000000000000000000000000000000001111111110000000,1,0,2997136.268571427
1401,1,TypeB,39100,000000000000001111111100000000000111111110000000000000111111000000000000000000111111110000000000000000000000000000000000111111100000000000000000000000000000000000000000,1,0,528555.5085714217
1402,2,TypeB,39100,000000000000001111111100000000000111111110000000000000111111000000000000000000111111110000000000000000000000000000000000111111100000000000000000000000000000000000000000,1,0,528555.5085714227
1403,3,TypeC,26300,000000000000011110000000000000000000000000000000000000111111000000000000000000000000000000000000000000000000000000011111100000000000011110000000000000111000000000000000,1,0,1340594.2628571438
1404,4,TypeC,26300,000000000000011110000000000000000000000000000000000000111111000000000000000000000000000000000000000000000000000000011111100000000000011110000000000000111000000000000000,1,0,1340594.2628571438
1405,0,TypeA,48200,000000001111111110000000000000000111111110000000000000000000000000000011111111100000000000000000000000000000000000000000000000111111111000000000000000001111111110000000,1,0,2914597.222857142
1406,1,TypeB,40100,000000000000001111111100000000000111111110000000000000111111100000000000000000111111110000000000000000000000000000000000111111100000000000000000000000000000000000000000,1,0,323330.3199999891
1407,2,TypeB,40100,000000000000001111111100000000000111111110000000000000111111100000000000000000111111110000000000000000000000000000000000111111100000000000000000000000000000000000000000,1,0,323330.31999999005
1408,3,TypeC,23500,000000111100000000000111111000000000000000000000000000000000000000000000000000000000000000000000000000000000000000001111100000000000011110000000000000111000000000000000,1,0,2256402.8457142883
1409,4,TypeC,23500,000000111100000000000111111000000000000000000000000000000000000000000000000000000000000000000000000000000000000000001111100000000000011110000000000000111000000000000000,1,0,2256402.8457142883
1410,0,TypeA,48400,000000111111111000000000000000000111111110000000000000000000000000000000000000111111111100000000000000000011111111110000000000000000000000000000000000001111111110000000,1,0,1934249.5828571422
1411,1,TypeB,35100,000000000000001111111100000000000111111110000000000000000001111110000000000000000000000000000000000000000011110000000000111111100000000000000000000000000000000000000000,1,0,4127475.1371428524
1412,2,TypeB,35100,000000000000001111111100000000000111111110000000000000000001111110000000000000000000000000000000000000000011110000000000111111100000000000000000000000000000000000000000,1,0,4127475.1371428533
1413,3,TypeC,24500,000000111100000000000111111000000000000000000000000000000000000000000000000000000000000000000000000000000000000000011111100000000000011110000000000000111000000000000000,1,0,2257402.8457142883
1414,4,TypeC,24500,000000111100000000000111111000000000000000000000000000000000000000000000000000000000000000000000000000000000000000011111100000000000011110000000000000111000000000000000,1,0,2257402.8457142883
1415,0,TypeA,53200,000000111111111100000000000000111111111100000000000000000000000000000000000000111111111100000000000000000000011111111100000000000000000000000000000000011111111110000000,1,0,695096.7428571396
1416,1,TypeB,35500,000000000000001111111100000000000111111110000000000000000001111110000000000000000000000000000000000000011111110000000000000000000000000000000000000000011111000000000000,1,0,5101516.114285712
1417,2,TypeB,35500,000000000000001111111100000000000111111110000000000000000001111110000000000000000000000000000000000000011111110000000000000000000000000000000000000000011111000000000000,1,0,5101516.114285713
1418,3,TypeC,30300,000000000000011110000000000000000000000000000000000000001111100000000000000000000000000000000000000000000011110000000000000000000001111110000000000000011111000000000000,1,0,2240967.5428571375
1419,4,TypeC,30300,000000000000011110000000000000000000000000000000000000001111100000000000000000000000000000000000000000000011110000000000000000000001111110000000000000011111000000000000,1,0,2240967.5428571375
1420,0,TypeA,51100,000000111111111100000000000000000111111110000000000000000000000000000011111111110000000000000000000000000000011111111100000000000000000000000000000000001111111110000000,1,0,2626358.085714286
1421,1,TypeB,37000,000000000000001111111100000000000111111110000000000000000001111110000000000000111111110000000000000000011111110000000000000000000000000000000000000000000000000000000000,1,0,3118751.21714285
1422,2,TypeB,37000,000000000000001111111100000000000111111110000000000000000001111110000000000000111111110000000000000000011111110000000000000000000000000000000000000000000000000000000000,1,0,3118751.217142851
1423,3,TypeC,26100,000000000000011110000000000000000000000000000000000000001111000000000000000000000000000000000000000000000011110000000000000000000001111110000000000000111000000000000000,1,0,1727486.1714285715
1424,4,TypeC,26100,000000000000011110000000000000000000000000000000000000001111000000000000000000000000000000000000000000000011110000000000000000000001111110000000000000111000000000000000,1,0,1727486.1714285715
1425,0,TypeA,52500,000000000000000111111111100000000000000000000000000000001111111110000000000000111111111100000000000000000000011111111100000000000000000000000000000000011111111110000000,1,0,2700284.582857132
1426,1,TypeB,36800,000000000000001111111100000000000111111110000000000000000001111110000000000000000000000000000000000000011111110000000000000000000001111110000000000000000000000000000000,1,0,4526992.354285714
1427,2,TypeB,36800,000000000000001111111100000000000111111110000000000000000001111110000000000000000000000000000000000000011111110000000000000000000001111110000000000000000000000000000000,1,0,4526992.354285715
1428,3,TypeC,27400,000000000000011110000000000000000000000000000000000000001111100000000000000000000000000000000000000000000011110000000000000000000001111110000000000000111000000000000000,1,0,1522560.9828571388
1429,4,TypeC,27400,000000000000011110000000000000000000000000000000000000001111100000000000000000000000000000000000000000000011110000000000000000000001111110000000000000111000000000000000,1,0,1522560.9828571388
1430,0,TypeA,49400,000000111111111100000000000000000111111110000000000000000000000000000000000000111111111100000000000000000011111111110000000000000000000000000000000000001111111110000000,1,0,1935249.5828571422
1431,1,TypeB,39100,000000000000001111111100000000000111111110000000000000001111110000000000000000000000011111111000000000000000000000000000111111100000000000000000000000000000000000000000,1,0,2669649.6685714275
1432,2,TypeB,39100,000000000000001111111100000000000111111110000000000000001111110000000000000000000000011111111000000000000000000000000000111111100000000000000000000000000000000000000000,1,0,2669649.6685714284
1433,3,TypeC,25500,000000000000011110000000000000000000011110000000000000001111110000000000000000000000000000000000000000000000000000000000000000000000000111100000000000111000000000000000,1,0,1385109.7542857118
1434,4,TypeC,25500,000000000000011110000000000000000000011110000000000000001111110000000000000000000000000000000000000000000000000000000000000000000000000111100000000000111000000000000000,1,0,1385109.7542857118
1435,0,TypeA,45800,000000001111111110000000000000000111111110000000000000000001111111110000000000000000000000000000000000000000011111111100000000000000000000000000000000001111111110000000,1,0,4336945.411428566
1436,1,TypeB,38000,000000000000001111111100000000000111111110000000000000111111100000000000000000000000011111111000000000011111110000000000000000000000000000000000000000000000000000000000,1,0,2679274.977142861
1437,2,TypeB,38000,000000000000001111111100000000000111111110000000000000111111100000000000000000000000011111111000000000011111110000000000000000000000000000000000000000000000000000000000,1,0,2679274.977142862
1438,3,TypeC,23500,000000000000011110000000000000000000011110000000000000001111100000000000000000000000000000000000000000000000000000000000000000000000001110000000000000111000000000000000,1,0,1383109.7542857118
1439,4,TypeC,23500,000000000000011110000000000000000000011110000000000000001111100000000000000000000000000000000000000000000000000000000000000000000000001110000000000000111000000000000000,1,0,1383109.7542857118
1440,0,TypeA,48000,000000111111111000000000000000000111111110000000000000001111111110000000000000111111111100000000000000000000011111111100000000000000000000000000000000000000000000000000,1,0,2701764.5828571385
1441,1,TypeB,40100,000000000000001111111100000000000111111110000000000000000000000011111110000000000000011111111000000000000000000000000000111111100000000000000000000000000000000000000000,1,0,1148387.50857143
1442,2,TypeB,40100,000000000000001111111100000000000111111110000000000000000000000011111110000000000000011111111000000000000000000000000000111111100000000000000000000000000000000000000000,1,0,1148387.508571431
1443,3,TypeC,22600,000000000000011110000000000000000000000000000000000000001111100000000000000000111000000000000000000000000000000000000000000000000000011110000000000000111000000000000000,1,0,1959887.628571418
1444,4,TypeC,22600,000000000000011110000000000000000000000000000000000000001111100000000000000000111000000000000000000000000000000000000000000000000000011110000000000000111000000000000000,1,0,1959887.628571418
1445,0,TypeA,49300,000000111111111000000000000000000111111110000000000000000000000000000000000000111111111100000000000000000000011111111100000000000000000000000000000000011111111110000000,1,0,1935149.5828571422
1446,1,TypeB,39400,000000000000001111111100000000000111111110000000000000000001111110000000000000000000000000000000000000000011111110000000000000111111110000000000000000000000000000000000,1,0,3597574.142857138
1447,2,TypeB,39400,000000000000001111111100000000000111111110000000000000000001111110000000000000000000000000000000000000000011111110000000000000111111110000000000000000000000000000000000,1,0,3597574.142857139
1448,3,TypeC,25600,000000000000011110000000000000000000000000000000000000001111100000000000000000000000000000000000000000000000000000011111100000000000011110000000000000111000000000000000,1,0,2375286.222857138
1449,4,TypeC,25600,000000000000011110000000000000000000000000000000000000001111100000000000000000000000000000000000000000000000000000011111100000000000011110000000000000111000000000000000,1,0,2375286.222857138
1450,0,TypeA,50300,000000111111111100000000000000000111111110000000000000000000000000000000000000111111111100000000000000000000011111111100000000000000000000000000000000011111111110000000,1,0,1936149.5828571422
1451,1,TypeB,39000,000000000000001111111100000000000111111110000000000000000000111111110000000000111111110000000000000000000011111110000000000000000000000000000000000000000000000000000000,1,0,2383317.7828571294
1452,2,TypeB,39000,000000000000001111111100000000000111111110000000000000000000111111110000000000111111110000000000000000000011111110000000000000000000000000000000000000000000000000000000,1,0,2383317.7828571303
1453,3,TypeC,27600,000000111100000000000111111000000000000000000000000000001111100000000000000000000000000000000000000000000000000000000000000000000000011110000000000000011111000000000000,1,0,2465222.925714282
1454,4,TypeC,27600,000000111100000000000111111000000000000000000000000000001111100000000000000000000000000000000000000000000000000000000000000000000000011110000000000000011111000000000000,1,0,2465222.925714282
1455,0,TypeA,49000,000000111111111100000000000000000111111110000000000000000000000000000000000000111111111100000000000000000000011111111100000000000000000000000000000000001111111110000000,1,0,1934849.5828571422
1456,1,TypeB,39000,000000000000001111111100000000000111111110000000000001111111100000000000000000000000011111111000000000000011111110000000000000000000000000000000000000000000000000000000,1,0,2124829.262857141
1457,2,TypeB,39000,000000000000001111111100000000000111111110000000000001111111100000000000000000000000011111111000000000000011111110000000000000000000000000000000000000000000000000000000,1,0,2124829.262857142
1458,3,TypeC,23500,000000111100000000000111111000000000000000000000011111000000000000000000000000000000000000000000000000000000000000000000000000000000011110000000000000111000000000000000,1,0,2026722.5542857167
1459,4,TypeC,23500,000000111100000000000111111000000000000000000000011111000000000000000000000000000000000000000000000000000000000000000000000000000000011110000000000000111000000000000000,1,0,2026722.5542857167
1460,0,TypeA,51000,000000000000000000000000000000000000000011111111110000000000000000000011111111100000000000000000000000000000011111111100000000000111111110000000000000001111111110000000,1,0,2043880.2114285734
1461,1,TypeB,39100,000000000000000000000000111111100000000000000000011111111000000000000000000000000000011111111000000000011111110000000000111111100000000000000000000000000000000000000000,1,0,1998574.9028571527
1462,2,TypeB,39100,000000000000000000000000111111100000000000000000011111111000000000000000000000000000011111111000000000011111110000000000111111100000000000000000000000000000000000000000,1,0,1998574.9028571537
1463,3,TypeC,25400,000000111100000000000000000000000000000000000000011111000000000000000000011111100000000000000000000000000000000000000000000000000000011110000000000000001111000000000000,1,0,3013307.062857143
1464,4,TypeC,25400,000000111100000000000000000000000000000000000000011111000000000000000000011111100000000000000000000000000000000000000000000000000000011110000000000000001111000000000000,1,0,3013307.062857143
1465,0,TypeA,45900,000000001111111110000000000000000111111110000000000000001111111110000000000000000000000000000000000000000000000000000000000000000111111111100000000000001111111110000000,1,0,4132332.79428571
1466,1,TypeB,34000,000000000000000000000000000000000111111110000000000000000001111110000000000000000000000000000000000000011111110000000000000000000000011111100000000000000000000011110000,1,0,6271590.297142857
1467,2,TypeB,34000,000000000000000000000000000000000111111110000000000000000001111110000000000000000000000000000000000000011111110000000000000000000000011111100000000000000000000011110000,1,0,6271590.297142858
1468,3,TypeC,24800,000000000000000000000111111000000000000000000000000000001111100000000000011111100000000000000000000000000000000000000000000000000000000011100000000000000000000011100000,1,0,2637872.211428566
1469,4,TypeC,24800,000000000000000000000111111000000000000000000000000000001111100000000000011111100000000000000000000000000000000000000000000000000000000011100000000000000000000011100000,1,0,2637872.211428566
1470,0,TypeA,50400,000000000000000000000000000000000111111111100000000000001111111110000000000000111111111100000000000000000000000000000000000000111111111100000000000000001111111110000000,1,0,3518841.7714285646
1471,1,TypeB,36800,001111111100000000000000000000000111111110000000000000000001111110000000000000000000000000000000000000000011111110000000000000000000011111100000000000000000000000000000,1,0,3885683.8628571364
1472,2,TypeB,36800,001111111100000000000000000000000111111110000000000000000001111110000000000000000000000000000000000000000011111110000000000000000000011111100000000000000000000000000000,1,0,3885683.8628571373
1473,3,TypeC,25200,000000000000000000000111111000000000000000000000011100000000000000000000011111100000000000000000000000000000000000000000000000000000011111100000000000111000000000000000,1,0,1925170.3599999999
1474,4,TypeC,25200,000000000000000000000111111000000000000000000000011100000000000000000000011111100000000000000000000000000000000000000000000000000000011111100000000000111000000000000000,1,0,1925170.3599999999
1475,0,TypeA,48800,000000001111111110000000000000000111111111100000000000001111111110000000000000111111111100000000000000000000000000000000000000000000000000000000000000001111111110000000,1,0,2946099.977142849
1476,1,TypeB,34000,000000000001111110000000000000000111111110000000000000000001111110000000000000000000011111110000000000000000011111110000000000000000000000000000000000000000000000000000,1,0,4010932.5485714264
1477,2,TypeB,34000,000000000001111110000000000000000111111110000000000000000001111110000000000000000000011111110000000000000000011111110000000000000000000000000000000000000000000000000000,1,0,4010932.5485714274
1478,3,TypeC,31100,000000000000000000000000000000000001111110000000000000000001111110000000000000000000000111110000000000000000000000000000000000111111000000000000000000111000000000000000,1,0,2318698.5485714283
1479,4,TypeC,31100,000000000000000000000000000000000001111110000000000000000001111110000000000000000000000111110000000000000000000000000000000000111111000000000000000000111000000000000000,1,0,2318698.5485714283
1480,0,TypeA,49700,000000001111111110000000000000000000000000000000000000001111111110000000000000111111111100000000000000000000000000000000000000111111111100000000000000001111111110000000,1,0,2705978.70857142
1481,1,TypeB,34200,000000000001111110000000000000111111110000000000011111111000000000000000000000000000000000000000000000011111110000000000000000000000000111100000000000000000000000000000,1,0,2688019.4971428625
1482,2,TypeB,34200,000000000001111110000000000000111111110000000000011111111000000000000000000000000000000000000000000000011111110000000000000000000000000111100000000000000000000000000000,1,0,2688019.4971428635
1483,3,TypeC,28900,000000000000000000000000000000111100000000000000000000001111100000000000011111100000000000000000000000000000000000000000000000000000000111100000000000000001111110000000,1,0,881145.0514285685
1484,4,TypeC,28900,000000000000000000000000000000111100000000000000000000001111100000000000011111100000000000000000000000000000000000000000000000000000000111100000000000000001111110000000,1,0,881145.0514285685
1485,0,TypeA,49300,000000111111111000000000000000000000000000000000000000001111111110000000000000111111111100000000000000000000011111111100000000000000000000000000000000001111111110000000,1,0,2414439.5714285634
1486,1,TypeB,33200,000000000000000000000000000000111111110000000000000000000001111110000000000000000000011111110000000000011111110000000000000000000000011110000000000000000000000000000000,1,0,5342775.428571433
1487,2,TypeB,33200,000000000000000000000000000000111111110000000000000000000001111110000000000000000000011111110000000000011111110000000000000000000000011110000000000000000000000000000000,1,0,5342775.428571434
1488,3,TypeC,31800,000000000001111110000000000000000000000000000000000000001111100000000000011111100000000000000000000000000000000000000000000000111110000000000000000000001111100000000000,1,0,1441650.3771428517
1489,4,TypeC,31800,000000000001111110000000000000000000000000000000000000001111100000000000011111100000000000000000000000000000000000000000000000111110000000000000000000001111100000000000,1,0,1441650.3771428517
1490,0,TypeA,47400,000000001111111110000000000000000000000000000000000000001111111110000000000000111111111100000000000000000000011111111100000000000111111110000000000000000000000000000000,1,0,2833421.4971428504
1491,1,TypeB,34200,000000000001111110000000000000111111110000000000011111111000000000000000000000000000000000000000000000000000011111110000000000000000011110000000000000000000000000000000,1,0,2132573.7828571424
1492,2,TypeB,34200,000000000001111110000000000000111111110000000000011111111000000000000000000000000000000000000000000000000000011111110000000000000000011110000000000000000000000000000000,1,0,2132573.7828571433
1493,3,TypeC,32100,000000000000000000000000000000111111000000000000000000001111100000000000011111100000000000000000000000000000000000000000000000000000011110000000000000000001111110000000,1,0,884345.0514285685
1494,4,TypeC,32100,000000000000000000000000000000111111000000000000000000001111100000000000011111100000000000000000000000000000000000000000000000000000011110000000000000000001111110000000,1,0,884345.0514285685
1495,0,TypeA,50200,000000001111111110000000000000000111111111100000000000000000000000000011111111100000000000000000000000000000011111111100000000000000000000000000000000001111111110000000,1,0,2998736.268571427
1496,1,TypeB,35000,000000000001111110000000000000000111111110000000000000000001111110000000000000000000011111111000000000011111110000000000000000000000000000000000000000000000000000000000,1,0,3567378.2628571466
1497,2,TypeB,35000,000000000001111110000000000000000111111110000000000000000001111110000000000000000000011111111000000000011111110000000000000000000000000000000000000000000000000000000000,1,0,3567378.2628571475
1498,3,TypeC,31200,000000000001111110000000000000000000011111100000000000000000000000000000011111100000000000000000000000000000000000000000000000111111000000000000000000000000000011100000,1,0,1240461.8685714318
1499,4,TypeC,31200,000000000001111110000000000000000000011111100000000000000000000000000000011111100000000000000000000000000000000000000000000000111111000000000000000000000000000011100000,1,0,1240461.8685714318
1500,0,TypeA,44500,000000001111111110000000000000000111111110000000000000000000000000000000000000000000000000000000000000000000011111111100000000000111111110000000000000001111111110000000,1,0,3492760.582857144
1501,1,TypeB,34200,000000000001111110000000000000111111110000000000011111111000000000000000000000000000000000000000000000000011111110000000000000000000011110000000000000000000000000000000,1,0,2132573.7828571424
1502,2,TypeB,34200,000000000001111110000000000000111111110000000000011111111000000000000000000000000000000000000000000000000011111110000000000000000000011110000000000000000000000000000000,1,0,2132573.7828571433
1503,3,TypeC,26800,000000000000011110000000000000000000000000000000000000000001111110000000000000000000000000000000000000000011110000000000000000111110000000000000000000111000000000000000,1,0,2304475.0171428546
1504,4,TypeC,26800,000000000000011110000000000000000000000000000000000000000001111110000000000000000000000000000000000000000011110000000000000000111110000000000000000000111000000000000000,1,0,2304475.0171428546
1505,0,TypeA,48100,000000000000000000000000000000000111111110000000000000001111111110000000000000111111111100000000000000000000011111111100000000000111111111100000000000000000000000000000,1,0,3646284.559999995
1506,1,TypeB,35100,000000000000011110000000000000000111111110000000000000000001111110000000000000111111110000000000000000000000000000000000111111100000000000000000000000000000000000000000,1,0,1757381.4628571318
1507,2,TypeB,35100,000000000000011110000000000000000111111110000000000000000001111110000000000000111111110000000000000000000000000000000000111111100000000000000000000000000000000000000000,1,0,1757381.4628571328
1508,3,TypeC,27300,000000000000000000000000000000000000011110000000000000001111100000000000011111100000000000000000000000000000000000000000000000111111000000000000000000111000000000000000,1,0,1279515.205714284
1509,4,TypeC,27300,000000000000000000000000000000000000011110000000000000001111100000000000011111100000000000000000000000000000000000000000000000111111000000000000000000111000000000000000,1,0,1279515.205714284
1510,0,TypeA,47500,000000001111111110000000000000000111111110000000000000000000000000000000000000111111111100000000000000000000000000000000000000000111111111100000000000001111111110000000,1,0,2224488.719999999
1511,1,TypeB,38000,001111111100000000000000000000000111111110000000000000000001111111000000000000000000011111111000000000000011111110000000000000000000000000000000000000000000000000000000,1,0,2547631.9657142833
1512,2,TypeB,38000,001111111100000000000000000000000111111110000000000000000001111111000000000000000000011111111000000000000011111110000000000000000000000000000000000000000000000000000000,1,0,2547631.965714284
1513,3,TypeC,28200,000000000000011110000000000000000000000000000000000000001111000000000000011111100000000000000000000000000000000000000000000000111100000000000000000000000001111110000000,1,0,1470924.9028571425
1514,4,TypeC,28200,000000000000011110000000000000000000000000000000000000001111000000000000011111100000000000000000000000000000000000000000000000111100000000000000000000000001111110000000,1,0,1470924.9028571425
1515,0,TypeA,48100,000000000000000000000000000000000111111111100000000000000000000000000000000000111111111100000000000000000000011111111100000000000111111110000000000000001111111110000000,1,0,2878369.5599999987
1516,1,TypeB,35200,000000000000001111111100000000000111111110000000000000000000000011111110000000000000000000000000000000000011111110000000000000000000011110000000000000000000000000000000,1,0,2997648.4285714244
1517,2,TypeB,35200,000000000000001111111100000000000111111110000000000000000000000011111110000000000000000000000000000000000011111110000000000000000000011110000000000000000000000000000000,1,0,2997648.4285714254
1518,3,TypeC,20500,000000111000000000000000000000000000000000000000011100000000000000000000011111100000000000000000000000000000000000000000000000000000011110000000000000000000000011100000,1,0,3541400.2171428585
1519,4,TypeC,20500,000000111000000000000000000000000000000000000000011100000000000000000000011111100000000000000000000000000000000000000000000000000000011110000000000000000000000011100000,1,0,3541400.2171428585
1520,0,TypeA,48700,000000001111111110000000000000000000000000000000000000001111111110000000000000111111111100000000000000000000011111111100000000000000000000000000000000001111111110000000,1,0,2787117.7542857043
1521,1,TypeB,37000,000000111111110000000000000000111111110000000000000000000001111110000000000000000000011111111000000000000011111110000000000000000000000000000000000000000000000000000000,1,0,1615612.000000001
1522,2,TypeB,37000,000000111111110000000000000000111111110000000000000000000001111110000000000000000000011111111000000000000011111110000000000000000000000000000000000000000000000000000000,1,0,1615612.0000000019
1523,3,TypeC,30800,000000000000011110000000000000000000000000000000000000001111100000000000011111100000000000000000000000000000000000000000000000111110000000000000000000000001111110000000,1,0,1267299.71428571
1524,4,TypeC,30800,000000000000011110000000000000000000000000000000000000001111100000000000011111100000000000000000000000000000000000000000000000111110000000000000000000000001111110000000,1,0,1267299.71428571
1525,0,TypeA,50700,000000000000011111111100000000000111111111100000000000000000000000000000000000111111111100000000000000000000011111111100000000000111111111100000000000000000000000000000,1,0,2266798.337142857
1526,1,TypeB,38000,000000000000001111111100000000000111111110000000000000000000000011111110000000000000011111111000000000011111110000000000000000000000000000000000000000000000000000000000,1,0,2398629.9657142917
1527,2,TypeB,38000,000000000000001111111100000000000111111110000000000000000000000011111110000000000000011111111000000000011111110000000000000000000000000000000000000000000000000000000000,1,0,2398629.9657142926
1528,3,TypeC,27600,000000000000011110000000000000000001111110000000000000000000000000000000011111100000000000000000000000000000000000000000000000111110000000000000000000111000000000000000,1,0,790601.6857142891
1529,4,TypeC,27600,000000000000011110000000000000000001111110000000000000000000000000000000011111100000000000000000000000000000000000000000000000111110000000000000000000111000000000000000,1,0,790601.6857142891
1530,0,TypeA,54900,000000000000000000000111111111100000000000000000000111111111100000000000000000111111111100000000000000000000011111111100000000000000000000000000000000001111111110000000,1,0,2353940.137142848
1531,1,TypeB,38000,001111111100000000000000000000111111110000000000011111111000000000000000000000000000011111110000000000011111110000000000000000000000000000000000000000000000000000000000,1,0,2249242.457142867
1532,2,TypeB,38000,001111111100000000000000000000111111110000000000011111111000000000000000000000000000011111110000000000011111110000000000000000000000000000000000000000000000000000000000,1,0,2249242.457142868
1533,3,TypeC,25400,000000000000011110000000000000000000000000000000011111100000000000011110000000000000000000000000000000000000000000000000000000000000011111100000000000111000000000000000,1,0,219910.0857142834
1534,4,TypeC,25400,000000000000011110000000000000000000000000000000011111100000000000011110000000000000000000000000000000000000000000000000000000000000011111100000000000111000000000000000,1,0,219910.0857142834
1535,0,TypeA,52800,000000000000000000000000111111111100000000000000000000000000000000000000000000111111111100000000000000000000011111111100000000000111111111100000000000001111111110000000,1,0,1112318.8685714267
1536,1,TypeB,38000,000000000111111110000000000000111111110000000000011111111000000000011111110000000000000000000000000000000011111110000000000000000000000000000000000000000000000000000000,1,0,31021.18857142795
1537,2,TypeB,38000,000000000111111110000000000000111111110000000000011111111000000000011111110000000000000000000000000000000011111110000000000000000000000000000000000000000000000000000000,1,0,31021.18857142888
1538,3,TypeC,26400,000000000000000000000000000000111111000000000000011100000000000000000000011111100000000000000000000000000000000000000000000000000000011111100000000000000000000011100000,1,0,2159751.240000002
1539,4,TypeC,26400,000000000000000000000000000000111111000000000000011100000000000000000000011111100000000000000000000000000000000000000000000000000000011111100000000000000000000011100000,1,0,2159751.240000002
1540,0,TypeA,54800,000000000000000111111111100000000000000011111111110000000000000000000011111111100000000000000000000000000000011111111100000000000000000000000000000000001111111110000000,1,0,1385905.2457142845
1541,1,TypeB,39100,000000000000000111111100000000000111111110000000000000000000000000000000000000111111110000000000000000011111110000000000111111100000000000000000000000000000000000000000,1,0,1481220.9714285703
1542,2,TypeB,39100,000000000000000111111100000000000111111110000000000000000000000000000000000000111111110000000000000000011111110000000000111111100000000000000000000000000000000000000000,1,0,1481220.9714285713
1543,3,TypeC,33200,000000000000000000000000000000000001111110000000000000011111100000000000011111100000000000000000000000000000000000001111100000000000011111100000000000000000000000000000,1,0,1999800.0
1544,4,TypeC,33200,000000000000000000000000000000000001111110000000000000011111100000000000011111100000000000000000000000000000000000001111100000000000011111100000000000000000000000000000,1,0,1999800.0
1545,0,TypeA,53900,000000000000000000000111111111100000000000000000000000000000000000000011111111100000000000000000000000000000011111111100000000000111111111100000000000001111111110000000,1,0,3563654.531428569
1546,1,TypeB,40100,000000000000001111111100000000000111111110000000000000000000000000000000000000111111110000000000000000011111110000000000111111100000000000000000000000000000000000000000,1,0,1482220.9714285703
1547,2,TypeB,40100,000000000000001111111100000000000111111110000000000000000000000000000000000000111111110000000000000000011111110000000000111111100000000000000000000000000000000000000000,1,0,1482220.9714285713
1548,3,TypeC,30500,000000000000000000000000000000000001111110000000000000000001111110000000000000111000000000000000000000000000000000011111100000000000001111100000000000000000000000000000,1,0,3276480.491428564
1549,4,TypeC,30500,000000000000000000000000000000000001111110000000000000000001111110000000000000111000000000000000000000000000000000011111100000000000001111100000000000000000000000000000,1,0,3276480.491428564
1550,0,TypeA,53700,000000000000000000000111111111100000000000000000000000011111111110000000000000111111111100000000000000000000011111111100000000000000000000000000000000001111111110000000,1,0,2937961.5428571356
1551,1,TypeB,38000,000000000000001111111100000000000111111110000000000000000000000011111110000000000000011111111000000000000011111110000000000000000000000000000000000000000000000000000000,1,0,1843184.2514285715
1552,2,TypeB,38000,000000000000001111111100000000000111111110000000000000000000000011111110000000000000011111111000000000000011111110000000000000000000000000000000000000000000000000000000,1,0,1843184.2514285725
1553,3,TypeC,32900,000000000000000000000000000000000001111110000000000000011111100000000000011111100000000000000000000000000000000000011111100000000000001111100000000000000000000000000000,1,0,1999500.0
1554,4,TypeC,32900,000000000000000000000000000000000001111110000000000000011111100000000000011111100000000000000000000000000000000000011111100000000000001111100000000000000000000000000000,1,0,1999500.0
1555,0,TypeA,53700,000000000000000000000111111111100000000000000000000000000000000000000000000000111111111100000000000000011111111110000000000000111111111000000000000000001111111110000000,1,0,2280533.051428574
1556,1,TypeB,41400,000000000000001111111100000000000111111110000000000000000000111111110000000000000000000000000000000000000011111110000000000000000111111110000000000000000000000000000000,1,0,3417586.4228571374
1557,2,TypeB,41400,000000000000001111111100000000000111111110000000000000000000111111110000000000000000000000000000000000000011111110000000000000000111111110000000000000000000000000000000,1,0,3417586.4228571383
1558,3,TypeC,32900,000000000000000000000000000000000001111110000000000000001111100000000000000000000000000000000000000000000000011110000000000000000000011111100000000000000000111110000000,1,0,1237759.1028571408
1559,4,TypeC,32900,000000000000000000000000000000000001111110000000000000001111100000000000000000000000000000000000000000000000011110000000000000000000011111100000000000000000111110000000,1,0,1237759.1028571408
1560,0,TypeA,50000,000000000000011111111100000000000111111111100000000000000000000000000000000000111111111100000000000000000000011111111100000000000000000000000000000000001111111110000000,1,1,2218494.5942857107
1561,1,TypeB,40400,000000000000000000000000000000111111110000000000011111111000000000011111110000000000000000000000000000000011111110000000000000000111111110000000000000000000000000000000,1,0,604562.9828571435
1562,2,TypeB,40400,000000000000000000000000000000111111110000000000011111111000000000011111110000000000000000000000000000000011111110000000000000000111111110000000000000000000000000000000,1,0,604562.9828571444
1563,3,TypeC,30900,000000000000000000000000000000000001111110000000000000111111000000000000011111100000000000000000000000000000000000000000000000000000011111100000000000111000000000000000,1,0,624295.7428571451
1564,4,TypeC,30900,000000000000000000000000000000000001111110000000000000111111000000000000011111100000000000000000000000000000000000000000000000000000011111100000000000111000000000000000,1,0,624295.7428571451
1565,0,TypeA,51000,000000000000000000000000000000111111111100000000000000000000000000000000000000111111111100000000000000000000011111111100000000000111111111100000000000001111111110000000,1,0,1637316.719999997
1566,1,TypeB,41400,000000000111111110000000000000111111110000000000011111111000000000000000000000000000000000000000000000000011111110000000000000000111111110000000000000000000000000000000,1,0,654384.3714285735
1567,2,TypeB,41400,000000000111111110000000000000111111110000000000011111111000000000000000000000000000000000000000000000000011111110000000000000000111111110000000000000000000000000000000,1,0,654384.3714285744
1568,3,TypeC,25900,000000111100000000000000000000000000011110000000000000001111100000000000000000000000000000000000000000000000000000000000000000000000011111100000000000111000000000000000,1,0,1757939.8971428568
1569,4,TypeC,25900,000000111100000000000000000000000000011110000000000000001111100000000000000000000000000000000000000000000000000000000000000000000000011111100000000000111000000000000000,1,0,1757939.8971428568
1570,0,TypeA,46400,000000000000011111111100000000000111111110000000000000000001111111110000000000000000000000000000000000000000011111111100000000000000000000000000000000001111111110000000,1,0,4246912.239999994
1571,1,TypeB,40100,000000000000000000000000000000111111110000000000011111111000000000000000000000000000011111111000000000011111110000000000111111100000000000000000000000000000000000000000,1,0,1238747.7428571545
1572,2,TypeB,40100,000000000000000000000000000000111111110000000000011111111000000000000000000000000000011111111000000000011111110000000000111111100000000000000000000000000000000000000000,1,0,1238747.7428571554
1573,3,TypeC,31100,000000000001111110000000000000111111000000000000000000000001111110000000000000000000000000000000000000000000000000000000000000111110000000000000000000111000000000000000,1,0,0.0
1574,4,TypeC,31100,000000000001111110000000000000111111000000000000000000000001111110000000000000000000000000000000000000000000000000000000000000111110000000000000000000111000000000000000,1,0,0.0
1575,0,TypeA,48800,000000000000011111111100000000000111111110000000000000000000000000000011111111110000000000000000000000000000011111111100000000000111111110000000000000000000000000000000,1,0,2954306.840000001
1576,1,TypeB,41200,000000000000000000000000000000000111111110000000000001111111100000000000000000000000000000000000000000000000011111110000000000000011111110000000000000111111100000000000,1,0,2049731.3828571364
1577,2,TypeB,41200,000000000000000000000000000000000111111110000000000001111111100000000000000000000000000000000000000000000000011111110000000000000011111110000000000000111111100000000000,1,0,2049731.3828571374
1578,3,TypeC,31600,000000000001111110000000000000000001111110000000000000000001111110000000000000000000000000000000000000000000000000000000000000000000011110000000000000111000000000000000,1,0,1147823.188571427
1579,4,TypeC,31600,000000000001111110000000000000000001111110000000000000000001111110000000000000000000000000000000000000000000000000000000000000000000011110000000000000111000000000000000,1,0,1147823.188571427
1580,0,TypeA,50500,000000000000111111111100000000000111111110000000000000000000000000000011111111100000000000000000000000000000011111111100000000000111111111100000000000000000000000000000,1,0,2956006.840000001
1581,1,TypeB,38000,001111111100000000000000000000111111110000000000011111111000000000011111110000000000000000000000000000000000011111110000000000000000000000000000000000000000000000000000,1,0,-1.862645149230957e-09
1582,2,TypeB,38000,001111111100000000000000000000111111110000000000011111111000000000011111110000000000000000000000000000000000011111110000000000000000000000000000000000000000000000000000,1,0,-9.313225746154785e-10
1583,3,TypeC,28200,000000111000000000000000000000000000000000000000011111100000000000000000011111100000000000000000000000000000000000011111100000000000011111100000000000000000000000000000,1,0,2963878.811428571
1584,4,TypeC,28200,000000111000000000000000000000000000000000000000011111100000000000000000011111100000000000000000000000000000000000011111100000000000011111100000000000000000000000000000,1,0,2963878.811428571
1585,0,TypeA,56500,000000000000111111111100000000000000000011111111110000000000000000000011111111110000000000000000000000011111111110000000000000111111111000000000000000000000000000000000,1,0,841696.0114285797
1586,1,TypeB,40100,001111111100000000000000111111100000000000000000011111111000000000000000000000000000011111111000000000000000000000000000000000000000000000000000000000111111100000000000,1,0,1332773.074285714
1587,2,TypeB,40100,001111111100000000000000111111100000000000000000011111111000000000000000000000000000011111111000000000000000000000000000000000000000000000000000000000111111100000000000,1,0,1332773.074285715
1588,3,TypeC,25500,000000111100000000000000000000000000000000000000011111000000000000000000011111100000000000000000000000000000000000000000000000000000011111100000000000111000000000000000,1,0,2297900.502857145
1589,4,TypeC,25500,000000111100000000000000000000000000000000000000011111000000000000000000011111100000000000000000000000000000000000000000000000000000011111100000000000111000000000000000,1,0,2297900.502857145
1590,0,TypeA,53300,000000000000000111111111100000000000000000000000000000000000000000000011111111100000000000000000000000011111111110000000000000111111111000000000000000001111111110000000,1,0,2076668.8514285749
1591,1,TypeB,40100,001111111100000000000000000000000111111110000000000000111111100000000000000000000000011111111000000000000000000000000000111111100000000000000000000000000000000000000000,1,0,488644.50285714306
1592,2,TypeB,40100,001111111100000000000000000000000111111110000000000000111111100000000000000000000000011111111000000000000000000000000000111111100000000000000000000000000000000000000000,1,0,488644.502857144
1593,3,TypeC,31200,000000000000000000011111100000000000000000000000011111100000000000000000011111100000000000000000000000000000000000011111100000000000011111100000000000000000000000000000,1,0,1447284.2914285688
1594,4,TypeC,31200,000000000000000000011111100000000000000000000000011111100000000000000000011111100000000000000000000000000000000000011111100000000000011111100000000000000000000000000000,1,0,1447284.2914285688
1595,0,TypeA,49800,000000000000111111111100000000000111111110000000000000000000000000000011111111100000000000000000000000000000011111111100000000000000000000000000000000001111111110000000,1,0,2907703.0971428547
1596,1,TypeB,38000,001111111100000000000000000000000111111110000000000000111111100000000000000000111111110000000000000000000011111110000000000000000000000000000000000000000000000000000000,1,0,77739.04571427405
1597,2,TypeB,38000,001111111100000000000000000000000111111110000000000000111111100000000000000000111111110000000000000000000011111110000000000000000000000000000000000000000000000000000000,1,0,77739.04571427498
1598,3,TypeC,30700,000000111100000000000000000000000000000000000000011111100000000000000000011111100000000000000000000000000000000000000000000000000000011111100000000000011111100000000000,1,0,2433385.657142855
1599,4,TypeC,30700,000000111100000000000000000000000000000000000000011111100000000000000000011111100000000000000000000000000000000000000000000000000000011111100000000000011111100000000000,1,0,2433385.657142855
1600,0,TypeA,49000,000000000000111111111100000000000111111110000000000000000000000000000000000000111111111100000000000000000000011111111100000000000000000000000000000000001111111110000000,1,0,2217494.5942857107
1601,1,TypeB,35200,001111111100000000000000000000000111111110000000000000111111100000000000000000000000000000000000000000000011111110000000000000000000011110000000000000000000000000000000,1,0,2337905.4228571374
1602,2,TypeB,35200,001111111100000000000000000000000111111110000000000000111111100000000000000000000000000000000000000000000011111110000000000000000000011110000000000000000000000000000000,1,0,2337905.4228571383
1603,3,TypeC,28900,000000111100000000000000000000000000000000000000000000000001111110000000000000000000000111111000000000000000000000000000000000000000011111100000000000111000000000000000,1,0,2055577.6571428557
1604,4,TypeC,28900,000000111100000000000000000000000000000000000000000000000001111110000000000000000000000111111000000000000000000000000000000000000000011111100000000000111000000000000000,1,0,2055577.6571428557
1605,0,TypeA,50500,000000000000000000000111111111100000000000000000000000001111111110000000000000111111111100000000000000000000000000000000000000000111111110000000000000001111111110000000,1,0,3509018.239999991
1606,1,TypeB,34200,000000000000000000000000111111100000000000000000000000111111100000000000011111110000000000000000000000000000011111111000000000000000011110000000000000000000000000000000,1,0,3429420.559999991
1607,2,TypeB,34200,000000000000000000000000111111100000000000000000000000111111100000000000011111110000000000000000000000000000011111111000000000000000011110000000000000000000000000000000,1,0,3429420.559999992
1608,3,TypeC,23200,000000111100000000000000000000000000000000000000011111100000000000000000011111100000000000000000000000000000000000000000000000000000001110000000000000111000000000000000,1,0,1710379.0971428575
1609,4,TypeC,23200,000000111100000000000000000000000000000000000000011111100000000000000000011111100000000000000000000000000000000000000000000000000000001110000000000000111000000000000000,1,0,1710379.0971428575
1610,0,TypeA,51100,000000000000000000000111111111100000000000000000000000000000000000000000000000111111111100000000000000000000011111111100000000000111111110000000000000001111111110000000,1,0,2871446.028571425
1611,1,TypeB,36200,001111111100000000000000000000111111110000000000000000000000000011111110000000000000011111111000000000000000000000000000000000000000011110000000000000000000000000000000,1,0,1279204.234285714
1612,2,TypeB,36200,001111111100000000000000000000111111110000000000000000000000000011111110000000000000011111111000000000000000000000000000000000000000011110000000000000000000000000000000,1,0,1279204.234285715
1613,3,TypeC,24500,000000111100000000000000000000000000000000000000011111100000000000000000011111100000000000000000000000000000000000000000000000000000011110000000000000111000000000000000,1,0,1711679.0971428575
1614,4,TypeC,24500,000000111100000000000000000000000000000000000000011111100000000000000000011111100000000000000000000000000000000000000000000000000000011110000000000000111000000000000000,1,0,1711679.0971428575
1615,0,TypeA,49400,000000000000000000000000000000000111111111100000000000001111111110000000000000111111111100000000000000000000000000000000000000111111111000000000000000001111111110000000,1,0,3517841.7714285646
1616,1,TypeB,40100,001111111100000000000000000000000111111110000000000000000000000011111110000000000000011111111000000000000000000000000000000000000011111110000000000000000000000000000000,1,0,1199329.6857142868
1617,2,TypeB,40100,001111111100000000000000000000000111111110000000000000000000000011111110000000000000011111111000000000000000000000000000000000000011111110000000000000000000000000000000,1,0,1199329.6857142877
1618,3,TypeC,29400,000000111000000000000111111000000000000000000000000000011111100000000000011111100000000000000000000000000000000000000000000000000000011111100000000000000000000000000000,1,0,1612798.2857142854
1619,4,TypeC,29400,000000111000000000000111111000000000000000000000000000011111100000000000011111100000000000000000000000000000000000000000000000000000011111100000000000000000000000000000,1,0,1612798.2857142854
1620,0,TypeA,51100,000000000000111111111100000000000111111111100000000000000000000000000000000000111111111100000000000000000000000000000000000000000111111111100000000000001111111110000000,1,0,2137455.5485714264
1621,1,TypeB,42400,001111111100000000000000000000000111111110000000000001111111100000000000000000111111110000000000000000000000000000000000000000000111111110000000000000000000000000000000,1,0,-1.1175870895385742e-08
1622,2,TypeB,42400,001111111100000000000000000000000111111110000000000001111111100000000000000000111111110000000000000000000000000000000000000000000111111110000000000000000000000000000000,1,0,-1.0244548320770264e-08
1623,3,TypeC,28000,000000000000000000000111111000000000000000000000000000000001111110000000000111100000000000000000000000000000000000000000000000000000011111100000000000111000000000000000,1,0,1951425.4628571388
1624,4,TypeC,28000,000000000000000000000111111000000000000000000000000000000001111110000000000111100000000000000000000000000000000000000000000000000000011111100000000000111000000000000000,1,0,1951425.4628571388
1625,0,TypeA,54300,000000000000000111111111100000000000000000000000000000001111111110000000000000111111111100000000000000000000000000000111111111100000000000000000000000001111111110000000,1,0,2005187.8399999905
1626,1,TypeB,35200,000000000000000111111100000000000111111110000000000001111111100000000000000000000000000000000000000000011111110000000000000000000000011110000000000000000000000000000000,1,0,3833739.154285714
1627,2,TypeB,35200,000000000000000111111100000000000111111110000000000001111111100000000000000000000000000000000000000000011111110000000000000000000000011110000000000000000000000000000000,1,0,3833739.154285715
1628,3,TypeC,26800,000000000000000000000111111000000000000000000000000000011111100000000000011111100000000000000000000000000000000000000000000000111100000000000000000000000000000011100000,1,0,1606903.9714285703
1629,4,TypeC,26800,000000000000000000000111111000000000000000000000000000011111100000000000011111100000000000000000000000000000000000000000000000111100000000000000000000000000000011100000,1,0,1606903.9714285703
1630,0,TypeA,51000,000000000000111111111100000000000000000000000000000000001111111110000000000000111111111100000000000000011111111110000000000000000000000000000000000000001111111110000000,1,0,2105271.605714281
1631,1,TypeB,40100,001111111100000000000000000000000111111110000000000000000000000011111110000000000000000000000000000000000000011111111000000000000000000000000000000000111111100000000000,1,0,789250.8914285675
1632,2,TypeB,40100,001111111100000000000000000000000111111110000000000000000000000011111110000000000000000000000000000000000000011111111000000000000000000000000000000000111111100000000000,1,0,789250.8914285684
1633,3,TypeC,27000,000000000000000000000111111000000000000000000000000000000001111110000000000000111000000000000000000000000000000000000000000000000000011111100000000000111000000000000000,1,0,2268848.9199999906
1634,4,TypeC,27000,000000000000000000000111111000000000000000000000000000000001111110000000000000111000000000000000000000000000000000000000000000000000011111100000000000111000000000000000,1,0,2268848.9199999906
1635,0,TypeA,51000,000000000000111111111100000000000111111111100000000000000000000000000000000000111111111100000000000000000000011111111100000000000000000000000000000000001111111110000000,1,0,2219494.5942857107
1636,1,TypeB,39000,001111111100000000000000000000000111111110000000000001111111100000000000000000111111110000000000000000000011111110000000000000000000000000000000000000000000000000000000,1,0,78739.04571427405
1637,2,TypeB,39000,001111111100000000000000000000000111111110000000000001111111100000000000000000111111110000000000000000000011111110000000000000000000000000000000000000000000000000000000,1,0,78739.04571427498
1638,3,TypeC,26800,000000000000000000000111111000000000000000000000000000001111110000000000011111100000000000000000000000000000000000000000000000111100000000000000000000111000000000000000,1,0,1269091.6742857103
1639,4,TypeC,26800,000000000000000000000111111000000000000000000000000000001111110000000000011111100000000000000000000000000000000000000000000000111100000000000000000000111000000000000000,1,0,1269091.6742857103
1640,0,TypeA,51200,000000000000000000000000111111111100000000000000000000000001111111110000000000000000000000000000000000000000011111111100000000000111111111100000000000001111111110000000,1,0,3142736.5142857106
1641,1,TypeB,39000,001111111100000000000000000000000111111110000000000001111111100000000000000000000000011111111000000000000011111110000000000000000000000000000000000000000000000000000000,1,0,1184441.2457142845
1642,2,TypeB,39000,001111111100000000000000000000000111111110000000000001111111100000000000000000000000011111111000000000000011111110000000000000000000000000000000000000000000000000000000,1,0,1184441.2457142854
1643,3,TypeC,29700,000000000000000000000111111000000000000000000000000000011111100000000000011111100000000000000000000000000000000000000000000000000000011111100000000000000000000011100000,1,0,1986376.4685714263
1644,4,TypeC,29700,000000000000000000000111111000000000000000000000000000011111100000000000011111100000000000000000000000000000000000000000000000000000011111100000000000000000000011100000,1,0,1986376.4685714263
1645,0,TypeA,52000,000000111111111100000000000000111111111100000000000000000000000000000000000000111111111100000000000000000000000000000000000000000111111111100000000000001111111110000000,1,0,611757.6971428562
1646,1,TypeB,35200,000000000000000000000000000000000111111110000000000000000001111110000000000000000000011111111000000000000000011111111000000000000000011110000000000000000000000000000000,1,0,4560080.405714284
1647,2,TypeB,35200,000000000000000000000000000000000111111110000000000000000001111110000000000000000000011111111000000000000000011111111000000000000000011110000000000000000000000000000000,1,0,4560080.405714285
1648,3,TypeC,25500,000000000000000000000111111000000000000000000000000000011111100000000000011111100000000000000000000000000000000000000000000000000000000011100000000000111000000000000000,1,0,987968.4285714268
1649,4,TypeC,25500,000000000000000000000111111000000000000000000000000000011111100000000000011111100000000000000000000000000000000000000000000000000000000011100000000000111000000000000000,1,0,987968.4285714268
1650,0,TypeA,52200,000000000000000111111111100000000000000000000000000000001111111110000000000000111111111100000000000000000000000000000000000000111111111100000000000000001111111110000000,1,0,2617845.5371428477
1651,1,TypeB,37300,000000000000000000000000000000000111111110000000000000000000000111111110000000000000000000000000000000000011111110000000000000000000011110000000000000111111100000000000,1,0,2619711.6114285663
1652,2,TypeB,37300,000000000000000000000000000000000111111110000000000000000000000111111110000000000000000000000000000000000011111110000000000000000000011110000000000000111111100000000000,1,0,2619711.611428567
1653,3,TypeC,29400,000000000000000000000111111000000000000000000000000000011111100000000000011111100000000000000000000000000000000000000000000000000000011111100000000000111000000000000000,1,0,991868.4285714268
1654,4,TypeC,29400,000000000000000000000111111000000000000000000000000000011111100000000000011111100000000000000000000000000000000000000000000000000000011111100000000000111000000000000000,1,0,991868.4285714268
1655,1,TypeB,42400,001111111100000000000000000000000111111110000000000000000000000111111110000000000000011111111000000000000000000000000000000000000111111110000000000000000000000000000000,1,0,825057.1885714307
1656,2,TypeB,42400,001111111100000000000000000000000111111110000000000000000000000111111110000000000000011111111000000000000000000000000000000000000111111110000000000000000000000000000000,1,0,825057.1885714317
1657,3,TypeC,33200,000000000000000000000000000000000000011111100000000000000001111110000000000111110000000000000000000000000000000000011111100000000000011111100000000000000000000000000000,1,0,2960757.034285712
1658,4,TypeC,33200,000000000000000000000000000000000000011111100000000000000001111110000000000111110000000000000000000000000000000000011111100000000000011111100000000000000000000000000000,1,0,2960757.034285712
1659,1,TypeB,41400,001111111100000000000000000000000111111110000000000000000000000011111110000000000000011111111000000000000000000000000000000000000111111110000000000000000000000000000000,1,0,824057.1885714307
1660,2,TypeB,41400,001111111100000000000000000000000111111110000000000000000000000011111110000000000000011111111000000000000000000000000000000000000111111110000000000000000000000000000000,1,0,824057.1885714317
1661,3,TypeC,33900,000000000000000000000000000000000000011111100000000000001111110000000000011111100000000000000000000000000000000000011111100000000000011111100000000000000000000000000000,1,0,2656895.7428571396
1662,4,TypeC,33900,000000000000000000000000000000000000011111100000000000001111110000000000011111100000000000000000000000000000000000011111100000000000011111100000000000000000000000000000,1,0,2656895.7428571396
1663,1,TypeB,38100,000000000000000000000000000000000111111110000000000000000001111110000000000000111111110000000000000000000011111110000000000000000000000000000000000000111111100000000000,1,0,2184368.685714272
1664,2,TypeB,38100,000000000000000000000000000000000111111110000000000000000001111110000000000000111111110000000000000000000011111110000000000000000000000000000000000000111111100000000000,1,0,2184368.685714273
1665,3,TypeC,25600,000000111100000000000000000000000000011111100000000000000001111110000000000000111000000000000000000000000000000000000000000000000000000011100000000000000000000000000000,1,0,2644010.634285709
1666,4,TypeC,25600,000000111100000000000000000000000000011111100000000000000001111110000000000000111000000000000000000000000000000000000000000000000000000011100000000000000000000000000000,1,0,2644010.634285709
1667,1,TypeB,35200,000000000000000000000000000000000111111110000000000000000000000011111110000000000000011111111000000000000011111110000000000000000000011110000000000000000000000000000000,1,0,2733256.954285715
1668,2,TypeB,35200,000000000000000000000000000000000111111110000000000000000000000011111110000000000000011111111000000000000011111110000000000000000000011110000000000000000000000000000000,1,0,2733256.9542857157
1669,3,TypeC,31900,000000111100000000000000000000000000011111100000000000011111100000000000011111100000000000000000000000000000000000000000000000000000011111100000000000000000000000000000,1,0,1370930.1428571446
1670,4,TypeC,31900,000000111100000000000000000000000000011111100000000000011111100000000000011111100000000000000000000000000000000000000000000000000000011111100000000000000000000000000000,1,0,1370930.1428571446
1671,0,TypeA,54900,000000000000000000000000111111111100000000000000000000001111111110000000000000111111111100000000000000000000000000000000111111111100000000000000000000001111111110000000,1,0,761260.8857142814
1672,1,TypeB,38000,001111111100000000000000000000000111111110000000000000000001111110000000000000111111110000000000000000000000011111111000000000000000000000000000000000000000000000000000,1,0,1623917.4857142735
1673,2,TypeB,38000,001111111100000000000000000000000111111110000000000000000001111110000000000000111111110000000000000000000000011111111000000000000000000000000000000000000000000000000000,1,0,1623917.4857142745
1674,3,TypeC,25300,000000000000000000000000000000000000011111100000000000000001111110000000000000111000000000000000000000000000000000000000000000111100000000000000000000111000000000000000,1,0,1900499.9542857083
1675,4,TypeC,25300,000000000000000000000000000000000000011111100000000000000001111110000000000000111000000000000000000000000000000000000000000000111100000000000000000000111000000000000000,1,0,1900499.9542857083
1676,1,TypeB,39000,001111111100000000000000000000000111111110000000000000000000000011111110000000000000011111111000000000000000011111111000000000000000000000000000000000000000000000000000,1,0,903796.2342857141
1677,2,TypeB,39000,001111111100000000000000000000000111111110000000000000000000000011111110000000000000011111111000000000000000011111111000000000000000000000000000000000000000000000000000,1,0,903796.234285715
1678,3,TypeC,27300,000000000000000000000000000000000000000000000000000000000001111110000000000000111000000000000000000000000000000000011111100000000000011111100000000000000000000011100000,1,0,4263356.959999991
1679,4,TypeC,27300,000000000000000000000000000000000000000000000000000000000001111110000000000000111000000000000000000000000000000000011111100000000000011111100000000000000000000011100000,1,0,4263356.959999991
1680,0,TypeA,52200,000000000000011111111100000000000000000011111111110000000000000000000000000000111111111100000000000000000000000000000000000000000111111111100000000000001111111110000000,1,0,611757.6971428581
1681,1,TypeB,39100,000000000000000000000000000000000111111110000000000000000000000011111110000000000000011111111000000000000011111110000000000000000000000000000000000000111111100000000000,1,0,1464247.4342857134
1682,2,TypeB,39100,000000000000000000000000000000000111111110000000000000000000000011111110000000000000011111111000000000000011111110000000000000000000000000000000000000111111100000000000,1,0,1464247.4342857143
1683,3,TypeC,27000,000000000000000000000000000000000000000000000000000000000001111110000000000000111000000000000000000000000000000000011111100000000000011111100000000000111000000000000000,1,0,3268848.9199999906
1684,4,TypeC,27000,000000000000000000000000000000000000000000000000000000000001111110000000000000111000000000000000000000000000000000011111100000000000011111100000000000111000000000000000,1,0,3268848.9199999906
1685,1,TypeB,38000,001111111100000000000000000000000111111110000000000000000000000011111110000000000000011111111000000000000011111110000000000000000000000000000000000000000000000000000000,1,0,902796.2342857141
1686,2,TypeB,38000,001111111100000000000000000000000111111110000000000000000000000011111110000000000000011111111000000000000011111110000000000000000000000000000000000000000000000000000000,1,0,902796.234285715
1687,3,TypeC,32200,000000000000000000000000000000000000000000000000000000000001111110000000000111100000000000000000000000000000000000011111100000000000011111100000000000011111100000000000,1,0,3671132.022857137
1688,4,TypeC,32200,000000000000000000000000000000000000000000000000000000000001111110000000000111100000000000000000000000000000000000011111100000000000011111100000000000011111100000000000,1,0,3671132.022857137
1689,0,TypeA,53100,000000000000000000000000111111111100000000000000000000001111111110000000000000111111111100000000000000000000000000000000000000111111111100000000000000001111111110000000,1,0,1750791.0799999936
1690,3,TypeC,33500,000000000000000000000000000000000000011111100000000000011111100000000000011111100000000000000000000000000000000000000000000000000000001111100000000000011111100000000000,1,0,1721398.5199999986
1691,4,TypeC,33500,000000000000000000000000000000000000011111100000000000011111100000000000011111100000000000000000000000000000000000000000000000000000001111100000000000011111100000000000,1,0,1721398.5199999986
1692,3,TypeC,34800,000000000000000000000000000000000000011111100000000000011111100000000000011111100000000000000000000000000000000000000000000000000000011111100000000000011111100000000000,1,0,1722698.5199999986
1693,4,TypeC,34800,000000000000000000000000000000000000011111100000000000011111100000000000011111100000000000000000000000000000000000000000000000000000011111100000000000011111100000000000,1,0,1722698.5199999986
1694,0,TypeA,50100,000000000000011111111100000000000111111110000000000000000000000000000011111111110000000000000000000000000000000000000000000000111111111000000000000000001111111110000000,1,0,2825864.0514285704
1695,1,TypeB,42500,000000000000001111111100000000000111111110000000000000000000000011111110000000000000000000000000000000000000000000000000000000000111111110000000000000111111100000000000,1,0,1649899.8628571387
1696,2,TypeB,42500,000000000000001111111100000000000111111110000000000000000000000011111110000000000000000000000000000000000000000000000000000000000111111110000000000000111111100000000000,1,0,1649899.8628571397
1697,3,TypeC,25700,000000000000000000000000000000000000011110000000000000011111100000000000011111100000000000000000000000000000000000000000000000111100000000000000000000111000000000000000,1,0,621519.462857144
1698,4,TypeC,25700,000000000000000000000000000000000000011110000000000000011111100000000000011111100000000000000000000000000000000000000000000000111100000000000000000000111000000000000000,1,0,621519.462857144
1699,3,TypeC,29700,000000000000000000000000000000000000000000000000000000011111100000000000011111100000000000000000000000000000000000011111100000000000011111100000000000000000000011100000,1,0,2986376.4685714263
1700,4,TypeC,29700,000000000000000000000000000000000000000000000000000000011111100000000000011111100000000000000000000000000000000000011111100000000000011111100000000000000000000011100000,1,0,2986376.4685714263
1701,3,TypeC,29400,000000000000000000000000000000000000000000000000000000011111100000000000011111100000000000000000000000000000000000011111100000000000011111100000000000111000000000000000,1,0,1991868.4285714268
1702,4,TypeC,29400,000000000000000000000000000000000000000000000000000000011111100000000000011111100000000000000000000000000000000000011111100000000000011111100000000000111000000000000000,1,0,1991868.4285714268
1703,0,TypeA,52100,000000000000000000000000111111111100000000000000000000001111111110000000000000111111111100000000000000000000000000000000000000111111111000000000000000001111111110000000,1,0,1749791.0799999936
1704,3,TypeC,29300,000000000000000000000000000000000000011111100000000000011111100000000000011111100000000000000000000000000000000000000000000000000000001111100000000000111000000000000000,1,0,1001691.9600000004
1705,4,TypeC,29300,000000000000000000000000000000000000011111100000000000011111100000000000011111100000000000000000000000000000000000000000000000000000001111100000000000111000000000000000,1,0,1001691.9600000004
1706,3,TypeC,30600,000000000000000000000000000000000000011111100000000000011111100000000000011111100000000000000000000000000000000000000000000000000000011111100000000000111000000000000000,1,0,1002991.9600000004
1707,4,TypeC,30600,000000000000000000000000000000000000011111100000000000011111100000000000011111100000000000000000000000000000000000000000000000000000011111100000000000111000000000000000,1,0,1002991.9600000004
1708,0,TypeA,44500,000000000000011111111100000000000111111110000000000000001111111110000000000000000000000000000000000000000000000000000000000000000111111110000000000000001111111110000000,1,0,4040299.6228571376
1709,1,TypeB,41100,001111111100000000000000000000111111110000000000011111111000000000000000000000000000011111111000000000000000000000000000111111100000000000000000000000000000000000000000,1,0,5.587935447692871e-09
1710,2,TypeB,41100,001111111100000000000000000000111111110000000000011111111000000000000000000000000000011111111000000000000000000000000000111111100000000000000000000000000000000000000000,1,0,6.51925802230835e-09
1711,3,TypeC,30500,000000000000000000000111111000000000011110000000000000000001111110000000000000000000000000000000000000000000000000000000000000111110000000000000000000011111000000000000,1,0,2033605.108571427
1712,4,TypeC,30500,000000000000000000000111111000000000011110000000000000000001111110000000000000000000000000000000000000000000000000000000000000111110000000000000000000011111000000000000,1,0,2033605.108571427
1713,0,TypeA,51400,000000000000011111111100000000000000000000000000000000000000000000000011111111100000000000000000000000011111111110000000000000111111111000000000000000001111111110000000,1,0,2074768.8514285758
1714,1,TypeB,40100,000000000000001111111100000000000111111110000000000000000000000111111110000000000000000000000000000000011111110000000000111111100000000000000000000000000000000000000000,1,0,1712138.7085714322
1715,2,TypeB,40100,000000000000001111111100000000000111111110000000000000000000000111111110000000000000000000000000000000011111110000000000111111100000000000000000000000000000000000000000,1,0,1712138.708571433
1716,3,TypeC,28500,000000000000000000000111111000000000011110000000000000000001111110000000000000000000011100000000000000000000000000000000000000111110000000000000000000000000000000000000,1,0,2153042.4114285754
1717,4,TypeC,28500,000000000000000000000111111000000000011110000000000000000001111110000000000000000000011100000000000000000000000000000000000000111110000000000000000000000000000000000000,1,0,2153042.4114285754
1718,0,TypeA,50800,000000000000000111111111100000000000000000000000000111111111100000000000000000000000000000000000000000000000011111111100000000000111111110000000000000001111111110000000,1,0,2646100.251428566
1719,1,TypeB,40100,001111111100000000000000000000111111110000000000011111111000000000000000000000000000000000000000000000011111110000000000111111100000000000000000000000000000000000000000,1,0,562751.2000000076
1720,2,TypeB,40100,001111111100000000000000000000111111110000000000011111111000000000000000000000000000000000000000000000011111110000000000111111100000000000000000000000000000000000000000,1,0,562751.2000000086
1721,3,TypeC,27600,000000000000000000000111111000000000011110000000000000000001111110000000000000000000000000000000000000000000000000000000000000111110000000000000000000111000000000000000,1,0,1315198.5485714283
1722,4,TypeC,27600,000000000000000000000111111000000000011110000000000000000001111110000000000000000000000000000000000000000000000000000000000000111110000000000000000000111000000000000000,1,0,1315198.5485714283
1723,0,TypeA,48800,000000000000011111111100000000000000000000000000000000000000000000000011111111100000000000000000000000000000011111111100000000000111111110000000000000001111111110000000,1,0,2665681.8285714258
1724,1,TypeB,40400,001111111100000000000000000000000111111110000000000000000000000011111110000000000000000000000000000000000000011111110000000000000111111110000000000000000000000000000000,1,0,831362.6742857117
1725,2,TypeB,40400,001111111100000000000000000000000111111110000000000000000000000011111110000000000000000000000000000000000000011111110000000000000111111110000000000000000000000000000000,1,0,831362.6742857127
1726,3,TypeC,27200,000000000000000000000000000000000000011110000000000000000001111110000000000000000000000000000000000000000000000000011111100000000000011110000000000000111000000000000000,1,0,2691371.0457142843
1727,4,TypeC,27200,000000000000000000000000000000000000011110000000000000000001111110000000000000000000000000000000000000000000000000011111100000000000011110000000000000111000000000000000,1,0,2691371.0457142843
1728,0,TypeA,52400,000000000000000111111111100000000000000000000000000111111111100000000000000000111111111100000000000000000000011111111100000000000111111110000000000000000000000000000000,1,0,1506171.177142851
1729,1,TypeB,40400,000000000000000111111100000000000111111110000000000000000000000000000000000000000000011111111000000000000011111110000000000000000111111110000000000000000000000000000000,1,0,2647535.1542857178
1730,2,TypeB,40400,000000000000000111111100000000000111111110000000000000000000000000000000000000000000011111111000000000000011111110000000000000000111111110000000000000000000000000000000,1,0,2647535.1542857187
1731,3,TypeC,24600,000000111000000000000000000000000000011110000000000000000001111110000000000000111000000000000000000000000000000000000000000000111110000000000000000000000000000000000000,1,0,2520729.811428567
1732,4,TypeC,24600,000000111000000000000000000000000000011110000000000000000001111110000000000000111000000000000000000000000000000000000000000000111110000000000000000000000000000000000000,1,0,2520729.811428567
1733,0,TypeA,46700,000000000000011111111100000000000111111110000000000000000000000000000000000000111111111100000000000000000000011111111100000000000111111110000000000000000000000000000000,1,0,2262798.337142857
1734,1,TypeB,40100,000000000000001111111100000000000111111110000000000000000000000000000000000000000000011111111000000000011111110000000000000000000000000000000000000000111111100000000000,1,0,3160869.085714292
1735,2,TypeB,40100,000000000000001111111100000000000111111110000000000000000000000000000000000000000000011111111000000000011111110000000000000000000000000000000000000000111111100000000000,1,0,3160869.0857142927
1736,3,TypeC,25600,000000111000000000000000000000000000011110000000000000000001111110000000000111100000000000000000000000000000000000000000000000111110000000000000000000000000000000000000,1,0,2203306.354285715
1737,4,TypeC,25600,000000111000000000000000000000000000011110000000000000000001111110000000000111100000000000000000000000000000000000000000000000111110000000000000000000000000000000000000,1,0,2203306.354285715
1738,0,TypeA,46100,000000000000011111111100000000000111111110000000000000000000000000000000000000111111111100000000000000000000000000000000000000000111111110000000000000001111111110000000,1,0,2132455.5485714264
1739,1,TypeB,43500,000000000111111110000000000000000111111110000000000000000000000000000000000000000000000000000000000000000000011111111000000000000111111110000000000000111111100000000000,1,0,1625622.9828571416
1740,2,TypeB,43500,000000000111111110000000000000000111111110000000000000000000000000000000000000000000000000000000000000000000011111111000000000000111111110000000000000111111100000000000,1,0,1625622.9828571426
1741,3,TypeC,25600,000000000000000000000000000000000000011110000000000000000001111110000000000111100000000000000000000000000000000000000000000000111110000000000000000000111000000000000000,1,0,1582376.4971428565
1742,4,TypeC,25600,000000000000000000000000000000000000011110000000000000000001111110000000000111100000000000000000000000000000000000000000000000111110000000000000000000111000000000000000,1,0,1582376.4971428565
1743,0,TypeA,52200,000000001111111110000000000000000000000000000000000111111111100000000000000000111111111100000000000000000000000000000000000000111111111100000000000000001111111110000000,1,0,1466861.559999993
1744,1,TypeB,41200,000000000111111110000000000000111111110000000000000000000000000000000000000000000000000000000000000000011111110000000000111111100000000000000000000000111111100000000000,1,0,793260.3085714346
1745,2,TypeB,41200,000000000111111110000000000000111111110000000000000000000000000000000000000000000000000000000000000000011111110000000000111111100000000000000000000000111111100000000000,1,0,793260.3085714355
1746,3,TypeC,25500,000000000000000000000000000000000000011110000000000000000001111110000000000000000000011100000000000000000000000000000000000000111110000000000000000000111000000000000000,1,0,2155834.3714285754
1747,4,TypeC,25500,000000000000000000000000000000000000011110000000000000000001111110000000000000000000011100000000000000000000000000000000000000111110000000000000000000111000000000000000,1,0,2155834.3714285754
1748,0,TypeA,52900,000000111111111100000000000000111111111100000000000000000000000000000000000000111111111100000000000000000000000000000000000000111111111100000000000000001111111110000000,1,0,612657.6971428562
1749,1,TypeB,42200,000000000111111110000000000000000111111110000000000000000000000000000000000000000000011111111000000000000000000000000000111111100000000000000000000000111111100000000000,1,0,1001259.8000000035
1750,2,TypeB,42200,000000000111111110000000000000000111111110000000000000000000000000000000000000000000011111111000000000000000000000000000111111100000000000000000000000111111100000000000,1,0,1001259.8000000045
1751,3,TypeC,25900,000000111100000000000000000000000000011110000000000000000001111110000000000000000000000000000000000000000000000000000000000000111110000000000000000000111000000000000000,1,1,1685928.6914285733
1752,4,TypeC,25900,000000111100000000000000000000000000011110000000000000000001111110000000000000000000000000000000000000000000000000000000000000111110000000000000000000111000000000000000,1,0,1685928.6914285733
1753,0,TypeA,49300,000000001111111110000000000000111111110000000000000000000000000000000000000000111111111100000000000000000000000000000000000000111111111100000000000000001111111110000000,1,0,1455538.0285714269
1754,1,TypeB,39000,000000000000111111110000000000111111110000000000000000000000000000011111110000000000011111111000000000000000011111111000000000000000000000000000000000000000000000000000,1,0,255421.2800000012
1755,2,TypeB,39000,000000000000111111110000000000111111110000000000000000000000000000011111110000000000011111111000000000000000011111111000000000000000000000000000000000000000000000000000,1,0,255421.28000000212
1756,3,TypeC,29800,000000000001111110000000000000000000011111100000000000000000000000000011110000000000000000000000000000000011110000000000000000111110000000000000000000000000000000000000,1,0,969883.9200000037
1757,4,TypeC,29800,000000000001111110000000000000000000011111100000000000000000000000000011110000000000000000000000000000000011110000000000000000111110000000000000000000000000000000000000,1,0,969883.9200000037
1758,0,TypeA,47400,000000000000000000000000000000111111110000000000000000001111111110000000000000000000000000000000000000000000011111111100000000000111111111100000000000001111111110000000,1,0,4016362.942857139
1759,1,TypeB,38000,000000000000111111110000000000111111110000000000000000000000000011111110000000000000011111111000000000000011111110000000000000000000000000000000000000000000000000000000,1,0,72433.56000000052
1760,2,TypeB,38000,000000000000111111110000000000111111110000000000000000000000000011111110000000000000011111111000000000000011111110000000000000000000000000000000000000000000000000000000,1,0,72433.56000000145
1761,3,TypeC,31600,000000000000000000000000000000000000011111100000000000001111100000000000011111100000000000000000000000000000000000001111100000000000011111100000000000000000000000000000,1,0,2654595.7428571396
1762,4,TypeC,31600,000000000000000000000000000000000000011111100000000000001111100000000000011111100000000000000000000000000000000000001111100000000000011111100000000000000000000000000000,1,0,2654595.7428571396
1763,0,TypeA,49400,000000001111111110000000000000000111111111100000000000000000000000000000000000111111111100000000000000000000000000000000000000111111111000000000000000001111111110000000,1,0,2226388.719999999
1764,3,TypeC,32000,000000000000000000011111100000000000011111100000000000000000000000000000011111100000000000000000000000000000000000000000000000000000001111100000000000111111000000000000,1,0,0.0
1765,4,TypeC,32000,000000000000000000011111100000000000011111100000000000000000000000000000011111100000000000000000000000000000000000000000000000000000001111100000000000111111000000000000,1,0,0.0
1766,0,TypeA,52100,000000111111111000000000000000000000000000000000000000000000000000000011111111110000000000000000000000000000011111111100000000000111111111100000000000001111111110000000,1,0,2386336.8171428572
1767,1,TypeB,39100,000000000000000000000000000000111111110000000000000000000000000011111110000000000000011111111000000000000000011111110000000000000011111110000000000000000000000000000000,1,0,1111881.0228571445
1768,2,TypeB,39100,000000000000000000000000000000111111110000000000000000000000000011111110000000000000011111111000000000000000011111110000000000000011111110000000000000000000000000000000,1,0,1111881.0228571454
1769,3,TypeC,28300,000000000000000000011111100000000000011111100000000000001111000000000000000000000000000000000000000000000000000000000000000000000000000011100000000000111111000000000000,1,0,422560.7599999998
1770,4,TypeC,28300,000000000000000000011111100000000000011111100000000000001111000000000000000000000000000000000000000000000000000000000000000000000000000011100000000000111111000000000000,1,0,422560.7599999998
1771,0,TypeA,55000,000000000000000000000000111111111100000000000000000111111111100000000000000000000000000000000000000000000000011111111100000000000111111111100000000000011111111110000000,1,0,1782345.7942857118
1772,3,TypeC,33100,000000000000000000000000000000000000011111100000000000001111100000000000011111100000000000000000000000000000000000000000000000000000011111100000000000000000111110000000,1,0,1656095.7428571396
1773,4,TypeC,33100,000000000000000000000000000000000000011111100000000000001111100000000000011111100000000000000000000000000000000000000000000000000000011111100000000000000000111110000000,1,0,1656095.7428571396
1774,0,TypeA,50800,000000111111111100000000000000111111110000000000000111111111000000000000000000000000000000000000000000000000000000000000000000111111111100000000000000001111111110000000,1,0,1957811.9600000037
1775,1,TypeB,38200,000000000000000000000000000000111111110000000000000000001111000000000000000000000000000000000000000000000000011111111000000000000011111110000000000000111111100000000000,1,0,2723823.028571425
1776,2,TypeB,38200,000000000000000000000000000000111111110000000000000000001111000000000000000000000000000000000000000000000000011111111000000000000011111110000000000000111111100000000000,1,0,2723823.028571426
1777,3,TypeC,31300,000000000000000000011111100000000000011111100000000000001111000000000000011111100000000000000000000000000000000000000000000000000000011111100000000000000000000000000000,1,0,967648.2285714289
1778,4,TypeC,31300,000000000000000000011111100000000000011111100000000000001111000000000000011111100000000000000000000000000000000000000000000000000000011111100000000000000000000000000000,1,0,967648.2285714289
1779,0,TypeA,49400,000000001111111110000000000000000000000000000000000000000000000000000000000000111111111100000000000000000000011111111100000000000111111111100000000000001111111110000000,1,0,2067506.4971428541
1780,1,TypeB,41200,000000000000000000000000000000111111110000000000000000000001111111000000000000000000000000000000000000000000011111111000000000000011111110000000000000111111100000000000,1,0,2643171.411428565
1781,2,TypeB,41200,000000000000000000000000000000111111110000000000000000000001111111000000000000000000000000000000000000000000011111111000000000000011111110000000000000111111100000000000,1,0,2643171.411428566
1782,3,TypeC,29600,000000000000000000000000001111100000000000000000000000001111100000000000011111100000000000000000000000000011110000000000000000000000011111100000000000000000000000000000,1,0,3642672.211428566
1783,4,TypeC,29600,000000000000000000000000001111100000000000000000000000001111100000000000011111100000000000000000000000000011110000000000000000000000011111100000000000000000000000000000,1,0,3642672.211428566
1784,0,TypeA,51000,000000111111111000000000000000000111111111100000000000000000000000000000000000111111111100000000000000000000000000000000000000111111111100000000000000001111111110000000,1,0,1854710.537142858
1785,3,TypeC,33300,000000000000000000011111100000000000011111100000000000000000000000000000011111100000000000000000000000000000000000000000000000000000011111100000000000111111000000000000,1,0,1300.0
1786,4,TypeC,33300,000000000000000000011111100000000000011111100000000000000000000000000000011111100000000000000000000000000000000000000000000000000000011111100000000000111111000000000000,1,0,1300.0
1787,0,TypeA,49400,000000111111111000000000000000000111111111100000000000001111111111000000000000000000000000000000000000000000000000000000000000111111111000000000000000001111111110000000,1,0,3580566.8914285684
1788,1,TypeB,42500,000000000000000000000000000000111111110000000000000000000001111111000000000000000000000000000000000000000000011111111000000000000111111110000000000000111111100000000000,1,0,2267898.914285708
1789,2,TypeB,42500,000000000000000000000000000000111111110000000000000000000001111111000000000000000000000000000000000000000000011111111000000000000111111110000000000000111111100000000000,1,0,2267898.914285709
1790,3,TypeC,29400,000000000000000000011111100000000000011111100000000000000000000000000000011111100000000000000000000000000000000000000000000000000000011111100000000000111000000000000000,1,0,276101.4800000023
1791,4,TypeC,29400,000000000000000000011111100000000000011111100000000000000000000000000000011111100000000000000000000000000000000000000000000000000000011111100000000000111000000000000000,1,0,276101.4800000023
1792,0,TypeA,50400,000000000000011111111100000000000111111111100000000000000000000000000000000000000000000000000000000000000000011111111100000000000111111111100000000000011111111110000000,1,0,3408027.4114285717
1793,1,TypeB,40400,000000000000000000000000000000111111110000000000000000000000000011111110000000000000011111111000000000000000011111110000000000000111111110000000000000000000000000000000,1,0,736608.5257142885
1794,2,TypeB,40400,000000000000000000000000000000111111110000000000000000000000000011111110000000000000011111111000000000000000011111110000000000000111111110000000000000000000000000000000,1,0,736608.5257142894
1795,3,TypeC,34400,000000000001111110000000000000000000011111100000000000001111100000000000011111100000000000000000000000000000000000000000000000000000011111100000000000000000000000000000,1,0,1109447.8857142823
1796,4,TypeC,34400,000000000001111110000000000000000000011111100000000000001111100000000000011111100000000000000000000000000000000000000000000000000000011111100000000000000000000000000000,1,0,1109447.8857142823
1797,0,TypeA,49100,000000000000011111111100000000000111111111100000000000000000000000000000000000000000000000000000000000000000011111111100000000000111111111100000000000001111111110000000,1,0,3406727.4114285717
1798,3,TypeC,32200,000000000000000000000000000000000000011111100000000000001111000000000000011111100000000000000000000000000000000000000000000000000000011111100000000000111111000000000000,1,0,1588511.4114285712
1799,4,TypeC,32200,000000000000000000000000000000000000011111100000000000001111000000000000011111100000000000000000000000000000000000000000000000000000011111100000000000111111000000000000,1,0,1588511.4114285712
1800,0,TypeA,53100,000000000000011111111100000000000111111111100000000000000000000000000011111111110000000000000000000000000000000000000000000000111111111100000000000000001111111110000000,1,0,2828864.0514285704
1801,3,TypeC,28300,000000000000000000000000000000000000011111100000000000001111100000000000011111100000000000000000000000000000000000000000000000000000001111100000000000111000000000000000,1,0,1657087.70285714
1802,4,TypeC,28300,000000000000000000000000000000000000011111100000000000001111100000000000011111100000000000000000000000000000000000000000000000000000001111100000000000111000000000000000,1,0,1657087.70285714
1803,0,TypeA,51400,000000000000000000000000000000000111111111100000000000001111111111000000000000111111111100000000000000000000000000000000000000111111111100000000000000001111111110000000,1,0,3337854.051428564
1804,1,TypeB,41500,000000000000000000000000000000111111110000000000000000000001111111000000000000000000000000000000000000000000011111110000000000000111111110000000000000111111100000000000,1,0,2266898.914285708
1805,2,TypeB,41500,000000000000000000000000000000111111110000000000000000000001111111000000000000000000000000000000000000000000011111110000000000000111111110000000000000111111100000000000,1,0,2266898.914285709
1806,3,TypeC,33500,000000000000000000000000000000000000011111100000000000001111100000000000011111100000000000000000000000000000000000000000000000000000011111100000000000111111000000000000,1,0,1383586.2228571386
1807,4,TypeC,33500,000000000000000000000000000000000000011111100000000000001111100000000000011111100000000000000000000000000000000000000000000000000000011111100000000000111111000000000000,1,0,1383586.2228571386
1808,3,TypeC,29600,000000000000000000000000000000000000011111100000000000001111100000000000011111100000000000000000000000000000000000000000000000000000011111100000000000111000000000000000,1,0,1658387.70285714
1809,4,TypeC,29600,000000000000000000000000000000000000011111100000000000001111100000000000011111100000000000000000000000000000000000000000000000000000011111100000000000111000000000000000,1,0,1658387.70285714
1810,0,TypeA,50000,000000000000011111111100000000000111111111100000000000000000000000000000000000111111111100000000000000000000000000000000000000111111111000000000000000001111111110000000,1,0,2136355.5485714264
1811,1,TypeB,41500,000000000000000000000000000000111111110000000000000001111111000000000000000000000000000000000000000000000011111110000000000000000111111110000000000000111111100000000000,1,0,1108933.382857142
1812,2,TypeB,41500,000000000000000000000000000000111111110000000000000001111111000000000000000000000000000000000000000000000011111110000000000000000111111110000000000000111111100000000000,1,0,1108933.382857143
1813,3,TypeC,29600,001111100000000000000000001111100000000000000000000000001111000000000000000000000000000000000000000000000000000000000000000000111111000000000000000000000001111110000000,1,0,1997456.0914285695
1814,4,TypeC,29600,001111100000000000000000001111100000000000000000000000001111000000000000000000000000000000000000000000000000000000000000000000111111000000000000000000000001111110000000,1,0,1997456.0914285695
1815,0,TypeA,51900,000000000000000111111111100000000000000000000000000000000000000000000000000000111111111100000000000000000000011111111100000000000111111111100000000000001111111110000000,1,0,1979373.3257142818
1816,3,TypeC,29600,000000111100000000000111111000000000011111100000000000000000000000000000000000000000000000000000000000000000000000000000000000111100000000000000000000000001111110000000,1,0,890061.920000006
1817,4,TypeC,29600,000000111100000000000111111000000000011111100000000000000000000000000000000000000000000000000000000000000000000000000000000000111100000000000000000000000001111110000000,1,0,890061.920000006
1818,3,TypeC,29500,000000111100000000000000001111100000000000000000000000000001111110000000000000000000000000000000000000000000000000000000000000000000000111100000000000000001111110000000,1,0,3050385.6971428557
1819,4,TypeC,29500,000000111100000000000000001111100000000000000000000000000001111110000000000000000000000000000000000000000000000000000000000000000000000111100000000000000001111110000000,1,0,3050385.6971428557
1820,0,TypeA,52300,000000000000011111111100000000000111111111100000000000000000000000000000000000111111111100000000000000000000000000000000000000111111111100000000000000011111111110000000,1,0,2138655.5485714264
1821,3,TypeC,33700,000000000001111110000000000000000000000000000000011111100000000000000000000000000000000000000000000000000000011110000000000000111111000000000000000000000001111110000000,1,0,0.0
1822,4,TypeC,33700,000000000001111110000000000000000000000000000000011111100000000000000000000000000000000000000000000000000000011110000000000000111111000000000000000000000001111110000000,1,0,0.0
1823,3,TypeC,26900,000000000000000000000000001111100000000000000000000000000001111110000000000000000000000000000000000000000000011110000000000000111110000000000000000000000000000011100000,1,0,3149824.3657142837
1824,4,TypeC,26900,000000000000000000000000001111100000000000000000000000000001111110000000000000000000000000000000000000000000011110000000000000111110000000000000000000000000000011100000,1,0,3149824.3657142837
1825,3,TypeC,35700,000000000001111110000000000000000000011111100000000000000000000000000000011111100000000000000000000000000000000000000000000000111111000000000000000000000001111110000000,1,0,244961.8685714323
1826,4,TypeC,35700,000000000001111110000000000000000000011111100000000000000000000000000000011111100000000000000000000000000000000000000000000000111111000000000000000000000001111110000000,1,0,244961.8685714323
1827,0,TypeA,50000,000000111111111000000000000000000000000000000000000000000000000000000000000000111111111100000000000000000000011111111100000000000111111111100000000000001111111110000000,1,0,1694828.3142857132
1828,3,TypeC,31400,000000000000000000000000001111100000000000000000000000000001111110000000000000000000000000000000000000000000011110000000000000111110000000000000000000000001111110000000,1,0,2154324.3657142837
1829,4,TypeC,31400,000000000000000000000000001111100000000000000000000000000001111110000000000000000000000000000000000000000000011110000000000000111110000000000000000000000001111110000000,1,0,2154324.3657142837
1830,0,TypeA,51000,000000000000011111111100000000000111111111100000000000000000000000000000000000111111111100000000000000000000000000000000000000111111111100000000000000001111111110000000,1,0,2137355.5485714264
1831,3,TypeC,34200,000000000001111110000000000000000000000000000000000000000001111110000000000000000000000000000000000000000000011110000000000000111110000000000000000000000001111110000000,1,0,609176.5085714264
1832,4,TypeC,34200,000000000001111110000000000000000000000000000000000000000001111110000000000000000000000000000000000000000000011110000000000000111110000000000000000000000001111110000000,1,0,609176.5085714264
1833,1,TypeB,40100,000000000000000000000000000000111111110000000000000000000001111111000000000000000000011111111000000000000000011111111000000000000011111110000000000000000000000000000000,1,0,2757716.7542857127
1834,2,TypeB,40100,000000000000000000000000000000111111110000000000000000000001111111000000000000000000011111111000000000000000011111111000000000000011111110000000000000000000000000000000,1,0,2757716.7542857137
1835,3,TypeC,20900,000000000000000000000000001111100000000000000000011100000000000000000011110000000000000000000000000000000000000000000000000000111110000000000000000000000000000011100000,1,0,3269327.9542857157
1836,4,TypeC,20900,000000000000000000000000001111100000000000000000011100000000000000000011110000000000000000000000000000000000000000000000000000111110000000000000000000000000000011100000,1,0,3269327.9542857157
1837,3,TypeC,36200,000000000001111110000000000000000000011111100000000000000001111110000000000000000000000000000000000000000000000000000000000000111110000000000000000000000001111110000000,1,0,770058.731428571
1838,4,TypeC,36200,000000000001111110000000000000000000011111100000000000000001111110000000000000000000000000000000000000000000000000000000000000111110000000000000000000000001111110000000,1,0,770058.731428571
1839,0,TypeA,49900,000000000000011111111100000000000000000000000000000111111111100000000000000000111111111100000000000000000000000000000000000000000111111110000000000000001111111110000000,1,0,1373928.3885714207
1840,1,TypeB,42200,000000000000001111111100000000000111111110000000000000000000000000000000000000111111110000000000000000000000000000000000000000000011111110000000000000111111100000000000,1,0,1796254.622857133
1841,2,TypeB,42200,000000000000001111111100000000000111111110000000000000000000000000000000000000111111110000000000000000000000000000000000000000000011111110000000000000111111100000000000,1,0,1796254.6228571339
1842,3,TypeC,28900,000000111100000000000111111000000000000000000000000000000001111110000000000000000000000000000000000000000000000000000000000000000000000111100000000000001111100000000000,1,0,2771084.2171428544
1843,4,TypeC,28900,000000111100000000000111111000000000000000000000000000000001111110000000000000000000000000000000000000000000000000000000000000000000000111100000000000001111100000000000,1,0,2771084.2171428544
1844,0,TypeA,49100,000000000000011111111100000000000111111111100000000000001111111111000000000000111111111100000000000000000000000000000000000000000111111110000000000000000000000000000000,1,0,2721382.828571422
1845,1,TypeB,40100,000000000000011111110000000000111111110000000000011111111000000000000000000000000000011111111000000000000000000000000000000000000000000000000000000000111111100000000000,1,0,512333.931428574
1846,2,TypeB,40100,000000000000011111110000000000111111110000000000011111111000000000000000000000000000011111111000000000000000000000000000000000000000000000000000000000111111100000000000,1,0,512333.93142857496
1847,3,TypeC,28900,000000111100000000000111111000000000000000000000000000000001111110000000000000000000000000000000000000000000000000000000000000000000001110000000000000111111000000000000,1,0,1776876.1771428543
1848,4,TypeC,28900,000000111100000000000111111000000000000000000000000000000001111110000000000000000000000000000000000000000000000000000000000000000000001110000000000000111111000000000000,1,0,1776876.1771428543
1849,0,TypeA,46500,000000000000011111111100000000000111111111100000000000000001111111110000000000000000000000000000000000000000000000000000000000000111111110000000000000001111111110000000,1,0,4164873.1942857094
1850,1,TypeB,39000,000000000000001111111100000000000111111110000000000001111111000000000000000000000000011111111000000000000000011111111000000000000000000000000000000000000000000000000000,1,0,2331054.4514285736
1851,2,TypeB,39000,000000000000001111111100000000000111111110000000000001111111000000000000000000000000011111111000000000000000011111111000000000000000000000000000000000000000000000000000,1,0,2331054.4514285745
1852,3,TypeC,23400,000000111100000000000111111000000000000000000000000000001111000000000000000000000000000000000000000000000000000000000000000000000000011110000000000000111000000000000000,1,0,1951741.5542857158
1853,4,TypeC,23400,000000111100000000000111111000000000000000000000000000001111000000000000000000000000000000000000000000000000000000000000000000000000011110000000000000111000000000000000,1,0,1951741.5542857158
1854,0,TypeA,48100,000000000000011111111100000000000111111111100000000000000000000000000000000000111111111100000000000000000000000000000000000000000111111110000000000000001111111110000000,1,0,2134455.5485714264
1855,1,TypeB,40100,000000000000001111111100000000000111111110000000000000000000000000000000000000000000011111111000000000000011111110000000000000000011111110000000000000000000000000000000,1,0,3023807.6514285738
1856,2,TypeB,40100,000000000000001111111100000000000111111110000000000000000000000000000000000000000000011111111000000000000011111110000000000000000011111110000000000000000000000000000000,1,0,3023807.6514285747
1857,3,TypeC,25700,000000111100000000000111111000000000000000000000000000000001111110000000000000000000000000000000000000000000000000000000000000000000000111100000000000111000000000000000,1,0,2052377.6571428557
1858,4,TypeC,25700,000000111100000000000111111000000000000000000000000000000001111110000000000000000000000000000000000000000000000000000000000000000000000111100000000000111000000000000000,1,0,2052377.6571428557
1859,0,TypeA,48000,000000000000011111111100000000000000000000000000000000000000000000000000000000111111111100000000000000000000011111111100000000000111111110000000000000001111111110000000,1,0,1975473.3257142818
1860,1,TypeB,40100,000000000000001111111100000000000111111110000000000000000000000000000000000000000000011111111000000000011111110000000000111111100000000000000000000000000000000000000000,1,0,2587923.1714285817
1861,2,TypeB,40100,000000000000001111111100000000000111111110000000000000000000000000000000000000000000011111111000000000011111110000000000111111100000000000000000000000000000000000000000,1,0,2587923.1714285826
1862,3,TypeC,30500,000000111100000000000111111000000000000000000000000000000001111110000000000000000000000000000000000000000000000000000000000000000000011110000000000000011111100000000000,1,0,2772684.2171428544
1863,4,TypeC,30500,000000111100000000000111111000000000000000000000000000000001111110000000000000000000000000000000000000000000000000000000000000000000011110000000000000011111100000000000,1,0,2772684.2171428544
1864,0,TypeA,48900,000000111111111000000000000000000000000000000000000111111111100000000000000000000000000000000000000000000000011111111100000000000111111110000000000000001111111110000000,1,0,2361555.2399999974
1865,1,TypeB,39100,000000111111110000000000000000111111110000000000000000000001111110000000000000000000011111111000000000000000000000000000111111100000000000000000000000000000000000000000,1,0,920815.2571428604
1866,2,TypeB,39100,000000111111110000000000000000111111110000000000000000000001111110000000000000000000011111111000000000000000000000000000111111100000000000000000000000000000000000000000,1,0,920815.2571428614
1867,3,TypeC,28000,000000111100000000000111111000000000000000000000000000000001111110000000000000000000000000000000000000000000000000000000000000111111000000000000000000111000000000000000,1,0,1678105.1599999997
1868,4,TypeC,28000,000000111100000000000111111000000000000000000000000000000001111110000000000000000000000000000000000000000000000000000000000000111111000000000000000000111000000000000000,1,0,1678105.1599999997
1869,0,TypeA,52100,000000000000000000000000111111111100000000000000000000000000000000000000000000111111111100000000000000000000011111111100000000000111111110000000000000011111111110000000,1,0,1111618.8685714267
1870,1,TypeB,36200,000000000000000000000000000000111111110000000000000000000001111111000000000000000000011111111000000000000000011111111000000000000000011110000000000000000000000000000000,1,0,3608341.994285712
1871,2,TypeB,36200,000000000000000000000000000000111111110000000000000000000001111111000000000000000000011111111000000000000000011111111000000000000000011110000000000000000000000000000000,1,0,3608341.994285713
1872,3,TypeC,30200,000000111100000000000111111000000000000000000000000000000001111110000000000000000000000000000000000000000000000000000000000000000000011110000000000000111111000000000000,1,0,1778176.1771428543
1873,4,TypeC,30200,000000111100000000000111111000000000000000000000000000000001111110000000000000000000000000000000000000000000000000000000000000000000011110000000000000111111000000000000,1,0,1778176.1771428543
1874,0,TypeA,51500,000000111111111100000000000000111111111100000000000111111111100000000000000000000000000000000000000000000000011111111100000000000111111110000000000000000000000000000000,1,0,1408827.4114285707
1875,1,TypeB,40100,001111111100000000000000000000111111110000000000000000000000000000000000000000000000011111111000000000000011111110000000000000000000000000000000000000111111100000000000,1,0,894284.6628571451
1876,2,TypeB,40100,001111111100000000000000000000111111110000000000000000000000000000000000000000000000011111111000000000000011111110000000000000000000000000000000000000111111100000000000,1,0,894284.662857146
1877,3,TypeC,25000,000000111100000000000111111000000000000000000000000000000001111110000000000000000000000000000000000000000000000000000000000000000000001110000000000000111000000000000000,1,0,2051677.6571428557
1878,4,TypeC,25000,000000111100000000000111111000000000000000000000000000000001111110000000000000000000000000000000000000000000000000000000000000000000001110000000000000111000000000000000,1,0,2051677.6571428557
1879,0,TypeA,52400,000000000000000000000000111111111100000000000000000111111111100000000000000000000000000000000000000000011111111110000000000000000111111110000000000000001111111110000000,1,0,1186232.817142861
1880,1,TypeB,35200,000000000000000000000000000000111111110000000000000000111111100000000000000000000000011111111000000000011111110000000000000000000000011110000000000000000000000000000000,1,0,2798596.9885714334
1881,2,TypeB,35200,000000000000000000000000000000111111110000000000000000111111100000000000000000000000011111111000000000011111110000000000000000000000011110000000000000000000000000000000,1,0,2798596.9885714343
1882,3,TypeC,26300,000000111100000000000111111000000000000000000000000000000001111110000000000000000000000000000000000000000000000000000000000000000000011110000000000000111000000000000000,1,0,2052977.6571428557
1883,4,TypeC,26300,000000111100000000000111111000000000000000000000000000000001111110000000000000000000000000000000000000000000000000000000000000000000011110000000000000111000000000000000,1,0,2052977.6571428557
1884,0,TypeA,47100,000000000000011111111100000000000111111111100000000000000000000000000000000000000000000000000000000000000000011111111100000000000111111110000000000000001111111110000000,1,0,3404727.4114285717
1885,1,TypeB,41200,000000000000001111111100000000000111111110000000000000111111100000000000000000000000000000000000000000000000000000000000111111100000000000000000000000111111100000000000,1,0,1314487.177142852
1886,2,TypeB,41200,000000000000001111111100000000000111111110000000000000111111100000000000000000000000000000000000000000000000000000000000111111100000000000000000000000111111100000000000,1,0,1314487.177142853
1887,3,TypeC,30500,000000111100000000000000000000000000011111100000000000000001111110000000000000000000000000000000000000000000000000000000000000111100000000000000000000111111000000000000,1,0,1411827.211428572
1888,4,TypeC,30500,000000111100000000000000000000000000011111100000000000000001111110000000000000000000000000000000000000000000000000000000000000111100000000000000000000111111000000000000,1,0,1411827.211428572
1889,0,TypeA,56200,000000000000000000000000111111111100000000000000000000001111111111000000000000111111111100000000000000000000000000000111111111100000000000000000000000001111111110000000,1,0,957145.6628571376
1890,3,TypeC,22600,000000111100000000000000001111100000000000000000000000000000000000000000011111100000000000000000000000000000000000000000000000111100000000000000000000111000000000000000,1,0,2148108.2971428605
1891,4,TypeC,22600,000000111100000000000000001111100000000000000000000000000000000000000000011111100000000000000000000000000000000000000000000000111100000000000000000000111000000000000000,1,0,2148108.2971428605
1892,0,TypeA,49600,000000001111111110000000000000000111111111100000000000000000000000000011111111110000000000000000000000000000000000000000000000000111111110000000000000001111111110000000,1,0,2915997.222857142
1893,1,TypeB,41200,000000000000011111110000000000111111110000000000011111111000000000000000000000000000000000000000000000000000000000000000000000000011111110000000000000111111100000000000,1,0,816172.8685714267
1894,2,TypeB,41200,000000000000011111110000000000111111110000000000011111111000000000000000000000000000000000000000000000000000000000000000000000000011111110000000000000111111100000000000,1,0,816172.8685714277
1895,3,TypeC,25800,000000111100000000000000000000000000000000000000000000000000000000000000000111110000000000000000000000000000000000001111100000000000000111100000000000111111000000000000,1,0,2249179.314285715
1896,4,TypeC,25800,000000111100000000000000000000000000000000000000000000000000000000000000000111110000000000000000000000000000000000001111100000000000000111100000000000111111000000000000,1,0,2249179.314285715
1897,0,TypeA,51200,000000000000000011111111100000000000000000000000000000001111111111000000000000111111111100000000000000000000011111111100000000000000000000000000000000001111111110000000,1,0,2516996.8628571313
1898,1,TypeB,41200,000000000000001111111100000000000111111110000000000000000000000000000000000000000000000000000000000000011111110000000000111111100000000000000000000000111111100000000000,1,0,2473377.828571433
1899,2,TypeB,41200,000000000000001111111100000000000111111110000000000000000000000000000000000000000000000000000000000000011111110000000000111111100000000000000000000000111111100000000000,1,0,2473377.828571434
1900,3,TypeC,24300,000000111100000000000000000000000000000000000000000000000001111110000000000111100000000000000000000000000000000000000000000000000000011110000000000000111000000000000000,1,0,2320155.605714284
1901,4,TypeC,24300,000000111100000000000000000000000000000000000000000000000001111110000000000111100000000000000000000000000000000000000000000000000000011110000000000000111000000000000000,1,0,2320155.605714284
1902,0,TypeA,50600,000000001111111110000000000000000111111111100000000000000000000011111111110000000000000000000000000000000000011111111100000000000000000000000000000000001111111110000000,1,0,2696909.679999998
1903,3,TypeC,21500,000000111100000000000000000000000000000000000000000000001111000000000000011111100000000000000000000000000000000000000000000000000000000011100000000000111000000000000000,1,0,2219019.502857144
1904,4,TypeC,21500,000000111100000000000000000000000000000000000000000000001111000000000000011111100000000000000000000000000000000000000000000000000000000011100000000000111000000000000000,1,0,2219019.502857144
1905,0,TypeA,52700,000000000000000000000000111111111100000000000000000111111111100000000000000000111111111100000000000000000000000000000000000000000111111110000000000000001111111110000000,1,0,508773.9314285666
1906,1,TypeB,41100,000000000000001111111100000000000111111110000000000001111111100000000000000000111111110000000000000000000000000000000000000000000000000000000000000000111111100000000000,1,0,897276.2342857001
1907,2,TypeB,41100,000000000000001111111100000000000111111110000000000001111111100000000000000000111111110000000000000000000000000000000000000000000000000000000000000000111111100000000000,1,0,897276.2342857011
1908,3,TypeC,30800,000000111100000000000000000000000000011111100000000000000001111110000000000000000000000000000000000000000000000000000000000000000000000111100000000000111111000000000000,1,0,1788699.708571428
1909,4,TypeC,30800,000000111100000000000000000000000000011111100000000000000001111110000000000000000000000000000000000000000000000000000000000000000000000111100000000000111111000000000000,1,0,1788699.708571428
1910,0,TypeA,49900,000000000000000111111111100000000000000000000000000000000000000000000000000000111111111100000000000000000000011111111100000000000111111110000000000000001111111110000000,1,0,1977373.3257142818
1911,3,TypeC,23400,000000111100000000000000000000000000000000000000000000001111000000000000011111100000000000000000000000000000000000000000000000000000011110000000000000111000000000000000,1,0,2220919.502857144
1912,4,TypeC,23400,000000111100000000000000000000000000000000000000000000001111000000000000011111100000000000000000000000000000000000000000000000000000011110000000000000111000000000000000,1,0,2220919.502857144
1913,0,TypeA,51700,000000000000000011111111100000000000000011111111110000000000000000000000000000111111111100000000000000000000011111111100000000000111111110000000000000000000000000000000,1,0,741000.4857142866
1914,3,TypeC,26100,000000111100000000000000000000000000000000000000000000000000000000000000011111100000000000000000000000000000000000001111100000000000001110000000000000111111000000000000,1,0,2249479.314285715
1915,4,TypeC,26100,000000111100000000000000000000000000000000000000000000000000000000000000011111100000000000000000000000000000000000001111100000000000001110000000000000111111000000000000,1,0,2249479.314285715
1916,0,TypeA,51200,000000000000000000000000111111111100000000000000000000001111111111000000000000111111111100000000000000000000000000000000000000000111111110000000000000001111111110000000,1,0,1566903.359999993
1917,3,TypeC,24700,000000111100000000000000000000000000000000000000000000000001111110000000000000000000000000000000000000000000000000001111100000000000000111100000000000111000000000000000,1,0,3051377.6571428557
1918,4,TypeC,24700,000000111100000000000000000000000000000000000000000000000001111110000000000000000000000000000000000000000000000000001111100000000000000111100000000000111000000000000000,1,0,3051377.6571428557
1919,0,TypeA,52300,000000000000000000000000111111111100000000000000000000000000000000000011111111100000000000000000000000011111111110000000000000000111111110000000000000001111111110000000,1,0,1207714.3942857198
1920,1,TypeB,41200,000000000000001111111100000000000111111110000000000000000000000000000000000000000000000000000000000000000011111110000000000000000011111110000000000000111111100000000000,1,0,2909262.3085714253
1921,2,TypeB,41200,000000000000001111111100000000000111111110000000000000000000000000000000000000000000000000000000000000000011111110000000000000000011111110000000000000111111100000000000,1,0,2909262.308571426
1922,3,TypeC,25300,000000111100000000000000000000000000000000000000000000000001111110000000000000000000000000000000000000000000000000001111100000000000011110000000000000111000000000000000,1,0,3051977.6571428557
1923,4,TypeC,25300,000000111100000000000000000000000000000000000000000000000001111110000000000000000000000000000000000000000000000000001111100000000000011110000000000000111000000000000000,1,0,3051977.6571428557
1924,0,TypeA,51600,000000000000000000000000111111111100000000000000000000000000000000000011111111100000000000000000000000000000011111111100000000000111111110000000000000001111111110000000,1,0,1800527.3714285716
1925,3,TypeC,27500,000000111100000000000000000000000000011111100000000000000001111110000000000000000000000000000000000000000000000000000000000000000000011110000000000000111000000000000000,1,0,2064101.1885714293
1926,4,TypeC,27500,000000111100000000000000000000000000011111100000000000000001111110000000000000000000000000000000000000000000000000000000000000000000011110000000000000111000000000000000,1,0,2064101.1885714293
1927,0,TypeA,49900,000000111111111100000000000000111111110000000000000000000000000000000000000000111111111100000000000000000000000000000000000000111111111000000000000000001111111110000000,1,0,1082859.845714286
1928,1,TypeB,39000,001111111100000000000000111111100000000000000000011111111000000000000000000000111111110000000000000000000000011111111000000000000000000000000000000000000000000000000000,1,0,349921.702857133
1929,2,TypeB,39000,001111111100000000000000111111100000000000000000011111111000000000000000000000111111110000000000000000000000011111111000000000000000000000000000000000000000000000000000,1,0,349921.70285713393
1930,3,TypeC,29100,001111100000000000000000001111100000000000000000000000001111100000000000011111100000000000000000000000000000000000000000000000111111000000000000000000000000000000000000,1,0,2059908.8514285646
1931,4,TypeC,29100,001111100000000000000000001111100000000000000000000000001111100000000000011111100000000000000000000000000000000000000000000000111111000000000000000000000000000000000000,1,0,2059908.8514285646
1932,0,TypeA,47400,000000111111111100000000000000111111110000000000000000000001111111110000000000000000000000000000000000000000000000000000000000000011111111100000000000001111111110000000,1,0,3488949.988571426
1933,1,TypeB,40100,001111111100000000000000111111100000000000000000011111111000000000000000000000000000000000000000000000000000011111111000000000000011111110000000000000000000000000000000,1,0,1759462.839999998
1934,2,TypeB,40100,001111111100000000000000111111100000000000000000011111111000000000000000000000000000000000000000000000000000011111111000000000000011111110000000000000000000000000000000,1,0,1759462.839999999
1935,3,TypeC,34100,000000000000001111110000000000000000000000000000000000001111100000000000011111100000000000000000000000000000000000000000000000000000011111100000000000000001111110000000,1,0,1754299.5085714227
1936,4,TypeC,34100,000000000000001111110000000000000000000000000000000000001111100000000000011111100000000000000000000000000000000000000000000000000000011111100000000000000001111110000000,1,0,1754299.5085714227
1937,0,TypeA,49300,000000000000000000000000000000111111110000000000000000001111111111000000000000111111111100000000000000000000011111111100000000000000000000000000000000001111111110000000,1,0,2647142.405714277
1938,1,TypeB,38000,000000000111111110000000000000111111110000000000011111111000000000000000000000000000011111110000000000000000011111110000000000000000000000000000000000000000000000000000,1,0,1724817.931428576
1939,2,TypeB,38000,000000000111111110000000000000111111110000000000011111111000000000000000000000000000011111110000000000000000011111110000000000000000000000000000000000000000000000000000,1,0,1724817.9314285768
1940,3,TypeC,34000,000000000001111110000000000000000000011110000000000000000000000000000000011111100000000000000000000000000000000000000000000000000000011111100000000000000001111110000000,1,0,619834.3657142874
1941,4,TypeC,34000,000000000001111110000000000000000000011110000000000000000000000000000000011111100000000000000000000000000000000000000000000000000000011111100000000000000001111110000000,1,0,619834.3657142874
1942,0,TypeA,48000,000000111111111000000000000000111111110000000000000000000000000000000000000000000000000000000000000000000000011111111100000000000111111111100000000000001111111110000000,1,0,2352231.708571432
1943,1,TypeB,38100,000000111111110000000000111111100000000000000000000000000001111111000000000000000000000000000000000000000000011111110000000000000011111110000000000000000000000000000000,1,0,2498290.3771428512
1944,2,TypeB,38100,000000111111110000000000111111100000000000000000000000000001111111000000000000000000000000000000000000000000011111110000000000000011111110000000000000000000000000000000,1,0,2498290.377142852
1945,3,TypeC,28500,000000000000000000000000000000000000000000000000000000001111100000000000011111100000000000000000000000000011110000000000000000000000000011100000000000000001111110000000,1,0,2641572.211428566
1946,4,TypeC,28500,000000000000000000000000000000000000000000000000000000001111100000000000011111100000000000000000000000000011110000000000000000000000000011100000000000000001111110000000,1,0,2641572.211428566
1947,0,TypeA,49800,000000000000000000000000000000111111110000000000000000000000000000000011111111100000000000000000000000000000011111111100000000000111111111100000000000001111111110000000,1,0,2798727.3714285716
1948,1,TypeB,39400,000000111111110000000000111111100000000000000000000000000000000011111110000000000000000000000000000000000000011111110000000000000111111110000000000000000000000000000000,1,0,478182.148571427
1949,2,TypeB,39400,000000111111110000000000111111100000000000000000000000000000000011111110000000000000000000000000000000000000011111110000000000000111111110000000000000000000000000000000,1,0,478182.1485714279
1950,3,TypeC,30200,000000111100000000000000000000000000000000000000000000001111100000000000011111100000000000000000000000000000000000000000000000000000001111100000000000000001111110000000,1,0,2015702.354285711
1951,4,TypeC,30200,000000111100000000000000000000000000000000000000000000001111100000000000011111100000000000000000000000000000000000000000000000000000001111100000000000000001111110000000,1,0,2015702.354285711
1952,0,TypeA,51800,000000000000000000000000000000111111110000000000000111111111100000000000000000111111111100000000000000000000000000000000000000111111111100000000000000001111111110000000,1,0,1507873.9314285666
1953,1,TypeB,37100,000000000000000000000000111111100000000000000000000000000001111111000000000000000000011111110000000000011111110000000000111111100000000000000000000000000000000000000000,1,0,4079659.4342857176
1954,2,TypeB,37100,000000000000000000000000111111100000000000000000000000000001111111000000000000000000011111110000000000011111110000000000111111100000000000000000000000000000000000000000,1,0,4079659.4342857185
1955,3,TypeC,33000,000000000000000000000000000000000000000000000000000000000001111110000000000111110000000000000000000000000011110000000000000000000000011111100000000000000001111110000000,1,0,2950633.5028571384
1956,4,TypeC,33000,000000000000000000000000000000000000000000000000000000000001111110000000000111110000000000000000000000000011110000000000000000000000011111100000000000000001111110000000,1,0,2950633.5028571384
1957,0,TypeA,49000,000000000000000000000000000000111111110000000000000000000000000000000000000000111111111100000000000000000000011111111100000000000111111111100000000000001111111110000000,1,0,2108518.8685714277
1958,1,TypeB,38100,000000111111110000000000111111100000000000000000000000000000000011111110000000000000000000000000000000011111110000000000111111100000000000000000000000000000000000000000,1,0,417570.16571429
1959,2,TypeB,38100,000000111111110000000000111111100000000000000000000000000000000011111110000000000000000000000000000000011111110000000000111111100000000000000000000000000000000000000000,1,0,417570.1657142909
1960,3,TypeC,30200,000000111111000000000000000000000000000000000000000000001111100000000000011111100000000000000000000000000000000000000000000000000000000011100000000000000001111110000000,1,0,1467754.4971428537
1961,4,TypeC,30200,000000111111000000000000000000000000000000000000000000001111100000000000011111100000000000000000000000000000000000000000000000000000000011100000000000000001111110000000,1,0,1467754.4971428537
1962,0,TypeA,47100,000000000000000000000000000000000111111110000000000000000000000000000000000000111111111100000000000000000000011111111100000000000011111111100000000000001111111110000000,1,0,3253942.0571428547
1963,1,TypeB,37000,001111111100000000000000111111100000000000000000000000000000000011111110000000000000011111111000000000000000011111110000000000000000000000000000000000000000000000000000,1,0,891872.7028571405
1964,2,TypeB,37000,001111111100000000000000111111100000000000000000000000000000000011111110000000000000011111111000000000000000011111110000000000000000000000000000000000000000000000000000,1,0,891872.7028571414
1965,3,TypeC,27000,000000111000000000000000000000000000000000000000011100000000000000000000011111100000000000000000000000000000000000000000000000000000011111100000000000000001111110000000,1,0,2547900.2171428585
1966,4,TypeC,27000,000000111000000000000000000000000000000000000000011100000000000000000000011111100000000000000000000000000000000000000000000000000000011111100000000000000001111110000000,1,0,2547900.2171428585
1967,0,TypeA,47500,000000000000000000000000000000000111111110000000000000001111111111000000000000000000000000000000000000000000011111111100000000000111111111100000000000001111111110000000,1,0,4605225.914285709
1968,1,TypeB,38000,001111111100000000000000111111100000000000000000000000000001111111000000000000000000011111111000000000000000011111111000000000000000000000000000000000000000000000000000,1,0,2537708.4342857096
1969,2,TypeB,38000,001111111100000000000000111111100000000000000000000000000001111111000000000000000000011111111000000000000000011111111000000000000000000000000000000000000000000000000000,1,0,2537708.4342857106
1970,3,TypeC,28300,001111100000000000000000000000000000000000000000000000001111100000000000011111100000000000000000000000000000000000000000000000000000000011100000000000000001111110000000,1,0,1435681.3485714206
1971,4,TypeC,28300,001111100000000000000000000000000000000000000000000000001111100000000000011111100000000000000000000000000000000000000000000000000000000011100000000000000001111110000000,1,0,1435681.3485714206
1972,0,TypeA,54600,000000000000000000000000111111111100000000000000000111111111100000000000000000111111111100000000000000000000011111111100000000000000000000000000000000001111111110000000,1,0,592812.9771428518
1973,1,TypeB,38100,001111111100000000000000111111100000000000000000000000000001111110000000000000000000011111111000000000000000000000000000111111100000000000000000000000000000000000000000,1,0,2022899.411428569
1974,2,TypeB,38100,001111111100000000000000111111100000000000000000000000000001111110000000000000000000011111111000000000000000000000000000111111100000000000000000000000000000000000000000,1,0,2022899.4114285698
1975,3,TypeC,30100,001111100000000000000000000000000000000000000000000000000001111110000000000000000000000000000000000000000011110000000000000000111100000000000000000000000001111110000000,1,0,2096292.1942857094
1976,4,TypeC,30100,001111100000000000000000000000000000000000000000000000000001111110000000000000000000000000000000000000000011110000000000000000111100000000000000000000000001111110000000,1,0,2096292.1942857094
1977,0,TypeA,49700,000000000000000000000000000000000111111110000000000000000000000000000000000000111111111100000000000000011111111110000000000000111111111100000000000000001111111110000000,1,0,2286456.582857148
1978,1,TypeB,38000,001111111100000000000000111111100000000000000000011111111000000000000000000000111111110000000000000000000011111110000000000000000000000000000000000000000000000000000000,1,0,348921.702857133
1979,2,TypeB,38000,001111111100000000000000111111100000000000000000011111111000000000000000000000111111110000000000000000000011111110000000000000000000000000000000000000000000000000000000,1,0,348921.70285713393
1980,3,TypeC,29300,001111100000000000000000000000000000000000000000000000001111100000000000011111100000000000000000000000000000000000000000000000111100000000000000000000000001111110000000,1,0,1060108.8514285646
1981,4,TypeC,29300,001111100000000000000000000000000000000000000000000000001111100000000000011111100000000000000000000000000000000000000000000000111100000000000000000000000001111110000000,1,0,1060108.8514285646
1982,0,TypeA,48400,000000001111111110000000000000000111111110000000000000000000000000000000000000111111111100000000000000000000000000000000000000111111111100000000000000001111111110000000,1,0,2225388.719999999
1983,1,TypeB,39100,001111111100000000000000111111100000000000000000011111111000000000000000000000000000000000000000000000011111110000000000111111100000000000000000000000000000000000000000,1,1,1322578.360000005
1984,2,TypeB,39100,001111111100000000000000111111100000000000000000011111111000000000000000000000000000000000000000000000011111110000000000111111100000000000000000000000000000000000000000,1,0,1322578.360000006
1985,3,TypeC,35000,000000000001111110000000000000000000000000000000000000001111100000000000011111100000000000000000000000000000000000000000000000000000011111100000000000000001111110000000,1,0,1100124.354285709
1986,4,TypeC,35000,000000000001111110000000000000000000000000000000000000001111100000000000011111100000000000000000000000000000000000000000000000000000011111100000000000000001111110000000,1,1,1100124.354285709
1987,0,TypeA,48100,000000000000000000000000000000000111111110000000000000000000000000000000000000111111111100000000000000000000011111111100000000000111111111100000000000001111111110000000,1,0,2878369.5599999987
1988,3,TypeC,33200,000000000000000000000000000000000000011110000000000000000001111110000000000000000000000000000000000000000011110000000000000000000000011111100000000000000001111110000000,1,0,2691579.0857142843
1989,4,TypeC,33200,000000000000000000000000000000000000011110000000000000000001111110000000000000000000000000000000000000000011110000000000000000000000011111100000000000000001111110000000,1,0,2691579.0857142843
