col_id,emp_id,emp_type,cost,schedule_pattern,in_final_mip,is_selected,reduced_cost
0,0,TypeA,0,000000000000000000000000000000000000000000000000000000000000000000000000000000000000000000000000000000000000000000000000000000000000000000000000000000000000000000000000,1,0,13479642.857142858
1,0,TypeA,8000,000000000011111111000000000000000000000000000000000000000000000000000000000000000000000000000000000000000000000000000000000000000000000000000000000000000000000000000000,1,0,11683842.857142858
2,1,TypeB,0,000000000000000000000000000000000000000000000000000000000000000000000000000000000000000000000000000000000000000000000000000000000000000000000000000000000000000000000000,1,0,9096742.857142856
3,1,TypeB,4000,000000000011110000000000000000000000000000000000000000000000000000000000000000000000000000000000000000000000000000000000000000000000000000000000000000000000000000000000,1,0,8296942.857142856
4,2,TypeB,0,000000000000000000000000000000000000000000000000000000000000000000000000000000000000000000000000000000000000000000000000000000000000000000000000000000000000000000000000,1,0,9096742.857142858
5,2,TypeB,4000,000000000011110000000000000000000000000000000000000000000000000000000000000000000000000000000000000000000000000000000000000000000000000000000000000000000000000000000000,1,0,8296942.857142858
6,3,TypeC,0,000000000000000000000000000000000000000000000000000000000000000000000000000000000000000000000000000000000000000000000000000000000000000000000000000000000000000000000000,1,0,6826357.142857142
7,3,TypeC,3900,000000000011100000000000000000000000000000000000000000000000000000000000000000000000000000000000000000000000000000000000000000000000000000000000000000000000000000000000,1,0,6026957.142857142
8,4,TypeC,0,000000000000000000000000000000000000000000000000000000000000000000000000000000000000000000000000000000000000000000000000000000000000000000000000000000000000000000000000,1,0,6826357.142857143
9,4,TypeC,3900,000000000011100000000000000000000000000000000000000000000000000000000000000000000000000000000000000000000000000000000000000000000000000000000000000000000000000000000000,1,0,6026957.142857143
10,0,TypeA,47700,000000000000000000000000000000001111111100000000000000000000000000000000000000011111111000000000000000000011111111110000000000011111111110000000000000111111111000000000,1,0,4082285.7142857164
11,1,TypeB,43800,000000000000000000000000000000001111111100000000000000000000000000000000000000011111111000000000000000000000000111111100000000000111111110000000000000011111111000000000,1,0,1849028.5714285718
12,2,TypeB,43800,000000000000000000000000000000001111111100000000000000000000000000000000000000011111111000000000000000000000000111111100000000000111111110000000000000011111111000000000,1,0,1849028.5714285737
13,3,TypeC,33700,000011111000000000000000000000001111110000000000000000000000000000000000000000000011111000000000000000000000000000000000000000000111111000000000000000111111000000000000,1,0,-9.313225746154785e-10
14,4,TypeC,33700,000011111000000000000000000000001111110000000000000000000000000000000000000000000011111000000000000000000000000000000000000000000111111000000000000000111111000000000000,1,0,0.0
15,0,TypeA,48900,000000000000011111111100000000000000000000111111110000000000011111111000000000000000000000000000000000000000000000000001111111110000000000000000000000000000011111111000,1,0,5644257.142857144
16,1,TypeB,34200,000000000000011111100000000000000000000000011111110000000000011111111000000000000000000000000000000000011111110000000001111100000000000000000000000000000000000000000000,1,0,1888185.7142857136
17,2,TypeB,34200,000000000000011111100000000000000000000000011111110000000000011111111000000000000000000000000000000000011111110000000001111100000000000000000000000000000000000000000000,1,0,1888185.7142857155
18,3,TypeC,27100,000000000000011111100000000000000000000000011111000000000000011100000000001111110000000000000000000000000000000000000001111100000000000000000000000000000000000000000000,1,0,879085.7142857127
19,4,TypeC,27100,000000000000011111100000000000000000000000011111000000000000011100000000001111110000000000000000000000000000000000000001111100000000000000000000000000000000000000000000,1,0,879085.7142857136
20,0,TypeA,52700,000011111111110000000000000000000000000000000000000000000000000000000001111111110000000000000000000000011111111000000000000000000000000000001111111100000000000111111111,1,0,3610628.571428571
21,1,TypeB,38400,000011111111000000000111111110000000000000000000000000000000000000000001111100000000000000000000000000011111110000000000000000000000000000000000000000000000011111111000,1,0,1676485.7142857127
22,2,TypeB,38400,000011111111000000000111111110000000000000000000000000000000000000000001111100000000000000000000000000011111110000000000000000000000000000000000000000000000011111111000,1,0,1676485.7142857146
23,3,TypeC,24100,000000000011100000000001111110000000000000000000000000000000000000000001111100000000000000000111000000000000000000000000000000000000000000000000000000000000011111000000,1,0,3094314.285714284
24,4,TypeC,24100,000000000011100000000001111110000000000000000000000000000000000000000001111100000000000000000111000000000000000000000000000000000000000000000000000000000000011111000000,1,0,3094314.285714285
25,0,TypeA,41500,000000000011111111000000000000000001111111100000000000000111111110000000000000000000000000000000000000000000000000000000000000011111111000000000000000111111110000000000,1,0,4188128.5714285728
26,1,TypeB,31600,000000000011110000000000000000000001111000000000000000000111111110000000000000000000000000000000000000000000000000000000000000011111000000000000111111100000000000000000,1,0,2245357.142857142
27,2,TypeB,31600,000000000011110000000000000000000001111000000000000000000111111110000000000000000000000000000000000000000000000000000000000000011111000000000000111111100000000000000000,1,0,2245357.1428571437
28,3,TypeC,24300,000000000011110000000000000000000001110000000000000000000000011110000000000000000000000000000000000111110000000000000000000000000000000000001111100000000000000000000000,1,0,3046857.142857142
29,4,TypeC,24300,000000000011110000000000000000000001110000000000000000000000011110000000000000000000000000000000000111110000000000000000000000000000000000001111100000000000000000000000,1,0,3046857.1428571427
30,0,TypeA,44700,000000111111110000000000000000000000111111110000000000000111111110000000000011111111110000000000000000000000000000000000000000000000000000000000000000000011111111000000,1,0,3302514.2857142854
31,1,TypeB,34200,000000111111110000000000111110000000000000000000000000000000011111111000000000011111111000000000000000000000000000000000000000000000000000000000000000000011110000000000,1,0,1588171.4285714272
32,2,TypeB,34200,000000111111110000000000111110000000000000000000000000000000011111111000000000011111111000000000000000000000000000000000000000000000000000000000000000000011110000000000,1,0,1588171.428571429
33,3,TypeC,25900,000000001111110000000000111110000000000000000000000000111100000000000000000000000000111000000000000000000000000000000000000000000000000000000000000000000011110000000000,1,0,2214399.999999999
34,4,TypeC,25900,000000001111110000000000111110000000000000000000000000111100000000000000000000000000111000000000000000000000000000000000000000000000000000000000000000000011110000000000,1,0,2214400.0
35,0,TypeA,48500,000000000000000011111111000000000000000000000000011111111100000000000000000000000000000000000111111110000000000000000000000000011111111000000000000000000000011111111000,1,0,6457485.714285715
36,1,TypeB,31400,000000000000000000111111000000000000000000000000000000111100000000000000000011110000000000000111111100000000000000000000000000011111111000000000000000000000000000000000,1,0,3170099.999999998
37,2,TypeB,31400,000000000000000000111111000000000000000000000000000000111100000000000000000011110000000000000111111100000000000000000000000000011111111000000000000000000000000000000000,1,0,3170100.0
38,3,TypeC,17900,000000000000000000000111000000000000000000000000000000000000000000000000000011110000000000000111000000000000000000000000000000000000111000000000000000000000000000001111,1,0,3004028.571428569
39,4,TypeC,17900,000000000000000000000111000000000000000000000000000000000000000000000000000011110000000000000111000000000000000000000000000000000000111000000000000000000000000000001111,1,0,3004028.57142857
40,0,TypeA,47700,000000000000111111111100000000000000000000000000000000000111111110000000000000000000111111111100000000000011111111000000000000000000000000000000000000111111111000000000,1,0,4178400.0
41,1,TypeB,36600,000000000000000000000000000000000000000000000000000000000111111110000000001111110000000000000111111100000000000000000000000000011111100000000000000000000111111000000000,1,0,1791128.571428569
42,2,TypeB,36600,000000000000000000000000000000000000000000000000000000000111111110000000001111110000000000000111111100000000000000000000000000011111100000000000000000000111111000000000,1,0,1791128.571428571
43,3,TypeC,30700,000000000000000000000000000000000000000000001111110000000000011110000000000000000000111000000000000000000011111100000000000000000000000000000000000000000111111000000000,1,0,1765471.4285714282
44,4,TypeC,30700,000000000000000000000000000000000000000000001111110000000000011110000000000000000000111000000000000000000011111100000000000000000000000000000000000000000111111000000000,1,0,1765471.428571429
45,0,TypeA,59300,000011111111110000000000000000000000000000000000000000000000000000000001111111111000000000000111111110000000000000011111111100000000000000000000111111111100000000000000,1,0,3633157.142857142
46,1,TypeB,45000,000000111111110000000000000000000000000000000000000000000000000000000000000000011111111000000000000000000000000000000111111100000000000000001111111100000000011111111000,1,0,1489385.7142857136
47,2,TypeB,45000,000000111111110000000000000000000000000000000000000000000000000000000000000000011111111000000000000000000000000000000111111100000000000000001111111100000000011111111000,1,0,1489385.7142857155
48,3,TypeC,27300,000000000011110000000000000000000000000000000000000000111100000000000000000011111000000000000000000000000000000000000001111100000000000000000000000000000111111000000000,1,0,1022128.57142857
49,4,TypeC,27300,000000000011110000000000000000000000000000000000000000111100000000000000000011111000000000000000000000000000000000000001111100000000000000000000000000000111111000000000,1,0,1022128.5714285709
50,0,TypeA,50300,000000000000000000000111111110000000000000111111110000000000011111111000000000000000000000000000000000011111111110000000000000000001111111111000000000000000000000000000,1,0,6284485.714285716
51,1,TypeB,39900,000000000000000000000111111110000000000000011111110000000000011111111000000000000000000000000000000000000000000000000000000000000001111110000000000111111100000000000000,1,0,1219928.571428571
52,2,TypeB,39900,000000000000000000000111111110000000000000011111110000000000011111111000000000000000000000000000000000000000000000000000000000000001111110000000000111111100000000000000,1,0,1219928.5714285728
53,3,TypeC,28000,000000000000000000000001111110000000000000011111000000000000011110000000000011110000000000000000000000000000000000000000000000000001111110000000000000000000000000000000,1,0,877285.7142857127
54,4,TypeC,28000,000000000000000000000001111110000000000000011111000000000000011110000000000011110000000000000000000000000000000000000000000000000001111110000000000000000000000000000000,1,0,877285.7142857136
55,0,TypeA,52600,000000000000111111111100000000000001111111110000000000000000000000001111111110000000000000000000000000011111111000000000001111111111000000000000000000000000000000000000,1,0,5620028.571428573
56,1,TypeB,34400,000000000000111100000000000000000001111100000000000000111111110000000000000000000000000000000000000000011111110000000000000000011111111000000000000000000000000000000000,1,0,-1.862645149230957e-09
57,2,TypeB,34400,000000000000111100000000000000000001111100000000000000111111110000000000000000000000000000000000000000011111110000000000000000011111111000000000000000000000000000000000,1,0,0.0
58,3,TypeC,26700,000000000000111100000000000000000001111100000000000000000000000000000001111110000000000000000111000000000000000000000000001111110000000000000000000000000000000000000000,1,0,1653557.1428571409
59,4,TypeC,26700,000000000000111100000000000000000001111100000000000000000000000000000001111110000000000000000111000000000000000000000000001111110000000000000000000000000000000000000000,1,0,1653557.1428571418
60,0,TypeA,54600,000011111111110000000000000000000000000000000000000000000000001111111111000000000000001111111111000000000000000011111111000000000001111111111000000000000000000000000000,1,0,3202500.0
61,1,TypeB,36200,000000000011111111000000000000000000000000000000000000000000001111111000000000011111111000000000000000000000000011111111000000000001111000000000000000000000000000000000,1,0,2459957.142857142
62,2,TypeB,36200,000000000011111111000000000000000000000000000000000000000000001111111000000000011111111000000000000000000000000011111111000000000001111000000000000000000000000000000000,1,0,2459957.1428571437
63,3,TypeC,22800,000000000000000000000000000000000000000000000000000000111100000000001111000000000000000000000111000000000000000011111100000000000001111000000000000000000000000000000000,1,0,2863457.142857142
64,4,TypeC,22800,000000000000000000000000000000000000000000000000000000111100000000001111000000000000000000000111000000000000000011111100000000000001111000000000000000000000000000000000,1,0,2863457.1428571427
65,0,TypeA,49700,000000000011111111100000000000000001111111110000000000000000001111111111000000000000111111111100000000000000000000000000000000000000000000000000000000000111111111000000,1,0,2388800.000000002
66,1,TypeB,36000,000000000000000001111111100000000001111100000000000000000000001111111000000000011111111000000000000111111110000000000000000000000000000000000000000000000000000000000000,1,0,3508585.7142857127
67,2,TypeB,36000,000000000000000001111111100000000001111100000000000000000000001111111000000000011111111000000000000111111110000000000000000000000000000000000000000000000000000000000000,1,0,3508585.7142857146
68,3,TypeC,29200,000000000000011111100000000000000001111100000000000000000000000000000000000000000000000000000111000000000000000000011111100000000000000000000000000000000111110000000000,1,0,2630528.571428569
69,4,TypeC,29200,000000000000011111100000000000000001111100000000000000000000000000000000000000000000000000000111000000000000000000011111100000000000000000000000000000000111110000000000,1,0,2630528.57142857
70,0,TypeA,50400,000000000011111111000000000000111111110000000000011111111100000000000001111111110000000000000111111110000000000000000000000000000000000000000000000000000000000000000000,1,0,3127542.857142858
71,1,TypeB,36000,000000000011111110000000000000001111110000000000000000111111110000000000000000011111111000000000000000011111110000000000000000000000000000000000000000000000000000000000,1,0,0.0
72,2,TypeB,36000,000000000011111110000000000000001111110000000000000000111111110000000000000000011111111000000000000000011111110000000000000000000000000000000000000000000000000000000000,1,0,1.862645149230957e-09
73,3,TypeC,26000,000000000011110000000000000000001111110000000000000000111100000000000000001111110000000000000111000000000000000000000000000000000000000000000000000000000000000000000000,1,0,1449857.1428571418
74,4,TypeC,26000,000000000011110000000000000000001111110000000000000000111100000000000000001111110000000000000111000000000000000000000000000000000000000000000000000000000000000000000000,1,0,1449857.1428571427
75,0,TypeA,53100,000011111111110000000000000000000000000000000000000000000000001111111111000000000000000000000000000000000000011111111100000000000000111111111000000000000001111111111000,1,0,3985771.428571429
76,1,TypeB,43800,000000000000111111100000000000000000000000000000000000000111111110000000000000000000000000000000000000000011111111000000000000011111111000000000000000111111110000000000,1,0,1638057.1428571418
77,2,TypeB,43800,000000000000111111100000000000000000000000000000000000000111111110000000000000000000000000000000000000000011111111000000000000011111111000000000000000111111110000000000,1,0,1638057.1428571437
78,3,TypeC,29000,000000000000011111100000000000000000000000000000000000111100000000000000000000000000000000000000000111110000000000000000001111110000000000000000000000000111110000000000,1,0,1646457.1428571418
79,4,TypeC,29000,000000000000011111100000000000000000000000000000000000111100000000000000000000000000000000000000000111110000000000000000001111110000000000000000000000000111110000000000,1,0,1646457.1428571427
80,0,TypeA,56100,000011111111110000000000000111111111000000000000000000111111111000000000000011111111110000000000000000000000000001111111111000000000000000000000000000000000000000000000,1,0,558942.8571428582
81,1,TypeB,41400,000000000000000000000111111110000000000000000000000000000111111110000000000000011111110000000000000111111110000000000000000000000000000000000000000000000000011111111000,1,0,1992499.9999999981
82,2,TypeB,41400,000000000000000000000111111110000000000000000000000000000111111110000000000000011111110000000000000111111110000000000000000000000000000000000000000000000000011111111000,1,0,1992500.0
83,3,TypeC,28800,000011100000000000000000000000000001111100000000000000000111111000000000000000000000000000000000000111110000000000000000000000000000000000000000000000000011111000000000,1,0,1142014.2857142845
84,4,TypeC,28800,000011100000000000000000000000000001111100000000000000000111111000000000000000000000000000000000000111110000000000000000000000000000000000000000000000000011111000000000,1,0,1142014.2857142854
85,0,TypeA,54800,000011111111110000000000000000000001111111110000000000000000000000001111111110000000000000000001111111110000000000000000000000000001111111111000000000000000000000000000,1,0,3553142.857142858
86,1,TypeB,39700,000000000000000000000111111110000000000000011111110000000000000000000001111110000000000000000000000000000000000001111111100000000000000000001111111100000000000000000000,1,0,4046957.142857142
87,2,TypeB,39700,000000000000000000000111111110000000000000011111110000000000000000000001111110000000000000000000000000000000000001111111100000000000000000001111111100000000000000000000,1,0,4046957.1428571437
88,3,TypeC,31000,000000000000000000111111000000000000000000000000000000000000000000000001111110000000000000000000000000000000000000011111100000000001111000000000000000000111111000000000,1,0,3678285.7142857136
89,4,TypeC,31000,000000000000000000111111000000000000000000000000000000000000000000000001111110000000000000000000000000000000000000011111100000000001111000000000000000000111111000000000,1,0,3678285.7142857146
90,0,TypeA,50600,000011111111110000000000000000000001111111110000000000000000000000000000000000000000111111111100000000000011111111110000000000011111111000000000000000000000000000000000,1,0,552671.4285714291
91,1,TypeB,42800,000000000011111111000000000000000000000000011111110000000000000000000000000000000000000000000000000000000000011111110000000000011111111000000000000000000000011111111000,1,0,606028.5714285709
92,2,TypeB,42800,000000000011111111000000000000000000000000011111110000000000000000000000000000000000000000000000000000000000011111110000000000011111111000000000000000000000011111111000,1,0,606028.5714285728
93,3,TypeC,25600,000000000011110000000000000000000001110000000000011111100000000000000000000000000000000000000000000000000000000000000000000000000011111000000000000000000000000000001111,1,0,1083885.7142857136
94,4,TypeC,25600,000000000011110000000000000000000001110000000000011111100000000000000000000000000000000000000000000000000000000000000000000000000011111000000000000000000000000000001111,1,0,1083885.7142857146
95,0,TypeA,54100,000000000000011111111100000000000001111111111000000000000000001111111111000000000000001111111111000000000000000000000000000000000001111111111000000000000000000000000000,1,0,3970071.428571431
96,1,TypeB,41400,000000000000000000000111111110000000000000000000000000000111111110000000000000011111111000000000000000011111110000000000000000011111111000000000000000000000000000000000,1,0,1414128.57142857
97,2,TypeB,41400,000000000000000000000111111110000000000000000000000000000111111110000000000000011111111000000000000000011111110000000000000000011111111000000000000000000000000000000000,1,0,1414128.5714285718
98,3,TypeC,31300,000000000000011111000000000000000001111100000000000000111100000000000000000000000000000000000000000000000000000000000000000000000111111000000000000000000011111000000000,1,0,1892957.1428571418
99,4,TypeC,31300,000000000000011111000000000000000001111100000000000000111100000000000000000000000000000000000000000000000000000000000000000000000111111000000000000000000011111000000000,1,0,1892957.1428571427
100,0,TypeA,54300,000011111111110000000000000000000011111111110000000000000000001111111111000000000000000000000000000000011111111110000000000000000000000000000000111111110000000000000000,1,0,4978971.428571429
101,1,TypeB,37200,000000000000000000000000000000000011110000000000000000000000000011111111000000000000000000000000000000000000011111110000000000000000000000000000111111100000000001111111,1,0,1490185.7142857136
102,2,TypeB,37200,000000000000000000000000000000000011110000000000000000000000000011111111000000000000000000000000000000000000011111110000000000000000000000000000111111100000000001111111,1,0,1490185.7142857155
103,3,TypeC,24700,000000000000000000000000000000000011110000000000000000000000000011111000000000000000000000000000000000000000011111000000000000000000000000000000111100000000000000001111,1,0,1207299.999999999
104,4,TypeC,24700,000000000000000000000000000000000011110000000000000000000000000011111000000000000000000000000000000000000000011111000000000000000000000000000000111100000000000000001111,1,0,1207300.0
105,0,TypeA,55800,000000000000000000000000111111111100000000000000000000111111110000000000000000000000001111111111000000000000000001111111111000000000000000000000000000001111111111000000,1,0,0.0
106,1,TypeB,39200,000000000000000000000000000000001111110000000000000000111111110000000000000000000000000000000000000000011111110000000000000000000001111110000000000000000011111111000000,1,0,611600.0
107,2,TypeB,39200,000000000000000000000000000000001111110000000000000000111111110000000000000000000000000000000000000000011111110000000000000000000001111110000000000000000011111111000000,1,0,611600.0000000019
108,3,TypeC,32500,000000000000000000000000000000001111110000000000011111100000000000000000000000000000000000000000000111110000000000000000000000000001111110000000000000000000011111000000,1,0,11700.0
109,4,TypeC,32500,000000000000000000000000000000001111110000000000011111100000000000000000000000000000000000000000000111110000000000000000000000000001111110000000000000000000011111000000,1,0,11700.000000000931
110,0,TypeA,52100,000011111111110000000000000011111111110000000000000000111111110000000000000000000000000000000000000000000011111111110000000000000000000000000000000000111111111000000000,1,0,662657.1428571455
111,1,TypeB,43800,000000000000000000000000000000000000000000000000000000111111110000000000000000011111111000000000000000000000011111110000000000000000000000001111111100000000011111111000,1,0,117814.28571428545
112,2,TypeB,43800,000000000000000000000000000000000000000000000000000000111111110000000000000000011111111000000000000000000000011111110000000000000000000000001111111100000000011111111000,1,0,117814.28571428731
113,3,TypeC,25500,000000000000011111100000000000000000000000011111000000000000000000000000000000000000000000000000000000000000000011110000000000000000000000001111100000000000000000001111,1,0,2850357.142857142
114,4,TypeC,25500,000000000000011111100000000000000000000000011111000000000000000000000000000000000000000000000000000000000000000011110000000000000000000000001111100000000000000000001111,1,0,2850357.1428571427
115,0,TypeA,53600,000000000000000000000000000000000000000000000001111111100000000000011111111000000000001111111111000000000000000001111111111000000000000000000000000000111111110000000000,1,0,3946642.857142858
116,1,TypeB,40400,000000000000000000000000000000000000000000000001111111100000000000001111111000000000001111111100000000011111110000000000000000000000000000000000000000111111110000000000,1,0,351342.85714285634
117,2,TypeB,40400,000000000000000000000000000000000000000000000001111111100000000000001111111000000000001111111100000000011111110000000000000000000000000000000000000000111111110000000000,1,0,351342.8571428582
118,3,TypeC,27100,000000000000000000000001111100000000000000000000000000000000000000001111000000000000000000000000000000011110000000000111111000000000000000000000000000001111110000000000,1,0,3521614.285714285
119,4,TypeC,27100,000000000000000000000001111100000000000000000000000000000000000000001111000000000000000000000000000000011110000000000111111000000000000000000000000000001111110000000000,1,0,3521614.285714286
120,0,TypeA,55100,000011111111110000000000000000000001111111111000000000000000001111111111000000000000111111111100000000000000000000000000000000000001111111111000000000000000000000000000,1,0,1552442.85714286
121,1,TypeB,41500,000011111110000000000000000000000000000000000000000000000000000000001111111100000000000000000000000000000000000001111111100000000001111110000000000000111111110000000000,1,0,1005600.0
122,2,TypeB,41500,000011111110000000000000000000000000000000000000000000000000000000001111111100000000000000000000000000000000000001111111100000000001111110000000000000111111110000000000,1,0,1005600.0000000019
123,3,TypeC,30000,000000000000011111100000000000000000000000001111110000000000000000000000000111110000000000000000000000000000000000000000000000000001111110000000000000000000000000001111,1,0,878785.7142857127
124,4,TypeC,30000,000000000000011111100000000000000000000000001111110000000000000000000000000111110000000000000000000000000000000000000000000000000001111110000000000000000000000000001111,1,0,878785.7142857136
125,0,TypeA,58400,000000000000000000111111111100000000000000000000000000000000001111111111000000000000001111111111000000000000000000000000001111111111000000000000000000000001111111111000,1,0,3770171.428571429
126,1,TypeB,39400,000000000000000000000111111100000000000000000000000000000000011111111000000000000000000000000111111100000000011111110000000000000000000000000000000000000011111111000000,1,0,1207399.9999999981
127,2,TypeB,39400,000000000000000000000111111100000000000000000000000000000000011111111000000000000000000000000111111100000000011111110000000000000000000000000000000000000011111111000000,1,0,1207400.0
128,3,TypeC,27200,000000000000000000000000000000000111110000000000000000000000011110000000000111110000000000000000000000000000000000000000111100000000000000000000000000000011111000000000,1,0,754342.8571428563
129,4,TypeC,27200,000000000000000000000000000000000111110000000000000000000000011110000000000111110000000000000000000000000000000000000000111100000000000000000000000000000011111000000000,1,0,754342.8571428573
130,0,TypeA,53700,000011111111110000000000000000000001111111110000000000000000001111111111000000000000001111111111000000000000000000000000000000000000000000000000000000111111111000000000,1,0,2597300.0
131,1,TypeB,40400,000000000000000000111111100000000000011111110000000000000000000011111111000000000000000000000000000111111110000000000000000000000000000000000000000000111111110000000000,1,0,3288385.7142857146
132,2,TypeB,40400,000000000000000000111111100000000000011111110000000000000000000011111111000000000000000000000000000111111110000000000000000000000000000000000000000000111111110000000000,1,0,3288385.7142857164
133,3,TypeC,27000,000000000000000000000111100000000000000000011111000000000000011110000000000000000000000000000000000000000000000000000001111100000000000000000000000000000111111000000000,1,0,2251457.1428571427
134,4,TypeC,27000,000000000000000000000111100000000000000000011111000000000000011110000000000000000000000000000000000000000000000000000001111100000000000000000000000000000111111000000000,1,0,2251457.1428571437
135,0,TypeA,55000,000000000000011111111100000000000000000000000001111111100000000000001111111110000000000000000000000000000011111111110000000000000000000000000000111111111100000000000000,1,0,5167671.42857143
136,1,TypeB,40100,000000000011111111000000000000000111111100000000000000000000011111111000000000000000000000000000000111111110000000000000000000000000000000000000000000001111111000000000,1,0,49528.5714285709
137,2,TypeB,40100,000000000011111111000000000000000111111100000000000000000000011111111000000000000000000000000000000111111110000000000000000000000000000000000000000000001111111000000000,1,0,49528.57142857276
138,3,TypeC,33100,000000000000011111100000000000000000000000000000000000000000000000000001111110000000000000000000000000011110000000000000000000000001111110000000000000001111110000000000,1,0,2167671.4285714272
139,4,TypeC,33100,000000000000011111100000000000000000000000000000000000000000000000000001111110000000000000000000000000011110000000000000000000000001111110000000000000001111110000000000,1,0,2167671.428571428
140,0,TypeA,55600,000000000000000000000000000000000001111111111000000000000000000000001111111110000000000000000001111111110000000000011111111100000000000000000000000000111111111000000000,1,0,5262357.1428571455
141,1,TypeB,42600,000000000000000000000000000000000000011111111000000000000000011111111000000000000000000000000000000111111110000000000111111100000000000000000000000000111111110000000000,1,0,779271.4285714291
142,2,TypeB,42600,000000000000000000000000000000000000011111111000000000000000011111111000000000000000000000000000000111111110000000000111111100000000000000000000000000111111110000000000,1,0,779271.428571431
143,3,TypeC,22900,000000000000000000000001111100000000000000011111000000000000000000000000000000000000111000000000000000000000000001111100000000000000000000000000000000000000000000001111,1,0,1848257.1428571418
144,4,TypeC,22900,000000000000000000000001111100000000000000011111000000000000000000000000000000000000111000000000000000000000000001111100000000000000000000000000000000000000000000001111,1,0,1848257.1428571427
145,0,TypeA,56500,000000000000000000111111111100000000000000000001111111100000000000000000000000000000000000000001111111110000000000000000000111111111100000000000000000111111111000000000,1,0,5327742.857142858
146,1,TypeB,42800,000011111110000000000111111100000000000000000001111111100000000000000000000000000000000000000000000000000000000000000000000000000111111110000000000000111111110000000000,1,0,774871.4285714291
147,2,TypeB,42800,000011111110000000000111111100000000000000000001111111100000000000000000000000000000000000000000000000000000000000000000000000000111111110000000000000111111110000000000,1,0,774871.428571431
148,3,TypeC,30600,000001111110000000000001111100000000000000001111110000000000000000000000000000000000000000000000000000000000000000000000000000000111100000000000000000000111111000000000,1,0,1424428.571428571
149,4,TypeC,30600,000001111110000000000001111100000000000000001111110000000000000000000000000000000000000000000000000000000000000000000000000000000111100000000000000000000111111000000000,1,0,1424428.5714285718
150,0,TypeA,50300,000011111111110000000000000000000000000000000001111111100000000000000000000000011111111000000000000000000000011111111100000000000000000000000000000000111111111000000000,1,0,4452857.142857144
151,1,TypeB,35800,000000000000011111100000000000000000000000000001111111100000000000000000000000011111110000000000000000011111110000000000000000000000000000000000000000000111111000000000,1,0,2764571.4285714272
152,2,TypeB,35800,000000000000011111100000000000000000000000000001111111100000000000000000000000011111110000000000000000011111110000000000000000000000000000000000000000000111111000000000,1,0,2764571.428571429
153,3,TypeC,33400,000000000000011111100000000000000000000000011111000000000000000000000000000000011111100000000000000000000000011111000000000000000000000000000000000000000111111000000000,1,0,2542242.8571428563
154,4,TypeC,33400,000000000000011111100000000000000000000000011111000000000000000000000000000000011111100000000000000000000000011111000000000000000000000000000000000000000111111000000000,1,0,2542242.8571428573
155,0,TypeA,57300,000011111111110000000000000011111111110000000000000000111111111000000000000000000000000000000001111111110000000000000000000000000000000000000000111111111100000000000000,1,0,0.0
156,1,TypeB,37600,000000000000011111100000000000001111111100000000000000000000011111111000000000000000000000000000000000000000000000000000000000000000000000000000111100000000011111111000,1,0,452928.57142856903
157,2,TypeB,37600,000000000000011111100000000000001111111100000000000000000000011111111000000000000000000000000000000000000000000000000000000000000000000000000000111100000000011111111000,1,0,452928.5714285709
158,3,TypeC,27900,000000000000011111100000000000001111110000000000000000000000011110000000000000000000000000000000000000000000000000000000000000000000000000000000111100000000000000001111,1,0,1059557.1428571418
159,4,TypeC,27900,000000000000011111100000000000001111110000000000000000000000011110000000000000000000000000000000000000000000000000000000000000000000000000000000111100000000000000001111,1,0,1059557.1428571427
160,0,TypeA,56600,000011111111110000000000000000000001111111111000000000000000001111111111000000000000000000000000000000000011111111110000000000000000000000000000111111111100000000000000,1,0,3309014.2857142873
161,1,TypeB,39400,000000000000000000000001111110000000000000000001111111100000000000001111111000000000000000000000000000000011111111000000000000000000000000000000000000000000011111111000,1,0,1952942.8571428563
162,2,TypeB,39400,000000000000000000000001111110000000000000000001111111100000000000001111111000000000000000000000000000000011111111000000000000000000000000000000000000000000011111111000,1,0,1952942.8571428582
163,3,TypeC,35600,000000000000000000000001111110000000000000000000000000000111111000000000000000000000000000000000000000000000011111000000000000000001111110000000000000000111111000000000,1,0,-9.313225746154785e-10
164,4,TypeC,35600,000000000000000000000001111110000000000000000000000000000111111000000000000000000000000000000000000000000000011111000000000000000001111110000000000000000111111000000000,1,0,0.0
165,0,TypeA,54600,000011111111110000000000000000000000000000000001111111100000000000000000000000000000000000000111111110000000000011111111100000000000000000000000000000000000001111111111,1,0,3731842.857142858
166,1,TypeB,40300,000000000000000000000111111110000000000000000001111111100000000000000000000000000000000000000111111100000000000000000111111000000000000000000000000000011111111000000000,1,0,3194199.999999999
167,2,TypeB,40300,000000000000000000000111111110000000000000000001111111100000000000000000000000000000000000000111111100000000000000000111111000000000000000000000000000011111111000000000,1,0,3194200.000000001
168,3,TypeC,31000,000000000000011111100000000000000000000000011111000000000000000000000000000000000000000000000001111100000000000000000111111000000000000000000000000000000111111000000000,1,0,2254957.142857142
169,4,TypeC,31000,000000000000011111100000000000000000000000011111000000000000000000000000000000000000000000000001111100000000000000000111111000000000000000000000000000000111111000000000,1,0,2254957.1428571427
170,0,TypeA,54100,000011111111110000000000000000000000000000000001111111100000000000001111111110000000000000000000000000011111111110000000000000000000000000000000000000111111111000000000,1,0,4951142.857142858
171,1,TypeB,39000,000000000000000000000111111110000000000000000001111111100000000000001111111100000000000000000111111100000000000011111111000000000000000000000000000000000000000000000000,1,0,2150042.8571428563
172,2,TypeB,39000,000000000000000000000111111110000000000000000001111111100000000000001111111100000000000000000111111100000000000011111111000000000000000000000000000000000000000000000000,1,0,2150042.857142858
173,3,TypeC,31700,000000000011110000000000000000000001111100000000000000000000000000000001111110000000000000000000000000000000011111000000000000000000000000000000000000000111111000000000,1,0,1295885.7142857127
174,4,TypeC,31700,000000000011110000000000000000000001111100000000000000000000000000000001111110000000000000000000000000000000011111000000000000000000000000000000000000000111111000000000,1,0,1295885.7142857136
175,0,TypeA,52700,000011111111110000000000000000000000000000000001111111100000000000000000000000000000000000000000000000000011111111110000000000011111111110000000000000111111111000000000,1,0,3013628.5714285728
176,1,TypeB,43500,000000000000000000000111111110000000000000000001111111100000000000000000000000000000000000000000000000000011111111000000000000000000001111111000000000000000011111111000,1,0,3087285.7142857146
177,2,TypeB,43500,000000000000000000000111111110000000000000000001111111100000000000000000000000000000000000000000000000000011111111000000000000000000001111111000000000000000011111111000,1,0,3087285.7142857164
178,3,TypeC,24600,000000000000000000000000000000000000000000011111000000000000000000000000000000000000111000000000000000000000000000000000111100000000001110000000000000000111111000000000,1,0,1735542.8571428573
179,4,TypeC,24600,000000000000000000000000000000000000000000011111000000000000000000000000000000000000111000000000000000000000000000000000111100000000001110000000000000000111111000000000,1,0,1735542.8571428582
180,0,TypeA,55300,000011111111110000000000000000000001111111111000000000000000000000000000000000000000111111111100000000000000000000011111111100000000000000000000000000000001111111111000,1,0,1606700.0000000019
181,1,TypeB,37600,000000000000111111100000000000000000000000000001111111100000000000000000000000000000111100000000000000000000000000000111111100000000000000000000000000000011111111000000,1,0,1751942.8571428563
182,2,TypeB,37600,000000000000111111100000000000000000000000000001111111100000000000000000000000000000111100000000000000000000000000000111111100000000000000000000000000000011111111000000,1,0,1751942.8571428582
183,3,TypeC,27800,000000000000011111100000000000000001110000000000000000000000000000000000000000000000111000000000000000000000000000000001111100000000000000000000000000000111111000000000,1,0,1252757.1428571418
184,4,TypeC,27800,000000000000011111100000000000000001110000000000000000000000000000000000000000000000111000000000000000000000000000000001111100000000000000000000000000000111111000000000,1,0,1252757.1428571427
185,0,TypeA,51800,000011111111110000000000000000000000000000111111110000000000000011111111000000000000000000000000000000000000000000011111111100000000000000000000000000000111111111000000,1,0,4913814.285714287
186,1,TypeB,42600,000000000000000000000111111110000000000000000001111111100000000011111111000000000000000000000000000000000000000000000111111100000000000000000000000000000011111111000000,1,0,2113685.7142857136
187,2,TypeB,42600,000000000000000000000111111110000000000000000001111111100000000011111111000000000000000000000000000000000000000000000111111100000000000000000000000000000011111111000000,1,0,2113685.7142857155
188,3,TypeC,30200,000000000011110000000000000111111000000000001111110000000000011110000000000000000000000000000000000000000000000000000000000000000000000000000000000000000111111000000000,1,0,995799.9999999991
189,4,TypeC,30200,000000000011110000000000000111111000000000001111110000000000011110000000000000000000000000000000000000000000000000000000000000000000000000000000000000000111111000000000,1,0,995800.0
190,0,TypeA,52300,000000000000111111111100000000000000000000111111110000000000000000000000000000000000000000000001111111110000000000000000000000000001111111111000000000000111111111000000,1,0,6351171.428571431
191,1,TypeB,41800,000000000000000000000111111100000000000000011111110000000000000000000000000000000000000000000000000000011111110000000000000000000000000000001111111100000000011111111000,1,0,3475185.7142857136
192,2,TypeB,41800,000000000000000000000111111100000000000000011111110000000000000000000000000000000000000000000000000000011111110000000000000000000000000000001111111100000000011111111000,1,0,3475185.7142857155
193,3,TypeC,28500,000000000000111111000000000000000000000000011111000000000000000000000000000000000000000000000111000000000000000000000000000000000001111000000000000000000111111000000000,1,0,2385099.999999998
194,4,TypeC,28500,000000000000111111000000000000000000000000011111000000000000000000000000000000000000000000000111000000000000000000000000000000000001111000000000000000000111111000000000,1,0,2385099.999999999
195,0,TypeA,51300,000000000011111111100000000000000000000000000000000000111111111000000000000000000000000000000001111111110000000000011111111100000000000000000000000000000111111111000000,1,0,3328942.857142858
196,1,TypeB,40600,000000000000000000111111100000000000000000000000000000000111111110000000000000000000000000000111111100000000000000000111111100000000000000000000000000000000011111111000,1,0,2416328.571428571
197,2,TypeB,40600,000000000000000000111111100000000000000000000000000000000111111110000000000000000000000000000111111100000000000000000111111100000000000000000000000000000000011111111000,1,0,2416328.5714285728
198,3,TypeC,31400,000000000000011111100000000000000000000000000000000000000111111000000000000000000000000000000001111100000000000000000000000000000001111000000000000000000000011111000000,1,0,1024228.57142857
199,4,TypeC,31400,000000000000011111100000000000000000000000000000000000000111111000000000000000000000000000000001111100000000000000000000000000000001111000000000000000000000011111000000,1,0,1024228.5714285709
200,0,TypeA,53000,000011111111110000000000000000000000000000000000000000000000000011111111000000000000000000000001111111110000000000011111111100000000000000000000000000011111111000000000,1,0,4491185.714285716
201,1,TypeB,42500,000000000000000000000000000000000000000000000001111111100000000011111111000000000000000000000111111100000000000000000000000000000000001111111000000000011111111000000000,1,0,2549442.8571428563
202,2,TypeB,42500,000000000000000000000000000000000000000000000001111111100000000011111111000000000000000000000111111100000000000000000000000000000000001111111000000000011111111000000000,1,0,2549442.857142858
203,3,TypeC,24400,000000000011110000000000000000000011110000000000000000000000000000000000000000000000000000000001111100000000000000000000000000000000000000000000000111110000000000001111,1,0,2046957.1428571418
204,4,TypeC,24400,000000000011110000000000000000000011110000000000000000000000000000000000000000000000000000000001111100000000000000000000000000000000000000000000000111110000000000001111,1,0,2046957.1428571427
205,0,TypeA,54200,000011111111110000000000000011111111110000000000000000000000000000000000000000000000000000000111111110000000000000000000000111111111100000000000000000000111111111000000,1,0,1780500.0
206,1,TypeB,41500,000011111110000000000000000000000000000000000001111111100000000000000000000000000000000000000111111100000000000000000000000000000000000000001111111100000000000001111111,1,0,-1.862645149230957e-09
207,2,TypeB,41500,000011111110000000000000000000000000000000000001111111100000000000000000000000000000000000000111111100000000000000000000000000000000000000001111111100000000000001111111,1,0,0.0
208,3,TypeC,25600,000000000011110000000000000000000000000000011111000000000000000000000000000000000000000000000001111100000000000000000000000000000001110000000000000000000111110000000000,1,0,1956571.4285714272
209,4,TypeC,25600,000000000011110000000000000000000000000000011111000000000000000000000000000000000000000000000001111100000000000000000000000000000001110000000000000000000111110000000000,1,0,1956571.4285714282
210,0,TypeA,50500,000011111111110000000000000000000000000000000000000000111111111000000000000000000000000000000000000000000000011111111100000000000001111111111000000000000000011111111000,1,0,2422528.5714285746
211,1,TypeB,42800,000000000000111111100000000000000000000000000001111111100000000000000000000000000000000000000000000000011111110000000000000000000000000000001111111100000000011111111000,1,0,2512414.2857142845
212,2,TypeB,42800,000000000000111111100000000000000000000000000001111111100000000000000000000000000000000000000000000000011111110000000000000000000000000000001111111100000000011111111000,1,0,2512414.2857142864
213,3,TypeC,29000,000000000000000000000000000000000001110000000000000000111100000000000000000000000000000000000000000000000011110000000000000000000001111110000000000000000111111000000000,1,0,1286985.7142857136
214,4,TypeC,29000,000000000000000000000000000000000001110000000000000000111100000000000000000000000000000000000000000000000011110000000000000000000001111110000000000000000111111000000000,1,0,1286985.7142857146
215,0,TypeA,57900,000011111111110000000000000011111111110000000000000000000000001111111111000000000000000000000001111111110000000000011111111100000000000000000000000000000000000000000000,1,0,1827100.0000000019
216,1,TypeB,42400,000000000000000000000111111110000000000000000001111111100000000000000000000000011111111000000000000111111110000000000000000000000000000000001111111100000000000000000000,1,0,2862257.142857142
217,2,TypeB,42400,000000000000000000000111111110000000000000000001111111100000000000000000000000011111111000000000000111111110000000000000000000000000000000001111111100000000000000000000,1,0,2862257.1428571437
218,3,TypeC,29500,000000000011110000000000000000001111110000000000000000000111111000000000000000000000000000000000000111110000000000000000000000000000000000000000000000000000000000001111,1,0,0.0
219,4,TypeC,29500,000000000011110000000000000000001111110000000000000000000111111000000000000000000000000000000000000111110000000000000000000000000000000000000000000000000000000000001111,1,0,9.313225746154785e-10
220,0,TypeA,53400,000011111111110000000000000000000001111111111000000000000000000000000000000000000000000000000001111111110000000000000000000000000001111111111000000000000111111111000000,1,0,3528742.857142858
221,1,TypeB,44800,000000000000000000000000000000000000011111111000000000000111111110000000000000011111111000000000000000000000000000000000000000011111111000000000000000111111110000000000,1,0,385900.0
222,2,TypeB,44800,000000000000000000000000000000000000011111111000000000000111111110000000000000011111111000000000000000000000000000000000000000011111111000000000000000111111110000000000,1,0,385900.00000000186
223,3,TypeC,30000,000000000011110000000000000000000001111100000000000000111100000000000000000000000000000000000000000000000000000000000000000000000001111110000000000000000000011111000000,1,0,1331814.2857142845
224,4,TypeC,30000,000000000011110000000000000000000001111100000000000000111100000000000000000000000000000000000000000000000000000000000000000000000001111110000000000000000000011111000000,1,0,1331814.2857142854
225,0,TypeA,54700,000011111111110000000000000000000000000000000000000000000000000000001111111110000000000000000111111110000000000000000000001111111111000000000000000000000111111111000000,1,0,3896814.2857142854
226,1,TypeB,42500,000000000000000000000000000000000000000000000001111111100000000011111111000000000000000000000111111100000000000000000000000000011111111000000000000000000000000001111111,1,0,-1.862645149230957e-09
227,2,TypeB,42500,000000000000000000000000000000000000000000000001111111100000000011111111000000000000000000000111111100000000000000000000000000011111111000000000000000000000000001111111,1,0,0.0
228,3,TypeC,29900,000000000011110000000000000000000111110000000000000000000000000000000000000000000000111000000000000000000000000000000000000000000001111110000000000000000111110000000000,1,0,654157.1428571427
229,4,TypeC,29900,000000000011110000000000000000000111110000000000000000000000000000000000000000000000111000000000000000000000000000000000000000000001111110000000000000000111110000000000,1,0,654157.1428571437
230,0,TypeA,52500,000000000000000000111111111100000000000000111111110000000000000011111111000000000000000000000000000000011111111100000000000000000001111111111000000000000000000000000000,1,0,7286685.714285716
231,1,TypeB,40400,000000000000000000111111100000000000000000000001111111100000000011111111000000000000000000000000000000011111110000000000000000000000000000001111111100000000000000000000,1,0,3441928.571428571
232,2,TypeB,40400,000000000000000000111111100000000000000000000001111111100000000011111111000000000000000000000000000000011111110000000000000000000000000000001111111100000000000000000000,1,0,3441928.5714285728
233,3,TypeC,30100,000000000000000000111100000000001111110000000000000000000000000000000000000000000000000000000111000000000000000000000000000000000111111000000000000000000111111000000000,1,0,2593999.999999999
234,4,TypeC,30100,000000000000000000111100000000001111110000000000000000000000000000000000000000000000000000000111000000000000000000000000000000000111111000000000000000000111111000000000,1,0,2594000.0
235,0,TypeA,55200,000011111111110000000000000000000000000000000000000000111111111000000000000000000000000000000001111111110000000000011111111100000000000000001111111100000000000000000000,1,0,3005600.0
236,1,TypeB,40600,000000000000000000000000000000000000011111110000000000111111110000000000000000000000000000000111111100000000000000000111111100000000000000001111111100000000000000000000,1,0,-1.862645149230957e-09
237,2,TypeB,40600,000000000000000000000000000000000000011111110000000000111111110000000000000000000000000000000111111100000000000000000111111100000000000000001111111100000000000000000000,1,0,0.0
238,3,TypeC,26500,000000000011110000000000000000000000000000000000000000000111111000000000000000000000000000000111000000000000000000000000111100000000000000000000000000000111110000000000,1,0,812628.57142857
239,4,TypeC,26500,000000000011110000000000000000000000000000000000000000000111111000000000000000000000000000000111000000000000000000000000111100000000000000000000000000000111110000000000,1,0,812628.5714285709
240,0,TypeA,52700,000011111111110000000000000000000000011111111000000000000000000000000001111111110000000000000000000000000011111111110000000000000001111111111000000000000000000000000000,1,0,2731242.857142858
241,1,TypeB,41400,000000000000000000000000000000000000011111111000000000111111110000000000000000011111111000000000000000011111110000000000000000000000000000000000000000000000011111111000,1,0,0.0
242,2,TypeB,41400,000000000000000000000000000000000000011111111000000000111111110000000000000000011111111000000000000000011111110000000000000000000000000000000000000000000000011111111000,1,0,1.862645149230957e-09
243,3,TypeC,28800,000000000011110000000000000000000000000000011111000000000000000000000000000000000000000000000111000000000000000000000000000000000001111110000000000000000111111000000000,1,0,2068585.7142857127
244,4,TypeC,28800,000000000011110000000000000000000000000000011111000000000000000000000000000000000000000000000111000000000000000000000000000000000001111110000000000000000111111000000000,1,0,2068585.7142857136
245,0,TypeA,54700,000011111111110000000000000000000000000000000000011111111100000000000000000000000000000000000111111110000000000001111111111000000000000000000000000000000111111111000000,1,0,4219528.571428571
246,1,TypeB,44700,000000000000000000000000000000000000000000000000000000000111111110000000000000000000000000000111111100000000000000011111111000000000000000001111111100000000011111111000,1,0,2420428.571428571
247,2,TypeB,44700,000000000000000000000000000000000000000000000000000000000111111110000000000000000000000000000111111100000000000000011111111000000000000000001111111100000000011111111000,1,0,2420428.5714285728
248,3,TypeC,30400,000000000000000000000000000000000000000000001111110000000000000000000000000000011111100000000000000000000000000000000111111000000000000000001111100000000000011111000000,1,0,4544842.857142856
249,4,TypeC,30400,000000000000000000000000000000000000000000001111110000000000000000000000000000011111100000000000000000000000000000000111111000000000000000001111100000000000011111000000,1,0,4544842.857142857
250,0,TypeA,53100,000011111111110000000000000000000000000000000000000000000000000000001111111110000000000000000000000000000011111111110000000000000001111111111000000000000111111111000000,1,0,3912914.2857142873
251,1,TypeB,42800,000000000011111111000000000000000000000000000000000000000000000000001111111000000000000000000111111100000000000000000000000000000000000000001111111100000000011111111000,1,0,1739142.8571428554
252,2,TypeB,42800,000000000011111111000000000000000000000000000000000000000000000000001111111000000000000000000111111100000000000000000000000000000000000000001111111100000000011111111000,1,0,1739142.8571428573
253,3,TypeC,35300,000000000011111100000000000000001111110000000000000000000000000000000000000000011111100000000000000000000000000001111100000000000000000000000000000000000111111000000000,1,0,947642.8571428563
254,4,TypeC,35300,000000000011111100000000000000001111110000000000000000000000000000000000000000011111100000000000000000000000000001111100000000000000000000000000000000000111111000000000,1,0,947642.8571428573
255,0,TypeA,55300,000001111111110000000000000000000000000000000000011111111100000000000000000000000000000000000001111111110000000000000000001111111111000000000000000000111111111000000000,1,0,3985100.0
256,1,TypeB,41400,000000001111111100000000000000000000000000000001111111100000000011111111000000000000000000000111111100000000000000000000000000000000000000000000000000111111110000000000,1,0,720414.2857142854
257,2,TypeB,41400,000000001111111100000000000000000000000000000001111111100000000011111111000000000000000000000111111100000000000000000000000000000000000000000000000000111111110000000000,1,0,720414.2857142873
258,3,TypeC,28500,000000001111110000000000000000000000000000000000000000000000000000000000000000000000000000000111000000000000011111000000000000000001111110000000000000000000000000001111,1,0,1622228.571428569
259,4,TypeC,28500,000000001111110000000000000000000000000000000000000000000000000000000000000000000000000000000111000000000000011111000000000000000001111110000000000000000000000000001111,1,0,1622228.57142857
260,0,TypeA,55200,000011111111110000000000000000000000000000000001111111100000000000000001111111110000000000000000000000000000000000011111111100000000000000000000000000111111111000000000,1,0,3710314.2857142873
261,1,TypeB,37400,000000000000000000000000000000000011110000000001111111100000000011111111000000000000000000000000000000011111110000000000000000000000000000000000000000111111110000000000,1,0,2348342.8571428563
262,2,TypeB,37400,000000000000000000000000000000000011110000000001111111100000000011111111000000000000000000000000000000011111110000000000000000000000000000000000000000111111110000000000,1,0,2348342.857142858
263,3,TypeC,29600,000000000000000000000000000000000000000000001111110000000000000000000000000000000000000000000111000000000000000001111100000000000001111110000000000000000111111000000000,1,0,1873185.7142857136
264,4,TypeC,29600,000000000000000000000000000000000000000000001111110000000000000000000000000000000000000000000111000000000000000001111100000000000001111110000000000000000111111000000000,1,0,1873185.7142857146
265,0,TypeA,52900,000000000000000000111111111100000000000000000000000000000000000011111111000000000000111111111100000000000000011111111100000000000000000000000000000000111111111000000000,1,0,3798200.000000002
266,1,TypeB,41700,000000000000000000000000000000000000011111111000000000000000000011111111000000000000000000000111111100000000000001111111100000000000000000000000000000111111110000000000,1,0,1909714.2857142854
267,2,TypeB,41700,000000000000000000000000000000000000011111111000000000000000000011111111000000000000000000000111111100000000000001111111100000000000000000000000000000111111110000000000,1,0,1909714.2857142873
268,3,TypeC,30500,000000000000011111100000000000001111110000000000000000111100000000000000000000000000000000000000000111110000000000000000000000000000000000000000000000000011111000000000,1,0,1765742.8571428563
269,4,TypeC,30500,000000000000011111100000000000001111110000000000000000111100000000000000000000000000000000000000000111110000000000000000000000000000000000000000000000000011111000000000,1,0,1765742.8571428573
270,0,TypeA,52300,000011111111110000000000000000000000000000000000000000000000000011111111000000000000000000000000000000011111111100000000000111111111100000000000000000111111111000000000,1,0,4760071.428571429
271,1,TypeB,42800,000000000011111110000000000000000000000000000000000000000000000011111111000000000000000000000000000000011111110000000000001111111100000000001111111100000000000000000000,1,0,1451257.1428571418
272,2,TypeB,42800,000000000011111110000000000000000000000000000000000000000000000011111111000000000000000000000000000000011111110000000000001111111100000000001111111100000000000000000000,1,0,1451257.1428571437
273,3,TypeC,28800,000000000011110000000000111100000000000000000000000000000000000000000000000000000000000000000000000000011110000000000000000000011111100000000000000000000111111000000000,1,0,2720042.8571428554
274,4,TypeC,28800,000000000011110000000000111100000000000000000000000000000000000000000000000000000000000000000000000000011110000000000000000000011111100000000000000000000111111000000000,1,0,2720042.8571428563
275,0,TypeA,51200,000011111111110000000000000000000000000000000000000000000000000011111111000000000000000000000000000000011111111110000000000000000001111111111000000000000111111111000000,1,0,4823828.571428573
276,1,TypeB,43800,000000000011111111000000000000000000000000000000000000000000000011111111000000000000000000000000000000011111110000000000000000000000000000001111111100000000011111111000,1,0,2030628.57142857
277,2,TypeB,43800,000000000011111111000000000000000000000000000000000000000000000011111111000000000000000000000000000000011111110000000000000000000000000000001111111100000000011111111000,1,0,2030628.5714285718
278,3,TypeC,28200,000000000011110000000000000000001111110000000000000000000000000000000000000000000000000000000111000000000000000011111100000000000000000000000000000000000000011111000000,1,0,2303714.2857142845
279,4,TypeC,28200,000000000011110000000000000000001111110000000000000000000000000000000000000000000000000000000111000000000000000011111100000000000000000000000000000000000000011111000000,1,0,2303714.2857142854
280,0,TypeA,54900,000011111111110000000000000000000000000000000000011111111100000000000000000000000000001111111111000000000000011111111100000000000001111111111000000000000000000000000000,1,0,1882285.7142857164
281,1,TypeB,41400,000000000000000000000111111110000000000000000001111111100000000011111111000000000000000000000000000000000000011111110000000000000111111110000000000000000000000000000000,1,0,1016600.0
282,2,TypeB,41400,000000000000000000000111111110000000000000000001111111100000000011111111000000000000000000000000000000000000011111110000000000000111111110000000000000000000000000000000,1,0,1016600.0000000019
283,3,TypeC,35600,000000000000011111100000000000001111110000000000000000000000000011111000000000000000000000000000000000000000000000000000000000000111111000000000000000000111111000000000,1,0,332914.28571428545
284,4,TypeC,35600,000000000000011111100000000000001111110000000000000000000000000011111000000000000000000000000000000000000000000000000000000000000111111000000000000000000111111000000000,1,0,332914.2857142864
285,0,TypeA,50200,000011111111110000000000000000000001111111110000000000000111111110000000000011111111110000000000000000000000011111111100000000000000000000000000000000000000000000000000,1,0,1759971.428571429
286,1,TypeB,40400,000000000000000000000000000000000000000000000001111111100000000011111111000000000000000000000111111100000000011111110000000000000000000000000000000000011111111000000000,1,0,1060857.1428571418
287,2,TypeB,40400,000000000000000000000000000000000000000000000001111111100000000011111111000000000000000000000111111100000000011111110000000000000000000000000000000000011111111000000000,1,0,1060857.1428571437
288,3,TypeC,38100,000000000000011111100000000000001111110000000000000000000000000000000000000000000000000000000000000000000011111100000000000000000001111110000000000000000111111000000000,1,0,465657.1428571427
289,4,TypeC,38100,000000000000011111100000000000001111110000000000000000000000000000000000000000000000000000000000000000000011111100000000000000000001111110000000000000000111111000000000,1,0,465657.14285714366
290,0,TypeA,56000,000011111111110000000000000000000000000000000000000000000111111110000000000000000000000000000001111111110000000000000000001111111111000000000000111111111100000000000000,1,0,2569000.0
291,1,TypeB,42700,000000000000000000000000000000000000000000000000000000000111111110000000000000000000000000000111111100000000000000000111111100000000000000001111111100000000000001111111,1,0,993599.9999999981
292,2,TypeB,42700,000000000000000000000000000000000000000000000000000000000111111110000000000000000000000000000111111100000000000000000111111100000000000000001111111100000000000001111111,1,0,993600.0
293,3,TypeC,32100,000000000000011111100000000000001111110000000000000000000000000000000000000000000000000000000000000000000000011111000000000000000000000000001111100000000000011111000000,1,0,2488585.7142857136
294,4,TypeC,32100,000000000000011111100000000000001111110000000000000000000000000000000000000000000000000000000000000000000000011111000000000000000000000000001111100000000000011111000000,1,0,2488585.7142857146
295,0,TypeA,53700,000011111111110000000000000000000001111111110000000000000000001111111111000000000000000000000000000000000000000001111111111000000000000000000000000000000111111111000000,1,0,3889485.7142857164
296,1,TypeB,42500,000000000000000000000000000000000000000000000001111111100000000000000000000000011111111000000000000000000000000001111111000000000000000000001111111100000000000001111111,1,0,1949542.8571428563
297,2,TypeB,42500,000000000000000000000000000000000000000000000001111111100000000000000000000000011111111000000000000000000000000001111111000000000000000000001111111100000000000001111111,1,0,1949542.8571428582
298,3,TypeC,33400,000000000000000000000000000000001111110000000000000000000000000000000000001111110000000000000000000000000000011111000000000000011111100000000000000000000111110000000000,1,0,358871.42857142724
299,4,TypeC,33400,000000000000000000000000000000001111110000000000000000000000000000000000001111110000000000000000000000000000011111000000000000011111100000000000000000000111110000000000,1,0,358871.4285714282
300,0,TypeA,55700,000011111111110000000000000000000001111111110000000000000000001111111111000000000000000000000001111111110000000000011111111100000000000000000000000000000000000000000000,1,0,3557242.857142858
301,1,TypeB,42500,000000000000000000000000000000000000000000000001111111100000000000001111111100000000000000000000000000011111110000000000111111110000000000000000000000000000000001111111,1,0,780171.4285714272
302,2,TypeB,42500,000000000000000000000000000000000000000000000001111111100000000000001111111100000000000000000000000000011111110000000000111111110000000000000000000000000000000001111111,1,0,780171.4285714291
303,3,TypeC,35000,000000000000011111100000000000001111110000000000000000000000000000000000001111110000000000000000000000000000000000000000000000000001111110000000000000000111110000000000,1,0,-9.313225746154785e-10
304,4,TypeC,35000,000000000000011111100000000000001111110000000000000000000000000000000000001111110000000000000000000000000000000000000000000000000001111110000000000000000111110000000000,1,0,0.0
305,0,TypeA,50100,000000111111110000000000000000000000000000000001111111100000000000000000000000000000111111111100000000000011111111110000000000000000111111111000000000000000000000000000,1,0,1710514.2857142873
306,1,TypeB,41400,000000111111110000000000000000000000000000000001111111100000000011111111000000000000000000000000000000011111110000000000000000000000000000000000000000111111110000000000,1,0,1010899.9999999991
307,2,TypeB,41400,000000111111110000000000000000000000000000000001111111100000000011111111000000000000000000000000000000011111110000000000000000000000000000000000000000111111110000000000,1,0,1010900.0000000009
308,3,TypeC,23300,000000000000000000000000000000000000000000000000000000111100000000000001111110000000000000000000000000000000000001111100000000000000000000000000000111100000000000001111,1,0,1885385.7142857136
309,4,TypeC,23300,000000000000000000000000000000000000000000000000000000111100000000000001111110000000000000000000000000000000000001111100000000000000000000000000000111100000000000001111,1,0,1885385.7142857146
310,0,TypeA,52600,000000000000000000000000000000000001111111110000000000000000001111111111000000000000111111111100000000000011111111110000000000000001111111111000000000000000000000000000,1,0,2347742.857142858
311,1,TypeB,41400,000000000000000000000111111110000000000000000001111111100000000011111111000000000000000000000000000000011111110000000000000000000000000000000000000000111111110000000000,1,0,2352342.8571428563
312,2,TypeB,41400,000000000000000000000111111110000000000000000001111111100000000011111111000000000000000000000000000000011111110000000000000000000000000000000000000000111111110000000000,1,0,2352342.857142858
313,3,TypeC,30000,000000000011111100000000000000000000000000000000011111100000000000000001111110000000000000000000000000000000000001111100000000000000000000000000000000000011110000000000,1,0,756142.8571428563
314,4,TypeC,30000,000000000011111100000000000000000000000000000000011111100000000000000001111110000000000000000000000000000000000001111100000000000000000000000000000000000011110000000000,1,0,756142.8571428573
315,0,TypeA,53300,000001111111110000000000000000000000000000000000000000000000001111111111000000000000111111111100000000000011111111110000000000000000000000001111111100000000000000000000,1,0,2547742.857142858
316,1,TypeB,45100,000000000000000000000000000000000000000000000001111111100000000000000000000000011111111000000000000000000000000001111111100000000000000000001111111100000000011111111000,1,0,2288485.7142857136
317,2,TypeB,45100,000000000000000000000000000000000000000000000001111111100000000000000000000000011111111000000000000000000000000001111111100000000000000000001111111100000000011111111000,1,0,2288485.7142857155
318,3,TypeC,26900,000001111110000000000000000000000000000000000000000000111100000000000000001111110000000000000000000000000000000000011111100000000000000000000000000000000000000000001111,1,0,996999.9999999981
319,4,TypeC,26900,000001111110000000000000000000000000000000000000000000111100000000000000001111110000000000000000000000000000000000011111100000000000000000000000000000000000000000001111,1,0,996999.9999999991
320,0,TypeA,54800,000011111111110000000000000000000000000000000000000000000000001111111111000000000000111111111100000000000011111111110000000000000001111111111000000000000000000000000000,1,0,1580371.428571429
321,1,TypeB,40400,000000000000000000000000000000000000000000000001111111100000000000001111111100000000000000000111111100000000011111110000000000000000000000001111111100000000000000000000,1,0,1151442.8571428563
322,2,TypeB,40400,000000000000000000000000000000000000000000000001111111100000000000001111111100000000000000000111111100000000011111110000000000000000000000001111111100000000000000000000,1,0,1151442.8571428582
323,3,TypeC,26500,000000000000011111100000000000000000000000000000000000111100000000000001111110000000000000000000000000000000000001111100000000000000000000000000000000000000000000001111,1,0,1888085.7142857136
324,4,TypeC,26500,000000000000011111100000000000000000000000000000000000111100000000000001111110000000000000000000000000000000000001111100000000000000000000000000000000000000000000001111,1,0,1888085.7142857146
325,0,TypeA,51000,000001111111110000000000000000000000000000111111110000000000011111111000000000000000000000000111111110000000000000011111111100000000000000000000000000000000000000000000,1,0,4656457.142857144
326,1,TypeB,40400,000000000000000000000111111110000000000000011111110000000000011111111000000000000000000000000111111100000000000000000000000000000000000000000000000000000000011111111000,1,0,1539542.8571428563
327,2,TypeB,40400,000000000000000000000111111110000000000000011111110000000000011111111000000000000000000000000111111100000000000000000000000000000000000000000000000000000000011111111000,1,0,1539542.8571428582
328,3,TypeC,30400,000000000000011111100000000000000000000000000000011111100000000000000000001111110000000000000000000000000000000000000000000111110000000000000000000000000000011111000000,1,0,700714.2857142836
329,4,TypeC,30400,000000000000011111100000000000000000000000000000011111100000000000000000001111110000000000000000000000000000000000000000000111110000000000000000000000000000011111000000,1,0,700714.2857142845
330,0,TypeA,49000,000000000011111111100000000000000001111111111000000000000111111110000000000000000000000000000000000000011111111100000000000111111111100000000000000000000000000000000000,1,0,4198028.571428573
331,1,TypeB,41400,000000000000000000000000000000000000000000011111110000000000011111111000000000011111111000000000000000000011111111000000000000011111111000000000000000000000000000000000,1,0,1114414.2857142854
332,2,TypeB,41400,000000000000000000000000000000000000000000011111110000000000011111111000000000011111111000000000000000000011111111000000000000011111111000000000000000000000000000000000,1,0,1114414.2857142873
333,3,TypeC,26900,000000000011111000000000000000000000000000011111000000000000011110000000000000000000000000000000000000000000011111000000000000000000000000000000000111100000000000000000,1,0,2048457.1428571418
334,4,TypeC,26900,000000000011111000000000000000000000000000011111000000000000011110000000000000000000000000000000000000000000011111000000000000000000000000000000000111100000000000000000,1,0,2048457.1428571427
335,0,TypeA,52100,000001111111110000000000000000000001111111111000000000000000000000000000000011111111110000000000000000000000011111111100000000000000000000000000000000111111111000000000,1,0,3383500.0
336,1,TypeB,40300,000000000000000001111111100000000000000000000001111111100000000000000000000000000000000000000111111100000000000000000111111100000000000000000000111111100000000000000000,1,0,3284785.7142857127
337,2,TypeB,40300,000000000000000001111111100000000000000000000001111111100000000000000000000000000000000000000111111100000000000000000111111100000000000000000000111111100000000000000000,1,0,3284785.7142857146
338,3,TypeC,25100,000000000000000000000000000000000001110000000000000000000000000000000000001111110000000000000111000000000000000000000000001111110000000000000000000000000000011111000000,1,0,2282514.2857142836
339,4,TypeC,25100,000000000000000000000000000000000001110000000000000000000000000000000000001111110000000000000111000000000000000000000000001111110000000000000000000000000000011111000000,1,0,2282514.2857142845
340,0,TypeA,55800,000000000000000000111111111100000000000000000000000000111111111000000000000000000000111111111100000000000000000001111111111000000000000000000000000000111111111000000000,1,0,2712414.2857142873
341,1,TypeB,40600,000000000000000000000111111100000000000000000001111111100000000000000000000000000000000000000111111100000000000000000111111100000000000000000000000000000000011111111000,1,0,1709914.2857142845
342,2,TypeB,40600,000000000000000000000111111100000000000000000001111111100000000000000000000000000000000000000111111100000000000000000111111100000000000000000000000000000000011111111000,1,0,1709914.2857142864
343,3,TypeC,28500,000000000000011111100000000000000000000000000000000000111100000000000000000000000000000000000111000000000000011111000000000000000000000000000000000000000111111000000000,1,0,2421828.57142857
344,4,TypeC,28500,000000000000011111100000000000000000000000000000000000111100000000000000000000000000000000000111000000000000011111000000000000000000000000000000000000000111111000000000,1,0,2421828.571428571
345,0,TypeA,57000,000011111111110000000000000000000001111111111000000000000000001111111111000000000000000000000001111111110000000000011111111100000000000000000000000000000000000000000000,1,0,3557542.857142858
346,1,TypeB,42600,000000000000000000000000000000000000000000000000000000000111111110000000000000011111111000000000000111111110000000000111111100000000000000000000000000000000011111111000,1,0,1483385.7142857127
347,2,TypeB,42600,000000000000000000000000000000000000000000000000000000000111111110000000000000011111111000000000000111111110000000000111111100000000000000000000000000000000011111111000,1,0,1483385.7142857146
348,3,TypeC,26200,000000000011110000000000111110000000000000001111110000000000000000000000000000000000000000000000000000000000000000000000001111110000000000000000000000000000000000001111,1,0,1894214.2857142845
349,4,TypeC,26200,000000000011110000000000111110000000000000001111110000000000000000000000000000000000000000000000000000000000000000000000001111110000000000000000000000000000000000001111,1,0,1894214.2857142854
350,0,TypeA,54300,000001111111111000000000000000000000000000000000000000111111111000000000000000000000111111111100000000000000000001111111111000000000000000000000000000111111111000000000,1,0,1369471.428571429
351,1,TypeB,43800,000000000011111111000000000000000000000000000001111111100000000000000000000000000000000000000111111100000000000000000000000000011111111000000000000000111111110000000000,1,0,750671.4285714272
352,2,TypeB,43800,000000000011111111000000000000000000000000000001111111100000000000000000000000000000000000000111111100000000000000000000000000011111111000000000000000111111110000000000,1,0,750671.4285714291
353,3,TypeC,24300,000000000011111000000000000000000001110000000000000000000000000000000000000000000000000000000000000000000000000000000000000000000000111000000000000111111000000000001111,1,0,2046857.1428571418
354,4,TypeC,24300,000000000011111000000000000000000001110000000000000000000000000000000000000000000000000000000000000000000000000000000000000000000000111000000000000111111000000000001111,1,0,2046857.1428571427
355,0,TypeA,51700,000000000000011111111100000000000000000000000001111111100000000000000000000000000000111111111100000000000000011111111100000000000001111111111000000000000000000000000000,1,0,3053057.1428571455
356,1,TypeB,44000,000000000000000000000000000000000000000000000001111111100000000000000000000000000000000000000111111100000000000000000111111100000000000000001111111100000000011111111000,1,0,1713314.2857142845
357,2,TypeB,44000,000000000000000000000000000000000000000000000001111111100000000000000000000000000000000000000111111100000000000000000111111100000000000000001111111100000000011111111000,1,0,1713314.2857142864
358,3,TypeC,27100,000000000000011111100000000000000001110000000000000000000000000000000000000000000000000000000000000000000000000000000000001111110000000000000000000111111000000000001111,1,0,1699414.2857142845
359,4,TypeC,27100,000000000000011111100000000000000001110000000000000000000000000000000000000000000000000000000000000000000000000000000000001111110000000000000000000111111000000000001111,1,0,1699414.2857142854
360,0,TypeA,50600,000011111111110000000000000000000001111111111000000000000111111110000000000000000000000000000000000000000000011111111100000000000001111111111000000000000000000000000000,1,0,2933842.857142858
361,1,TypeB,40400,000000000000000000000000000000000000000000011111110000000000011111111000000000011111111000000000000000011111110000000000000000000000000000001111111100000000000000000000,1,0,2179771.428571429
362,2,TypeB,40400,000000000000000000000000000000000000000000011111110000000000011111111000000000011111111000000000000000011111110000000000000000000000000000001111111100000000000000000000,1,0,2179771.428571431
363,3,TypeC,30000,000000000011110000000000000000000000000000001111110000000000000011111000000000000000000000000000000000000000000000000000001111110000000000000000000000001111110000000000,1,0,1163671.4285714282
364,4,TypeC,30000,000000000011110000000000000000000000000000001111110000000000000011111000000000000000000000000000000000000000000000000000001111110000000000000000000000001111110000000000,1,0,1163671.428571429
365,0,TypeA,49100,000000000011111111100000000000000001111111111000000000000000011111111000000000000000000000000000000000000011111111110000000000000001111111111000000000000000000000000000,1,0,3539442.85714286
366,1,TypeB,47200,000000000000000000000111111110000000000000000000000000111111110000000000000000000000000000000000000000000000000000000000111111110000000000001111111100000000011111111000,1,0,682785.7142857146
367,2,TypeB,47200,000000000000000000000111111110000000000000000000000000111111110000000000000000000000000000000000000000000000000000000000111111110000000000001111111100000000011111111000,1,0,682785.7142857164
368,3,TypeC,26700,000000000011111100000000000000000001110000000000000000000000000000000000000111110000000000000000000000000000000000000000001111110000000000000000000000000000000000001111,1,0,433157.14285714086
369,4,TypeC,26700,000000000011111100000000000000000001110000000000000000000000000000000000000111110000000000000000000000000000000000000000001111110000000000000000000000000000000000001111,1,0,433157.1428571418
370,0,TypeA,50600,000011111111110000000000000000000001111111111000000000000000011111111000000000000000000000000000000000000011111111110000000000000000111111111000000000000000000000000000,1,0,2547942.85714286
371,1,TypeB,44800,000000000000000000000111111110000000000000000000000000111111110000000000000000000000000000000000000000000011111111000000000000011111111000000000000000011111111000000000,1,0,675285.7142857146
372,2,TypeB,44800,000000000000000000000111111110000000000000000000000000111111110000000000000000000000000000000000000000000011111111000000000000011111111000000000000000011111111000000000,1,0,675285.7142857164
373,3,TypeC,25100,000000000011110000000000000000000001110000000000000000000000000000000000001111110000000000000000000000000000000000000000001111110000000000000000000000000000000000001111,1,0,1431557.1428571409
374,4,TypeC,25100,000000000011110000000000000000000001110000000000000000000000000000000000001111110000000000000000000000000000000000000000001111110000000000000000000000000000000000001111,1,0,1431557.1428571418
375,0,TypeA,51200,000000000000000000000000000000000001111111111000000000000111111110000000000000000000111111111100000000000000000111111111100000000000000000000000000000111111111000000000,1,0,3065685.7142857164
376,1,TypeB,41700,000000000000000000000000000000000000011111111000000000000111111110000000000000000000000000000111111100000000000001111111100000000000000000000000000000111111110000000000,1,0,1295614.2857142854
377,2,TypeB,41700,000000000000000000000000000000000000011111111000000000000111111110000000000000000000000000000111111100000000000001111111100000000000000000000000000000111111110000000000,1,0,1295614.2857142873
378,3,TypeC,28000,000000000000000000000001111110000000000000001111110000000000011110000000000000000000000000000111000000000000000000000000000000000000000000000000000000000111111000000000,1,0,2385099.999999999
379,4,TypeC,28000,000000000000000000000001111110000000000000001111110000000000011110000000000000000000000000000111000000000000000000000000000000000000000000000000000000000111111000000000,1,0,2385100.0
380,0,TypeA,49600,000000000000111111111100000000000001111111111000000000000000011111111000000000000000000000000000000000011111111100000000000000000000000000000000000000111111111000000000,1,0,5678985.714285716
381,1,TypeB,44800,000000000000000000000000000000000000000000000000000000000000011111111000000000011111111000000000000111111110000000000000111111110000000000000000000000111111110000000000,1,0,1430728.571428571
382,2,TypeB,44800,000000000000000000000000000000000000000000000000000000000000011111111000000000011111111000000000000111111110000000000000111111110000000000000000000000111111110000000000,1,0,1430728.5714285728
383,3,TypeC,27700,000000000011111100000000000000000001110000000000000000000000011110000000000000000000000000000111000000000000000000000000000000000000000000000000000000000111111000000000,1,0,1581999.9999999981
384,4,TypeC,27700,000000000011111100000000000000000001110000000000000000000000011110000000000000000000000000000111000000000000000000000000000000000000000000000000000000000111111000000000,1,0,1581999.999999999
385,0,TypeA,53400,000011111111110000000000000000000001111111111000000000000000000000000000000000000000001111111111000000000000011111111100000000000000000000000000000000111111111000000000,1,0,2239757.1428571437
386,1,TypeB,43800,000000000000000001111111100000000000000000000000000000111111110000000000000000000000000000000111111100000000000000000000000000011111111000000000000000111111110000000000,1,0,1296614.2857142845
387,2,TypeB,43800,000000000000000001111111100000000000000000000000000000111111110000000000000000000000000000000111111100000000000000000000000000011111111000000000000000111111110000000000,1,0,1296614.2857142864
388,3,TypeC,31100,000000000000011111100000000000001111110000000000000000000000011110000000000000000000000000000000000111110000000000000000000000000000000000000000000000000000011111000000,1,0,1487585.7142857136
389,4,TypeC,31100,000000000000011111100000000000001111110000000000000000000000011110000000000000000000000000000000000111110000000000000000000000000000000000000000000000000000011111000000,1,0,1487585.7142857146
390,0,TypeA,53400,000011111111110000000000000000000000000000000000000000111111111000000000000111111111100000000000000000000011111111110000000000000000000000000000000000111111111000000000,1,0,2735542.857142858
391,1,TypeB,41600,000000000000000000000000000000000000000000000001111111100000000000001111111100000000000000000111111100000000000000000111111100000000000000000000000000111111110000000000,1,0,1551742.8571428563
392,2,TypeB,41600,000000000000000000000000000000000000000000000001111111100000000000001111111100000000000000000111111100000000000000000111111100000000000000000000000000111111110000000000,1,0,1551742.8571428582
393,3,TypeC,25800,000000000000000000000000000000001111110000000000000000111100000000000000000111110000000000000000000000000000000000000001111100000000000000000000000000000000000000001111,1,0,120814.28571428452
394,4,TypeC,25800,000000000000000000000000000000001111110000000000000000111100000000000000000111110000000000000000000000000000000000000001111100000000000000000000000000000000000000001111,1,0,120814.28571428545
395,0,TypeA,52500,000011111111110000000000000000000000000000000000000000111111111000000000000000000000111111111100000000000011111111110000000000000000000000000000000000111111111000000000,1,0,422628.57142857276
396,1,TypeB,42400,000000000000000000000111111110000000000000000000000000111111110000000000000000011111111000000000000000000011111111000000000000000000000000000000000000111111110000000000,1,0,1601000.0
397,2,TypeB,42400,000000000000000000000111111110000000000000000000000000111111110000000000000000011111111000000000000000000011111111000000000000000000000000000000000000111111110000000000,1,0,1601000.0000000019
398,3,TypeC,25300,000000000000000000111111000000000000000000000000000000111100000000000000001111110000000000000000000000000000000000000001111100000000000000000000000000000000000000001111,1,0,1914514.2857142836
399,4,TypeC,25300,000000000000000000111111000000000000000000000000000000111100000000000000001111110000000000000000000000000000000000000001111100000000000000000000000000000000000000001111,1,0,1914514.2857142845
400,0,TypeA,51400,000000000011111111100000000000000000000000000001111111100000000000000000000000000000111111111100000000000000000111111111000000000001111111111000000000000000000000000000,1,0,3249457.1428571455
401,1,TypeB,40200,000000000000000000000000000000000000011111111000000000111111110000000000000000011111111000000000000111111110000000000111111100000000000000000000000000000000000000000000,1,0,63657.142857143655
402,2,TypeB,40200,000000000000000000000000000000000000011111111000000000111111110000000000000000011111111000000000000111111110000000000111111100000000000000000000000000000000000000000000,1,0,63657.14285714552
403,3,TypeC,26000,000000000011110000000000000000001111110000000000000000111100000000000000000000000000000000000000000000000000000000000001111100000000000000000000000000000000000000001111,1,0,779771.4285714282
404,4,TypeC,26000,000000000011110000000000000000001111110000000000000000111100000000000000000000000000000000000000000000000000000000000001111100000000000000000000000000000000000000001111,1,0,779771.4285714291
405,0,TypeA,52000,000011111111110000000000000000000000011111111000000000000000011111111000000000000000111111111100000000000000000001111111111000000000000000000000000000000000000000000000,1,0,552542.8571428601
406,1,TypeB,43800,000000000000000000000000000000000000011111111000000000000000011111111000000000000000000000000000000000011111110000000000111111110000000000001111111100000000000000000000,1,0,717514.2857142854
407,2,TypeB,43800,000000000000000000000000000000000000011111111000000000000000011111111000000000000000000000000000000000011111110000000000111111110000000000001111111100000000000000000000,1,0,717514.2857142873
408,3,TypeC,25200,000000000000000000000001111110000000000000000000000000000000000011111000000000000000111000000000000000000000000000000000000000000000000000000000000111111000000000001111,1,0,1207799.999999999
409,4,TypeC,25200,000000000000000000000001111110000000000000000000000000000000000011111000000000000000111000000000000000000000000000000000000000000000000000000000000111111000000000001111,1,0,1207800.0
410,0,TypeA,54100,000011111111110000000000000000000001111111111000000000000000000000000000000011111111110000000000000000000000011111111100000000000001111111111000000000000000000000000000,1,0,2507214.2857142873
411,1,TypeB,41400,000000000000000000000000000000000000011111111000000000000000011111111000000000011111111000000000000000011111110000000000000000011111111000000000000000000000000000000000,1,0,0.0
412,2,TypeB,41400,000000000000000000000000000000000000011111111000000000000000011111111000000000011111111000000000000000011111110000000000000000011111111000000000000000000000000000000000,1,1,1.862645149230957e-09
413,3,TypeC,28900,000000000000000000000001111110000000000000011111000000000000000000000000000000000000111000000000000000000011111100000000000000000000000000000000000000000000011111000000,1,0,2279085.7142857136
414,4,TypeC,28900,000000000000000000000001111110000000000000011111000000000000000000000000000000000000111000000000000000000011111100000000000000000000000000000000000000000000011111000000,1,0,2279085.7142857146
415,0,TypeA,55400,000011111111110000000000000000000000000000000000000000000000000000001111111110000000000000000001111111110000000000000000000000011111111110000000000000111111111000000000,1,0,3336842.857142858
416,1,TypeB,42600,000000000000000000000111111110000000000000000000000000000000011111111000000000011111111000000000000000000000000000000111111100000000000000001111111100000000000000000000,1,0,1759842.8571428563
417,2,TypeB,42600,000000000000000000000111111110000000000000000000000000000000011111111000000000011111111000000000000000000000000000000111111100000000000000001111111100000000000000000000,1,0,1759842.8571428582
418,3,TypeC,25600,000000000011110000000000000000000000000000000000000000000000000011111000000000000000111000000000000000000000000000000001111100000000000000000000000000000000011111000000,1,0,1318914.2857142845
419,4,TypeC,25600,000000000011110000000000000000000000000000000000000000000000000011111000000000000000111000000000000000000000000000000001111100000000000000000000000000000000011111000000,1,0,1318914.2857142854
420,0,TypeA,54000,000000000011111111100000000000000000000000000000000000000000000000001111111110000000000000000001111111110000000000011111111100000000000000000000000000111111111000000000,1,0,5485185.7142857155
421,1,TypeB,40400,000000000011111110000000000000000000011111111000000000000000000011111111000000000000000000000111111100000000000000000000000000000000000000001111111100000000000000000000,1,0,1283685.7142857146
422,2,TypeB,40400,000000000011111110000000000000000000011111111000000000000000000011111111000000000000000000000111111100000000000000000000000000000000000000001111111100000000000000000000,1,0,1283685.7142857164
423,3,TypeC,27000,000000000011110000000000000111000000000000000000000000000000000000000001111110000000000000000000000111110000000000000000000000000000000000000000000000000111111000000000,1,0,1993599.999999999
424,4,TypeC,27000,000000000011110000000000000111000000000000000000000000000000000000000001111110000000000000000000000111110000000000000000000000000000000000000000000000000111111000000000,1,0,1993600.0
425,0,TypeA,53000,000011111111110000000000000000000000000000000000011111111100000000000000000000000000000000000000000000011111111100000000000000011111111110000000000000111111111000000000,1,0,3926742.857142858
426,1,TypeB,39100,000000000000000000000111111100000000011111111000000000000000000011111111000000000000000000000111111100000000000000000000000000000000001111111000000000000000000000000000,1,0,2572671.428571429
427,2,TypeB,39100,000000000000000000000111111100000000011111111000000000000000000011111111000000000000000000000111111100000000000000000000000000000000001111111000000000000000000000000000,1,0,2572671.428571431
428,3,TypeC,21900,000000000000000000000111100000000000000000001111110000000000000000000000000000000000000000000000000000000000000000000000000000000000001110000000000111100000000000001111,1,0,3333742.857142857
429,4,TypeC,21900,000000000000000000000111100000000000000000001111110000000000000000000000000000000000000000000000000000000000000000000000000000000000001110000000000111100000000000001111,1,0,3333742.8571428577
430,0,TypeA,56500,000011111111110000000000000000000000000000000000000000000000000000001111111110000000000000000001111111110000000000011111111100000000000000000000000000111111111000000000,1,0,4494685.714285716
431,1,TypeB,41400,000000000000000001111111100000000000011111111000000000000000000011111111000000000000000000000111111100000000000000000000000000000000000000001111111100000000000000000000,1,0,3088485.7142857146
432,2,TypeB,41400,000000000000000001111111100000000000011111111000000000000000000011111111000000000000000000000111111100000000000000000000000000000000000000001111111100000000000000000000,1,0,3088485.7142857164
433,3,TypeC,28000,000000000000000000000111100000000000000000000000000000000000000000000001111110000000000000000000000111110000000000000000000000000001111000000000000000000111111000000000,1,0,2763771.4285714277
434,4,TypeC,28000,000000000000000000000111100000000000000000000000000000000000000000000001111110000000000000000000000111110000000000000000000000000001111000000000000000000111111000000000,1,0,2763771.4285714286
435,0,TypeA,49800,000000000000000000111111111100000000000000000000000000000111111110000000000011111111100000000000000000011111111100000000000000000000000000000000000000000111111111000000,1,0,5830657.142857143
436,1,TypeB,43800,000000000000000000000000000000000000011111111000000000000111111110000000000000000000000000000000000000011111110000000000000000000000000000001111111100000000011111111000,1,0,1192100.0
437,2,TypeB,43800,000000000000000000000000000000000000011111111000000000000111111110000000000000000000000000000000000000011111110000000000000000000000000000001111111100000000011111111000,1,0,1192100.0000000019
438,3,TypeC,28900,000000000011110000000000000000000000000000001111110000000000000000000000000000000000000000000000000111110000000000000000000000000011111000000000000000000000011111000000,1,0,2475285.7142857127
439,4,TypeC,28900,000000000011110000000000000000000000000000001111110000000000000000000000000000000000000000000000000111110000000000000000000000000011111000000000000000000000011111000000,1,0,2475285.7142857136
440,0,TypeA,48600,000000000000000000000000000000000000011111111000000000000111111110000000000000000000111111111100000000000000000000000000001111111111000000000000000000000111111111000000,1,0,1422857.1428571455
441,1,TypeB,41300,000000000000000000000000000000000000011111111000000000000111111110000000000000011111111000000000000000000000000000000111111100000000000000000000000000000000000001111111,1,0,116214.28571428545
442,2,TypeB,41300,000000000000000000000000000000000000011111111000000000000111111110000000000000011111111000000000000000000000000000000111111100000000000000000000000000000000000001111111,1,0,116214.28571428731
443,3,TypeC,29000,000000000000000000000001111110000000000000000000000000000000000000000000001111110000000000000111000000000000000000000000000000000111111000000000000000000000011111000000,1,0,2439957.14285714
444,4,TypeC,29000,000000000000000000000001111110000000000000000000000000000000000000000000001111110000000000000111000000000000000000000000000000000111111000000000000000000000011111000000,1,0,2439957.142857141
445,0,TypeA,52000,000011111111110000000000000000000000011111111000000000000000000000000001111111110000000000000000000000011111111100000000000000011111111110000000000000000000000000000000,1,0,2489814.2857142873
446,1,TypeB,40400,000000000000000000000111111100000000011111111000000000000000000000000000000000011111111000000000000000011111110000000000000000000000000000001111111100000000000000000000,1,0,2796300.0
447,2,TypeB,40400,000000000000000000000111111100000000011111111000000000000000000000000000000000011111111000000000000000011111110000000000000000000000000000001111111100000000000000000000,1,0,2796300.000000002
448,3,TypeC,22600,000000000000011100000000000000000001110000000000000000000000000000000000000000000000000000000111000000000000000000000000000000000111111000000000000000000000000000001111,1,0,2470785.7142857127
449,4,TypeC,22600,000000000000011100000000000000000001110000000000000000000000000000000000000000000000000000000111000000000000000000000000000000000111111000000000000000000000000000001111,1,0,2470785.7142857136
450,0,TypeA,50400,000000000000011111111100000000000001111111111000000000000000000000000001111111110000000000000000000000011111111100000000000000000000000000000000000000011111111000000000,1,0,5860985.714285716
451,1,TypeB,40100,000000000011111111000000000000000000000000000001111111100000000000000000000000011111111000000000000000011111110000000000000000000000000000000000000000011111110000000000,1,0,1965571.4285714272
452,2,TypeB,40100,000000000011111111000000000000000000000000000001111111100000000000000000000000011111111000000000000000011111110000000000000000000000000000000000000000011111110000000000,1,0,1965571.428571429
453,3,TypeC,27900,000000000000000000000000000000000001110000000000000000000000000000000000000000011111100000000000000000000000000000000000000000000111111000000000000111110000000000001111,1,0,2628828.571428571
454,4,TypeC,27900,000000000000000000000000000000000001110000000000000000000000000000000000000000011111100000000000000000000000000000000000000000000111111000000000000111110000000000001111,1,0,2628828.571428572
455,0,TypeA,53600,000000000000000000111111111100000000000000000000000000000000000000000001111111110000000000000000000000011111111100000000000000000001111111111000000000000111111111000000,1,0,5804228.571428572
456,1,TypeB,42500,000000000000000000000000000000000000000000000001111111100000000000000000000000011111111000000000000000011111110000000000000000000000000000001111111100000000000001111111,1,0,1862357.1428571427
457,2,TypeB,42500,000000000000000000000000000000000000000000000001111111100000000000000000000000011111111000000000000000011111110000000000000000000000000000001111111100000000000001111111,1,0,1862357.1428571446
458,3,TypeC,23700,000000000000000000000000000000000001110000000000000000000000000000000000000000000000000000000111000000000000000000000000000000000111111000000000000111110000000000001111,1,0,2472385.7142857127
459,4,TypeC,23700,000000000000000000000000000000000001110000000000000000000000000000000000000000000000000000000111000000000000000000000000000000000111111000000000000111110000000000001111,1,0,2472385.7142857136
460,0,TypeA,52400,000000000000011111111100000000000001111111111000000000000000000000000001111111110000000000000000000000011111111100000000000000000001111111111000000000000000000000000000,1,0,5440057.142857144
461,1,TypeB,40400,000000000000000000000000000000000000000000000001111111100000000011111111000000000000000000000111111100000000000001111111000000000000000000001111111100000000000000000000,1,0,2151442.8571428563
462,2,TypeB,40400,000000000000000000000000000000000000000000000001111111100000000011111111000000000000000000000111111100000000000001111111000000000000000000001111111100000000000000000000,1,0,2151442.857142858
463,3,TypeC,23300,000000000000011111100000000000000001110000000000000000000000000000000000000000000000000000000111000000000000000000000000000000000001111000000000000000000000000000001111,1,0,2471485.7142857127
464,4,TypeC,23300,000000000000011111100000000000000001110000000000000000000000000000000000000000000000000000000111000000000000000000000000000000000001111000000000000000000000000000001111,1,0,2471485.7142857136
465,0,TypeA,52100,000011111111110000000000000000000011111111110000000000000000000000000001111111110000000000000000000000011111111100000000000000000000000000000000000000000111111111000000,1,0,3492214.2857142873
466,1,TypeB,41600,000000000000000000000000000000000000000000000001111111100000000011111111000000000000000000000111111100000000000000000111111100000000000000001111111100000000000000000000,1,0,1642328.571428571
467,2,TypeB,41600,000000000000000000000000000000000000000000000001111111100000000011111111000000000000000000000111111100000000000000000111111100000000000000001111111100000000000000000000,1,0,1642328.5714285728
468,3,TypeC,27900,000000001111110000000000000000000011110000000000000000000000000000000001111110000000000000000111000000000000000000000000000000000000000000000000000000000000011111000000,1,0,2559971.4285714263
469,4,TypeC,27900,000000001111110000000000000000000011110000000000000000000000000000000001111110000000000000000111000000000000000000000000000000000000000000000000000000000000011111000000,1,0,2559971.4285714272
470,0,TypeA,51300,000011111111110000000000000000000001111111111000000000000000000000000000000000000000000000000000000000011111111100000000000000011111111110000000000000000111111111000000,1,0,3285914.2857142873
471,1,TypeB,43800,000000000011111110000000000000000000000000000001111111100000000011111111000000000000000000000000000000000000000000000000000000011111111000000000000000000000011111111000,1,0,-1.862645149230957e-09
472,2,TypeB,43800,000000000011111110000000000000000000000000000001111111100000000011111111000000000000000000000000000000000000000000000000000000011111111000000000000000000000011111111000,1,0,0.0
473,3,TypeC,31100,000000000000111110000000000000000000000000000000000000000000000000000001111110000000000000000111000000000000000000000000000000000111111000000000000000000111111000000000,1,0,2388699.999999998
474,4,TypeC,31100,000000000000111110000000000000000000000000000000000000000000000000000001111110000000000000000111000000000000000000000000000000000111111000000000000000000111111000000000,1,0,2388699.999999999
475,0,TypeA,51900,000011111111110000000000000000000000000000000000000000000111111110000000000000000000000000000001111111110000000000011111111100000000000000000000000000000111111111000000,1,0,3300814.2857142873
476,1,TypeB,41400,000000000000000001111111100000000000000000000001111111100000000000000000000000011111111000000000000000011111110000000000000000000000000000000000000000000000011111111000,1,0,3286085.7142857136
477,2,TypeB,41400,000000000000000001111111100000000000000000000001111111100000000000000000000000011111111000000000000000011111110000000000000000000000000000000000000000000000011111111000,1,0,3286085.7142857155
478,3,TypeC,29300,000000000000000000111111000000000000000000000000000000000000000000000001111110000000000000000111000000000000000000000000000000000000111110000000000000000111111000000000,1,0,2873885.7142857136
479,4,TypeC,29300,000000000000000000111111000000000000000000000000000000000000000000000001111110000000000000000111000000000000000000000000000000000000111110000000000000000111111000000000,1,0,2873885.7142857146
480,0,TypeA,50200,000000000011111111100000000000000000000000000000000000000000001111111111000000000000011111111100000000000000011111111100000000000000000000000000000000111111111000000000,1,0,2991700.0
481,1,TypeB,41400,000011111110000000000111111110000000000000000001111111100000000000000000000000011111111000000000000000000000000000000000000000000000000000000000000000000000011111111000,1,0,576971.4285714272
482,2,TypeB,41400,000011111110000000000111111110000000000000000001111111100000000000000000000000011111111000000000000000000000000000000000000000000000000000000000000000000000011111111000,1,0,576971.4285714291
483,3,TypeC,30900,000000000000000011111100000000000000000000000000000000000000000000000001111110000000000000000111000000000000000000000000000000000001111110000000000000000111111000000000,1,0,2875485.7142857136
484,4,TypeC,30900,000000000000000011111100000000000000000000000000000000000000000000000001111110000000000000000111000000000000000000000000000000000001111110000000000000000111111000000000,1,0,2875485.7142857146
485,0,TypeA,54900,000011111111110000000000000000000000000000000000000000000000001111111111000000000000011111111100000000000000000000000000001111111111000000000000000000111111111000000000,1,0,1849857.1428571437
486,1,TypeB,42600,000000000000000000000111111110000000000000000001111111100000000000001111111100000000000000000000000000000000000000000111111100000000000000000000000000011111111000000000,1,0,1930414.2857142854
487,2,TypeB,42600,000000000000000000000111111110000000000000000001111111100000000000001111111100000000000000000000000000000000000000000111111100000000000000000000000000011111111000000000,1,0,1930414.2857142873
488,3,TypeC,29800,000000000011110000000000000000000000000000000000000000000000000000000001111110000000000000000111000000000000000000000000000000000001111110000000000000000111111000000000,1,0,2070585.7142857127
489,4,TypeC,29800,000000000011110000000000000000000000000000000000000000000000000000000001111110000000000000000111000000000000000000000000000000000001111110000000000000000111111000000000,1,0,2070585.7142857136
490,0,TypeA,51700,000011111111110000000000000000000000000000000000000000111111111000000000000000000000000000000000000000011111111100000000000111111111000000000000000000111111111000000000,1,0,3181100.0
491,1,TypeB,41400,000000000000000000000111111110000000000000000001111111100000000000000000000000011111111000000000000000011111110000000000000000000000000000000000000000000000011111111000,1,0,2286085.7142857136
492,2,TypeB,41400,000000000000000000000111111110000000000000000001111111100000000000000000000000011111111000000000000000011111110000000000000000000000000000000000000000000000011111111000,1,0,2286085.7142857155
493,3,TypeC,26700,000000000000000000000000000000000001110000000000000000000000000000000000001111110000000000000000000111110000000000000000000000000111111000000000000000000000000000001111,1,0,1390499.9999999981
494,4,TypeC,26700,000000000000000000000000000000000001110000000000000000000000000000000000001111110000000000000000000111110000000000000000000000000111111000000000000000000000000000001111,1,0,1390499.999999999
495,0,TypeA,51500,000000000000011111111100000000000000000000000000000000111111111000000000000011111111110000000000000000011111111100000000000000011111111110000000000000000000000000000000,1,0,2866285.7142857146
496,1,TypeB,39400,000000000000000000000111111100000000000000000001111111100000000000000000000000011111110000000000000000011111110000000000000000000000000000000000000000011111111000000000,1,0,2768671.428571428
497,2,TypeB,39400,000000000000000000000111111100000000000000000001111111100000000000000000000000011111110000000000000000011111110000000000000000000000000000000000000000011111111000000000,1,0,2768671.42857143
498,3,TypeC,28500,000000000000000000000111100000000001110000000000000000000000000000000000000000000000000000000000000111110000000000000000000000000111111000000000000000000111111000000000,1,0,2764271.4285714277
499,4,TypeC,28500,000000000000000000000111100000000001110000000000000000000000000000000000000000000000000000000000000111110000000000000000000000000111111000000000000000000111111000000000,1,0,2764271.4285714286
500,0,TypeA,49900,000000000000011111111100000000000000000000000000000000111111111000000000000000000000000000000000000000011111111100000000000000011111111110000000000000111111111000000000,1,0,4462085.714285716
501,1,TypeB,41400,000000000000000000000000000000000000011111111000000000000111111110000000000000011111111000000000000000011111110000000000000000000000000000000000000000111111110000000000,1,0,1448857.1428571437
502,2,TypeB,41400,000000000000000000000000000000000000011111111000000000000111111110000000000000011111111000000000000000011111110000000000000000000000000000000000000000111111110000000000,1,0,1448857.1428571455
503,3,TypeC,24900,000000000011110000000000000000000001110000000000000000000000000000000000000000000000000000000000000000000000000000000000000000000111111000000000000111100000000000001111,1,0,2047457.1428571418
504,4,TypeC,24900,000000000011110000000000000000000001110000000000000000000000000000000000000000000000000000000000000000000000000000000000000000000111111000000000000111100000000000001111,1,0,2047457.1428571427
505,0,TypeA,57000,000011111111110000000000000011111111110000000000000000000000000000000001111111110000000000000000000000000000000001111111111000000000000000000000000000111111111000000000,1,0,1916814.2857142873
506,1,TypeB,41100,000000000011111111000000000000000000000000000001111111100000000011111111000000000000000000000000000000000011111111000000000000000000001111111000000000000000000000000000,1,0,2212500.0
507,2,TypeB,41100,000000000011111111000000000000000000000000000001111111100000000011111111000000000000000000000000000000000011111111000000000000000000001111111000000000000000000000000000,1,0,2212500.000000002
508,3,TypeC,31800,000000000000011111100000000000000000000000001111110000000000000000000000000000000000000000000000000000011110000000000000000000000111111000000000000000000000011111000000,1,0,3194299.9999999986
509,4,TypeC,31800,000000000000011111100000000000000000000000001111110000000000000000000000000000000000000000000000000000011110000000000000000000000111111000000000000000000000011111000000,1,0,3194299.9999999995
510,0,TypeA,53900,000011111111110000000000000000000000000000000000000000111111111000000000000000000000001111111111000000000000000001111111111000000000000000000000000000011111111000000000,1,0,1536042.8571428582
511,1,TypeB,41400,000000000000000000000111111100000000000000000001111111100000000011111111000000000000000000000000000000000011111111000000000000000000000000000000000000011111111000000000,1,0,2439528.571428571
512,2,TypeB,41400,000000000000000000000111111100000000000000000001111111100000000011111111000000000000000000000000000000000011111111000000000000000000000000000000000000011111111000000000,1,0,2439528.5714285728
513,3,TypeC,28800,000000000000011111100000000000000001110000000000000000000000000000000000000111110000000000000000000000000000000000000000000000000011111000000000000000000000011111000000,1,0,1816928.571428569
514,4,TypeC,28800,000000000000011111100000000000000001110000000000000000000000000000000000000111110000000000000000000000000000000000000000000000000011111000000000000000000000011111000000,1,0,1816928.57142857
515,0,TypeA,54900,000011111111110000000000000011111111110000000000000000111111111000000000000000000000000000000000000000000000000000000000001111111111000000000000000000111111111000000000,1,0,511914.2857142873
516,1,TypeB,44800,000000000000000000000000000000000000000000000001111111100000000011111111000000000000000000000000000000000011111111000000000000000000000000001111111100000000011111111000,1,0,1958342.8571428563
517,2,TypeB,44800,000000000000000000000000000000000000000000000001111111100000000011111111000000000000000000000000000000000011111111000000000000000000000000001111111100000000011111111000,1,0,1958342.8571428582
518,3,TypeC,31100,000000000000011111100000000000000001110000000000000000000000000000000000001111110000000000000000000000000000000000000000000000000111111000000000000000000000011111000000,1,0,1819228.571428569
519,4,TypeC,31100,000000000000011111100000000000000001110000000000000000000000000000000000001111110000000000000000000000000000000000000000000000000111111000000000000000000000011111000000,1,0,1819228.57142857
520,0,TypeA,55700,000011111111110000000000000000000001111111111000000000000000001111111111000000000000000000000000000000000000000111111111100000000000000000000000000000001111111111000000,1,0,4312314.285714287
521,1,TypeB,42700,000000000000000000000000000000000000011111111000000000000111111110000000000000011111111000000000000000000000000001111111100000000000000000000000000000000000011111111000,1,0,964271.4285714272
522,2,TypeB,42700,000000000000000000000000000000000000011111111000000000000111111110000000000000011111111000000000000000000000000001111111100000000000000000000000000000000000011111111000,1,0,964271.4285714291
523,3,TypeC,27700,000000000000000000111111000000000001110000000000000000111100000000000001111110000000000000000000000000000000000000000000000000000000000000000000000000001111110000000000,1,0,2799199.9999999995
524,4,TypeC,27700,000000000000000000111111000000000001110000000000000000111100000000000001111110000000000000000000000000000000000000000000000000000000000000000000000000001111110000000000,1,0,2799200.0000000005
525,0,TypeA,52700,000011111111110000000000000000000001111111111000000000000000000000001111111110000000000000000000000000000000011111111100000000000000000000000000000000000111111111000000,1,0,3397800.000000002
526,1,TypeB,42400,000000000011111111000000000000000000011111111000000000000111111110000000000000011111111000000000000000000000000000000000000000000000000000000000000000011111111000000000,1,0,733242.8571428582
527,2,TypeB,42400,000000000011111111000000000000000000011111111000000000000111111110000000000000011111111000000000000000000000000000000000000000000000000000000000000000011111111000000000,1,0,733242.8571428601
528,3,TypeC,31000,000000000000011111000000000000000000000000001111110000000000000000000001111110000000000000000000000000000000000000000000000111110000000000000000000000000111111000000000,1,0,1611728.571428571
529,4,TypeC,31000,000000000000011111000000000000000000000000001111110000000000000000000001111110000000000000000000000000000000000000000000000111110000000000000000000000000111111000000000,1,0,1611728.5714285718
530,0,TypeA,53200,000000000000111111111100000000000000000000000001111111100000000000001111111110000000000000000000000000011111111100000000000000011111111110000000000000000000000000000000,1,0,5170071.42857143
531,1,TypeB,39000,000000000000000000000111111100000000011111111000000000000111111110000000000000011111111000000000000000000011111111000000000000000000000000000000000000000000000000000000,1,0,1624228.571428571
532,2,TypeB,39000,000000000000000000000111111100000000011111111000000000000111111110000000000000011111111000000000000000000011111111000000000000000000000000000000000000000000000000000000,1,0,1624228.5714285728
533,3,TypeC,30200,000000000000111110000000000000000111110000000000000000000000000000000001111110000000000000000000000000000000000000000000000111110000000000000000000000000000011111000000,1,0,1333142.8571428563
534,4,TypeC,30200,000000000000111110000000000000000111110000000000000000000000000000000001111110000000000000000000000000000000000000000000000111110000000000000000000000000000011111000000,1,0,1333142.8571428573
535,0,TypeA,55000,000011111111110000000000000000000000000000000001111111100000000000001111111110000000000000000000000000011111111100000000000111111111100000000000000000000000000000000000,1,0,3889085.7142857164
536,1,TypeB,42400,000000000000000000000000000000000000011111111000000000000111111110000000000000011111111000000000000000000011111111000000000000011111111000000000000000000000000000000000,1,0,474085.71428571455
537,2,TypeB,42400,000000000000000000000000000000000000011111111000000000000111111110000000000000011111111000000000000000000011111111000000000000011111111000000000000000000000000000000000,1,0,474085.7142857164
538,3,TypeC,27600,000000000011111000000000000000000001110000000000000000000000000000000001111110000000000000000000000000000000000000000000000111110000000000000000000000000000011111000000,1,0,2321442.8571428554
539,4,TypeC,27600,000000000011111000000000000000000001110000000000000000000000000000000001111110000000000000000000000000000000000000000000000111110000000000000000000000000000011111000000,1,0,2321442.8571428563
540,0,TypeA,53400,000011111111110000000000000000000000000000000000000000111111111000000000000111111111100000000000000000011111111100000000000000011111111110000000000000000000000000000000,1,0,2071885.7142857146
541,1,TypeB,42400,000000000000000000000111111110000000000000000001111111100000000011111111000000000000000000000000000111111110000000000000000000000000000000000000000000011111111000000000,1,0,2353342.8571428563
542,2,TypeB,42400,000000000000000000000111111110000000000000000001111111100000000011111111000000000000000000000000000111111110000000000000000000000000000000000000000000011111111000000000,1,0,2353342.857142858
543,3,TypeC,30200,000000000000111111000000000000000001110000000000000000000000000000000001111110000000000000000000000111110000000000000000000000000000000000000000000000000111111000000000,1,0,1765471.4285714272
544,4,TypeC,30200,000000000000111111000000000000000001110000000000000000000000000000000001111110000000000000000000000111110000000000000000000000000000000000000000000000000111111000000000,1,0,1765471.4285714282
545,0,TypeA,57400,000011111111110000000000000000000000000000000001111111100000000000001111111110000000000000000001111111110000000000000000001111111111000000000000000000000000000000000000,1,0,2978671.428571429
546,1,TypeB,43800,000000000000000000000111111110000000000000000001111111100000000000001111111000000000000000000000000000000000000000000000000000000000000000001111111100000000011111111000,1,0,1957342.8571428563
547,2,TypeB,43800,000000000000000000000111111110000000000000000001111111100000000000001111111000000000000000000000000000000000000000000000000000000000000000001111111100000000011111111000,1,0,1957342.8571428582
548,3,TypeC,31100,000000000000011111100000000000000001110000000000000000000000000000000000000000011111100000000000000111110000000000000000000000000000000000000000000000000111111000000000,1,0,2540942.8571428563
549,4,TypeC,31100,000000000000011111100000000000000001110000000000000000000000000000000000000000011111100000000000000111110000000000000000000000000000000000000000000000000111111000000000,1,0,2540942.8571428573
550,0,TypeA,53100,000011111111110000000000000011111111110000000000000000111111111000000000000000000000000000000000000000011111111100000000000000011111111110000000000000000000000000000000,1,0,0.0
551,1,TypeB,44800,000000000000000000000111111110000000000000000001111111100000000011111111000000000000000000000000000000000000000000000000000000000000000000001111111100000000011111111000,1,0,1958342.8571428563
552,2,TypeB,44800,000000000000000000000111111110000000000000000001111111100000000011111111000000000000000000000000000000000000000000000000000000000000000000001111111100000000011111111000,1,0,1958342.8571428582
553,3,TypeC,29900,000000000000011111100000000000000001110000000000000000000000000000000001111110000000000000000000000111110000000000000000000000000000000000000000000000000111111000000000,1,0,1765171.4285714272
554,4,TypeC,29900,000000000000011111100000000000000001110000000000000000000000000000000001111110000000000000000000000111110000000000000000000000000000000000000000000000000111111000000000,1,0,1765171.4285714282
555,0,TypeA,53500,000000000000000000000000000000000000000000000000000000000000001111111111000000000000111111111100000000000000011111111100000000000001111111111000000000000001111111111000,1,0,2782971.428571429
556,1,TypeB,41400,000000000000000000000111111100000000000000000000000000000000011111111000000000011111111000000000000000000011111111000000000000000000000000000000000000111111110000000000,1,0,2178371.428571428
557,2,TypeB,41400,000000000000000000000111111100000000000000000000000000000000011111111000000000011111111000000000000000000011111111000000000000000000000000000000000000111111110000000000,1,0,2178371.42857143
558,3,TypeC,22900,000000000000000000000111000000000001110000000000000000000000000000000000000000000000111000000000000000000000000000000000000000011111000000000000000000000000011111000000,1,0,3120542.857142856
559,4,TypeC,22900,000000000000000000000111000000000001110000000000000000000000000000000000000000000000111000000000000000000000000000000000000000011111000000000000000000000000011111000000,1,0,3120542.857142857
560,0,TypeA,49900,000011111111110000000000000000000000000000000000000000000000011111111000000000000000000000000000000000000000011111111100000000000000111111111000000000001111111111000000,1,0,2909714.2857142873
561,1,TypeB,44800,000000000000000000000000000000000000000000000000000000000000011111111000000000011111111000000000000000000011111111000000000000011111111000000000000000111111110000000000,1,0,1028228.5714285709
562,2,TypeB,44800,000000000000000000000000000000000000000000000000000000000000011111111000000000011111111000000000000000000011111111000000000000011111111000000000000000111111110000000000,1,0,1028228.5714285728
563,3,TypeC,28000,000000000011110000000000000000001111110000000000000000000000000000000000000000000000111000000000000000000000000000000000000000000000111000000000000000001111110000000000,1,0,1165771.4285714282
564,4,TypeC,28000,000000000011110000000000000000001111110000000000000000000000000000000000000000000000111000000000000000000000000000000000000000000000111000000000000000001111110000000000,1,0,1165771.428571429
565,0,TypeA,48700,000000000000000000000000000000000000000000000000000000000111111110000000000000000000011111111100000000000000011111111100000000000001111111111000000000001111111111000000,1,0,2091214.2857142873
566,1,TypeB,42400,000000000000000000000111111110000000000000000001111111100000000000000000000000011111111000000000000000000011111111000000000000000000000000001111111100000000000000000000,1,0,2949442.8571428563
567,2,TypeB,42400,000000000000000000000111111110000000000000000001111111100000000000000000000000011111111000000000000000000011111111000000000000000000000000001111111100000000000000000000,1,0,2949442.857142858
568,3,TypeC,27800,000000000011110000000000111110000000000000000000000000000000000000000000000000000000111000000000000000000000011111000000000000000000000000000000000000001111110000000000,1,0,1959771.4285714272
569,4,TypeC,27800,000000000011110000000000111110000000000000000000000000000000000000000000000000000000111000000000000000000000011111000000000000000000000000000000000000001111110000000000,1,0,1959771.4285714282
570,0,TypeA,50800,000011111111110000000000000000000000000000000000000000000111111110000000000000011111111000000000000000000000000001111111111000000000000000000000000000001111111111000000,1,0,4074285.7142857164
571,1,TypeB,41400,000000000000000000000111111110000000000000000001111111100000000011111111000000000000000000000111111100000000000000000000000000000000000000000000000000111111110000000000,1,0,2061857.1428571418
572,2,TypeB,41400,000000000000000000000111111110000000000000000001111111100000000011111111000000000000000000000111111100000000000000000000000000000000000000000000000000111111110000000000,1,0,2061857.1428571437
573,3,TypeC,29800,000000000000000000000001111110000000000000000000000000111100000000000000001111110000000000000000000000000000000000000111111000000000000000000000000000001111110000000000,1,0,1828428.57142857
574,4,TypeC,29800,000000000000000000000001111110000000000000000000000000111100000000000000001111110000000000000000000000000000000000000111111000000000000000000000000000001111110000000000,1,0,1828428.571428571
575,0,TypeA,50300,000011111111110000000000000000000000000000000000000000000111111110000000000000000000000000000000000000011111111100000000000000000001111111111000000000000001111111111000,1,0,4281685.714285716
576,1,TypeB,43800,000000000000000000000000000000000000011111110000000000000000011111111000000000011111111000000000000000000000000000000000000000011111111000000000000000011111111000000000,1,0,0.0
577,2,TypeB,43800,000000000000000000000000000000000000011111110000000000000000011111111000000000011111111000000000000000000000000000000000000000011111111000000000000000011111111000000000,1,0,1.862645149230957e-09
578,3,TypeC,28300,000000000011110000000000111110000000000000000000000000111100000000000000001111110000000000000000000000000000000000000000000000000000000000000000000000000111111000000000,1,0,1533442.8571428554
579,4,TypeC,28300,000000000011110000000000111110000000000000000000000000111100000000000000001111110000000000000000000000000000000000000000000000000000000000000000000000000111111000000000,1,0,1533442.8571428563
580,0,TypeA,52100,000000000000000000111111111100000000000000000000000000000111111110000000000011111111110000000000000000011111111100000000000000000000000000000000000000001111111111000000,1,0,4832957.142857142
581,1,TypeB,43800,000000000000000000000000000000000000000000000000000000111111110000000000000000011111111000000000000000011111110000000000000000011111111000000000000000011111111000000000,1,0,361671.42857142724
582,2,TypeB,43800,000000000000000000000000000000000000000000000000000000111111110000000000000000011111111000000000000000011111110000000000000000011111111000000000000000011111111000000000,1,0,361671.4285714291
583,3,TypeC,24400,000000000000000000000111100000000001110000000000000000111100000000000000001111110000000000000000000000000000000000000000000000000000000000000000000000000000011111000000,1,0,2848757.1428571413
584,4,TypeC,24400,000000000000000000000111100000000001110000000000000000111100000000000000001111110000000000000000000000000000000000000000000000000000000000000000000000000000011111000000,1,0,2848757.1428571423
585,0,TypeA,52300,000011111111110000000000000000000000000000000000000000000111111110000000000011111111100000000000000000000000000001111111111000000000000000000000000000111111111000000000,1,0,4188400.0
586,1,TypeB,43800,000000000000000000000000000000000000000000000001111111100000000000000000000000011111111000000000000000011111110000000000000000011111111000000000000000011111111000000000,1,0,1619528.571428571
587,2,TypeB,43800,000000000000000000000000000000000000000000000001111111100000000000000000000000011111111000000000000000011111110000000000000000011111111000000000000000011111111000000000,1,0,1619528.5714285728
588,3,TypeC,30900,000000000000011111100000000000000000000000000000000000111100000000000000001111110000000000000000000000000000000000000000000000011111100000000000000000000000011111000000,1,0,1701214.2857142836
589,4,TypeC,30900,000000000000011111100000000000000000000000000000000000111100000000000000001111110000000000000000000000000000000000000000000000011111100000000000000000000000011111000000,1,0,1701214.2857142845
590,0,TypeA,53100,000011111111110000000000000000000000000000000000000000000000001111111111000000000000000000000000000000011111111100000000000000011111111110000000000000111111111000000000,1,0,4247357.142857144
591,1,TypeB,42500,000000000000000000000000000000000000000000000001111111100000000000000000000000011111111000000000000000011111110000000000000000000000001111111000000000111111110000000000,1,0,3258257.1428571427
592,2,TypeB,42500,000000000000000000000000000000000000000000000001111111100000000000000000000000011111111000000000000000011111110000000000000000000000001111111000000000111111110000000000,1,0,3258257.1428571446
593,3,TypeC,31200,000000000000011111100000000000001111110000000000000000111100000000000000001111110000000000000000000000000000000000000000000000000000000000000000000000000000011111000000,1,0,1060857.1428571418
594,4,TypeC,31200,000000000000011111100000000000001111110000000000000000111100000000000000001111110000000000000000000000000000000000000000000000000000000000000000000000000000011111000000,1,0,1060857.1428571427
595,0,TypeA,50900,000011111111110000000000000000000000000000000000000000000111111110000000000000000000111111111100000000000000011111111100000000000001111111111000000000000000000000000000,1,0,962371.4285714291
596,1,TypeB,40400,000000000000000000000000000000000000011111110000000000000000011111111000000000011111111000000000000000011111110000000000000000000000000000001111111100000000000000000000,1,0,1153542.8571428573
597,2,TypeB,40400,000000000000000000000000000000000000011111110000000000000000011111111000000000011111111000000000000000011111110000000000000000000000000000001111111100000000000000000000,1,0,1153542.8571428591
598,3,TypeC,23400,000000000011111000000000000000000001110000000000000000000000000000000000000000000000000000000000000111110000000000000000000000000000000000000000111100000000000000001111,1,0,2045957.1428571418
599,4,TypeC,23400,000000000011111000000000000000000001110000000000000000000000000000000000000000000000000000000000000111110000000000000000000000000000000000000000111100000000000000001111,1,0,2045957.1428571427
600,0,TypeA,53800,000011111111110000000000000000000000000000000001111111100000000000001111111110000000000000000000000000011111111100000000000000011111111110000000000000000000000000000000,1,0,3374371.428571429
601,1,TypeB,41600,000000000000000000000111111100000000000000000001111111100000000000000000000000011111111000000000000000000000000000000111111100000000000000001111111100000000000000000000,1,0,2438328.571428571
602,2,TypeB,41600,000000000000000000000111111100000000000000000001111111100000000000000000000000011111111000000000000000000000000000000111111100000000000000001111111100000000000000000000,1,0,2438328.5714285728
603,3,TypeC,24300,000000000000011110000000000000000001110000000000000000000000000000000000000000000000000000000000000000000000000000000000000000011111100000000000111100000000000000001111,1,0,1696614.2857142845
604,4,TypeC,24300,000000000000011110000000000000000001110000000000000000000000000000000000000000000000000000000000000000000000000000000000000000011111100000000000111100000000000000001111,1,0,1696614.2857142854
605,0,TypeA,51600,000000000000000000000000000000000000000000000000000000111111111000000000000000000000111111111100000000000000011111111100000000000001111111111000000000001111111111000000,1,0,1129842.8571428582
606,1,TypeB,42800,000000000000000000000000000000000000000000000001111111100000000000001111111000000000000000000000000000011111110000000000000000011111111000000000000000111111110000000000,1,0,1200200.0
607,2,TypeB,42800,000000000000000000000000000000000000000000000001111111100000000000001111111000000000000000000000000000011111110000000000000000011111111000000000000000111111110000000000,1,0,1200200.0000000019
608,3,TypeC,27800,000000000000011110000000000000000001110000000000000000000000000000000001111110000000000000000000000000000000000000000000000000000001111000000000000000001111110000000000,1,0,1763071.4285714272
609,4,TypeC,27800,000000000000011110000000000000000001110000000000000000000000000000000001111110000000000000000000000000000000000000000000000000000001111000000000000000001111110000000000,1,0,1763071.4285714282
610,0,TypeA,51500,000011111111110000000000000000000000000000000000000000111111111000000000000000000000000000000000000000011111111100000000000000011111111110000000000000111111111000000000,1,0,2667385.7142857164
611,1,TypeB,43800,000000000000000000000000000000000000000000000001111111100000000000000000000000011111111000000000000000011111110000000000000000011111111000000000000000111111110000000000,1,0,1619528.571428571
612,2,TypeB,43800,000000000000000000000000000000000000000000000001111111100000000000000000000000011111111000000000000000011111110000000000000000011111111000000000000000111111110000000000,1,0,1619528.5714285728
613,3,TypeC,27900,000000000000000000000000000000000001110000000000000000000000000000000001111110000000000000000000000000000000000001111100000000000001111000000000000000000111111000000000,1,0,1763671.4285714272
614,4,TypeC,27900,000000000000000000000000000000000001110000000000000000000000000000000001111110000000000000000000000000000000000001111100000000000001111000000000000000000111111000000000,1,0,1763671.4285714282
615,0,TypeA,51100,000011111111110000000000000000000001111111110000000000000111111110000000000000000000000000000000000000000000000001111111111000000000000000000000000000111111111000000000,1,0,3847957.1428571455
616,1,TypeB,42600,000000000000000000000000000000000000011111111000000000000111111110000000000000011111111000000000000000000000000000000111111100000000000000001111111100000000000000000000,1,0,1117514.2857142854
617,2,TypeB,42600,000000000000000000000000000000000000011111111000000000000111111110000000000000011111111000000000000000000000000000000111111100000000000000001111111100000000000000000000,1,0,1117514.2857142873
618,3,TypeC,28100,000000000011110000000000000000000001110000000000000000000000000000000001111110000000000000000000000000000000000000000000000000000001111000000000000000000111111000000000,1,0,1960071.4285714272
619,4,TypeC,28100,000000000011110000000000000000000001110000000000000000000000000000000001111110000000000000000000000000000000000000000000000000000001111000000000000000000111111000000000,1,0,1960071.4285714282
620,0,TypeA,53400,000000000000011111111100000000000001111111111000000000000000000000001111111110000000000000000000000000011111111110000000000000011111111110000000000000000000000000000000,1,0,5106314.285714287
621,1,TypeB,44800,000000000000000000000000000000000000000000000001111111100000000000000000000000011111111000000000000000000011111111000000000000011111111000000000000000011111111000000000,1,0,1707714.2857142854
622,2,TypeB,44800,000000000000000000000000000000000000000000000001111111100000000000000000000000011111111000000000000000000011111111000000000000011111111000000000000000011111111000000000,1,0,1707714.2857142873
623,3,TypeC,26000,000000000000000000000000000000000000000000001111110000000000000000000001111110000000000000000000000000000000000000000111111000000000000000000000111100000000000000001111,1,0,2341042.8571428563
624,4,TypeC,26000,000000000000000000000000000000000000000000001111110000000000000000000001111110000000000000000000000000000000000000000111111000000000000000000000111100000000000000001111,1,0,2341042.8571428573
625,0,TypeA,54700,000011111111110000000000000000000001111111111000000000000000000000001111111110000000000000000000000000000011111111110000000000011111111110000000000000000000000000000000,1,0,2398500.0000000037
626,3,TypeC,26200,000000000011110000000000000000000001110000000000000000000000000000000000000000011111100000000000000000000000000000000000000000011111000000000000000000000000000000001111,1,0,2669785.7142857127
627,4,TypeC,26200,000000000011110000000000000000000001110000000000000000000000000000000000000000011111100000000000000000000000000000000000000000011111000000000000000000000000000000001111,1,0,2669785.7142857136
628,0,TypeA,53200,000000000000000000000000000011111111110000000000000000000000000000000000000000000000111111111100000000000011111111110000000000011111111110000000000000111111111000000000,1,0,15628.571428570896
629,3,TypeC,24000,000000000000000000000001111110000000000000001111110000000000000000000000000000000000000000000000000000000000000000000000111100000000000000000000111100000000000000001111,1,0,1339042.8571428563
630,4,TypeC,24000,000000000000000000000001111110000000000000001111110000000000000000000000000000000000000000000000000000000000000000000000111100000000000000000000111100000000000000001111,1,0,1339042.8571428573
631,0,TypeA,55800,000011111111110000000000000000000001111111111000000000000000000000000000000000000000000000000001111111110000000000000000001111111111000000000000000000111111111000000000,1,0,3466285.7142857164
632,3,TypeC,27800,000000000000000000000001111110000000000000000000000000000000000000000001111110000000000000000000000000000000000000000000000000000001111110000000000111100000000000001111,1,0,1340642.8571428563
633,4,TypeC,27800,000000000000000000000001111110000000000000000000000000000000000000000001111110000000000000000000000000000000000000000000000000000001111110000000000111100000000000001111,1,0,1340642.8571428573
634,0,TypeA,54300,000000000000000000111111111100000000000000000000000000000000000000000000000011111111100000000000000000011111111110000000000000011111111110000000000000111111111000000000,1,0,6001128.571428572
635,3,TypeC,23100,000000000000000000000000000000000001110000000000000000000000000000000000000000011111100000000000000000000000000000000000111100000000000000000000111100000000000000001111,1,0,2113714.2857142845
636,4,TypeC,23100,000000000000000000000000000000000001110000000000000000000000000000000000000000011111100000000000000000000000000000000000111100000000000000000000111100000000000000001111,1,0,2113714.2857142854
637,0,TypeA,55300,000011111111110000000000000000000001111111111000000000000000000000000000000000000000111111111100000000000000000001111111111000000000000000000000000000111111111000000000,1,0,2109014.2857142873
638,3,TypeC,27600,000000000000000000000000000000000011110000000000000000000000000000000000000000011111100000000000000000000000000000000000000000011111100000000000111100000000000000001111,1,0,2474985.7142857127
639,4,TypeC,27600,000000000000000000000000000000000011110000000000000000000000000000000000000000011111100000000000000000000000000000000000000000011111100000000000111100000000000000001111,1,0,2474985.7142857136
640,0,TypeA,52000,000000000000111111111100000000000001111111110000000000000000000000000000000000000000000000000000000000011111111110000000000000011111111110000000000000000001111111111000,1,0,5156771.428571431
641,3,TypeC,21900,000000000000000000000000000000000001110000000000000000000000000000000001111110000000000000000000000000000000000000000000111100000000000000000000111100000000000000001111,1,0,1337942.8571428563
642,4,TypeC,21900,000000000000000000000000000000000001110000000000000000000000000000000001111110000000000000000000000000000000000000000000111100000000000000000000111100000000000000001111,1,0,1337942.8571428573
643,0,TypeA,54000,000000000000000000111111111100000000000000000000000000000000000000000000000000000000011111111100000000000000000111111111000000000001111111111000000000001111111111000000,1,0,4354371.428571429
644,1,TypeB,43800,000000000000000000000000000000000000000000000000000000000000011111111000000000000000000000000111111100000000000011111111000000000000000000001111111100000000011111111000,1,0,1543942.8571428563
645,2,TypeB,43800,000000000000000000000000000000000000000000000000000000000000011111111000000000000000000000000111111100000000000011111111000000000000000000001111111100000000011111111000,1,0,1543942.8571428582
646,3,TypeC,30200,000000000000000000000000000000000001110000000000000000000000000000000001111110000000000000000000000000000000000011111100000000000001111110000000000000000000011111000000,1,0,1767871.4285714272
647,4,TypeC,30200,000000000000000000000000000000000001110000000000000000000000000000000001111110000000000000000000000000000000000011111100000000000001111110000000000000000000011111000000,1,0,1767871.4285714282
648,0,TypeA,51300,000000000000000000000000000000000001111111111000000000000000000000000000000000000000011111111100000000000011111111110000000000011111111110000000000000111111111000000000,1,0,1745071.428571431
649,3,TypeC,32500,000000000011111100000000000111111000000000001111110000000000000000000000000000000000000000000000000000000000000000000000000000000000111110000000000000000000011111000000,1,0,-9.313225746154785e-10
650,4,TypeC,32500,000000000011111100000000000111111000000000001111110000000000000000000000000000000000000000000000000000000000000000000000000000000000111110000000000000000000011111000000,1,0,0.0
651,0,TypeA,53900,000000000000011111111100000000000001111111111000000000000000000000000000000000000000000000000001111111110000000000000000000111111111100000000000000000111111111000000000,1,0,5260685.714285716
652,3,TypeC,26400,000000000011110000000000000111111000000000000000000000000000000000000000000000000000000000000000000000000000000000000000000000011111100000000000111100000000000000001111,1,0,930042.8571428554
653,4,TypeC,26400,000000000011110000000000000111111000000000000000000000000000000000000000000000000000000000000000000000000000000000000000000000011111100000000000111100000000000000001111,1,0,930042.8571428563
654,0,TypeA,53200,000011111111110000000000000000000001111111111000000000000000000000000000000000000000000000000000000000011111111110000000000000011111111110000000000000111111111000000000,1,0,3862985.7142857164
655,3,TypeC,28100,000000111110000000000001111110000000000000000000000000000000000000000000000000000000000000000000000000000000000000000000000000000000111110000000000111111000000000001111,1,0,-9.313225746154785e-10
656,4,TypeC,28100,000000111110000000000001111110000000000000000000000000000000000000000000000000000000000000000000000000000000000000000000000000000000111110000000000111111000000000001111,1,0,0.0
657,0,TypeA,55100,000000000000000000111111111100000000000000000000000000000000000000000000000000000000111111111100000000000011111111110000000000011111111110000000000000000001111111111000,1,0,2274785.7142857164
658,3,TypeC,31000,000000000000000000000001111110000000000000001111110000000000000000000000000000000000000000000000000000000000000001111100000000000001111110000000000000000000011111000000,1,0,1767671.4285714282
659,4,TypeC,31000,000000000000000000000001111110000000000000001111110000000000000000000000000000000000000000000000000000000000000001111100000000000001111110000000000000000000011111000000,1,0,1767671.428571429
660,0,TypeA,55500,000011111111110000000000000000000001111111111000000000000000000000000000000000000000000000000001111111110000000000000000000111111111100000000000000000111111111000000000,1,0,3465985.7142857164
661,3,TypeC,30800,000000000011111100000000000111000000000000001111110000000000000000000000000000000000000000000000000000000000000000000000000000000001111110000000000000000000011111000000,1,0,998299.9999999991
662,4,TypeC,30800,000000000011111100000000000111000000000000001111110000000000000000000000000000000000000000000000000000000000000000000000000000000001111110000000000000000000011111000000,1,0,998300.0
663,0,TypeA,53400,000000000000000000111111111100000000000000000000000000111111111000000000000000000000000000000000000000000011111111110000000000011111111110000000000000111111111000000000,1,0,3553271.428571429
664,3,TypeC,30400,000000000011111100000000000000000001110000000000011111100000000000000000000000000000000000000000000000000000000000000000000000000000111110000000000000000000011111000000,1,0,-9.313225746154785e-10
665,4,TypeC,30400,000000000011111100000000000000000001110000000000011111100000000000000000000000000000000000000000000000000000000000000000000000000000111110000000000000000000011111000000,1,0,0.0
666,0,TypeA,52200,000011111111110000000000000000000000000000000000000000000000000000000000000000000000011111111100000000000011111111110000000000011111111110000000000000111111111000000000,1,0,977400.0
667,3,TypeC,30700,000000000011111100000000000000000001110000000000000000000000000000000000000000000000000000000000000000000000000001111100000000000001111110000000000000000000011111000000,1,0,964571.4285714272
668,4,TypeC,30700,000000000011111100000000000000000001110000000000000000000000000000000000000000000000000000000000000000000000000001111100000000000001111110000000000000000000011111000000,1,0,964571.4285714282
669,0,TypeA,51600,000000000000000000000000000000000000000000000000000000111111111000000000000000000000111111111100000000000011111111110000000000011111111110000000000000111111111000000000,1,0,551471.4285714291
670,3,TypeC,31400,000000001111110000000000000000000001110000000000000000000000000000000000000000000000000000000000000000000000000000011111100000000001111110000000000000000000011111000000,1,0,2339142.8571428554
671,4,TypeC,31400,000000001111110000000000000000000001110000000000000000000000000000000000000000000000000000000000000000000000000000011111100000000001111110000000000000000000011111000000,1,0,2339142.8571428563
672,0,TypeA,52200,000011111111110000000000000000000000000000000000000000111111111000000000000000000000000000000000000000000011111111110000000000011111111110000000000000111111111000000000,1,0,1755271.428571429
673,3,TypeC,30300,000000001111110000000000000000000000000000001111110000000000000000000000000000000000000000000000000000000000000000000000000000000001111110000000000111110000000000001111,1,0,1000699.9999999991
674,4,TypeC,30300,000000001111110000000000000000000000000000001111110000000000000000000000000000000000000000000000000000000000000000000000000000000001111110000000000111110000000000001111,1,0,1000700.0
675,0,TypeA,57500,000011111111110000000000000000000000000000000000000000111111111000000000000000000000000000000001111111110000000000011111111100000000000000000000111111111100000000000000,1,0,2249457.1428571455
676,1,TypeB,40200,000000000011111111000000000000000000000000000001111111100000000000001111111100000000000000000000000111111110000000000111111100000000000000000000000000000000000000000000,1,0,1127614.2857142854
677,2,TypeB,40200,000000000011111111000000000000000000000000000001111111100000000000001111111100000000000000000000000111111110000000000111111100000000000000000000000000000000000000000000,1,0,1127614.2857142873
678,3,TypeC,31400,000000000000011111000000000000001111110000000000000000000000000000000000000000000000000000000000000111110000000000000000000000000000111110000000000000000000011111000000,1,0,974371.4285714282
679,4,TypeC,31400,000000000000011111000000000000001111110000000000000000000000000000000000000000000000000000000000000111110000000000000000000000000000111110000000000000000000011111000000,1,0,974371.4285714291
680,0,TypeA,52000,000000000000000000111111111100000000000000000000000000111111111000000000000000000000011111111100000000000000011111111100000000000000111111111000000000000000000000000000,1,0,1796000.0000000019
681,1,TypeB,44800,000000000000000000000111111110000000000000000000000000000000011111111000000000011111111000000000000000000000000000000000000000011111111000000000000000111111110000000000,1,0,1028228.5714285709
682,2,TypeB,44800,000000000000000000000111111110000000000000000000000000000000011111111000000000011111111000000000000000000000000000000000000000011111111000000000000000111111110000000000,1,0,1028228.5714285728
683,3,TypeC,32400,000000000000011111100000000000001111110000000000000000000000000000000000000000000000000000000000000111110000000000000000000000000000111110000000000000000000011111000000,1,0,975371.4285714282
684,4,TypeC,32400,000000000000011111100000000000001111110000000000000000000000000000000000000000000000000000000000000111110000000000000000000000000000111110000000000000000000011111000000,1,0,975371.4285714291
685,0,TypeA,50800,000000000000011111111100000000000000000000000000000000111111111000000000000011111111100000000000000000000000011111111100000000000001111111111000000000000000000000000000,1,0,4106314.2857142873
686,1,TypeB,41600,000000000011111110000000000000000000000000000001111111100000000011111111000000000000000000000000000000000000000000000111111100000000000000000000000000111111110000000000,1,0,1125614.2857142854
687,2,TypeB,41600,000000000011111110000000000000000000000000000001111111100000000011111111000000000000000000000000000000000000000000000111111100000000000000000000000000111111110000000000,1,0,1125614.2857142873
688,3,TypeC,26700,000000000000011110000000000000001111110000000000000000000000000000000000000000000000000000000000000000000000000000000000001111110000000000000000111100000000000000001111,1,0,904814.2857142845
689,4,TypeC,26700,000000000000011110000000000000001111110000000000000000000000000000000000000000000000000000000000000000000000000000000000001111110000000000000000111100000000000000001111,1,0,904814.2857142854
690,0,TypeA,52800,000011111111110000000000000000000000000000000000000000111111111000000000000000000000111111111100000000000000011111111100000000000001111111111000000000000000000000000000,1,0,1.862645149230957e-09
691,1,TypeB,42700,000000000000000000000111111110000000000000000001111111100000000000001111111100000000000000000000000000000000000001111111100000000000000000000000000000011111111000000000,1,0,2352342.8571428563
692,2,TypeB,42700,000000000000000000000111111110000000000000000001111111100000000000001111111100000000000000000000000000000000000001111111100000000000000000000000000000011111111000000000,1,0,2352342.857142858
693,3,TypeC,34000,000000001111110000000000000000001111110000000000000000000000000000000000000000000000000000000000000111110000000000000000000000000001111110000000000000000000011111000000,1,0,636028.5714285709
694,4,TypeC,34000,000000001111110000000000000000001111110000000000000000000000000000000000000000000000000000000000000111110000000000000000000000000001111110000000000000000000011111000000,1,0,636028.5714285718
695,0,TypeA,53500,000011111111110000000000000000000001111111111000000000000000000000000000000000000000111111111100000000000000011111111100000000000000000000000000000000000001111111111000,1,0,1115214.2857142873
696,1,TypeB,44800,000000000011111111000000000000000000000000000001111111100000000000001111111100000000000000000000000000000000000000000000000000011111111000000000000000000000011111111000,1,0,999.9999999981374
697,2,TypeB,44800,000000000011111111000000000000000000000000000001111111100000000000001111111100000000000000000000000000000000000000000000000000011111111000000000000000000000011111111000,1,0,1000.0
698,3,TypeC,28700,000000000000011111100000000000001111110000000000000000000000000000000000000000000000000000000000000000000000000000000000001111110000000000000000111100000000000000001111,1,0,906814.2857142845
699,4,TypeC,28700,000000000000011111100000000000001111110000000000000000000000000000000000000000000000000000000000000000000000000000000000001111110000000000000000111100000000000000001111,1,0,906814.2857142854
700,0,TypeA,51600,000000000000011111111100000000000001111111111000000000000000000000000000000000000000111111111100000000000000011111111100000000000000000000000000000000001111111111000000,1,0,2836757.1428571455
701,1,TypeB,43800,000000000000000000000111111110000000000000000000000000000000011111111000000000000000000000000000000000011111110000000000000000011111111000000000000000000000011111111000,1,0,680885.7142857146
702,2,TypeB,43800,000000000000000000000111111110000000000000000000000000000000011111111000000000000000000000000000000000011111110000000000000000011111111000000000000000000000011111111000,1,0,680885.7142857164
703,3,TypeC,32000,000000000000011111100000000000001111110000000000000000000000000000000000000000000000000000000111000000000000000000000000000000000011111000000000000000000111111000000000,1,0,1595399.999999999
704,4,TypeC,32000,000000000000011111100000000000001111110000000000000000000000000000000000000000000000000000000111000000000000000000000000000000000011111000000000000000000111111000000000,1,0,1595400.0
705,0,TypeA,51500,000011111111110000000000000000000001111111111000000000000111111110000000000000000000000000000000000000011111111100000000000111111111100000000000000000000000000000000000,1,0,3207528.5714285728
706,3,TypeC,31700,000000000000011111100000000000001111110000000000000000000000000000000000000000000000000000000111000000000000000000000000000000000001111110000000000000000000011111000000,1,0,1596999.999999999
707,4,TypeC,31700,000000000000011111100000000000001111110000000000000000000000000000000000000000000000000000000111000000000000000000000000000000000001111110000000000000000000011111000000,1,0,1597000.0
708,0,TypeA,48400,000000000011111111100000000000000001111111111000000000000111111110000000000000000000111111111100000000000000011111111100000000000000000000000000000000000000000000000000,1,0,1438157.1428571455
709,3,TypeC,20200,000000000000000000000000000000000001110000000000000000111100000000000000000000000000000000000111000000000000000000000000000000000000000000001111100000000000000000001111,1,0,3504614.2857142845
710,4,TypeC,20200,000000000000000000000000000000000001110000000000000000111100000000000000000000000000000000000111000000000000000000000000000000000000000000001111100000000000000000001111,1,0,3504614.2857142854
711,0,TypeA,49900,000011111111110000000000000000000001111111111000000000000111111110000000000000000000011111111100000000000000011111111100000000000000000000000000000000000000000000000000,1,0,446657.1428571455
712,1,TypeB,41400,000000000000000000000000000000000000000000000001111111100000000011111111000000000000000000000111111100000000000011111111000000000000000000001111111100000000000000000000,1,0,2152442.8571428563
713,2,TypeB,41400,000000000000000000000000000000000000000000000001111111100000000011111111000000000000000000000111111100000000000011111111000000000000000000001111111100000000000000000000,1,0,2152442.857142858
714,3,TypeC,26800,000000000000000000000000000000000001110000000000000000111100000000000000000000000000000000000111000000000000000000000000000000000001111110000000000000000111111000000000,1,0,1907114.2857142854
715,4,TypeC,26800,000000000000000000000000000000000001110000000000000000111100000000000000000000000000000000000111000000000000000000000000000000000001111110000000000000000111111000000000,1,0,1907114.2857142864
716,0,TypeA,49000,000011111111110000000000000000000001111111110000000000000111111110000000000000000000000000000000000000000000011111111100000000000000000000000000000000001111111111000000,1,0,2781000.0
717,1,TypeB,42400,000000000000000000000111111110000000000000000000000000000000011111111000000000011111111000000000000000000011111111000000000000011111111000000000000000000000000000000000,1,0,1116414.2857142845
718,2,TypeB,42400,000000000000000000000111111110000000000000000000000000000000011111111000000000011111111000000000000000000011111111000000000000011111111000000000000000000000000000000000,1,0,1116414.2857142864
719,3,TypeC,28600,000000000000000000000001111110000000000000000000000000111100000000000000000000000000000000000111000000000000000000000000000000000001111110000000000000001111110000000000,1,0,1908914.2857142854
720,4,TypeC,28600,000000000000000000000001111110000000000000000000000000111100000000000000000000000000000000000111000000000000000000000000000000000001111110000000000000001111110000000000,1,0,1908914.2857142864
721,0,TypeA,49000,000000000000111111111100000000000001111111110000000000000111111110000000000000000000111111111100000000000000011111111100000000000000000000000000000000000000000000000000,1,0,2243057.1428571455
722,3,TypeC,27700,000000000011110000000000000000000001110000000000000000111100000000000000000000000000000000000000000000000000000000000000000000000000111110000000000000000111111000000000,1,0,1481885.7142857136
723,4,TypeC,27700,000000000011110000000000000000000001110000000000000000111100000000000000000000000000000000000000000000000000000000000000000000000000111110000000000000000111111000000000,1,0,1481885.7142857146
724,0,TypeA,50500,000011111111110000000000000000000001111111111000000000000111111110000000000011111111100000000000000000000000011111111100000000000000000000000000000000000000000000000000,1,0,2759271.428571429
725,3,TypeC,26500,000000001111110000000000000000000001110000000000000000111100000000000000000000000000000000000111000000000000000000000000000000000000000000000000000000000111111000000000,1,0,2078885.7142857127
726,4,TypeC,26500,000000001111110000000000000000000001110000000000000000111100000000000000000000000000000000000111000000000000000000000000000000000000000000000000000000000111111000000000,1,0,2078885.7142857136
727,0,TypeA,51500,000011111111110000000000000000000001111111111000000000000111111110000000000011111111110000000000000000000000000000000000000000000000000000000000000000111111111000000000,1,0,2669685.7142857164
728,1,TypeB,41700,000000000000000000000111111110000000000000000000000000000000011111111000000000000000000000000111111100000000000001111111100000000000000000001111111100000000000000000000,1,0,2028528.57142857
729,2,TypeB,41700,000000000000000000000111111110000000000000000000000000000000011111111000000000000000000000000111111100000000000001111111100000000000000000001111111100000000000000000000,1,0,2028528.5714285718
730,3,TypeC,27500,000000000000011111000000000000000001111100000000000000000000000000000000000011110000000000000111000000000000000000000000000000000000000000000000000000000111111000000000,1,0,1254757.14285714
731,4,TypeC,27500,000000000000011111000000000000000001111100000000000000000000000000000000000011110000000000000111000000000000000000000000000000000000000000000000000000000111111000000000,1,0,1254757.1428571409
732,0,TypeA,50900,000011111111110000000000000000000001111111111000000000000111111110000000000000000000111111111100000000000000000000000000000000000000000000000000000000111111111000000000,1,0,1357071.428571429
733,1,TypeB,41700,000000000000000000000000000000000000011111111000000000000000011111111000000000000000000000000111111100000000000001111111100000000000000000001111111100000000000000000000,1,0,1000300.0
734,2,TypeB,41700,000000000000000000000000000000000000011111111000000000000000011111111000000000000000000000000111111100000000000001111111100000000000000000001111111100000000000000000000,1,0,1000300.0000000019
735,3,TypeC,28800,000000000000000000111111000000000000000000001111110000000000000000000000001111110000000000000111000000000000000000000000000000000000000000000000000000000111111000000000,1,0,2923342.8571428554
736,4,TypeC,28800,000000000000000000111111000000000000000000001111110000000000000000000000001111110000000000000111000000000000000000000000000000000000000000000000000000000111111000000000,1,0,2923342.8571428563
737,0,TypeA,52500,000011111111110000000000000000000001111111111000000000000111111110000000000000000000000000000000000000000000000000000000001111111111000000000000000000001111111111000000,1,0,2629957.1428571455
738,3,TypeC,29700,000000000011110000000000000000000001111100000000000000000000000000000000000000000000000000000111000000000000000000000000000000011111100000000000000000000111111000000000,1,0,1762671.4285714263
739,4,TypeC,29700,000000000011110000000000000000000001111100000000000000000000000000000000000000000000000000000111000000000000000000000000000000011111100000000000000000000111111000000000,1,0,1762671.4285714272
740,0,TypeA,50600,000011111111110000000000000000000000000000000000000000000111111110000000000000000000111111111100000000000011111111110000000000000000000000000000000000111111111000000000,1,0,1385000.0
741,1,TypeB,42400,000000000011111111000000000000000000000000000000000000000000011111111000000000011111111000000000000111111110000000000000000000000000000000000000000000011111111000000000,1,0,1288385.7142857136
742,2,TypeB,42400,000000000011111111000000000000000000000000000000000000000000011111111000000000011111111000000000000111111110000000000000000000000000000000000000000000011111111000000000,1,0,1288385.7142857155
743,3,TypeC,23500,000000000000000001111100000000000001111100000000000000000000000000000000000000000000000000000111000000000000000000000000000000000000000000001111100000000000000000001111,1,0,3804399.999999998
744,4,TypeC,23500,000000000000000001111100000000000001111100000000000000000000000000000000000000000000000000000111000000000000000000000000000000000000000000001111100000000000000000001111,1,0,3804399.999999999
745,0,TypeA,52100,000011111111110000000000000000000001111111111000000000000111111110000000000011111111110000000000000000000000000111111111000000000000000000000000000000000000000000000000,1,0,2760871.428571429
746,1,TypeB,41400,000000000000000000000111111110000000000000000001111111100000000000000000000000011111110000000000000000000000000011111111000000000000000000000000000000111111110000000000,1,0,2857857.1428571427
747,2,TypeB,41400,000000000000000000000111111110000000000000000001111111100000000000000000000000011111110000000000000000000000000011111111000000000000000000000000000000111111110000000000,1,0,2857857.1428571446
748,3,TypeC,20100,000000000011110000000000000000000001110000000000000000000000000000000000000000000000000000000111000000000000000000000000000000000000000000000000111100000000000000001111,1,0,2664985.7142857127
749,4,TypeC,20100,000000000011110000000000000000000001110000000000000000000000000000000000000000000000000000000111000000000000000000000000000000000000000000000000111100000000000000001111,1,0,2664985.7142857136
750,0,TypeA,50800,000011111111110000000000000000000000000000000000000000000111111110000000000011111111110000000000000000000000011111111100000000000000000000000000000000111111111000000000,1,0,2697214.2857142873
751,1,TypeB,42400,000000000000000000000000000000000000011111111000000000000000011111111000000000011111111000000000000000000000000011111111000000000000000000000000000000111111110000000000,1,0,1151142.8571428582
752,2,TypeB,42400,000000000000000000000000000000000000011111111000000000000000011111111000000000011111111000000000000000000000000011111111000000000000000000000000000000111111110000000000,1,0,1151142.85714286
753,3,TypeC,24500,000000000000011111100000000000000000000000000000000000111100000000000000000000000000000000000000000111110000000000000000000000000000000000000000111100000000000000001111,1,0,1886085.7142857136
754,4,TypeC,24500,000000000000011111100000000000000000000000000000000000111100000000000000000000000000000000000000000111110000000000000000000000000000000000000000111100000000000000001111,1,0,1886085.7142857146
755,0,TypeA,51400,000011111111110000000000000011111111110000000000000000000000011111111000000000000000000000000000000000000000011111111100000000000000000000000000000000111111111000000000,1,0,1240328.5714285728
756,1,TypeB,40200,000000000000000000000000000000000000011111111000000000000000011111111000000000011111111000000000000111111110000000000111111100000000000000000000000000000000000000000000,1,0,642028.5714285728
757,2,TypeB,40200,000000000000000000000000000000000000011111111000000000000000011111111000000000011111111000000000000111111110000000000111111100000000000000000000000000000000000000000000,1,0,642028.5714285746
758,3,TypeC,34400,000000000011111100000000000111111000000000011111000000000000000000000000000000000000000000000000000000000000000000000000000000000111111000000000000000000111111000000000,1,0,0.0
759,4,TypeC,34400,000000000011111100000000000111111000000000011111000000000000000000000000000000000000000000000000000000000000000000000000000000000111111000000000000000000111111000000000,1,0,9.313225746154785e-10
760,0,TypeA,47700,000000000000000000000000000000000000000000000000000000000111111110000000000011111111100000000000000000011111111110000000000000000000111111111000000000000111111111000000,1,0,5315042.857142857
761,3,TypeC,24000,000000000000000000000000000000000000000000001111110000000000000000000001111110000000000000000111000000000000000000000000000000000000000000000000000111110000000000001111,1,0,2471685.7142857127
762,4,TypeC,24000,000000000000000000000000000000000000000000001111110000000000000000000001111110000000000000000111000000000000000000000000000000000000000000000000000111110000000000001111,1,0,2471685.7142857136
763,0,TypeA,54100,000000000000111111111100000000000000000000000000011111111100000000000000000000000000000000000000000000011111111110000000000000000001111111111000000000000001111111111000,1,0,6375371.42857143
764,1,TypeB,41400,000000000000000000000000000000000000011111111000000000000000011111111000000000011111111000000000000000011111110000000000000000000000000000001111111100000000000000000000,1,0,1153542.8571428582
765,2,TypeB,41400,000000000000000000000000000000000000011111111000000000000000011111111000000000011111111000000000000000011111110000000000000000000000000000001111111100000000000000000000,1,0,1153542.85714286
766,3,TypeC,25400,000000000000000000000000000000000111110000000000011111100000000000000000000000000000111000000000000000000000000000000000000000000000000000000000000111110000000000001111,1,0,93285.71428571455
767,4,TypeC,25400,000000000000000000000000000000000111110000000000011111100000000000000000000000000000111000000000000000000000000000000000000000000000000000000000000111110000000000001111,1,0,93285.71428571548
768,0,TypeA,49700,000011111111110000000000000000000000000000000000000000000111111110000000000000000000000000000000000000011111111110000000000000000001111111111000000000000111111111000000,1,0,4208228.571428571
769,3,TypeC,25800,000000000000000000000111000000000000000000001111110000000000000000000001111110000000000000000111000000000000000000000000000000000000000000000000000000000111111000000000,1,0,3382899.999999999
770,4,TypeC,25800,000000000000000000000111000000000000000000001111110000000000000000000001111110000000000000000111000000000000000000000000000000000000000000000000000000000111111000000000,1,0,3382900.0
771,0,TypeA,52600,000000000000011111111100000000000000000000000000011111111100000000000000000000000000000000000000000000011111111100000000000111111111100000000000000000111111111000000000,1,0,6236157.142857144
772,1,TypeB,44800,000000000000000000000000000000000000000000000001111111100000000000000000000000011111111000000000000000000011111111000000000000011111111000000000000000111111110000000000,1,0,1707714.2857142854
773,2,TypeB,44800,000000000000000000000000000000000000000000000001111111100000000000000000000000011111111000000000000000000011111111000000000000011111111000000000000000111111110000000000,1,0,1707714.2857142873
774,3,TypeC,29400,000000000000011111100000000000000000000000001111110000000000000000000000000000011111100000000000000000000000000000000000000000000000000000001111100000000000000000001111,1,0,3628828.5714285704
775,4,TypeC,29400,000000000000011111100000000000000000000000001111110000000000000000000000000000011111100000000000000000000000000000000000000000000000000000001111100000000000000000001111,1,0,3628828.5714285714
776,0,TypeA,50900,000000000011111111100000000000000001111111111000000000000000000000000000000000000000000000000000000000011111111100000000000111111111100000000000000000111111111000000000,1,0,5367200.000000002
777,1,TypeB,42400,000000000000000000000000000000000000011111111000000000000000011111111000000000011111111000000000000000000011111111000000000000000000000000001111111100000000000000000000,1,0,1241728.5714285728
778,2,TypeB,42400,000000000000000000000000000000000000011111111000000000000000011111111000000000011111111000000000000000000011111111000000000000000000000000001111111100000000000000000000,1,0,1241728.5714285746
779,3,TypeC,34800,000000000000000000000000000111111000000000000000011111100000000000000000000000011111100000000000000000000000000000000000000000000111111000000000000000000111111000000000,1,0,615499.9999999991
780,4,TypeC,34800,000000000000000000000000000111111000000000000000011111100000000000000000000000011111100000000000000000000000000000000000000000000111111000000000000000000111111000000000,1,0,615500.0
781,0,TypeA,50900,000000000000011111111100000000000000000000000000000000000000001111111111000000000000000000000000000000000000011111111100000000000001111111111000000000000111111111000000,1,0,5707014.285714287
782,1,TypeB,42400,000000000000000011111111000000000000000000000000000000000000011111111000000000011111111000000000000000000011111111000000000000000000000000000000000000111111110000000000,1,0,3179371.428571428
783,2,TypeB,42400,000000000000000011111111000000000000000000000000000000000000011111111000000000011111111000000000000000000011111111000000000000000000000000000000000000111111110000000000,1,0,3179371.42857143
784,3,TypeC,34000,000000000000011111100000000000000011110000000000000000000000000000000001111110000000000000000000000000000000000000000000000000000111111000000000000000000111111000000000,1,0,1769271.4285714272
785,4,TypeC,34000,000000000000011111100000000000000011110000000000000000000000000000000001111110000000000000000000000000000000000000000000000000000111111000000000000000000111111000000000,1,0,1769271.4285714282
786,0,TypeA,49000,000000000000000000000000000011111111110000000000000000000111111110000000000000000000000000000000000000000000011111111100000000000001111111111000000000000111111111000000,1,0,2331942.857142858
787,1,TypeB,44800,000000000000000000000000000000000000011111111000000000000000011111111000000000011111111000000000000000000000000000000000000000011111111000000000000000111111110000000000,1,0,0.0
788,2,TypeB,44800,000000000000000000000000000000000000011111111000000000000000011111111000000000011111111000000000000000000000000000000000000000011111111000000000000000111111110000000000,1,0,1.862645149230957e-09
789,3,TypeC,25200,000000000000011110000000000111111000000000011111000000000000000000000000000000000000000000000000000000000000000000000000000000000000000000000000000111110000000000001111,1,0,884685.7142857127
790,4,TypeC,25200,000000000000011110000000000111111000000000011111000000000000000000000000000000000000000000000000000000000000000000000000000000000000000000000000000111110000000000001111,1,0,884685.7142857136
791,0,TypeA,50300,000000000000011111111100000000000000000000000000000000000000000000000000000000000000111111111100000000000000011111111100000000000001111111111000000000000111111111000000,1,0,3350171.428571429
792,1,TypeB,42400,000000000000000000000111111110000000000000000000000000000000011111111000000000011111111000000000000000000011111111000000000000000000000000000000000000111111110000000000,1,0,2179371.428571428
793,2,TypeB,42400,000000000000000000000111111110000000000000000000000000000000011111111000000000011111111000000000000000000011111111000000000000000000000000000000000000111111110000000000,1,0,2179371.42857143
794,3,TypeC,32100,000000000011111000000000000000001111110000000000000000111100000000000001111110000000000000000000000000000000000000000000000000000000000000000000000000000111111000000000,1,0,1205600.0
795,4,TypeC,32100,000000000011111000000000000000001111110000000000000000111100000000000001111110000000000000000000000000000000000000000000000000000000000000000000000000000111111000000000,1,0,1205600.000000001
796,0,TypeA,51500,000000000000111111111100000000000011111111110000000000000000000000000000000011111111100000000000000000000000011111111100000000000000000000000000000000111111111000000000,1,0,5724842.857142858
797,1,TypeB,41400,000000000000000000000111111110000000000000000000000000000000011111111000000000011111111000000000000000011111110000000000000000000000000000000000000000000000011111111000,1,0,1606599.999999999
798,2,TypeB,41400,000000000000000000000111111110000000000000000000000000000000011111111000000000011111111000000000000000011111110000000000000000000000000000000000000000000000011111111000,1,0,1606600.000000001
799,3,TypeC,23500,000000000000000000000000000000000111110000000000000000000000000000000001111110000000000000000111000000000000000000000000000000000000000000000000111100000000000000001111,1,0,1677985.7142857127
800,4,TypeC,23500,000000000000000000000000000000000111110000000000000000000000000000000001111110000000000000000111000000000000000000000000000000000000000000000000111100000000000000001111,1,0,1677985.7142857136
801,0,TypeA,53400,000011111111110000000000000000000001111111111000000000000000000000000000000000000000000000000000000000011111111100000000000111111111100000000000000000111111111000000000,1,0,4376700.0
802,3,TypeC,23500,000000000000000000000000000000000001111100000000000000000000000000000001111110000000000000000111000000000000000000000000000000000000000000000000111100000000000000001111,1,0,1804399.9999999981
803,4,TypeC,23500,000000000000000000000000000000000001111100000000000000000000000000000001111110000000000000000111000000000000000000000000000000000000000000000000111100000000000000001111,1,0,1804399.999999999
804,0,TypeA,48000,000001111111110000000000000000000001111111110000000000000000000000000000000000000000000000000000000000000000011111111100000000000000111111111000000000000111111111000000,1,0,3979700.000000002
805,3,TypeC,31300,000000000000000000000000000000001111110000000000011111100000000000000001111110000000000000000000000000000000000000000000000000000111111000000000000000000000000000001111,1,0,99185.71428571455
806,4,TypeC,31300,000000000000000000000000000000001111110000000000011111100000000000000001111110000000000000000000000000000000000000000000000000000111111000000000000000000000000000001111,1,0,99185.71428571548
807,0,TypeA,51800,000000000000000000000000000000000001111111111000000000000000000000000001111111110000000000000000000000000000011111111100000000000001111111111000000000000111111111000000,1,0,3861385.7142857164
808,1,TypeB,42400,000000000011111111000000000000000000000000000001111111100000000000000000000000011111111000000000000000000011111111000000000000000000000000000000000000000000011111111000,1,0,1570471.4285714282
809,2,TypeB,42400,000000000011111111000000000000000000000000000001111111100000000000000000000000011111111000000000000000000011111111000000000000000000000000000000000000000000011111111000,1,0,1570471.42857143
810,3,TypeC,26000,000000000000000000000001111110000000000000000000000000000000000000000001111110000000000000000000000000000000000000011111100000000000000000000000111100000000000000001111,1,0,2763871.4285714272
811,4,TypeC,26000,000000000000000000000001111110000000000000000000000000000000000000000001111110000000000000000000000000000000000000011111100000000000000000000000111100000000000000001111,1,0,2763871.428571428
812,0,TypeA,51900,000000000000000000000000000000000000000000000000000000000000001111111111000000000000111111111100000000000000011111111100000000000001111111111000000000000111111111000000,1,0,2708514.2857142873
813,1,TypeB,41400,000000000000000000000111111110000000000000000001111111100000000000001111111100000000000000000000000000011111110000000000000000000000000000000000000000000000011111111000,1,0,1867757.1428571418
814,2,TypeB,41400,000000000000000000000111111110000000000000000001111111100000000000001111111100000000000000000000000000011111110000000000000000000000000000000000000000000000011111111000,1,0,1867757.1428571437
815,3,TypeC,28200,000000000000000000000001111110000000000000011111000000000000000000000001111110000000000000000000000000000000000000000000000000011111100000000000000000000000000000001111,1,0,1700014.2857142854
816,4,TypeC,28200,000000000000000000000001111110000000000000011111000000000000000000000001111110000000000000000000000000000000000000000000000000011111100000000000000000000000000000001111,1,0,1700014.2857142864
817,0,TypeA,51600,000011111111110000000000000000000001111111111000000000000000000000000000000000000000000000000000000000000000011111111100000000000001111111111000000000000111111111000000,1,0,3526942.857142858
818,1,TypeB,44800,000000000000000000000111111110000000000000000001111111100000000000001111111100000000000000000000000000000000000000000000000000011111111000000000000000000000011111111000,1,0,804800.0
819,2,TypeB,44800,000000000000000000000111111110000000000000000001111111100000000000001111111100000000000000000000000000000000000000000000000000011111111000000000000000000000011111111000,1,0,804800.0000000019
820,3,TypeC,29800,000000000011111100000000000111111000000000001111110000000000000000000001111110000000000000000000000000000000000000000000000000000000000000000000000000000000000000001111,1,0,85985.71428571269
821,4,TypeC,29800,000000000011111100000000000111111000000000001111110000000000000000000001111110000000000000000000000000000000000000000000000000000000000000000000000000000000000000001111,1,0,85985.71428571362
822,0,TypeA,55200,000011111111110000000000000000000000000000000000000000111111111000000000000000000000001111111111000000000000000001111111111000000000000000000000000000111111111000000000,1,0,1537342.8571428582
823,3,TypeC,24000,000000000000000000000001111110000000000000000000000000000000000000000001111110000000000000000111000000000000000000000000000000000000000000000000000111110000000000001111,1,0,2472685.7142857127
824,4,TypeC,24000,000000000000000000000001111110000000000000000000000000000000000000000001111110000000000000000111000000000000000000000000000000000000000000000000000111110000000000001111,1,0,2472685.7142857136
825,0,TypeA,49900,000000000000000000000000000000000000000000000000000000111111111000000000000000000000001111111111000000000000011111111100000000000000111111111000000000000111111111000000,1,0,1750471.428571429
826,1,TypeB,43800,000000000000000000000000000000000000000000000000000000000111111110000000000000011111111000000000000000011111110000000000000000000000000000001111111100000000011111111000,1,0,1994899.9999999981
827,2,TypeB,43800,000000000000000000000000000000000000000000000000000000000111111110000000000000011111111000000000000000011111110000000000000000000000000000001111111100000000011111111000,1,0,1994900.0
828,3,TypeC,24500,000000000000000000000000000000001111110000000000000000000000000000000001111110000000000000000111000000000000000000000000000000000000000000000000111100000000000000001111,1,0,1678985.7142857127
829,4,TypeC,24500,000000000000000000000000000000001111110000000000000000000000000000000001111110000000000000000111000000000000000000000000000000000000000000000000111100000000000000001111,1,0,1678985.7142857136
830,0,TypeA,53200,000000000000111111111100000000000000000000000000000000111111111000000000000000000000000000000001111111110000000000000000000111111111000000000000000000111111111000000000,1,0,4066085.7142857164
831,1,TypeB,40400,000000000000000000000111111110000000000000000001111111100000000000001111111000000000000000000000000000011111110000000000000000000000000000000000000000000000011111111000,1,0,1866757.1428571418
832,2,TypeB,40400,000000000000000000000111111110000000000000000001111111100000000000001111111000000000000000000000000000011111110000000000000000000000000000000000000000000000011111111000,1,0,1866757.1428571437
833,3,TypeC,27200,000000000000011111100000000000000000000000001111110000000000000000000001111110000000000000000000000000000000000000000000000000000000000000000000111100000000000000001111,1,0,1852057.1428571418
834,4,TypeC,27200,000000000000011111100000000000000000000000001111110000000000000000000001111110000000000000000000000000000000000000000000000000000000000000000000111100000000000000001111,1,0,1852057.1428571427
835,0,TypeA,50300,000000000000111111111100000000000000000000000000000000111111111000000000000000000000000000000000000000000000011111111100000000000001111111111000000000000111111111000000,1,0,4128042.857142858
836,1,TypeB,43800,000000000000000000000111111110000000000000000000000000000111111110000000000000000000000000000000000000011111110000000000000000011111111000000000000000000000011111111000,1,0,1066785.7142857127
837,2,TypeB,43800,000000000000000000000111111110000000000000000000000000000111111110000000000000000000000000000000000000011111110000000000000000011111111000000000000000000000011111111000,1,0,1066785.7142857146
838,3,TypeC,29300,000000000011111100000000000000001111110000000000000000000000000000000001111110000000000000000000000000000000000000000000000000000000000000000000111100000000000000001111,1,0,257657.1428571418
839,4,TypeC,29300,000000000011111100000000000000001111110000000000000000000000000000000001111110000000000000000000000000000000000000000000000000000000000000000000111100000000000000001111,1,0,257657.14285714272
840,0,TypeA,48600,000000000000000000000000000000000001111111110000000000000111111110000000000000000000001111111111000000000000011111111100000000000000000000000000000000111111111000000000,1,0,2774900.0
841,3,TypeC,26500,000000000000000000111111000000000001111100000000000000000000000000000001111110000000000000000000000000000000000000000000000000000000000000000000111100000000000000001111,1,0,2185071.4285714272
842,4,TypeC,26500,000000000000000000111111000000000001111100000000000000000000000000000001111110000000000000000000000000000000000000000000000000000000000000000000111100000000000000001111,1,0,2185071.428571428
843,0,TypeA,48100,000000000000000000000000000000000001111111111000000000000111111110000000000000000000000000000000000000000000011111111100000000000001111111111000000000000111111111000000,1,0,4062385.7142857164
844,3,TypeC,26000,000000000000000000000001111110000000000000011111000000000000000000000001111110000000000000000000000000000000000000000000000000000000000000001111100000000000000000001111,1,0,2851357.1428571423
845,4,TypeC,26000,000000000000000000000001111110000000000000011111000000000000000000000001111110000000000000000000000000000000000000000000000000000000000000001111100000000000000000001111,1,0,2851357.142857143
846,0,TypeA,49800,000011111111110000000000000000000000000000000000000000111111111000000000000000011111111000000000000000000000011111111100000000000000000000000000000000111111111000000000,1,0,3194500.000000002
847,1,TypeB,43800,000000000000000000000000000000000000000000000001111111100000000000000000000000011111111000000000000000011111110000000000000000000000000000001111111100000000011111111000,1,0,2288485.7142857136
848,2,TypeB,43800,000000000000000000000000000000000000000000000001111111100000000000000000000000011111111000000000000000011111110000000000000000000000000000001111111100000000011111111000,1,0,2288485.7142857155
849,3,TypeC,28500,000000001111110000000000000111111000000000011111000000000000000000000001111110000000000000000000000000000000000000000000000000000000000000000000000000000000000000001111,1,0,547042.8571428563
850,4,TypeC,28500,000000001111110000000000000111111000000000011111000000000000000000000001111110000000000000000000000000000000000000000000000000000000000000000000000000000000000000001111,1,0,547042.8571428573
851,0,TypeA,49600,000011111111110000000000000000000011111111110000000000000111111110000000000000000000000000000000000000000000011111111100000000000000000000000000000000111111111000000000,1,0,3356771.428571429
852,3,TypeC,28700,000000000000011111100000000000000111110000000000000000000000000000000001111110000000000000000000000000000000000000000000000000000000000000001111100000000000000000001111,1,0,2060357.1428571418
853,4,TypeC,28700,000000000000011111100000000000000111110000000000000000000000000000000001111110000000000000000000000000000000000000000000000000000000000000001111100000000000000000001111,1,0,2060357.1428571427
854,0,TypeA,52200,000011111111110000000000000000000000000000000000000000111111111000000000000000000000000000000000000000000000011111111100000000000001111111111000000000001111111111000000,1,0,2333642.857142858
855,3,TypeC,26700,000000000000011111000000000000000001111100000000000000000000000000000001111110000000000000000000000000000000000000000000000000000000000000000000111100000000000000001111,1,0,1184771.4285714272
856,4,TypeC,26700,000000000000011111000000000000000001111100000000000000000000000000000001111110000000000000000000000000000000000000000000000000000000000000000000111100000000000000001111,1,0,1184771.4285714282
857,0,TypeA,57600,000000000000000000111111111100000000000000000000000000000000001111111111000000000000000000000001111111110000000000000000000111111111100000000000000000111111111000000000,1,0,5649357.142857144
858,3,TypeC,26000,000000000000000000111111000000000000000000011111000000000000000000000001111110000000000000000000000000000000000000000000000000000000000000000000000111110000000000001111,1,0,2851357.1428571423
859,4,TypeC,26000,000000000000000000111111000000000000000000011111000000000000000000000001111110000000000000000000000000000000000000000000000000000000000000000000000111110000000000001111,1,0,2851357.142857143
860,0,TypeA,50900,000011111111110000000000000000000000000000000000000000111111111000000000000000000000000000000000000000000000011111111100000000000001111111111000000000000111111111000000,1,0,2332342.857142858
861,3,TypeC,28500,000000001111110000000000000111111000000000000000000000000000000000000001111110000000000000000000000000000000000000000000000000000000000000000000000111110000000000001111,1,0,548042.8571428554
862,4,TypeC,28500,000000001111110000000000000111111000000000000000000000000000000000000001111110000000000000000000000000000000000000000000000000000000000000000000000111110000000000001111,1,0,548042.8571428563
863,0,TypeA,51300,000000000000000000000000000000000001111111110000000000000000000000000000000011111111110000000000000000000011111111110000000000000000111111111000000000000001111111111000,1,0,3709314.2857142873
864,3,TypeC,27400,000000000000011111000000000000000000000000011111000000000000000000000000000000011111100000000000000000000000000000000000000000000000000000000000000111110000000000001111,1,0,2626828.571428571
865,4,TypeC,27400,000000000000011111000000000000000000000000011111000000000000000000000000000000011111100000000000000000000000000000000000000000000000000000000000000111110000000000001111,1,0,2626828.571428572
866,0,TypeA,53100,000000000000111111111100000000000000000000000000011111111100000000000000000000000000111111111100000000000011111111110000000000000000111111111000000000000000000000000000,1,0,3054457.1428571455
867,3,TypeC,26000,000000000000000000000001111110000000000000000000011111100000000000000001111110000000000000000000000000000000000000000000000000000000000000000000111100000000000000001111,1,0,888085.7142857136
868,4,TypeC,26000,000000000000000000000001111110000000000000000000011111100000000000000001111110000000000000000000000000000000000000000000000000000000000000000000111100000000000000001111,1,0,888085.7142857146
869,0,TypeA,49300,000000000000000000000000000000000001111111111000000000000111111110000000000011111111100000000000000000011111111100000000000000000001111111111000000000000000000000000000,1,0,4954171.428571429
870,3,TypeC,21000,000000000000000000000111000000000000000000000000000000000000000000000001111110000000000000000000000000000000000000000000111100000000000000000000111100000000000000001111,1,0,2337042.8571428563
871,4,TypeC,21000,000000000000000000000111000000000000000000000000000000000000000000000001111110000000000000000000000000000000000000000000111100000000000000000000111100000000000000001111,1,0,2337042.8571428573
872,0,TypeA,54000,000000000000000000111111111100000000000000000000000000000111111110000000000000000000000000000001111111110000000000011111111100000000000000000000000000111111111000000000,1,0,5674885.7142857155
873,3,TypeC,25000,000000000000000000000001111110000000000000011111000000000000000000000001111110000000000000000000000000000000000000000000000000000000000000000000111100000000000000001111,1,0,1850357.1428571418
874,4,TypeC,25000,000000000000000000000001111110000000000000011111000000000000000000000001111110000000000000000000000000000000000000000000000000000000000000000000111100000000000000001111,1,0,1850357.1428571427
875,0,TypeA,51900,000000000000000000000000000000000001111111111000000000000111111110000000000000000000000000000001111111110000000000011111111100000000000000000000000000111111111000000000,1,0,4644557.1428571455
876,3,TypeC,28500,000000001111110000000000000111111000000000000000000000000000000000000001111110000000000000000000000000000000000000000000000000000000000000001111100000000000000000001111,1,0,1548042.8571428554
877,4,TypeC,28500,000000001111110000000000000111111000000000000000000000000000000000000001111110000000000000000000000000000000000000000000000000000000000000001111100000000000000000001111,1,0,1548042.8571428563
878,0,TypeA,52800,000011111111110000000000000000000000000000000000000000000111111110000000000000000000000000000001111111110000000000011111111100000000000000000000000000111111111000000000,1,0,3876885.7142857164
879,3,TypeC,27200,000000000000000000000001111110000000000000000000000000000000000000000001111110000000000000000000000000000000000000000000000000011111100000000000111100000000000000001111,1,0,1700014.2857142845
880,4,TypeC,27200,000000000000000000000001111110000000000000000000000000000000000000000001111110000000000000000000000000000000000000000000000000011111100000000000111100000000000000001111,1,0,1700014.2857142854
881,0,TypeA,51500,000000000000011111111100000000000000000000000000000000000000000000000000000000000000001111111111000000000000000111111111000000000001111111111000000000000111111111000000,1,0,4973700.0
882,1,TypeB,43000,000000000000011111100000000000000000000000000001111111100000000000000000000000000000000000000000000000000000000000000111111100000000000000001111111100000000011111111000,1,0,2089485.7142857136
883,2,TypeB,43000,000000000000011111100000000000000000000000000001111111100000000000000000000000000000000000000000000000000000000000000111111100000000000000001111111100000000011111111000,1,0,2089485.7142857155
884,3,TypeC,27000,000000000000000000111111000000000000000000000000011111100000000000000001111110000000000000000000000000000000000000000000000000000000000000000000000111110000000000001111,1,0,1889085.7142857136
885,4,TypeC,27000,000000000000000000111111000000000000000000000000011111100000000000000001111110000000000000000000000000000000000000000000000000000000000000000000000111110000000000001111,1,0,1889085.7142857146
886,0,TypeA,55600,000000000000000000111111111100000000000000000000011111111100000000000000000000000000000000000001111111110000000000000000000111111111000000000000000000000111111111000000,1,0,4751671.428571429
887,1,TypeB,45000,000000000000000000000111111110000000000000000001111111100000000000000000000000000000000000000000000000000000000000000111111100000000000000001111111100000000011111111000,1,0,2091985.7142857136
888,2,TypeB,45000,000000000000000000000111111110000000000000000001111111100000000000000000000000000000000000000000000000000000000000000111111100000000000000001111111100000000011111111000,1,0,2091985.7142857155
889,3,TypeC,27200,000000000000011111100000000000000000000000000000011111100000000000000001111110000000000000000000000000000000000000000000000000000000000000000000000111100000000000001111,1,0,888785.7142857136
890,4,TypeC,27200,000000000000011111100000000000000000000000000000011111100000000000000001111110000000000000000000000000000000000000000000000000000000000000000000000111100000000000001111,1,0,888785.7142857146
891,1,TypeB,44800,000000000000000000000111111110000000000000000001111111100000000000000000000000011111111000000000000000000000000000000000000000011111111000000000000000000000011111111000,1,0,1223128.571428571
892,2,TypeB,44800,000000000000000000000111111110000000000000000001111111100000000000000000000000011111111000000000000000000000000000000000000000011111111000000000000000000000011111111000,1,0,1223128.5714285728
893,3,TypeC,24000,000000000000000000000001111110000000000000000000000000000000000000000001111110000000000000000000000000000000000000000000111100000000000000000000111100000000000000001111,1,0,1340042.8571428563
894,4,TypeC,24000,000000000000000000000001111110000000000000000000000000000000000000000001111110000000000000000000000000000000000000000000111100000000000000000000111100000000000000001111,1,0,1340042.8571428573
895,0,TypeA,51800,000000000000000000000000000000000000000000000000011111111100000000000000000011111111100000000000000000000011111111110000000000000001111111111000000000000111111111000000,1,0,4699914.285714287
896,3,TypeC,29700,000000000000011111100000000000000111110000000000011111100000000000000001111110000000000000000000000000000000000000000000000000000000000000000000000000000000000000001111,1,0,97085.71428571362
897,4,TypeC,29700,000000000000011111100000000000000111110000000000011111100000000000000001111110000000000000000000000000000000000000000000000000000000000000000000000000000000000000001111,1,0,97085.71428571455
898,0,TypeA,52200,000011111111110000000000000000000001111111110000000000000000000000000000000011111111100000000000000000000011111111110000000000000001111111111000000000000000000000000000,1,0,3506314.2857142873
899,3,TypeC,29000,000000000000011111100000000000000001111100000000000000000000000000000000000000000000000000000000000000000000000011111100000000000000000000000000000111110000000000001111,1,0,1187071.4285714272
900,4,TypeC,29000,000000000000011111100000000000000001111100000000000000000000000000000000000000000000000000000000000000000000000011111100000000000000000000000000000111110000000000001111,1,0,1187071.4285714282
901,0,TypeA,48400,000000000000000000000000000000000001111111111000000000000000000000000000000000011111111000000000000000011111111100000000000000000001111111111000000000000111111111000000,1,0,6007928.571428575
902,1,TypeB,42600,000000000000000000000111111110000000000000000001111111100000000000000000000000011111111000000000000000000000000000000111111100000000000000000000000000111111110000000000,1,0,2348742.8571428563
903,2,TypeB,42600,000000000000000000000111111110000000000000000001111111100000000000000000000000011111111000000000000000000000000000000111111100000000000000000000000000111111110000000000,1,0,2348742.857142858
904,3,TypeC,27900,000000000000011110000000000000001111110000000000000000000000000000000000000000011111100000000000000000000000000000000000000000000000000000000000111100000000000000001111,1,0,1834128.571428571
905,4,TypeC,27900,000000000000011110000000000000001111110000000000000000000000000000000000000000011111100000000000000000000000000000000000000000000000000000000000111100000000000000001111,1,0,1834128.5714285718
906,0,TypeA,51300,000011111111110000000000000000000001111111111000000000000000000000000000000000000000000000000000000000011111111100000000000000000001111111111000000000000111111111000000,1,0,4439457.1428571455
907,3,TypeC,26700,000000000000011111000000000000000111110000000000000000000000000000000001111110000000000000000000000000000000000000000000000000000000000000000000111100000000000000001111,1,0,1058357.1428571418
908,4,TypeC,26700,000000000000011111000000000000000111110000000000000000000000000000000001111110000000000000000000000000000000000000000000000000000000000000000000111100000000000000001111,1,0,1058357.1428571427
909,0,TypeA,50700,000011111111110000000000000000000001111111110000000000000000000000000000000000000000000000000000000000000011111111110000000000000001111111111000000000000111111111000000,1,0,3527042.857142858
910,3,TypeC,26700,000000000000011110000000000000001111110000000000000000000000000000000001111110000000000000000000000000000000000000000000000000000000000000000000111100000000000000001111,1,0,1058357.1428571418
911,4,TypeC,26700,000000000000011110000000000000001111110000000000000000000000000000000001111110000000000000000000000000000000000000000000000000000000000000000000111100000000000000001111,1,0,1058357.1428571427
912,0,TypeA,51400,000000000000000000000000000000000001111111111000000000000000000000000000000000000000111111111100000000000011111111110000000000000001111111111000000000000111111111000000,1,0,2323542.85714286
913,3,TypeC,28700,000000000000011111000000000000001111110000000000000000000000000000000001111110000000000000000000000000000000000000000000000000000000000000001111100000000000000000001111,1,0,2060357.1428571418
914,4,TypeC,28700,000000000000011111000000000000001111110000000000000000000000000000000001111110000000000000000000000000000000000000000000000000000000000000001111100000000000000000001111,1,0,2060357.1428571427
915,0,TypeA,52900,000011111111110000000000000011111111110000000000000000000000000000000000000000000000000000000000000000000011111111110000000000000001111111111000000000000111111111000000,1,0,1796900.0
916,3,TypeC,28000,000000000000011111100000000000000111110000000000000000000000000000000000000000000000000000000000000000000000000011111100000000000000000000000000000111100000000000001111,1,0,1059657.1428571418
917,4,TypeC,28000,000000000000011111100000000000000111110000000000000000000000000000000000000000000000000000000000000000000000000011111100000000000000000000000000000111100000000000001111,1,0,1059657.1428571427
918,0,TypeA,51700,000000000000111111111100000000000000000000000000000000000000000000000000000000000000111111111100000000000011111111110000000000000001111111111000000000000111111111000000,1,0,3351571.428571429
919,3,TypeC,28700,000000000000011111100000000000000001111100000000000000000000000000000000000000000000000000000000000000000000000000000111111000000000000000000000000111110000000000001111,1,0,1676457.1428571409
920,4,TypeC,28700,000000000000011111100000000000000001111100000000000000000000000000000000000000000000000000000000000000000000000000000111111000000000000000000000000111110000000000001111,1,0,1676457.1428571418
921,0,TypeA,52300,000011111111110000000000000000000000000000000000000000000000000000000000000000000000111111111100000000000011111111110000000000000001111111111000000000000111111111000000,1,0,1555871.428571429
922,3,TypeC,29700,000000000000011111100000000000000001111100000000000000000000000000000001111110000000000000000000000000000000000000000000000000000000000000000000000111111000000000001111,1,0,1187771.4285714272
923,4,TypeC,29700,000000000000011111100000000000000001111100000000000000000000000000000001111110000000000000000000000000000000000000000000000000000000000000000000000111111000000000001111,1,0,1187771.4285714282
924,0,TypeA,50600,000000000000000000000000000000000000000000000000000000000111111110000000000000000000001111111111000000000000011111111100000000000001111111111000000000000001111111111000,1,0,2788300.000000002
925,3,TypeC,27700,000000000000011111100000000000000111110000000000000000000000000000000001111110000000000000000000000000000000000000000000000000000000000000000000111100000000000000001111,1,0,1059357.1428571418
926,4,TypeC,27700,000000000000011111100000000000000111110000000000000000000000000000000001111110000000000000000000000000000000000000000000000000000000000000000000111100000000000000001111,1,0,1059357.1428571427
927,0,TypeA,51000,000000000000000000000000000011111111110000000000000000000111111110000000000000000000000000000001111111110000000000000000000111111111000000000000000000000111111111000000,1,0,1693914.2857142873
928,1,TypeB,41700,000000000000000000000000000000000000000000000001111111100000000011111111000000000000000000000111111100000000000001111111100000000000000000000000000000111111110000000000,1,0,1973671.4285714272
929,2,TypeB,41700,000000000000000000000000000000000000000000000001111111100000000011111111000000000000000000000111111100000000000001111111100000000000000000000000000000111111110000000000,1,0,1973671.428571429
930,3,TypeC,27500,000000000000000000000001111110000000000000000000000000000000000000000000000000011111100000000000000000000000000011111100000000000000000000000000111100000000000000001111,1,0,2628428.571428571
931,4,TypeC,27500,000000000000000000000001111110000000000000000000000000000000000000000000000000011111100000000000000000000000000011111100000000000000000000000000111100000000000000001111,1,0,2628428.571428572
932,0,TypeA,50200,000011111111110000000000000000000000000000000000000000000111111110000000000011111111100000000000000000011111111100000000000000000001111111111000000000000000000000000000,1,0,4186500.0
933,3,TypeC,28700,000000000000011111100000000000001111110000000000000000000000000000000001111110000000000000000000000000000000000000000000000000000000000000000000111100000000000000001111,1,1,1060357.1428571418
934,4,TypeC,28700,000000000000011111100000000000001111110000000000000000000000000000000001111110000000000000000000000000000000000000000000000000000000000000000000111100000000000000001111,1,0,1060357.1428571427
935,0,TypeA,53400,000011111111110000000000000000000001111111111000000000000111111110000000000000000000111111111100000000000000000001111111111000000000000000000000000000000000000000000000,1,0,939842.8571428582
936,1,TypeB,44800,000000000000000000000000000000000000000000000000000000000000011111111000000000011111111000000000000000000011111111000000000000011111111000000000000000000000011111111000,1,0,543642.8571428563
937,2,TypeB,44800,000000000000000000000000000000000000000000000000000000000000011111111000000000011111111000000000000000000011111111000000000000011111111000000000000000000000011111111000,1,0,543642.8571428582
938,3,TypeC,26800,000000000000000000000111000000000001110000000000000000111100000000000000000000000000000000000000000000000000000000000000000000000001111110000000000000000111111000000000,1,0,2284785.7142857146
939,4,TypeC,26800,000000000000000000000111000000000001110000000000000000111100000000000000000000000000000000000000000000000000000000000000000000000001111110000000000000000111111000000000,1,0,2284785.7142857155
940,0,TypeA,51300,000000000000111111111100000000000000000000000000000000000111111110000000000011111111110000000000000000000011111111110000000000000001111111111000000000000000000000000000,1,0,4071085.7142857146
941,1,TypeB,44800,000000000000000001111111100000000000000000000001111111100000000000000000000000011111111000000000000000000000000000000000000000011111111000000000000000000000011111111000,1,0,2223128.571428571
942,2,TypeB,44800,000000000000000001111111100000000000000000000001111111100000000000000000000000011111111000000000000000000000000000000000000000011111111000000000000000000000011111111000,1,0,2223128.5714285728
943,3,TypeC,27200,000000000000011111100000000000000001110000000000000000111100000000000000000000000000000000000000000000000000000000000000111100000000000000000000000000000111111000000000,1,0,1287885.7142857136
944,4,TypeC,27200,000000000000011111100000000000000001110000000000000000111100000000000000000000000000000000000000000000000000000000000000111100000000000000000000000000000111111000000000,1,0,1287885.7142857146
945,0,TypeA,52400,000011111111110000000000000000000001111111111000000000000111111110000000000000000000000000000001111111110000000000000000000000000001111111111000000000000000000000000000,1,0,2935642.857142858
946,1,TypeB,42700,000000000011111111000000000000000000011111111000000000000000011111111000000000000000000000000000000000000000000001111111100000000000000000000000000000000000011111111000,1,0,0.0
947,2,TypeB,42700,000000000011111111000000000000000000011111111000000000000000011111111000000000000000000000000000000000000000000001111111100000000000000000000000000000000000011111111000,1,0,1.862645149230957e-09
948,3,TypeC,26300,000000000011111000000000000111000000000000000000000000000000000000000000000000000000000000000000000000000000000000000000000000000001111110000000000111110000000000001111,1,0,1569971.4285714272
949,4,TypeC,26300,000000000011111000000000000111000000000000000000000000000000000000000000000000000000000000000000000000000000000000000000000000000001111110000000000111110000000000001111,1,0,1569971.4285714282
950,0,TypeA,51900,000011111111110000000000000000000000000000000000000000000111111110000000000011111111110000000000000000000011111111110000000000000001111111111000000000000000000000000000,1,0,2275385.7142857146
951,1,TypeB,43800,000000000011111110000000000000000000000000000001111111100000000000000000000000000000000000000000000000000011111111000000000000011111111000000000000000011111111000000000,1,0,1128342.8571428563
952,2,TypeB,43800,000000000011111110000000000000000000000000000001111111100000000000000000000000000000000000000000000000000011111111000000000000011111111000000000000000011111111000000000,1,0,1128342.8571428582
953,3,TypeC,28200,000000000000011111100000000000000000000000000000011111100000000000000000000000000000000000000000000000000000000000011111100000000000000000001111100000000000000000001111,1,0,2801299.999999999
954,4,TypeC,28200,000000000000011111100000000000000000000000000000011111100000000000000000000000000000000000000000000000000000000000011111100000000000000000001111100000000000000000001111,1,0,2801300.0
955,0,TypeA,52300,000000000000011111111100000000000001111111111000000000000111111110000000000000000000000000000001111111110000000000000000001111111111000000000000000000000000000000000000,1,0,4091814.2857142873
956,1,TypeB,42600,000000000000000000000111111110000000000000000001111111100000000000000000000000011111111000000000000000000000000000000111111100000000000000000000000000000000011111111000,1,0,1864157.1428571427
957,2,TypeB,42600,000000000000000000000111111110000000000000000001111111100000000000000000000000011111111000000000000000000000000000000111111100000000000000000000000000000000011111111000,1,0,1864157.1428571446
958,3,TypeC,32700,000000000000011111100000000000000001110000000000011111100000000000000000000000000000000000000000000000000000000000000000000000000001111110000000000000000111111000000000,1,0,290185.7142857136
959,4,TypeC,32700,000000000000011111100000000000000001110000000000011111100000000000000000000000000000000000000000000000000000000000000000000000000001111110000000000000000111111000000000,1,0,290185.71428571455
960,0,TypeA,52300,000000000000000000000000000000000001111111111000000000000111111110000000000000000000000000000001111111110000000000000000001111111111000000000000000000111111111000000000,1,0,4001728.5714285728
961,1,TypeB,44800,000000000000000011111111000000000000000000000001111111100000000000000000000000011111111000000000000000000000000000000000000000011111111000000000000000000000011111111000,1,0,2223128.571428571
962,2,TypeB,44800,000000000000000011111111000000000000000000000001111111100000000000000000000000011111111000000000000000000000000000000000000000011111111000000000000000000000011111111000,1,0,2223128.5714285728
963,3,TypeC,30900,000000000000000000000001111110000000000000000000000000111100000000000000000000000000000000000000000000000000000001111100000000000001111110000000000000000111111000000000,1,0,1288885.7142857146
964,4,TypeC,30900,000000000000000000000001111110000000000000000000000000111100000000000000000000000000000000000000000000000000000001111100000000000001111110000000000000000111111000000000,1,0,1288885.7142857155
965,0,TypeA,50300,000011111111110000000000000000000000000000000000000000000111111110000000000000000000011111111100000000000011111111110000000000000001111111111000000000000000000000000000,1,0,961771.4285714291
966,1,TypeB,41400,000000000011111111000000000000000000000000000000000000000000011111111000000000011111111000000000000000000000000001111111000000000000000000000000000000011111111000000000,1,0,1374571.4285714272
967,2,TypeB,41400,000000000011111111000000000000000000000000000000000000000000011111111000000000011111111000000000000000000000000001111111000000000000000000000000000000011111111000000000,1,0,1374571.428571429
968,3,TypeC,25200,000000000011110000000000000111111000000000000000000000000000000000000000000000000000000000000000000000000000000000000000000111110000000000001111100000000000000000001111,1,0,1928842.8571428554
969,4,TypeC,25200,000000000011110000000000000111111000000000000000000000000000000000000000000000000000000000000000000000000000000000000000000111110000000000001111100000000000000000001111,1,0,1928842.8571428563
970,0,TypeA,49600,000001111111110000000000000000000000000000000000000000000111111110000000000011111111100000000000000000000011111111110000000000000001111111111000000000000000000000000000,1,0,3728442.857142858
971,1,TypeB,42600,000000000011111111000000000000000000000000000000000000000000011111111000000000011111111000000000000000000000000000000111111100000000000000000000000000000000011111111000,1,0,380871.4285714291
972,2,TypeB,42600,000000000011111111000000000000000000000000000000000000000000011111111000000000011111111000000000000000000000000000000111111100000000000000000000000000000000011111111000,1,0,380871.42857143097
973,3,TypeC,31000,000000000000011111100000000000000001110000000000000000111100000000000000000000000000000000000000000000000000000000000000000000000001111110000000000000000111111000000000,1,0,1288485.7142857136
974,4,TypeC,31000,000000000000011111100000000000000001110000000000000000111100000000000000000000000000000000000000000000000000000000000000000000000001111110000000000000000111111000000000,1,0,1288485.7142857146
975,0,TypeA,51300,000000000000000000000000000011111111110000000000000000000111111110000000000000000000111111111100000000000011111111110000000000000001111111111000000000000000000000000000,1,0,1.862645149230957e-09
976,1,TypeB,42600,000000000000000000000000000000000000000000000001111111100000000011111111000000000000000000000000000111111110000000000111111100000000000000000000000000000011111111000000,1,0,2026499.999999999
977,2,TypeB,42600,000000000000000000000000000000000000000000000001111111100000000011111111000000000000000000000000000111111110000000000111111100000000000000000000000000000011111111000000,1,0,2026500.000000001
978,3,TypeC,28400,000000000000011111000000000000000000000000011111000000000000000000000001111110000000000000000000000000000000000000000001111100000000000000000000000000000000011111000000,1,0,1767771.4285714272
979,4,TypeC,28400,000000000000011111000000000000000000000000011111000000000000000000000001111110000000000000000000000000000000000000000001111100000000000000000000000000000000011111000000,1,0,1767771.4285714282
980,0,TypeA,50600,000000000000000000000000000000000001111111111000000000000111111110000000000000000000001111111111000000000000011111111100000000000001111111111000000000000000000000000000,1,0,2352971.428571431
981,3,TypeC,29400,000000000000011111100000000000000000000000011111000000000000000000000001111110000000000000000000000000000000000000000001111100000000000000000000000000000000011111000000,1,0,1768771.4285714272
982,4,TypeC,29400,000000000000011111100000000000000000000000011111000000000000000000000001111110000000000000000000000000000000000000000001111100000000000000000000000000000000011111000000,1,0,1768771.4285714282
983,0,TypeA,49700,000000000000011111111100000000000000000000000000000000000111111110000000000000000000111111111100000000000011111111110000000000000001111111111000000000000000000000000000,1,0,2757471.428571429
984,1,TypeB,44800,000000000000000000000000000000000000000000000001111111100000000000000000000000011111111000000000000000000011111111000000000000000000000000001111111100000000011111111000,1,0,2376671.428571428
985,2,TypeB,44800,000000000000000000000000000000000000000000000001111111100000000000000000000000011111111000000000000000000011111111000000000000000000000000001111111100000000011111111000,1,0,2376671.42857143
986,3,TypeC,23900,000000000000000000000000000000000001110000000000000000000000000000000001111110000000000000000000000000000000000000000001111100000000000000000000000111110000000000001111,1,0,1339942.8571428563
987,4,TypeC,23900,000000000000000000000000000000000001110000000000000000000000000000000001111110000000000000000000000000000000000000000001111100000000000000000000000111110000000000001111,1,0,1339942.8571428573
988,0,TypeA,50000,000001111111110000000000000000000000000000000000000000000111111110000000000000000000111111111100000000000011111111110000000000000001111111111000000000000000000000000000,1,0,1416828.5714285728
989,1,TypeB,42400,000000000000000000000111111110000000000000000001111111100000000000000000000000011111111000000000000000000011111111000000000000000000000000000000000000000011111111000000,1,0,3042128.571428571
990,2,TypeB,42400,000000000000000000000111111110000000000000000001111111100000000000000000000000011111111000000000000000000011111111000000000000000000000000000000000000000011111111000000,1,0,3042128.5714285728
991,3,TypeC,28700,000000000000111110000000000000000000000000000000000000000000000000000001111110000000000000000000000000000000000000000001111100000000000000001111100000000000011111000000,1,0,2769071.4285714272
992,4,TypeC,28700,000000000000111110000000000000000000000000000000000000000000000000000001111110000000000000000000000000000000000000000001111100000000000000001111100000000000011111000000,1,0,2769071.428571428
993,0,TypeA,50400,000000000000000000000000000000000001111111111000000000000111111110000000000000000000111111111100000000000011111111110000000000000001111111111000000000000000000000000000,1,0,1730442.8571428582
994,1,TypeB,41400,000000000000000000000000000000000000011111111000000000000000011111111000000000000000000000000111111100000000000011111111000000000000000000001111111100000000000000000000,1,0,1088485.7142857146
995,2,TypeB,41400,000000000000000000000000000000000000011111111000000000000000011111111000000000000000000000000111111100000000000011111111000000000000000000001111111100000000000000000000,1,0,1088485.7142857164
996,3,TypeC,25400,000000000000000000000000000000000001110000000000000000111100000000000001111110000000000000000000000000000000000000000001111100000000000000000000000000000000011111000000,1,0,1801999.999999999
997,4,TypeC,25400,000000000000000000000000000000000001110000000000000000111100000000000001111110000000000000000000000000000000000000000001111100000000000000000000000000000000011111000000,1,0,1802000.0
998,0,TypeA,51000,000011111111110000000000000000000000000000000000000000000111111110000000000000000000000000000000000000000011111111110000000000000001111111111000000000000001111111111000,1,0,3369571.428571431
999,1,TypeB,41400,000000000000000001111111000000000000000000000001111111100000000000001111111100000000000000000000000000000011111111000000000000000000000000001111111100000000000000000000,1,0,3530114.2857142854
1000,2,TypeB,41400,000000000000000001111111000000000000000000000001111111100000000000001111111100000000000000000000000000000011111111000000000000000000000000001111111100000000000000000000,1,0,3530114.2857142873
1001,3,TypeC,27200,000000000000011111100000000000000000000000000000000000000000000000000001111110000000000000000000000000000000000000000001111100000000000000000000000111110000000000001111,1,0,1342742.8571428554
1002,4,TypeC,27200,000000000000011111100000000000000000000000000000000000000000000000000001111110000000000000000000000000000000000000000001111100000000000000000000000111110000000000001111,1,0,1342742.8571428563
1003,0,TypeA,48800,000000000000111111111100000000000000000000000000000000000111111110000000000000000000000000000000000000000011111111110000000000000001111111111000000000000111111111000000,1,0,5090814.285714287
1004,1,TypeB,42400,000000000000000000000111111110000000000000000001111111100000000000001111111100000000000000000000000000000011111111000000000000000000000000001111111100000000000000000000,1,0,2531114.2857142854
1005,2,TypeB,42400,000000000000000000000111111110000000000000000001111111100000000000001111111100000000000000000000000000000011111111000000000000000000000000001111111100000000000000000000,1,0,2531114.2857142873
1006,3,TypeC,29700,000000001111110000000000111110000000000000000000000000000000000000000001111110000000000000000000000000000000000000000001111100000000000000000000000000000000011111000000,1,0,1429128.57142857
1007,4,TypeC,29700,000000001111110000000000111110000000000000000000000000000000000000000001111110000000000000000000000000000000000000000001111100000000000000000000000000000000011111000000,1,0,1429128.571428571
1008,0,TypeA,49400,000011111111110000000000000000000000000000000000000000000111111110000000000000000000000000000000000000000011111111110000000000000001111111111000000000000111111111000000,1,0,3295114.2857142873
1009,1,TypeB,41600,000000000000000000000000000000000000000000000001111111100000000000001111111000000000000000000000000111111110000000000111111100000000000000000000000000000011111111000000,1,0,2025500.0
1010,2,TypeB,41600,000000000000000000000000000000000000000000000001111111100000000000001111111000000000000000000000000111111110000000000111111100000000000000000000000000000011111111000000,1,0,2025500.0000000019
1011,3,TypeC,28300,000000000000011111100000000000000001110000000000000000000000000000000001111110000000000000000000000000000000000000000001111100000000000000000000000000000000011111000000,1,0,1768671.4285714272
1012,4,TypeC,28300,000000000000011111100000000000000001110000000000000000000000000000000001111110000000000000000000000000000000000000000001111100000000000000000000000000000000011111000000,1,0,1768671.4285714282
1013,0,TypeA,49000,000011111111110000000000000000000001111111111000000000000111111110000000000000000000000000000000000000000000011111111100000000000000000000000000000000000111111111000000,1,0,2780000.0
1014,3,TypeC,29100,000000000000000000000001111110000000000000000000000000111100000000000000000111110000000000000000000000000000000000000111111000000000000000000000000000000111111000000000,1,0,1827728.57142857
1015,4,TypeC,29100,000000000000000000000001111110000000000000000000000000111100000000000000000111110000000000000000000000000000000000000111111000000000000000000000000000000111111000000000,1,0,1827728.571428571
1016,3,TypeC,31100,000000000000011111000000000000001111110000000000000000000000000000000000000111110000000000000000000000011110000000000000000000000000000000000000000000000111111000000000,1,0,1422428.57142857
1017,4,TypeC,31100,000000000000011111000000000000001111110000000000000000000000000000000000000111110000000000000000000000011110000000000000000000000000000000000000000000000111111000000000,1,0,1422428.571428571
1018,0,TypeA,49000,000000000000000000000000000000000000000000000000000000000111111110000000000000000000111111111100000000000000000111111111000000000001111111111000000000000111111111000000,1,0,3091514.2857142873
1019,3,TypeC,31400,000000000011110000000000000111111000000000000000000000000000011110000000000000011111100000000000000000000000000000000000000000000000000000000000000000000111111000000000,1,0,1772571.4285714272
1020,4,TypeC,31400,000000000011110000000000000111111000000000000000000000000000011110000000000000011111100000000000000000000000000000000000000000000000000000000000000000000111111000000000,1,0,1772571.4285714282
1021,3,TypeC,31500,000000000000000000111111000000000001110000000000000000000000000000000001111110000000000000000000000000000000000000000000000000000111111000000000000000000111111000000000,1,0,2767271.4285714277
1022,4,TypeC,31500,000000000000000000111111000000000001110000000000000000000000000000000001111110000000000000000000000000000000000000000000000000000111111000000000000000000111111000000000,1,0,2767271.4285714286
1023,3,TypeC,31800,000000000000111110000000000000000111110000000000000000000000000000000000001111110000000000000000000000000000000000000001111100000000000000000000000000000111111000000000,1,0,-1.862645149230957e-09
1024,4,TypeC,31800,000000000000111110000000000000000111110000000000000000000000000000000000001111110000000000000000000000000000000000000001111100000000000000000000000000000111111000000000,1,0,-9.313225746154785e-10
1025,3,TypeC,27800,000000000011110000000000000000000011110000000000000000000000000000000000000000000000000000000000000000011110000000000000000111110000000000000000000000000111111000000000,1,0,2719042.8571428554
1026,4,TypeC,27800,000000000011110000000000000000000011110000000000000000000000000000000000000000000000000000000000000000011110000000000000000111110000000000000000000000000111111000000000,1,0,2719042.8571428563
1027,3,TypeC,32700,000000000011110000000000000000001111110000000000000000000000000000000000000111110000000000000000000000000000000000000000000000011111100000000000000000000111111000000000,1,0,554371.4285714272
1028,4,TypeC,32700,000000000011110000000000000000001111110000000000000000000000000000000000000111110000000000000000000000000000000000000000000000011111100000000000000000000111111000000000,1,0,554371.4285714282
1029,1,TypeB,43800,000000000000000000000000000000000000000000000000000000000000011111111000000000011111111000000000000000000000000001111111000000000000000000001111111100000000011111111000,1,0,1696185.7142857136
1030,2,TypeB,43800,000000000000000000000000000000000000000000000000000000000000011111111000000000011111111000000000000000000000000001111111000000000000000000001111111100000000011111111000,1,0,1696185.7142857155
1031,3,TypeC,32300,000000000011110000000000000000001111110000000000000000000000000000000000000000011111100000000000000000011110000000000000000000000000000000000000000000000111111000000000,1,0,2857457.142857142
1032,4,TypeC,32300,000000000011110000000000000000001111110000000000000000000000000000000000000000011111100000000000000000011110000000000000000000000000000000000000000000000111111000000000,1,0,2857457.1428571427
1033,3,TypeC,29900,000000000011110000000000000000001111110000000000000000000000000000000001111110000000000000000000000000000000000000000000000000000000000000001111100000000000011111000000,1,0,2683085.714285713
1034,4,TypeC,29900,000000000011110000000000000000001111110000000000000000000000000000000001111110000000000000000000000000000000000000000000000000000000000000001111100000000000011111000000,1,0,2683085.714285714
1035,0,TypeA,56500,000000000000000000111111111100000000000000000000000000000000001111111111000000000000001111111111000000000000000111111111100000000000000000000000000000000111111111000000,1,0,4760471.428571429
1036,3,TypeC,29000,000000111110000000000001111110000000000000000000000000000000000000000000000111110000000000000000000000011110000000000000000000000000000000000000000000000111111000000000,1,0,874085.7142857127
1037,4,TypeC,29000,000000111110000000000001111110000000000000000000000000000000000000000000000111110000000000000000000000011110000000000000000000000000000000000000000000000111111000000000,1,0,874085.7142857136
1038,3,TypeC,34300,000000000011110000000000000000001111110000000000000000000000000000000001111110000000000000000000000000000000000000000000000000000111111000000000000000000111111000000000,1,0,1172071.4285714282
1039,4,TypeC,34300,000000000011110000000000000000001111110000000000000000000000000000000001111110000000000000000000000000000000000000000000000000000111111000000000000000000111111000000000,1,0,1172071.428571429
1040,3,TypeC,28200,000000000000011111000000000000000011110000000000000000000000000000000001111110000000000000000111000000000000000000000000000000000000000000000000000000000111111000000000,1,0,2385799.999999998
1041,4,TypeC,28200,000000000000011111000000000000000011110000000000000000000000000000000001111110000000000000000111000000000000000000000000000000000000000000000000000000000111111000000000,1,0,2385799.999999999
1042,3,TypeC,29200,000000000011110000000000000000000011110000000000000000000000000000000000000111110000000000000000000000000000000000000111111000000000000000000000000000000111111000000000,1,0,1988299.9999999981
1043,4,TypeC,29200,000000000011110000000000000000000011110000000000000000000000000000000000000111110000000000000000000000000000000000000111111000000000000000000000000000000111111000000000,1,0,1988299.999999999
1044,3,TypeC,29500,000000000011110000000000000000001111110000000000000000000000000000000001111110000000000000000111000000000000000000000000000000000000000000000000000000000111111000000000,1,0,1789599.999999999
1045,4,TypeC,29500,000000000011110000000000000000001111110000000000000000000000000000000001111110000000000000000111000000000000000000000000000000000000000000000000000000000111111000000000,1,0,1789600.0
1046,3,TypeC,29800,000000000000000000000001111110000000000000000000000000000000000000000000001111110000000000000000000111110000000000000001111100000000000000000000000000000111111000000000,1,0,792699.9999999981
1047,4,TypeC,29800,000000000000000000000001111110000000000000000000000000000000000000000000001111110000000000000000000111110000000000000001111100000000000000000000000000000111111000000000,1,0,792699.9999999991
1048,0,TypeA,53700,000000000000011111111100000000000000000000000000000000000000001111111111000000000000001111111111000000000000000111111111100000000000000000000000000000000111111111000000,1,0,4757171.428571429
1049,3,TypeC,29800,000000000000000001111100000000000000000000001111110000000000000000000000001111110000000000000000000000000000000000000001111100000000000000000000000000000111111000000000,1,0,1791699.999999999
1050,4,TypeC,29800,000000000000000001111100000000000000000000001111110000000000000000000000001111110000000000000000000000000000000000000001111100000000000000000000000000000111111000000000,1,0,1791700.0
1051,0,TypeA,50100,000000000000000000000000000000000001111111111000000000000111111110000000000000000000000000000001111111110000000000000000000111111111000000000000000000000111111111000000,1,0,3424357.1428571455
1052,3,TypeC,29300,000000000000000000000111100000000001111100000000000000000000000000000000001111110000000000000000000000000000000000000001111100000000000000000000000000000111111000000000,1,0,1124414.2857142836
1053,4,TypeC,29300,000000000000000000000111100000000001111100000000000000000000000000000000001111110000000000000000000000000000000000000001111100000000000000000000000000000111111000000000,1,0,1124414.2857142845
1054,3,TypeC,32500,000000000000011111000000000000001111110000000000000000000000000000000000001111110000000000000000000000000000000000000001111100000000000000000000000000000111111000000000,1,0,699.9999999981374
1055,4,TypeC,32500,000000000000011111000000000000001111110000000000000000000000000000000000001111110000000000000000000000000000000000000001111100000000000000000000000000000111111000000000,1,0,699.9999999990687
1056,3,TypeC,30300,000000000000000000000000000000000001111100000000000000000000000000000000001111110000000000000000000111110000000000000001111100000000000000000000000000000111111000000000,1,0,125414.28571428359
1057,4,TypeC,30300,000000000000000000000000000000000001111100000000000000000000000000000000001111110000000000000000000111110000000000000001111100000000000000000000000000000111111000000000,1,0,125414.28571428452
1058,3,TypeC,29800,000000000000000000000000000000000000000000001111110000000000000000000000001111110000000000000000000111110000000000000001111100000000000000000000000000000111111000000000,1,0,791699.9999999991
1059,4,TypeC,29800,000000000000000000000000000000000000000000001111110000000000000000000000001111110000000000000000000111110000000000000001111100000000000000000000000000000111111000000000,1,0,791700.0
1060,3,TypeC,31300,000000000000000000000000000000001111110000000000000000000000000000000000001111110000000000000000000111110000000000000001111100000000000000000000000000000111111000000000,1,0,0.0
1061,4,TypeC,31300,000000000000000000000000000000001111110000000000000000000000000000000000001111110000000000000000000111110000000000000001111100000000000000000000000000000111111000000000,1,0,9.313225746154785e-10
1062,3,TypeC,30800,000000000011110000000000000000000011111100000000000000000000000000000000000111110000000000000000000000000000000000000001111100000000000000000000000000000111111000000000,1,0,322114.2857142836
1063,4,TypeC,30800,000000000011110000000000000000000011111100000000000000000000000000000000000111110000000000000000000000000000000000000001111100000000000000000000000000000111111000000000,1,0,322114.2857142845
1064,3,TypeC,30000,000000000011110000000000000000000000000000001111110000000000000000000000001111110000000000000000000000000000000000000001111100000000000000000000000000000111111000000000,1,0,988099.9999999981
1065,4,TypeC,30000,000000000011110000000000000000000000000000001111110000000000000000000000001111110000000000000000000000000000000000000001111100000000000000000000000000000111111000000000,1,0,988099.9999999991
1066,3,TypeC,30500,000000000011110000000000000000001111110000000000000000000000000000000000000111110000000000000000000000000000000000000001111100000000000000000000000000000111111000000000,1,0,195399.99999999814
1067,4,TypeC,30500,000000000011110000000000000000001111110000000000000000000000000000000000000111110000000000000000000000000000000000000001111100000000000000000000000000000111111000000000,1,0,195399.99999999907
1068,0,TypeA,50200,000000000000011111111100000000000000000000000000000000000111111110000000000000000000001111111111000000000000000111111111100000000000000000000000000000000111111111000000,1,0,4139571.428571429
1069,3,TypeC,31600,000000000000000011111100000000000111110000000000000000000000000000000000001111110000000000000000000000000000000000000001111100000000000000000000000000000111111000000000,1,0,1000300.0
1070,4,TypeC,31600,000000000000000011111100000000000111110000000000000000000000000000000000001111110000000000000000000000000000000000000001111100000000000000000000000000000111111000000000,1,0,1000300.0000000009
1071,3,TypeC,31600,000000000000000011111100000000000001111100000000000000000000000000000000001111110000000000000000000000000000000000000001111100000000000000000000000000000111111000000000,1,0,1126714.2857142836
1072,4,TypeC,31600,000000000000000011111100000000000001111100000000000000000000000000000000001111110000000000000000000000000000000000000001111100000000000000000000000000000111111000000000,1,0,1126714.2857142845
1073,0,TypeA,53100,000000000000011111111100000000000000000000000000000000000000001111111111000000000000111111111100000000000000000111111111100000000000000000000000000000000111111111000000,1,0,4134242.857142858
1074,3,TypeC,31500,000000000011110000000000000000001111110000000000000000000000000000000000001111110000000000000000000000000000000000000001111100000000000000000000000000000111111000000000,1,0,196399.99999999814
1075,4,TypeC,31500,000000000011110000000000000000001111110000000000000000000000000000000000001111110000000000000000000000000000000000000001111100000000000000000000000000000111111000000000,1,0,196399.99999999907
1076,1,TypeB,41400,000000000000000000000111111100000000011111111000000000000000011111111000000000000000000000000000000111111110000000000000000000000000000000000000000000000000011111111000,1,0,803800.0
1077,2,TypeB,41400,000000000000000000000111111100000000011111111000000000000000011111111000000000000000000000000000000111111110000000000000000000000000000000000000000000000000011111111000,1,0,803800.0000000019
1078,3,TypeC,30400,000000000011110000000000000000001111110000000000000000000000000000000000000000000000000000000000000111110000000000000000000000000011111000000000000000000000011111000000,1,0,1683585.7142857136
1079,4,TypeC,30400,000000000011110000000000000000001111110000000000000000000000000000000000000000000000000000000000000111110000000000000000000000000011111000000000000000000000011111000000,1,0,1683585.7142857146
1080,1,TypeB,41400,000000000011111110000000000000000000011111111000000000000000011111111000000000000000000000000000000111111110000000000000000000000000000000000000000000000000011111111000,1,0,0.0
1081,2,TypeB,41400,000000000011111110000000000000000000011111111000000000000000011111111000000000000000000000000000000111111110000000000000000000000000000000000000000000000000011111111000,1,0,1.862645149230957e-09
1082,3,TypeC,30600,000000000000000000111111000000000000000000001111110000000000000000000000000000000000000000000000000000011110000000000000000000000001111110000000000000000000011111000000,1,0,3680085.7142857136
1083,4,TypeC,30600,000000000000000000111111000000000000000000001111110000000000000000000000000000000000000000000000000000011110000000000000000000000001111110000000000000000000011111000000,1,0,3680085.7142857146
1084,0,TypeA,55400,000011111111110000000000000000000001111111111000000000000000000000000000000000000000000000000001111111110000000000011111111100000000000000000000000000111111111000000000,1,0,4109114.2857142873
1085,1,TypeB,42400,000000000011111111000000000000000000011111111000000000000000011111111000000000000000000000000000000111111110000000000000000000000000000000000000000000111111110000000000,1,0,485585.71428571455
1086,2,TypeB,42400,000000000011111111000000000000000000011111111000000000000000011111111000000000000000000000000000000111111110000000000000000000000000000000000000000000111111110000000000,1,0,485585.7142857164
1087,3,TypeC,30200,000000000011110000000000000000000000000000000000000000000000000000000000000000000000000000000000000111110000000000011111100000000001111110000000000000000000011111000000,1,0,2875585.7142857127
1088,4,TypeC,30200,000000000011110000000000000000000000000000000000000000000000000000000000000000000000000000000000000111110000000000011111100000000001111110000000000000000000011111000000,1,0,2875585.7142857136
1089,0,TypeA,51900,000000000000000000000000000000000001111111111000000000000111111110000000000000000000111111111100000000000000000111111111100000000000000000000000000000000001111111111000,1,0,2564071.428571431
1090,1,TypeB,42400,000000000000000000000111111110000000000000000000000000000111111110000000000000011111111000000000000111111110000000000000000000000000000000000000000000000000011111111000,1,0,1993499.9999999981
1091,2,TypeB,42400,000000000000000000000111111110000000000000000000000000000111111110000000000000011111111000000000000111111110000000000000000000000000000000000000000000000000011111111000,1,0,1993500.0
1092,3,TypeC,31100,000000000011110000000000000000001111110000000000000000000000000000000000000000000000000000000000000111110000000000000000000000011111100000000000000000000000011111000000,1,0,1530742.8571428563
1093,4,TypeC,31100,000000000011110000000000000000001111110000000000000000000000000000000000000000000000000000000000000111110000000000000000000000011111100000000000000000000000011111000000,1,0,1530742.8571428573
1094,0,TypeA,50900,000011111111110000000000000000000000000000000000000000000111111110000000000000000000111111111100000000000000011111111100000000000000000000000000000000000001111111111000,1,0,882985.7142857164
1095,1,TypeB,42400,000000000011111111000000000000000000000000000000000000000000011111111000000000011111111000000000000000000011111111000000000000000000000000001111111100000000000000000000,1,0,1466157.1428571427
1096,2,TypeB,42400,000000000011111111000000000000000000000000000000000000000000011111111000000000011111111000000000000000000011111111000000000000000000000000001111111100000000000000000000,1,0,1466157.1428571446
1097,3,TypeC,27300,000000000000000000000000000111000000000000000000000000111100000000000000000000011111100000000000000000000000000000000001111100000000000000000000000000000111111000000000,1,0,2097685.7142857136
1098,4,TypeC,27300,000000000000000000000000000111000000000000000000000000111100000000000000000000011111100000000000000000000000000000000001111100000000000000000000000000000111111000000000,1,0,2097685.7142857146
1099,1,TypeB,42600,000000000000000000000000000000000000000000000000000000000000011111111000000000011111111000000000000111111110000000000111111100000000000000000000000000000000011111111000,1,0,1097485.7142857146
1100,2,TypeB,42600,000000000000000000000000000000000000000000000000000000000000011111111000000000011111111000000000000111111110000000000111111100000000000000000000000000000000011111111000,1,0,1097485.7142857164
1101,3,TypeC,30300,000000000000000000111111000000000000000000000000000000111100000000000000000000011111100000000000000000000000000000000001111100000000000000000000000000000111111000000000,1,0,3066057.1428571427
1102,4,TypeC,30300,000000000000000000111111000000000000000000000000000000111100000000000000000000011111100000000000000000000000000000000001111100000000000000000000000000000111111000000000,1,0,3066057.1428571437
1103,3,TypeC,21300,000000000000000000000111100000000000000000000000000000111100000000000000000000000000000000000000000000000000000000000001111100000000000000000000000111100000000000001111,1,0,2373071.4285714272
1104,4,TypeC,21300,000000000000000000000111100000000000000000000000000000111100000000000000000000000000000000000000000000000000000000000001111100000000000000000000000111100000000000001111,1,0,2373071.428571428
1105,0,TypeA,58200,000000000000000000000000000000000001111111111000000000000000001111111111000000000000000000000001111111110000000000011111111100000000000000000000111111111100000000000000,1,0,4597100.000000004
1106,1,TypeB,42600,000000000000000000000000000000000000000000000000000000000000011111111000000000011111111000000000000111111110000000000111111100000000000000000000000000111111110000000000,1,0,1582071.4285714272
1107,2,TypeB,42600,000000000000000000000000000000000000000000000000000000000000011111111000000000011111111000000000000111111110000000000111111100000000000000000000000000111111110000000000,1,0,1582071.428571429
1108,3,TypeC,27300,000000000000011111100000000000000000000000000000000000111100000000000000000000000000000000000111000000000000000000000000000111110000000000000000000000000111111000000000,1,0,2267085.7142857127
1109,4,TypeC,27300,000000000000011111100000000000000000000000000000000000111100000000000000000000000000000000000111000000000000000000000000000111110000000000000000000000000111111000000000,1,0,2267085.7142857136
1110,0,TypeA,49600,000000000000111111111100000000000000000000000000000000000111111110000000000000000000111111111100000000000000011111111100000000000000000000000000000000111111111000000000,1,0,3180300.0
1111,1,TypeB,42400,000000000000000000000111111110000000000000000000000000000000011111111000000000011111111000000000000000000011111111000000000000000000000000000000000000011111111000000000,1,0,2179371.428571428
1112,2,TypeB,42400,000000000000000000000111111110000000000000000000000000000000011111111000000000011111111000000000000000000011111111000000000000000000000000000000000000011111111000000000,1,0,2179371.42857143
1113,3,TypeC,31500,000000000000011111100000000000000000000000000000000000111100000000000000000000011111100000000000000000000000000000000001111100000000000000000000000000000111111000000000,1,0,2066757.1428571418
1114,4,TypeC,31500,000000000000011111100000000000000000000000000000000000111100000000000000000000011111100000000000000000000000000000000001111100000000000000000000000000000111111000000000,1,0,2066757.1428571427
1115,0,TypeA,51500,000000000000111111111100000000000000000000000000000000000111111110000000000000000000111111111100000000000000000111111111100000000000000000000000000000111111111000000000,1,0,4093714.2857142873
1116,1,TypeB,42600,000000000000000000000000000000000000000000000000000000000000011111111000000000011111111000000000000111111110000000000111111100000000000000000000000000011111111000000000,1,0,1582071.4285714272
1117,2,TypeB,42600,000000000000000000000000000000000000000000000000000000000000011111111000000000011111111000000000000111111110000000000111111100000000000000000000000000011111111000000000,1,0,1582071.428571429
1118,3,TypeC,30000,000001111110000000000001111110000000000000000000000000000000000000000000000000000000000000000000000000011110000000000001111100000000000000000000000000000111111000000000,1,0,827328.5714285709
1119,4,TypeC,30000,000001111110000000000001111110000000000000000000000000000000000000000000000000000000000000000000000000011110000000000001111100000000000000000000000000000111111000000000,1,0,827328.5714285718
1120,0,TypeA,52600,000000000000000000000000000000000000000000000000000000000111111110000000000011111111100000000000000000011111111100000000000111111111100000000000111111111100000000000000,1,0,4587228.571428571
1121,3,TypeC,21900,000000000000000000000000000000000000000000000000000000111100000000000000000000000000000000000000000000011110000000000001111100000000000000000000000111100000000000001111,1,0,2286485.7142857127
1122,4,TypeC,21900,000000000000000000000000000000000000000000000000000000111100000000000000000000000000000000000000000000011110000000000001111100000000000000000000000111100000000000001111,1,0,2286485.7142857136
1123,0,TypeA,49700,000000000000000000000000000000000000000000000000000000000111111110000000000000000000111111111100000000000011111111110000000000011111111110000000000000111111111000000000,1,0,1513842.8571428582
1124,3,TypeC,27600,000000000000111111000000000000000000000000000000000000111100000000000000000000000000000000000111000000000000000000000001111100000000000000000000000000000111111000000000,1,0,1910614.2857142854
1125,4,TypeC,27600,000000000000111111000000000000000000000000000000000000111100000000000000000000000000000000000111000000000000000000000001111100000000000000000000000000000111111000000000,1,0,1910614.2857142864
1126,0,TypeA,48900,000000000000011111111100000000000000000000000000000000000111111110000000000000000000000000000000000000011111111100000000000111111111000000000000000000000001111111111000,1,0,5436557.142857144
1127,3,TypeC,27300,000000000000000000000111100000000000000000000000000000111100000000000000000000000000000000000000000000000000000000011111100000000001111000000000000000000111111000000000,1,0,3710314.2857142854
1128,4,TypeC,27300,000000000000000000000111100000000000000000000000000000111100000000000000000000000000000000000000000000000000000000011111100000000001111000000000000000000111111000000000,1,0,3710314.2857142864
1129,0,TypeA,52200,000001111111110000000000000000000001111111111000000000000000000000000000000000000000111111111100000000000000011111111100000000000000000000000000000000000001111111111000,1,0,1569271.428571429
1130,1,TypeB,41400,000000000000000000000000000000000000011111111000000000000000011111111000000000011111111000000000000000000000000001111111000000000000000000000000000000000000011111111000,1,0,665557.1428571437
1131,2,TypeB,41400,000000000000000000000000000000000000011111111000000000000000011111111000000000011111111000000000000000000000000001111111000000000000000000000000000000000000011111111000,1,0,665557.1428571455
1132,3,TypeC,28500,000000000000011110000000000111111000000000000000000000111100000000000000000000000000000000000000000000000000000000000000000000000001111000000000000000000111111000000000,1,0,834128.5714285709
1133,4,TypeC,28500,000000000000011110000000000111111000000000000000000000111100000000000000000000000000000000000000000000000000000000000000000000000001111000000000000000000111111000000000,1,0,834128.5714285718
1134,0,TypeA,49600,000000000000000000000000000000000000000000000000000000000111111110000000000011111111100000000000000000011111111110000000000000011111111110000000000000111111111000000000,1,0,4738571.428571429
1135,1,TypeB,43800,000000000000000000000000000000000000000000000000000000000000011111111000000000011111111000000000000000011111110000000000000000011111111000000000000000011111111000000000,1,0,940042.8571428563
1136,2,TypeB,43800,000000000000000000000000000000000000000000000000000000000000011111111000000000011111111000000000000000011111110000000000000000011111111000000000000000011111111000000000,1,0,940042.8571428582
1137,3,TypeC,27100,000000000000000000000001111110000000000000000000000000111100000000000000000000000000000000000111000000000000000000000111111000000000000000000000000000000111111000000000,1,0,2910614.2857142845
1138,4,TypeC,27100,000000000000000000000001111110000000000000000000000000111100000000000000000000000000000000000111000000000000000000000111111000000000000000000000000000000111111000000000,1,0,2910614.2857142854
1139,0,TypeA,51300,000000000000111111111100000000000000000000000000000000000000000000000000000011111111100000000000000000000011111111110000000000011111111110000000000000000111111111000000,1,0,4509642.857142858
1140,1,TypeB,44800,000000000000000000000000000000000000000000000001111111100000000000000000000000011111111000000000000000000011111111000000000000011111111000000000000000000000011111111000,1,0,1223128.571428571
1141,2,TypeB,44800,000000000000000000000000000000000000000000000001111111100000000000000000000000011111111000000000000000000011111111000000000000011111111000000000000000000000011111111000,1,0,1223128.5714285728
1142,3,TypeC,26100,000000000000000000000001111110000000000000000000000000111100000000000000000000000000000000000111000000000000000000000001111100000000000000000000000000000111111000000000,1,0,1909614.2857142845
1143,4,TypeC,26100,000000000000000000000001111110000000000000000000000000111100000000000000000000000000000000000111000000000000000000000001111100000000000000000000000000000111111000000000,1,0,1909614.2857142854
1144,0,TypeA,47800,000000000000000000000000000000000000000000000000000000000111111110000000000000000000011111111100000000000011111111110000000000011111111110000000000000000111111111000000,1,0,936771.4285714291
1145,3,TypeC,25300,000000000000011110000000000111000000000000000000000000111100000000000000000000000000000000000000000000000000000000000001111100000000000000000000000000000111111000000000,1,0,1320614.2857142845
1146,4,TypeC,25300,000000000000011110000000000111000000000000000000000000111100000000000000000000000000000000000000000000000000000000000001111100000000000000000000000000000111111000000000,1,0,1320614.2857142854
1147,1,TypeB,40200,000000000000000001111111100000000000000000000000000000000000011111111000000000011111111000000000000111111110000000000111111100000000000000000000000000000000000000000000,1,0,2670257.142857142
1148,2,TypeB,40200,000000000000000001111111100000000000000000000000000000000000011111111000000000011111111000000000000111111110000000000111111100000000000000000000000000000000000000000000,1,0,2670257.1428571437
1149,3,TypeC,26100,000000000000000000111111000000000000000000000000000000111100000000000000000000000000000000000111000000000000000000000001111100000000000000000000000000000111111000000000,1,0,2909614.285714285
1150,4,TypeC,26100,000000000000000000111111000000000000000000000000000000111100000000000000000000000000000000000111000000000000000000000001111100000000000000000000000000000111111000000000,1,0,2909614.285714286
1151,0,TypeA,54700,000000000000000000000000000000000001111111111000000000000000000000001111111110000000000000000001111111110000000000011111111100000000000000000000000000000111111111000000,1,0,4686285.714285716
1152,1,TypeB,42600,000000000000000000000000000000000000000000000001111111100000000000001111111100000000000000000000000111111110000000000111111100000000000000000000000000000000011111111000,1,0,1358642.8571428563
1153,2,TypeB,42600,000000000000000000000000000000000000000000000001111111100000000000001111111100000000000000000000000111111110000000000111111100000000000000000000000000000000011111111000,1,0,1358642.8571428582
1154,3,TypeC,24100,000000000000000000000111100000000000000000000000000000111100000000000000000000000000000000000111000000000000000000000001111100000000000000000000000000000111111000000000,1,0,2907614.285714285
1155,4,TypeC,24100,000000000000000000000111100000000000000000000000000000111100000000000000000000000000000000000111000000000000000000000001111100000000000000000000000000000111111000000000,1,0,2907614.285714286
1156,0,TypeA,53200,000000000000000000000000000000000000000000000000000000000000001111111111000000000000111111111100000000000011111111110000000000011111111110000000000000111111111000000000,1,0,2131442.857142858
1157,1,TypeB,44800,000000000000000000000000000000000000000000000000000000000000011111111000000000011111111000000000000000000011111111000000000000011111111000000000000000011111111000000000,1,0,1028228.5714285709
1158,2,TypeB,44800,000000000000000000000000000000000000000000000000000000000000011111111000000000011111111000000000000000000011111111000000000000011111111000000000000000011111111000000000,1,0,1028228.5714285728
1159,3,TypeC,27300,000000000000011111100000000000000000000000000000000000111100000000000000000000000000000000000111000000000000000000000001111100000000000000000000000000000111111000000000,1,0,1910314.2857142854
1160,4,TypeC,27300,000000000000011111100000000000000000000000000000000000111100000000000000000000000000000000000111000000000000000000000001111100000000000000000000000000000111111000000000,1,0,1910314.2857142864
1161,0,TypeA,54100,000000000000000000000000000000000000000000000000000000000000001111111111000000000000111111111100000000000000000111111111000000000001111111111000000000000001111111111000,1,0,3783571.428571429
1162,1,TypeB,42400,000000000000000000000111111110000000000000000001111111100000000000000000000000011111111000000000000111111110000000000000000000000000000000000000000000111111110000000000,1,1,2771671.428571428
1163,2,TypeB,42400,000000000000000000000111111110000000000000000001111111100000000000000000000000011111111000000000000111111110000000000000000000000000000000000000000000111111110000000000,1,0,2771671.42857143
1164,3,TypeC,24500,000000000011110000000000000000000000000000000000000000111100000000000000000000000000000000000000000000000000000000000001111100000000000000000000000111111000000000001111,1,0,1572471.4285714272
1165,4,TypeC,24500,000000000011110000000000000000000000000000000000000000111100000000000000000000000000000000000000000000000000000000000001111100000000000000000000000111111000000000001111,1,0,1572471.4285714282
1166,0,TypeA,51700,000011111111110000000000000000000000000000000000000000000111111110000000000000000000000000000001111111110000000000000000000000011111111110000000000000111111111000000000,1,0,2719042.857142858
1167,1,TypeB,42600,000000000000000000000000000000000000011111111000000000000000011111111000000000011111111000000000000000000000000000000111111100000000000000000000000000111111110000000000,1,0,641028.5714285728
1168,2,TypeB,42600,000000000000000000000000000000000000011111111000000000000000011111111000000000011111111000000000000000000000000000000111111100000000000000000000000000111111110000000000,1,0,641028.5714285746
1169,3,TypeC,29500,000000000000111110000000000000001111110000000000000000111100000000000000000000000000000000000000000000000000000000000001111100000000000000000000000000000000011111000000,1,0,1011399.9999999991
1170,4,TypeC,29500,000000000000111110000000000000001111110000000000000000111100000000000000000000000000000000000000000000000000000000000001111100000000000000000000000000000000011111000000,1,0,1011400.0
1171,0,TypeA,53600,000011111111110000000000000000000000000000000000011111111100000000000000000000000000111111111100000000000000011111111100000000000000000000000000000000111111111000000000,1,0,1681585.7142857164
1172,1,TypeB,42400,000000000000000000000111111110000000000000000000000000000000011111111000000000011111111000000000000000000011111111000000000000000000000000000000000000000000011111111000,1,0,1694785.7142857136
1173,2,TypeB,42400,000000000000000000000111111110000000000000000000000000000000011111111000000000011111111000000000000000000011111111000000000000000000000000000000000000000000011111111000,1,0,1694785.7142857155
1174,3,TypeC,25900,000000000011110000000000000000000011110000000000000000111100000000000000000000000000000000000000000000000000000000000001111100000000000000000000000000000000011111000000,1,0,1998699.9999999981
1175,4,TypeC,25900,000000000011110000000000000000000011110000000000000000111100000000000000000000000000000000000000000000000000000000000001111100000000000000000000000000000000011111000000,1,1,1998699.999999999
1176,0,TypeA,51700,000001111111110000000000000000000000000000000000000000111111111000000000000111111111100000000000000000000000011111111100000000000000000000000000000000111111111000000000,1,0,3189200.0
1177,3,TypeC,26300,000000000011110000000000000111111000000000000000000000111100000000000000000000000000000000000000000000011110000000000000000000000000000000000000000000000000011111000000,1,0,2456857.142857142
1178,4,TypeC,26300,000000000011110000000000000111111000000000000000000000111100000000000000000000000000000000000000000000011110000000000000000000000000000000000000000000000000011111000000,1,0,2456857.1428571427
1179,0,TypeA,53900,000000000000011111111100000000000000000000000000000000111111111000000000000111111111100000000000000000000000000001111111111000000000000000000000000000111111111000000000,1,0,5022028.571428571
1180,1,TypeB,41700,000000000011111110000000000000000000000000000001111111100000000000001111111100000000000000000000000000000000000001111111100000000000000000000000000000000000011111111000,1,0,1062957.1428571418
1181,2,TypeB,41700,000000000011111110000000000000000000000000000001111111100000000000001111111100000000000000000000000000000000000001111111100000000000000000000000000000000000011111111000,1,0,1062957.1428571437
1182,3,TypeC,26700,000000000011110000000000000111111000000000000000000000111100000000000000000000000000000000000000000000000000000000000001111100000000000000000000000000000000011111000000,1,0,1034128.5714285709
1183,4,TypeC,26700,000000000011110000000000000111111000000000000000000000111100000000000000000000000000000000000000000000000000000000000001111100000000000000000000000000000000011111000000,1,0,1034128.5714285718
1184,0,TypeA,52700,000011111111110000000000000000000001111111111000000000000111111110000000000000000000000000000000000000000000011111111100000000000000000000000000111111111100000000000000,1,0,2691014.2857142873
1185,1,TypeB,42700,000000000000000000000000000000000000011111111000000000000000011111111000000000011111111000000000000000000000000001111111100000000000000000001111111100000000000000000000,1,0,1153542.8571428582
1186,2,TypeB,42700,000000000000000000000000000000000000011111111000000000000000011111111000000000011111111000000000000000000000000001111111100000000000000000001111111100000000000000000000,1,0,1153542.85714286
1187,3,TypeC,28000,000011111000000000000000000000001111110000000000000000111100000000000000000000000000000000000000000000000000000000000001111100000000000000000000000000000000011111000000,1,0,17399.99999999907
1188,4,TypeC,28000,000011111000000000000000000000001111110000000000000000111100000000000000000000000000000000000000000000000000000000000001111100000000000000000000000000000000011111000000,1,0,17400.0
1189,0,TypeA,53000,000000000011111111100000000000000000000000000000000000111111111000000000000111111111100000000000000000000000000001111111111000000000000000000000000000111111111000000000,1,0,4217828.571428571
1190,1,TypeB,43800,000000000011111110000000000000000000000000000001111111100000000000001111111100000000000000000000000000000000000000000000000000011111111000000000000000000000011111111000,1,0,-1.862645149230957e-09
1191,2,TypeB,43800,000000000011111110000000000000000000000000000001111111100000000000001111111100000000000000000000000000000000000000000000000000011111111000000000000000000000011111111000,1,0,0.0
1192,3,TypeC,27200,000000000011110000000000000000000111110000000000000000111100000000000000000000000000000000000000000000000000000000000001111100000000000000000000000000000000011111000000,1,0,1205800.0
1193,4,TypeC,27200,000000000011110000000000000000000111110000000000000000111100000000000000000000000000000000000000000000000000000000000001111100000000000000000000000000000000011111000000,1,0,1205800.000000001
1194,0,TypeA,55500,000011111111110000000000000000000000000000000000000000111111111000000000000111111111100000000000000000000000000001111111111000000000000000000000000000111111111000000000,1,0,3227328.571428571
1195,1,TypeB,44800,000000000000000000000111111110000000000000000001111111100000000000000000000000011111111000000000000000000000000000000000000000011111111000000000000000111111110000000000,1,0,1707714.2857142854
1196,2,TypeB,44800,000000000000000000000111111110000000000000000001111111100000000000000000000000011111111000000000000000000000000000000000000000011111111000000000000000111111110000000000,1,0,1707714.2857142873
1197,3,TypeC,28200,000000000011110000000000000000001111110000000000000000111100000000000000000000000000000000000000000000000000000000000001111100000000000000000000000000000000011111000000,1,0,1206800.0
1198,4,TypeC,28200,000000000011110000000000000000001111110000000000000000111100000000000000000000000000000000000000000000000000000000000001111100000000000000000000000000000000011111000000,1,0,1206800.000000001
1199,0,TypeA,52700,000011111111110000000000000000000000000000000000000000000000000000001111111110000000000000000000000000000000011111111100000000000001111111111000000000000111111111000000,1,0,3912514.2857142873
1200,3,TypeC,29600,000000000011110000000000000000000000000000000000000000111100000000000001111110000000000000000000000000000000000011111100000000000000000000000000000000000111111000000000,1,0,1997299.999999999
1201,4,TypeC,29600,000000000011110000000000000000000000000000000000000000111100000000000001111110000000000000000000000000000000000011111100000000000000000000000000000000000111111000000000,1,0,1997300.0
1202,0,TypeA,54100,000011111111110000000000000000000000000000000000000000000000001111111111000000000000000000000000000000000000011111111100000000000001111111111000000000000001111111111000,1,0,3986771.428571429
1203,3,TypeC,28300,000000000011110000000000000000000000000000000000000000111100000000000001111110000000000000000000000000000000000000011111000000000000000000000000000000000111111000000000,1,0,2995999.999999999
1204,4,TypeC,28300,000000000011110000000000000000000000000000000000000000111100000000000001111110000000000000000000000000000000000000011111000000000000000000000000000000000111111000000000,1,0,2996000.0
1205,0,TypeA,48200,000000000000011111111100000000000000000000000000000000000111111110000000000011111111100000000000000000000000011111111100000000000000000000000000000000111111111000000000,1,0,5490914.285714286
1206,3,TypeC,23500,000000000011110000000000000000000000000000000000000000111100000000000001111110000000000000000000000000000000000000000000000000000000000000000000000111100000000000001111,1,0,2081785.7142857136
1207,4,TypeC,23500,000000000011110000000000000000000000000000000000000000111100000000000001111110000000000000000000000000000000000000000000000000000000000000000000000111100000000000001111,1,0,2081785.7142857146
1208,0,TypeA,53000,000001111111110000000000000011111111110000000000000000000000001111111111000000000000000000000000000000000000011111111100000000000000000000000000000000111111111000000000,1,0,2697285.7142857164
1209,3,TypeC,31200,000001111110000000000001111110000000000000000000000000111100000000000000000000000000000000000000000000000000000000000000000000000011111000000000000000000111111000000000,1,0,461757.1428571418
1210,4,TypeC,31200,000001111110000000000001111110000000000000000000000000111100000000000000000000000000000000000000000000000000000000000000000000000011111000000000000000000111111000000000,1,0,461757.1428571427
1211,0,TypeA,49000,000011111111110000000000000000000000000000000000000000000111111110000000000000000000000000000000000000000000011111111100000000000001111111111000000000000111111111000000,1,1,3294714.2857142873
1212,1,TypeB,42600,000000000000000000000000000000000000000000000000000000000000011111111000000000011111111000000000000111111110000000000111111100000000000000001111111100000000000000000000,1,0,1672657.1428571418
1213,2,TypeB,42600,000000000000000000000000000000000000000000000000000000000000011111111000000000011111111000000000000111111110000000000111111100000000000000001111111100000000000000000000,1,0,1672657.1428571437
1214,3,TypeC,23500,000000000011110000000000000000000000000000000000000000111100000000000001111110000000000000000000000000000000000000000000000000000000000000000000111100000000000000001111,1,0,2081785.7142857136
1215,4,TypeC,23500,000000000011110000000000000000000000000000000000000000111100000000000001111110000000000000000000000000000000000000000000000000000000000000000000111100000000000000001111,1,0,2081785.7142857146
1216,0,TypeA,52800,000000000000000000000000000000000001111111111000000000000000001111111111000000000000111111111100000000000000011111111100000000000000000000000000000000111111111000000000,1,0,2769871.428571431
1217,0,TypeA,50300,000000000000011111111100000000000001111111110000000000000000000000000000000000000000000000000000000000000000011111111100000000000001111111111000000000000001111111111000,1,0,5395800.000000002
1218,3,TypeC,24000,000000000000000000111100000000000000000000000000000000000000000000000000000000000000000000000000000111110000000000000111111000000000000000000000000111110000000000001111,1,0,3340042.8571428563
1219,4,TypeC,24000,000000000000000000111100000000000000000000000000000000000000000000000000000000000000000000000000000111110000000000000111111000000000000000000000000111110000000000001111,1,0,3340042.8571428573
1220,0,TypeA,47700,000000000011111111100000000000000000000000000000000000000111111110000000000000000000111111111100000000000000011111111100000000000000000000000000000000111111111000000000,1,0,2375100.0
1221,0,TypeA,50800,000000000000011111111100000000000001111111110000000000000000000000000000000111111111100000000000000000000000011111111100000000000000000000000000000000111111111000000000,1,0,5724142.857142858
1222,3,TypeC,26200,000000000000000000000000000000000000000000000000000000000000000000000000000000011111100000000000000111110000000000000111111000000000000000000000111100000000000000001111,1,0,3116814.2857142845
1223,4,TypeC,26200,000000000000000000000000000000000000000000000000000000000000000000000000000000011111100000000000000111110000000000000111111000000000000000000000111100000000000000001111,1,0,3116814.2857142854
1224,0,TypeA,52200,000001111111111000000000000000000000000000000000000000000000000000000000000000000000011111111100000000000000011111111100000000000001111111111000000000000001111111111000,1,0,2083985.7142857164
1225,0,TypeA,49300,000000000000000000000000000000000001111111111000000000000111111110000000000000000000111111111100000000000000011111111100000000000000000000000000000000111111111000000000,1,0,2152271.428571429
1226,3,TypeC,26100,000000000000000000000000000000000000000000000000000000000000000000000000001111110000000000000000000000011110000000000000000000000000111110000000000111110000000000001111,1,0,1789199.9999999981
1227,4,TypeC,26100,000000000000000000000000000000000000000000000000000000000000000000000000001111110000000000000000000000011110000000000000000000000000111110000000000111110000000000001111,1,0,1789199.999999999
1228,0,TypeA,53700,000011111111110000000000000000000000000000000000000000000000001111111111000000000000111111111100000000000000011111111100000000000000000000000000000000111111111000000000,1,0,2002200.0
1229,0,TypeA,51400,000000000000011111111100000000000000000000000000000000111111111000000000000111111111100000000000000000000000011111111100000000000000000000000000000000111111111000000000,1,0,4529842.857142858
1230,0,TypeA,54100,000011111111110000000000000011111111110000000000000000000000000000000000000000000000000000000000000000000000011111111100000000000001111111111000000000000001111111111000,1,0,1870957.1428571455
1231,0,TypeA,54600,000011111111110000000000000011111111110000000000000000000000000000000000000111111111100000000000000000000000011111111100000000000000000000000000000000111111111000000000,1,0,2199300.0
1232,0,TypeA,51100,000011111111110000000000000000000001111111110000000000000000000000000000000011111111100000000000000000000000011111111100000000000000000000000000000000111111111000000000,1,0,3928142.857142858
1233,3,TypeC,26400,000000000000000000000001111110000000000000000000000000000000000000000000000000000000000000000000000000011110000000000000000000000001111110000000000111100000000000001111,1,0,2252057.142857142
1234,4,TypeC,26400,000000000000000000000001111110000000000000000000000000000000000000000000000000000000000000000000000000011110000000000000000000000001111110000000000111100000000000001111,1,0,2252057.1428571427
1235,0,TypeA,53500,000011111111110000000000000000000000000000000000000000000000000000000000000000000000111111111100000000000000011111111100000000000001111111111000000000000001111111111000,1,0,1629928.5714285728
1236,3,TypeC,25700,000000000000000000000000000000000000000000000000000000111100000000000000001111110000000000000111000000000000000000000000000000011111000000000000000000000011111000000000,1,0,2561871.4285714263
1237,4,TypeC,25700,000000000000000000000000000000000000000000000000000000111100000000000000001111110000000000000111000000000000000000000000000000011111000000000000000000000011111000000000,1,0,2561871.4285714272
1238,0,TypeA,51200,000001111111111000000000000000000001111111110000000000000000000000000000000000000000111111111100000000000000011111111100000000000000000000000000000000111111111000000000,1,0,2071585.7142857164
1239,3,TypeC,27000,000000000000111000000000000000000000000000000000000000000000000000000000000000000000000000000000000000000000000011111100000000000001111110000000000111110000000000001111,1,0,2339342.8571428563
1240,4,TypeC,27000,000000000000111000000000000000000000000000000000000000000000000000000000000000000000000000000000000000000000000011111100000000000001111110000000000111110000000000001111,1,0,2339342.8571428573
1241,0,TypeA,50200,000011111111110000000000000000000000000000000000000000000111111110000000000000000000111111111100000000000000011111111100000000000000000000000000000000111111111000000000,1,0,1384600.0
