col_id,emp_id,emp_type,cost,schedule_pattern
0,0,TypeA,0,000000000000000000000000000000000000000000000000000000000000000000000000000000000000000000000000000000000000000000000000000000000000000000000000000000000000000000000000
1,0,TypeA,8000,000000000011111111000000000000000000000000000000000000000000000000000000000000000000000000000000000000000000000000000000000000000000000000000000000000000000000000000000
2,1,TypeB,0,000000000000000000000000000000000000000000000000000000000000000000000000000000000000000000000000000000000000000000000000000000000000000000000000000000000000000000000000
3,1,TypeB,4000,000000000011110000000000000000000000000000000000000000000000000000000000000000000000000000000000000000000000000000000000000000000000000000000000000000000000000000000000
4,2,TypeB,0,000000000000000000000000000000000000000000000000000000000000000000000000000000000000000000000000000000000000000000000000000000000000000000000000000000000000000000000000
5,2,TypeB,4000,000000000011110000000000000000000000000000000000000000000000000000000000000000000000000000000000000000000000000000000000000000000000000000000000000000000000000000000000
6,3,TypeC,0,000000000000000000000000000000000000000000000000000000000000000000000000000000000000000000000000000000000000000000000000000000000000000000000000000000000000000000000000
7,3,TypeC,3900,000000000011100000000000000000000000000000000000000000000000000000000000000000000000000000000000000000000000000000000000000000000000000000000000000000000000000000000000
8,4,TypeC,0,000000000000000000000000000000000000000000000000000000000000000000000000000000000000000000000000000000000000000000000000000000000000000000000000000000000000000000000000
9,4,TypeC,3900,000000000011100000000000000000000000000000000000000000000000000000000000000000000000000000000000000000000000000000000000000000000000000000000000000000000000000000000000
10,0,TypeA,51000,000000000000000000000000000000000000000000000000000000000111111111000000000001111111111000000000000000011111111110000000000000001111111111000000000000111111111000000000
11,1,TypeB,38200,000000000000000000000000000000000000000000000000000000000000111111000000000000000001111110000000000000000111111110000000000000000011111111000000000000000000011111100000
12,2,TypeB,38200,000000000000000000000000000000000000000000000000000000000000111111000000000000000001111110000000000000000111111110000000000000000011111111000000000000000000011111100000
13,3,TypeC,36900,000000000000000000000000000000000000000000000000000000000000111111000000000000000001111110000000000000111111000000000000000000000000111111000000000000000000011111100000
14,4,TypeC,36900,000000000000000000000000000000000000000000000000000000000000111111000000000000000001111110000000000000111111000000000000000000000000111111000000000000000000011111100000
15,0,TypeA,55500,000000000000000000000000000011111111110000000000011111111100000000000000000000000000000000000111111110000000000011111111000000000000000000000000111111111100000000000000
16,1,TypeB,35400,000000000000000000000000000000111111110000000000011111100000000000000000000000000000000000000000111110000000000000111111000000000000000000000000000000111111110000000000
17,2,TypeB,35400,000000000000000000000000000000111111110000000000011111100000000000000000000000000000000000000000111110000000000000111111000000000000000000000000000000111111110000000000
18,3,TypeC,26300,000000000000000000000000000011111000000000000000011111100000000000000000000000000000000000000000111110000000000000111111000000000000000000000000000000111100000000000000
19,4,TypeC,26300,000000000000000000000000000011111000000000000000011111100000000000000000000000000000000000000000111110000000000000111111000000000000000000000000000000111100000000000000
20,0,TypeA,48400,000000000011111111100000000000000000111111111100000000000000000000000111111110000000000000000000000000011111111000000000000011111111000000000000000000000000000000000000
21,1,TypeB,35500,000011111111000000000000000000000000000111111100000000000000000000000111111000000000000000000000000000011111111000000000000011111000000000000000000000000000000000000000
22,2,TypeB,35500,000011111111000000000000000000000000000111111100000000000000000000000111111000000000000000000000000000011111111000000000000011111000000000000000000000000000000000000000
23,3,TypeC,30000,000000000011111100000000000000000000000000111100000000000000000000000111111000000000000000000000000000011111100000000000000011111000000000000000000000000000000000000000
24,4,TypeC,30000,000000000011111100000000000000000000000000111100000000000000000000000111111000000000000000000000000000011111100000000000000011111000000000000000000000000000000000000000
25,0,TypeA,49400,011111111000000000000011111111100000000000000000000000000000000000000000000001111111100000000000000000000000000000000000000000000000000001111111100000000000111111110000
26,1,TypeB,26700,000000000000111111100000000011110000000000000000000000000000000000000000000001111000000000000000000000000000000000000000000000000000000000001111100000000000011110000000
27,2,TypeB,26700,000000000000111111100000000011110000000000000000000000000000000000000000000001111000000000000000000000000000000000000000000000000000000000001111100000000000011110000000
28,3,TypeC,21400,000000000000111100000000000011100000000000000000000000000000000000000000000001110000000000000000000000000000000000000000000000000000000000001111100000000000011110000000
29,4,TypeC,21400,000000000000111100000000000011100000000000000000000000000000000000000000000001110000000000000000000000000000000000000000000000000000000000001111100000000000011110000000
30,0,TypeA,48600,000000011111111100000000000011111111110000000000000000000111111110000000000000011111111110000000000000000000000000000000000000000000000000000000000000111111110000000000
31,1,TypeB,29200,000011111111000000000000000000111111110000000000000000000111100000000000000000000000011110000000000000000000000000000000000000000000000000000000000000111100000000000000
32,2,TypeB,29200,000011111111000000000000000000111111110000000000000000000111100000000000000000000000011110000000000000000000000000000000000000000000000000000000000000111100000000000000
33,3,TypeC,25800,000000011111000000000000000000000000111100000000000000000111100000000000000000000000011110000000000000000000000000000000000000000000000000000000000000111100000000000000
34,4,TypeC,25800,000000011111000000000000000000000000111100000000000000000111100000000000000000000000011110000000000000000000000000000000000000000000000000000000000000111100000000000000
35,0,TypeA,51000,000000000011111111100000000000000000000000000000011111111100000000000000000000000000000000000000000000000000001111111111000000000000011111111000000000000000000111111111
36,1,TypeB,40800,000011111111000000000000000000000000000000000000011110000000000000000000000000000000000000000000000000000000001111111100000000000000011111111000000000000000000011111111
37,2,TypeB,40800,000011111111000000000000000000000000000000000000011110000000000000000000000000000000000000000000000000000000001111111100000000000000011111111000000000000000000011111111
38,3,TypeC,23400,000000011111000000000000000000000000000000000000011100000000000000000000000000000000000000000000000000111000000000011111000000000011111000000000000000000000000000000000
39,4,TypeC,23400,000000011111000000000000000000000000000000000000011100000000000000000000000000000000000000000000000000111000000000011111000000000011111000000000000000000000000000000000
40,0,TypeA,49100,000000000011111111100000000000000000000000000000000000111111110000000000000000000000000000000000111111110000000000000000000011111111110000000000000000001111111110000000
41,1,TypeB,42500,000000000000000111111110000000000000000000000000000000111111110000000000000000000000000000000000111111100000000000000000000011111110000000000000000000000111111110000000
42,2,TypeB,42500,000000000000000111111110000000000000000000000000000000111111110000000000000000000000000000000000111111100000000000000000000011111110000000000000000000000111111110000000
43,3,TypeC,31400,000000011111000000000000000000000000000000000000000000000111110000000000000000000000000000000000001111100000000000000000000000000011111000000000000000001111110000000000
44,4,TypeC,31400,000000011111000000000000000000000000000000000000000000000111110000000000000000000000000000000000001111100000000000000000000000000011111000000000000000001111110000000000
45,0,TypeA,49600,000000000000000111111110000000000000000000000000000001111111110000000000000000011111111000000000000000111111111000000000000000000000000000000000111111111000000000000000
46,1,TypeB,36600,000000000000000111111110000000000000000000000000000000000000000000000000000000011111100000000000000000000000111111100000000000000000011111111000000000111100000000000000
47,2,TypeB,36600,000000000000000111111110000000000000000000000000000000000000000000000000000000011111100000000000000000000000111111100000000000000000011111111000000000111100000000000000
48,3,TypeC,25200,000000000000000111100000000000000000000000000000000000000000000000000000000000011111100000000000000000000000111110000000000000000000011100000000000000111000000000000000
49,4,TypeC,25200,000000000000000111100000000000000000000000000000000000000000000000000000000000011111100000000000000000000000111110000000000000000000011100000000000000111000000000000000
50,0,TypeA,52600,000000000011111111100000000000000000000000000000011111111100000000000000000001111111111000000000000000000000000000000111111111100000000000000000000000000001111111100000
51,1,TypeB,32800,000011111111000000000000000000000000000000000000011111000000000000000000000000011111111000000000000000000000000000001111000000000000000000000000000000000000011111100000
52,2,TypeB,32800,000011111111000000000000000000000000000000000000011111000000000000000000000000011111111000000000000000000000000000001111000000000000000000000000000000000000011111100000
53,3,TypeC,27100,000000011111000000000000000000000000000000000000011111000000000000000000001111110000000000000000000000000000000000000111000000000000000000000000000000000000011111100000
54,4,TypeC,27100,000000011111000000000000000000000000000000000000011111000000000000000000001111110000000000000000000000000000000000000111000000000000000000000000000000000000011111100000
55,0,TypeA,55000,011111111110000000000000000000000000111111111100000000000000000000000000000001111111111000000000000000000000000000000000000000111111111000000000000000011111111110000000
56,1,TypeB,37500,011111110000000000000000000000111111110000000000000000000000000000000000000000011111111000000000000000000000111111110000000000000011111000000000000000000000000000000000
57,2,TypeB,37500,011111110000000000000000000000111111110000000000000000000000000000000000000000011111111000000000000000000000111111110000000000000011111000000000000000000000000000000000
58,3,TypeC,27300,000000000000000000000000000000000000000111111000000000000000000000000111000000000001111000000000000000000000000000111111000000000011111000000000000000000000000000000000
59,4,TypeC,27300,000000000000000000000000000000000000000111111000000000000000000000000111000000000001111000000000000000000000000000111111000000000011111000000000000000000000000000000000
60,0,TypeA,52800,000000011111111100000000000000000000000000000000011111111100000000000111111111100000000000000000000000000000000000000000000000111111111000000000000000111111110000000000
61,1,TypeB,40800,000000000011111100000000000000000000000000000000000000000000000001111111000000000000000000000000000000001111111000000000000000000000011111111000000000111111110000000000
62,2,TypeB,40800,000000000011111100000000000000000000000000000000000000000000000001111111000000000000000000000000000000001111111000000000000000000000011111111000000000111111110000000000
63,3,TypeC,24600,000000011111100000000000000000000000000000000000000001111100000000000111000000000000000000000000000000000000000000000000000000000000011100000000000000000000011110000000
64,4,TypeC,24600,000000011111100000000000000000000000000000000000000001111100000000000111000000000000000000000000000000000000000000000000000000000000011100000000000000000000011110000000
65,0,TypeA,50400,000000011111111100000000000000000000011111111100000000000111111111000000000000000000000000000000000000000000000000000111111111100000000000000000000000111111110000000000
66,1,TypeB,40800,000000000000000000000000000000000000000111111100000000000111110000000000000000000000000000000000000000000000000011111111000000000000011111111000000000111111110000000000
67,2,TypeB,40800,000000000000000000000000000000000000000111111100000000000111110000000000000000000000000000000000000000000000000011111111000000000000011111111000000000111111110000000000
68,3,TypeC,28200,000000000001111100000000000000000000011111100000000000000111110000000000000000000000000000000000000000000000000000000111000000000000000000001111100000000000000000000000
69,4,TypeC,28200,000000000001111100000000000000000000011111100000000000000111110000000000000000000000000000000000000000000000000000000111000000000000000000001111100000000000000000000000
70,0,TypeA,48400,000000011111111100000000000000000000000000001111111100000000000000000000000000111111111000000000000000011111111100000000000000000000000000000000000000111111110000000000
71,1,TypeB,42400,000000000000000111111110000000000000000000001111111100000000000000000000000000111111110000000000000000011111111000000000000000000000000000000000000000111111110000000000
72,2,TypeB,42400,000000000000000111111110000000000000000000001111111100000000000000000000000000111111110000000000000000011111111000000000000000000000000000000000000000111111110000000000
73,3,TypeC,28600,000000011111000000000000000000000000000000001111110000000000000000000000000000000000111110000000000000000000111100000000000000000000000000001111100000000000000000000000
74,4,TypeC,28600,000000011111000000000000000000000000000000001111110000000000000000000000000000000000111110000000000000000000111100000000000000000000000000001111100000000000000000000000
75,0,TypeA,47500,000000000000000111111110000000000001111111100000000000000000000000000111111111000000000000000000000000011111111110000000000000000000000000000000000000000001111111100000
76,1,TypeB,36800,000000000000000111111110000000000000111111100000000000000000000000000111111000000000000000000000111111110000000000000000000000000000000000000000000000000000011111100000
77,2,TypeB,36800,000000000000000111111110000000000000111111100000000000000000000000000111111000000000000000000000111111110000000000000000000000000000000000000000000000000000011111100000
78,3,TypeC,27700,000000000000000000000000000011100000000000000000000000000000000000000111111000000000000000000000000000000000111110000000000000000000000000001111100000000000011111100000
79,4,TypeC,27700,000000000000000000000000000011100000000000000000000000000000000000000111111000000000000000000000000000000000111110000000000000000000000000001111100000000000011111100000
80,0,TypeA,52700,000000011111111100000000000000000000000000000000000001111111110000000000000001111111111000000000000111111111100000000000000000111111111000000000000000000000000000000000
81,1,TypeB,35400,000000000011111100000000000000000000000000000000000111111100000000000000000000000001111110000000000111111000000000000000000000000000000000000000111111110000000000000000
82,2,TypeB,35400,000000000011111100000000000000000000000000000000000111111100000000000000000000000001111110000000000111111000000000000000000000000000000000000000111111110000000000000000
83,3,TypeC,29900,000000000011111100000000000011100000000000000000000001111100000000000000000000000001111110000000000111111000000000000000000000000000000000000000000000000000000000000000
84,4,TypeC,29900,000000000011111100000000000011100000000000000000000001111100000000000000000000000001111110000000000111111000000000000000000000000000000000000000000000000000000000000000
85,0,TypeA,53000,000000011111111100000000000000111111111100000000000000000000000000000000000000000000000000000000111111111000000000000001111111100000000000000000111111110000000000000000
86,1,TypeB,42500,011111110000000000000000000000111111100000000000000000000000000000000000000000000000000000000000111111110000000000000001111111100000000000000000111111110000000000000000
87,2,TypeB,42500,011111110000000000000000000000111111100000000000000000000000000000000000000000000000000000000000111111110000000000000001111111100000000000000000111111110000000000000000
88,3,TypeC,26300,000000011111000000000000000000000000000000000000000000000000000000000000000000000000000000000000000000011111100000000000000011100000000000001111100000000000011110000000
89,4,TypeC,26300,000000011111000000000000000000000000000000000000000000000000000000000000000000000000000000000000000000011111100000000000000011100000000000001111100000000000011110000000
90,0,TypeA,49200,000000000011111111100000000000000000000000000000000000000111111111000000000001111111111000000000000000000000111111110000000000000000000000000000111111111000000000000000
91,1,TypeB,36100,000000000000000111111110000000000000000000000000000000000111110000000000001111110000000000000000000000000000111111110000000000000000000000000000111111100000000000000000
92,2,TypeB,36100,000000000000000111111110000000000000000000000000000000000111110000000000001111110000000000000000000000000000111111110000000000000000000000000000111111100000000000000000
93,3,TypeC,31900,000000011111000000000000000000000000000111111000000000000111110000000000001111110000000000000000000000000000001111110000000000000000000000000000000000000000000000000000
94,4,TypeC,31900,000000011111000000000000000000000000000111111000000000000111110000000000001111110000000000000000000000000000001111110000000000000000000000000000000000000000000000000000
95,0,TypeA,51100,000000000000000000000011111111100000000000000000000000000000000000000000000000011111111110000000000000011111111100000000000000111111111000000000000000001111111110000000
96,1,TypeB,44800,000000000000000000000000000000000000000000000000000000000111111110000000000000011111111000000000111111110000000000000000000000000000011111111000000000000000000011111111
97,2,TypeB,44800,000000000000000000000000000000000000000000000000000000000111111110000000000000011111111000000000111111110000000000000000000000000000011111111000000000000000000011111111
98,3,TypeC,26000,000000000001111100000000000000000000000000000000000000000111110000000000000000000000001110000000000000000000111100000000000000000000011100000000000000000000000000000000
99,4,TypeC,26000,000000000001111100000000000000000000000000000000000000000111110000000000000000000000001110000000000000000000111100000000000000000000011100000000000000000000000000000000
100,0,TypeA,54700,000011111111000000000000000011111111110000000000000000000111111111000000000000000000000000000000111111111000000000000111111111100000000000000000000000000000000000000000
101,1,TypeB,40400,011111110000000000000000000000111111110000000000000111111100000000000000000000000000000000000000000000011111111000000000000000000000000000000000000000111111110000000000
102,2,TypeB,40400,011111110000000000000000000000111111110000000000000111111100000000000000000000000000000000000000000000011111111000000000000000000000000000000000000000111111110000000000
103,3,TypeC,27900,011110000000000000111110000000000000111100000000000000000111110000000000000000000000000000000000000000011111100000000000000000000000000000000000000000000000000000000000
104,4,TypeC,27900,011110000000000000111110000000000000111100000000000000000111110000000000000000000000000000000000000000011111100000000000000000000000000000000000000000000000000000000000
105,0,TypeA,50900,000000000001111111100000000000000000000000000000000001111111110000000000000000011111111110000000000000011111111110000000000011111111110000000000000000000000000000000000
106,1,TypeB,43800,000000000001111111100000000000000000000000000000000000000000000000000000000000011111111000000000001111111000000000000000000000111111110000000000000000111111110000000000
107,2,TypeB,43800,000000000001111111100000000000000000000000000000000000000000000000000000000000011111111000000000001111111000000000000000000000111111110000000000000000111111110000000000
108,3,TypeC,22800,000000000000000111100000000000000000000000000000011111000000000000000111000000000000001110000000000000000000000011111100000000000000000000000000000000000000000000000000
109,4,TypeC,22800,000000000000000111100000000000000000000000000000011111000000000000000111000000000000001110000000000000000000000011111100000000000000000000000000000000000000000000000000
110,0,TypeA,56100,000000011111111100000000000000111111111100000000000000000000111111111100000000000000000000000000000000000000000000000111111111100000000000000000111111111000000000000000
111,1,TypeB,40500,000000000000000000000000000000000000000000000000000000000111110000000000000000011111111000000000000000000000001111111100000000000000000000000000111111100000000011111111
112,2,TypeB,40500,000000000000000000000000000000000000000000000000000000000111110000000000000000011111111000000000000000000000001111111100000000000000000000000000111111100000000011111111
113,3,TypeC,32100,000000000011111100000000000011111000000000000000000000000111110000000000000000000001111110000000000000000000000000000000000011111000000000000000000000000000000000000000
114,4,TypeC,32100,000000000011111100000000000011111000000000000000000000000111110000000000000000000001111110000000000000000000000000000000000011111000000000000000000000000000000000000000
115,0,TypeA,53500,011111111000000000000011111111100000000000000000000000111111111000000000000000011111111110000000000000000000111111111100000000000000000000000000000000000000000000000000
116,1,TypeB,40400,011111110000000000000000000000000000000000111111110000000000000000000000000000011111111000000000000000001111111000000000000000000011111111000000000000000000000000000000
117,2,TypeB,40400,011111110000000000000000000000000000000000111111110000000000000000000000000000011111111000000000000000001111111000000000000000000011111111000000000000000000000000000000
118,3,TypeC,28800,000000011111000000000000000000000000000000000000000000000111111000000000000000000000000000000000000000000000000000011111000000000000001111000000000000000000011110000000
119,4,TypeC,28800,000000011111000000000000000000000000000000000000000000000111111000000000000000000000000000000000000000000000000000011111000000000000001111000000000000000000011110000000
120,0,TypeA,55300,000000000011111111100000000000000000000000000111111111100000000000000001111111110000000000000000111111111000000000000000000000111111111000000000000000000000000000000000
121,1,TypeB,41400,000000000000000111111110000000000000000111111100000000000000000011111111000000000000000000000000000000000000001111111100000000000000000000000000000000111111110000000000
122,2,TypeB,41400,000000000000000111111110000000000000000111111100000000000000000011111111000000000000000000000000000000000000001111111100000000000000000000000000000000111111110000000000
123,3,TypeC,30200,000000000011111100000000000000000000000000000111110000000000111111000000000000000000000000000000111000000000001111110000000000000000000000000000000000000000000000000000
124,4,TypeC,30200,000000000011111100000000000000000000000000000111110000000000111111000000000000000000000000000000111000000000001111110000000000000000000000000000000000000000000000000000
125,0,TypeA,51600,000000011111111100000000000000111111111100000000000000111111111000000000000000011111111110000000000000011111111110000000000000000000000000000000000000000000000000000000
126,1,TypeB,44500,000000000000000111111110000000000000000000000000000000111111110000000000000000011111111000000000000000000000000000000001111111100000000000000000000000111111110000000000
127,2,TypeB,44500,000000000000000111111110000000000000000000000000000000111111110000000000000000011111111000000000000000000000000000000001111111100000000000000000000000111111110000000000
128,3,TypeC,30200,000000000001111100000000000000000000000000000000011111100000000000000111111000000000000000000000000000000000111110000000000000000000000000000000000000000000011110000000
129,4,TypeC,30200,000000000001111100000000000000000000000000000000011111100000000000000111111000000000000000000000000000000000111110000000000000000000000000000000000000000000011110000000
130,0,TypeA,50500,000000000001111111100000000000000000000000000000000000000000111111111100000000000000000000000000111111111000000000000000000000111111111000000000000000000111111111100000
131,1,TypeB,42500,000000000001111111100000000000000000000000111111110000000000000000000000000000000000000000000000000000000000111111100000000000000000000000000000111111100000000011111111
132,2,TypeB,42500,000000000001111111100000000000000000000000111111110000000000000000000000000000000000000000000000000000000000111111100000000000000000000000000000111111100000000011111111
133,3,TypeC,32500,000000000001111100000000000000000000000000000000000000000111111000000000000000000000000000000000111110000000000000111111000000000000000000000000000000000000011111100000
134,4,TypeC,32500,000000000001111100000000000000000000000000000000000000000111111000000000000000000000000000000000111110000000000000111111000000000000000000000000000000000000011111100000
135,0,TypeA,51700,000000000000000000000011111111100000000000000000000000000000000000000000000000011111111110000000000000011111111110000000000000111111111000000000000000111111110000000000
136,1,TypeB,39600,000000000000000111111110000000000000000000111111110000000000000000000000000000000000000000000000111111110000000000000000000000000001111000000000111111110000000000000000
137,2,TypeB,39600,000000000000000111111110000000000000000000111111110000000000000000000000000000000000000000000000111111110000000000000000000000000001111000000000111111110000000000000000
138,3,TypeC,30700,000000011111000000000000000000000000011111100000000000000111110000000000000000000000000000000000000000011111100000000000000000000000011100000000000000000000000000000000
139,4,TypeC,30700,000000011111000000000000000000000000011111100000000000000111110000000000000000000000000000000000000000011111100000000000000000000000011100000000000000000000000000000000
140,0,TypeA,55800,000000011111111100000000000000111111111100000000000000000000000000000001111111110000000000000000000000000000111111111100000000000000000000000000111111111100000000000000
141,1,TypeB,40400,011111110000000000000000000000111111110000000000000000000000000000000000000000011111111000000000000000111111100000000000000000000000000000000000000000111111110000000000
142,2,TypeB,40400,011111110000000000000000000000111111110000000000000000000000000000000000000000011111111000000000000000111111100000000000000000000000000000000000000000111111110000000000
143,3,TypeC,28400,000000011111000000000000000000000000000000001111110000000000000000000000001111110000000000000000000000001111100000000000000000000000000000000000000000111100000000000000
144,4,TypeC,28400,000000011111000000000000000000000000000000001111110000000000000000000000001111110000000000000000000000001111100000000000000000000000000000000000000000111100000000000000
145,0,TypeA,49400,000000000011111111100000000000111111111100000000000000000111111111000000000000011111111110000000000000000000000000000000000000111111111000000000000000000000000000000000
146,1,TypeB,39400,000000000000000111111110000000000000000000001111110000000000000001111111000000000000000000000000000000000000111111110000000000111111110000000000000000000000000000000000
147,2,TypeB,39400,000000000000000111111110000000000000000000001111110000000000000001111111000000000000000000000000000000000000111111110000000000111111110000000000000000000000000000000000
148,3,TypeC,26000,000000000000000111100000000000000000000000001111110000000000000001111100000000000000000000000000000000000000000000000000000000000000011110000000000000000000011110000000
149,4,TypeC,26000,000000000000000111100000000000000000000000001111110000000000000001111100000000000000000000000000000000000000000000000000000000000000011110000000000000000000011110000000
150,0,TypeA,53900,011111111110000000000000000000000000000000000000000001111111111000000000000000000000000000000000000000111111111000000000000000111111111000000000000000000000000111111111
151,1,TypeB,42500,011111110000000000000000000000000000000000000000000001111111100000000000000000000000000000000000000000011111111000000000000000000000000000000000111111100000000011111111
152,2,TypeB,42500,011111110000000000000000000000000000000000000000000001111111100000000000000000000000000000000000000000011111111000000000000000000000000000000000111111100000000011111111
153,3,TypeC,32700,000000011111000000000000000000000000000111111000000000000111111000000000000000000000000000000000000000011111100000000000000000000000000000000000000000000000011110000000
154,4,TypeC,32700,000000011111000000000000000000000000000111111000000000000111111000000000000000000000000000000000000000011111100000000000000000000000000000000000000000000000011110000000
155,0,TypeA,53000,000000011111111100000000000000111111111100000000000000000000111111111100000000000000000000000000111111111000000000000000000000111111111000000000000000000000000000000000
156,1,TypeB,42800,011111110000000000000000000000111111110000000000000000000000000000000000000000000000000000000000000000001111111000000000000000000000011111111000000000000000000011111111
157,2,TypeB,42800,011111110000000000000000000000111111110000000000000000000000000000000000000000000000000000000000000000001111111000000000000000000000011111111000000000000000000011111111
158,3,TypeC,25100,000000011111000000000000000000000000000000001111110000000000000000000111000000000000000000000000111110000000000000000000000000000000000000000000000000000000011110000000
159,4,TypeC,25100,000000011111000000000000000000000000000000001111110000000000000000000111000000000000000000000000111110000000000000000000000000000000000000000000000000000000011110000000
160,0,TypeA,61500,011111111110000000000000000000000000000000000000000000000000000000000111111111000000000000000000111111111000000000000111111111100000000000000000111111111100000000000000
161,1,TypeB,43800,011111110000000000000000000000000000000000111111110000000000000000000000000000000000000000000000000000011111111000000000000000111111110000000000000000111111110000000000
162,2,TypeB,43800,011111110000000000000000000000000000000000111111110000000000000000000000000000000000000000000000000000011111111000000000000000111111110000000000000000111111110000000000
163,3,TypeC,27700,011110000000000000000000000000000000000000000000000000000111110000000000001111110000000000000000000000000000000000011111000000000000011111000000000000000000000000000000
164,4,TypeC,27700,011110000000000000000000000000000000000000000000000000000111110000000000001111110000000000000000000000000000000000011111000000000000011111000000000000000000000000000000
165,0,TypeA,56900,000000000000000000000011111111100000000000000000011111111100000000000000000001111111111000000000000000111111111000000000000000000000000000000000111111111100000000000000
166,1,TypeB,41200,000000000000000000000000000000000000000000111111110000000000000000000000000001111111000000000000000000111111100000000001111111100000000000000000111111100000000000000000
167,2,TypeB,41200,000000000000000000000000000000000000000000111111110000000000000000000000000001111111000000000000000000111111100000000001111111100000000000000000111111100000000000000000
168,3,TypeC,30000,000000000000000000000000000000000000000000001111110000000000011111000000000000000001111110000000000000000000000000011111000000000000000000001111100000000000000000000000
169,4,TypeC,30000,000000000000000000000000000000000000000000001111110000000000011111000000000000000001111110000000000000000000000000011111000000000000000000001111100000000000000000000000
170,0,TypeA,57400,000000000000000000000000000000000000000000111111111100000000000001111111111000000000000011111111100000000000111111111100000000000000000000000000000000011111111110000000
171,1,TypeB,37400,000000000000000000000000000000000000000000001111111100000000000001111111000000000000011110000000000000000000111111110000000000000000000000000000111111110000000000000000
172,2,TypeB,37400,000000000000000000000000000000000000000000001111111100000000000001111111000000000000011110000000000000000000111111110000000000000000000000000000111111110000000000000000
173,3,TypeC,28100,000000011111000000000000000000000000000000000000011111000000000000000111111000000000011110000000000000000000000000111111000000000000000000000000000000000000000000000000
174,4,TypeC,28100,000000011111000000000000000000000000000000000000011111000000000000000111111000000000011110000000000000000000000000111111000000000000000000000000000000000000000000000000
175,0,TypeA,56900,000000000000000000000000000000000000000000001111111111000000000000000111111111000000000000000000111111111000000000000000000000111111111000000000000000011111111110000000
176,1,TypeB,42400,000011111111000000000000000000000000000000000000000001111111100000000000000001111111100000000000000000000000111111110000000000000000000000000000000000111111110000000000
177,2,TypeB,42400,000011111111000000000000000000000000000000000000000001111111100000000000000001111111100000000000000000000000111111110000000000000000000000000000000000111111110000000000
178,3,TypeC,31400,000000011111000000000000000000000000000000000000000000000000000000000000000000000001111110000000000000000000000000111111000000000000011110000000000000000111110000000000
179,4,TypeC,31400,000000011111000000000000000000000000000000000000000000000000000000000000000000000001111110000000000000000000000000111111000000000000011110000000000000000111110000000000
180,0,TypeA,57300,011111111110000000000011111111100000000000111111111100000000000000000000000000011111111110000000000000000000000000000000000000111111111000000000000000000000000000000000
181,1,TypeB,38400,011111110000000000000000000000000000000000000000000000000000011111000000000001111111100000000000000000000000111111110000000000000000000000000000000000111111110000000000
182,2,TypeB,38400,011111110000000000000000000000000000000000000000000000000000011111000000000001111111100000000000000000000000111111110000000000000000000000000000000000111111110000000000
183,3,TypeC,29500,000000011111000000000000000000000000000000000000000000000000011111000000000000011111100000000000111100000000000000000000000000000000011111000000000000000000000000000000
184,4,TypeC,29500,000000011111000000000000000000000000000000000000000000000000011111000000000000011111100000000000111100000000000000000000000000000000011111000000000000000000000000000000
185,0,TypeA,51400,000000011111111100000000000000000000000000000000011111111100000000000000000000011111111110000000000000111111111000000000000000111111111000000000000000000000000000000000
186,1,TypeB,44800,000000000000000111111110000000000000000000000000000000000000000000000000000001111111100000000000000000000000111111110000000000000000011111111000000000111111110000000000
187,2,TypeB,44800,000000000000000111111110000000000000000000000000000000000000000000000000000001111111100000000000000000000000111111110000000000000000011111111000000000111111110000000000
188,3,TypeC,24400,000000000000000000000000000000000000000000000000011111000000000000000000000001110000000000000000111110000000000000000000000000000000011111000000000000000000011110000000
189,4,TypeC,24400,000000000000000000000000000000000000000000000000011111000000000000000000000001110000000000000000111110000000000000000000000000000000011111000000000000000000011110000000
190,0,TypeA,58400,000000000000000000000011111111100000000000111111111100000000000001111111111000000000000000000000111111111000000000000000000000111111111000000000000000000000000000000000
191,1,TypeB,44600,000000000000000000000000000000000000000111111100000000000000000000000001111111100000000000000000000000000000000000000001111111100000000000000000111111100000000011111111
192,2,TypeB,44600,000000000000000000000000000000000000000111111100000000000000000000000001111111100000000000000000000000000000000000000001111111100000000000000000111111100000000011111111
193,3,TypeC,29100,000000000000000000000000000000000000011111100000000000000000000000000000001111110000000000000000111110000000000000111111000000000000001111000000000000000000000000000000
194,4,TypeC,29100,000000000000000000000000000000000000011111100000000000000000000000000000001111110000000000000000111110000000000000111111000000000000001111000000000000000000000000000000
195,0,TypeA,54700,000011111111000000000000000000000000000000001111111111000000000000000000000000000000000000000000111111111000000000000000000000111111111000000000000000011111111110000000
196,1,TypeB,41400,000011111111000000000000000000000000000111111100000000000000000000000000000000011111111000000000000000000000111111110000000000000000000000000000000000111111110000000000
197,2,TypeB,41400,000011111111000000000000000000000000000111111100000000000000000000000000000000011111111000000000000000000000111111110000000000000000000000000000000000111111110000000000
198,3,TypeC,27900,000000000011111100000000000000000000000000000000000000000000000000000000001111110000000000000000111110000000000000000000000000000000011100000000000000000000011110000000
199,4,TypeC,27900,000000000011111100000000000000000000000000000000000000000000000000000000001111110000000000000000111110000000000000000000000000000000011100000000000000000000011110000000
200,0,TypeA,50600,000000000000000000000000000000000000000000000000000000000111111111000000000001111111111000000000000000111111111000000000000000111111111000000000000000011111111110000000
201,1,TypeB,39100,000000000000000000000000000000000000000000111111110000000000111111000000000001111111100000000000000000011111111000000000000000000000000000000000000000011111110000000000
202,2,TypeB,39100,000000000000000000000000000000000000000000111111110000000000111111000000000001111111100000000000000000011111111000000000000000000000000000000000000000011111110000000000
203,3,TypeC,24500,000000000000000000000000000011100000000000000000000000000000111111000000000001110000000000000000000000000000000000111111000000000000000000001111100000000000000000000000
204,4,TypeC,24500,000000000000000000000000000011100000000000000000000000000000111111000000000001110000000000000000000000000000000000111111000000000000000000001111100000000000000000000000
205,0,TypeA,59700,000000000000000000000000000000000000000000000000000001111111110000000000001111111111000000000000111111111000000000000111111111100000000000000000111111111100000000000000
206,1,TypeB,40800,011111110000000000000000000000000000000111111100000000000000000000000000000000111111000000000000000000000000000000000000000000000000011111111000000000111111110000000000
207,2,TypeB,40800,011111110000000000000000000000000000000111111100000000000000000000000000000000111111000000000000000000000000000000000000000000000000011111111000000000111111110000000000
208,3,TypeC,31500,000000011111000000000000000000000000000000000000011111000000000000000000000000111111000000000000000000000000000000000000000000000000011111000000000000001111110000000000
209,4,TypeC,31500,000000011111000000000000000000000000000000000000011111000000000000000000000000111111000000000000000000000000000000000000000000000000011111000000000000001111110000000000
210,0,TypeA,57400,000000000000000000000000000000111111111100000000000001111111110000000000000000011111111110000000000000000000000000000111111111100000000000000000111111111100000000000000
211,1,TypeB,40400,011111110000000000000000000000000000000111111100000000000000000000000000000001111111100000000000000000011111111000000000000000000000000000000000111111110000000000000000
212,2,TypeB,40400,011111110000000000000000000000000000000111111100000000000000000000000000000001111111100000000000000000011111111000000000000000000000000000000000111111110000000000000000
213,3,TypeC,28100,000000011111000000000000000000000000000000000000011111000000000000000111111000000000000000000000000011111000000000000000000000000000011111000000000000000000000000000000
214,4,TypeC,28100,000000011111000000000000000000000000000000000000011111000000000000000111111000000000000000000000000011111000000000000000000000000000011111000000000000000000000000000000
215,0,TypeA,58200,011111111110000000000000000000000000000000000000011111111100000000000000000001111111111000000000000000000000001111111111000000000000000000000000111111111000000000000000
216,1,TypeB,42500,011111110000000000000000000000000000000000000000000000000000000000000000000000011111111000000000000000011111111000000000000000000000001111111000000000111111110000000000
217,2,TypeB,42500,011111110000000000000000000000000000000000000000000000000000000000000000000000011111111000000000000000011111111000000000000000000000001111111000000000111111110000000000
218,3,TypeC,31200,000000000011111100000000000000000000000000000000011111000000000000000000000000000000000000000000000000000000000000111111000000000000001111000000000000001111110000000000
219,4,TypeC,31200,000000000011111100000000000000000000000000000000011111000000000000000000000000000000000000000000000000000000000000111111000000000000001111000000000000001111110000000000
220,0,TypeA,57500,011111111110000000000011111111100000000000000000000000000111111111000000000000000000000000000000111111111000000000000000000000000000000000000000111111111100000000000000
221,1,TypeB,42800,011111110000000000000000000000000000000000000000000000000000000001111111000000000000000000000000000000001111111100000000000000000011111111000000000000111111110000000000
222,2,TypeB,42800,011111110000000000000000000000000000000000000000000000000000000001111111000000000000000000000000000000001111111100000000000000000011111111000000000000111111110000000000
223,3,TypeC,31900,000000011111000000000000000000000000000000000000000000000111110000000000000000000001111110000000000000000000000000000000000000000011111000000000000000000000011110000000
224,4,TypeC,31900,000000011111000000000000000000000000000000000000000000000111110000000000000000000001111110000000000000000000000000000000000000000011111000000000000000000000011110000000
225,0,TypeA,55700,000000000000000000000011111111100000000000001111111111000000000000000000000001111111111000000000000000111111111000000000000000111111111000000000000000000000000000000000
226,1,TypeB,40900,000000000000000111111110000000000000000000000000000000000000000000000000000000011111111000000000000000011111111000000000000000000000011111000000000000000000000011111111
227,2,TypeB,40900,000000000000000111111110000000000000000000000000000000000000000000000000000000011111111000000000000000011111111000000000000000000000011111000000000000000000000011111111
228,3,TypeC,28200,000000000011111100000000000011100000000000000000000000000000000000000000000000000000000000000000000000000000000000111111000000000000011111000000000000000000011110000000
229,4,TypeC,28200,000000000011111100000000000011100000000000000000000000000000000000000000000000000000000000000000000000000000000000111111000000000000011111000000000000000000011110000000
230,0,TypeA,61800,000000000000000000000000000000000000000000111111111100000000000000000001111111110000000000000000111111111000000000000111111111100000000000000000111111111100000000000000
231,1,TypeB,44800,000000000000000000000000000000000000000000111111110000000000000000000000000000011111111000000000000000000000000011111111000000000000000001111111100000000000000011111111
232,2,TypeB,44800,000000000000000000000000000000000000000000111111110000000000000000000000000000011111111000000000000000000000000011111111000000000000000001111111100000000000000011111111
233,3,TypeC,33600,000000000011111100000000000000000000000000000000000000000111111000000000000000000000111110000000000000000000111110000000000000000000000000001111100000000000000000000000
234,4,TypeC,33600,000000000011111100000000000000000000000000000000000000000111111000000000000000000000111110000000000000000000111110000000000000000000000000001111100000000000000000000000
235,0,TypeA,53800,000000000000000000000000000000111111111100000000000001111111111000000000000001111111111000000000000000011111111110000000000000111111111000000000000000000000000000000000
236,1,TypeB,42500,011111110000000000000000000000000000000000000000000000000000000000000000000000011111111000000000001111111000000000000001111111100000000000000000000000000000000011111111
237,2,TypeB,42500,011111110000000000000000000000000000000000000000000000000000000000000000000000011111111000000000001111111000000000000001111111100000000000000000000000000000000011111111
238,3,TypeC,29900,000000011111000000000000000000000000000000000000000000000111111000000000001111110000000000000000000000000000000000000000000000000000011111000000000000000000000000001111
239,4,TypeC,29900,000000011111000000000000000000000000000000000000000000000111111000000000001111110000000000000000000000000000000000000000000000000000011111000000000000000000000000001111
240,0,TypeA,55200,000000000000000000000000000000000000000000000000011111111100000000000001111111110000000000000000111111111000000000000000000000111111111000000000000000000000000111111111
241,1,TypeB,42500,000000000000000000000000000000000000000000111111110000000000000001111111000000000000000000000000000000000000111111110000000000000000000000000000111111100000000011111111
242,2,TypeB,42500,000000000000000000000000000000000000000000111111110000000000000001111111000000000000000000000000000000000000111111110000000000000000000000000000111111100000000011111111
243,3,TypeC,31000,000000000011111100000000000000000000000000000000011111100000000000000000001111110000000000000000000000000000000000000000000000000000000000001111100000000000011111000000
244,4,TypeC,31000,000000000011111100000000000000000000000000000000011111100000000000000000001111110000000000000000000000000000000000000000000000000000000000001111100000000000011111000000
245,0,TypeA,55900,011111111110000000000000000000111111111100000000000000000000000000000000000001111111111000000000000000000000111111111100000000000000000000000000000000000000000111111111
246,1,TypeB,39400,011111110000000000000000000000000000000000001111111100000000000000000000000000000001111110000000000000000000111111110000000000000000000000000000000000000000000011111111
247,2,TypeB,39400,011111110000000000000000000000000000000000001111111100000000000000000000000000000001111110000000000000000000111111110000000000000000000000000000000000000000000011111111
248,3,TypeC,30500,011100000000000000000000000000000000000000000000011111100000000000000000000000000001111110000000000000000000111110000000000000000000000000000000000000000000011111100000
249,4,TypeC,30500,011100000000000000000000000000000000000000000000011111100000000000000000000000000001111110000000000000000000111110000000000000000000000000000000000000000000011111100000
250,0,TypeA,49700,000000000011111111100000000000000000000000000000000001111111110000000000000000000000000000000000111111111000000000000000000000111111111000000000000000111111110000000000
251,1,TypeB,39400,000000000001111111100000000000111111110000000000000000000000011111000000000000000000000000000000111111110000000000000000000000000000000000000000000000111111110000000000
252,2,TypeB,39400,000000000001111111100000000000111111110000000000000000000000011111000000000000000000000000000000111111110000000000000000000000000000000000000000000000111111110000000000
253,3,TypeC,26300,000000011111000000000000000011100000000000000000000000000000011111000000000000000000000000000000111100000000000000000000000000000000000000000000000000000000011111100000
254,4,TypeC,26300,000000011111000000000000000011100000000000000000000000000000011111000000000000000000000000000000111100000000000000000000000000000000000000000000000000000000011111100000
255,0,TypeA,53900,000000000000000000000011111111100000000000000000000001111111111000000000000000011111111110000000000011111111100000000000000000111111111000000000000000000000000000000000
256,1,TypeB,42500,000000000000000111111110000000000000000000000000000000000000111111000000000000000000000000000000111111110000000000000001111111100000000000000000000000111111110000000000
257,2,TypeB,42500,000000000000000111111110000000000000000000000000000000000000111111000000000000000000000000000000111111110000000000000001111111100000000000000000000000111111110000000000
258,3,TypeC,32700,000000000000000000000000000011100000000000000000000000000000111111000000000000000001111110000000000000011111100000000000000000000000000000000000000000000000011111100000
259,4,TypeC,32700,000000000000000000000000000011100000000000000000000000000000111111000000000000000001111110000000000000011111100000000000000000000000000000000000000000000000011111100000
260,0,TypeA,58400,000000000000000000000011111111100000000000000000011111111100000000000000000000000000000000000000111111111000000000000111111111100000000000000000000000011111111110000000
261,1,TypeB,43500,000000000001111111100000000000000000000000000000000000000000000000000000000001111111100000000000111111100000000000000001111111100000000000000000000000000000000011111111
262,2,TypeB,43500,000000000001111111100000000000000000000000000000000000000000000000000000000001111111100000000000111111100000000000000001111111100000000000000000000000000000000011111111
263,3,TypeC,31300,000000000000000000111110000000000000000000000000000000000111111000000000000000000000000000000000111110000000000000111111000000000000000000000000000000001111110000000000
264,4,TypeC,31300,000000000000000000111110000000000000000000000000000000000111111000000000000000000000000000000000111110000000000000111111000000000000000000000000000000001111110000000000
265,0,TypeA,52900,000000000000000000000000000000111111111100000000000000000000000000000000000000011111111110000000000000111111111100000000000000111111111000000000000000011111111110000000
266,1,TypeB,41400,000000000000000111111110000000000000000111111100000000000111111110000000000000000000000000000000000000000000111111110000000000000000000000000000000000000000000011111111
267,2,TypeB,41400,000000000000000111111110000000000000000111111100000000000111111110000000000000000000000000000000000000000000111111110000000000000000000000000000000000000000000011111111
268,3,TypeC,27900,000000011111000000000000000000000000000000000000000000000111111000000000001111110000000000000000111000000000000000000000000000000000000000000000000000000000011110000000
269,4,TypeC,27900,000000011111000000000000000000000000000000000000000000000111111000000000001111110000000000000000111000000000000000000000000000000000000000000000000000000000011110000000
270,0,TypeA,57100,011111111110000000000011111111100000000000000000011111111100000000000000000000000000000000000000111111111000000000000000000000111111111000000000000000000000000000000000
271,1,TypeB,43500,000000000000000111111110000000000000000000000000000000000000000000000000000000111111110000000000111111100000000000000001111111100000000000000000111111110000000000000000
272,2,TypeB,43500,000000000000000111111110000000000000000000000000000000000000000000000000000000111111110000000000111111100000000000000001111111100000000000000000111111110000000000000000
273,3,TypeC,29900,000000011111000000000000000000000000011111100000000000000111111000000000000000000000000000000000111100000000000000011111000000000000000000000000000000000000000000000000
274,4,TypeC,29900,000000011111000000000000000000000000011111100000000000000111111000000000000000000000000000000000111100000000000000011111000000000000000000000000000000000000000000000000
275,0,TypeA,53100,000000000000000000000011111111100000000000111111111100000000000000000000000000111111111000000000000000000000000000000000000000111111111000000000000000111111110000000000
276,1,TypeB,43500,000000000001111111100000000000000000000000000000000000000000000000000000000000011111111000000000000000000000111111110000000000000000000000000000111111100000000011111111
277,2,TypeB,43500,000000000001111111100000000000000000000000000000000000000000000000000000000000011111111000000000000000000000111111110000000000000000000000000000111111100000000011111111
278,3,TypeC,28200,000000000000000000111110000000000000011111100000000000000000000000000111111000000000000000000000111110000000000000000000000000000000000000001111100000000000000000000000
279,4,TypeC,28200,000000000000000000111110000000000000011111100000000000000000000000000111111000000000000000000000111110000000000000000000000000000000000000001111100000000000000000000000
280,0,TypeA,54400,000000000000000000000011111111100000000000111111111100000000000000000000000001111111111000000000000000000000000000000000000000111111111000000000000000111111110000000000
281,1,TypeB,42400,000000000000000111111110000000000000000000111111110000000000000011111111000000000000000000000000000000011111111000000000000000000000000000000000000000111111110000000000
282,2,TypeB,42400,000000000000000111111110000000000000000000111111110000000000000011111111000000000000000000000000000000011111111000000000000000000000000000000000000000111111110000000000
283,3,TypeC,27900,000000011111000000000000000000000000000000000000011111000000000000000111111000000000000000000000111110000000000000000000000000000000000000000000000000000000000000111111
284,4,TypeC,27900,000000011111000000000000000000000000000000000000011111000000000000000111111000000000000000000000111110000000000000000000000000000000000000000000000000000000000000111111
285,0,TypeA,56100,011111111110000000000000000000000000000000111111111100000000000000000000000001111111111000000000000000111111111000000000000000111111111000000000000000000000000000000000
286,1,TypeB,41500,000000000000000000000000000000000000000111111100000000000000000001111111000000000000000000000000111111100000000000000001111111100000000000000000000000111111110000000000
287,2,TypeB,41500,000000000000000000000000000000000000000111111100000000000000000001111111000000000000000000000000111111100000000000000001111111100000000000000000000000111111110000000000
288,3,TypeC,27500,000000000000000000000000000000000000000000000000000000000111110000000000001111110000000000000000111110000000000000111111000000000000000000000000000000000000000000001111
289,4,TypeC,27500,000000000000000000000000000000000000000000000000000000000111110000000000001111110000000000000000111110000000000000111111000000000000000000000000000000000000000000001111
290,0,TypeA,53500,000000011111111100000000000000000000000000000000000111111111100000000000000000011111111110000000000000000000111111111100000000000000000000000000000000011111111110000000
291,1,TypeB,42400,000000000000000111111110000000000000011111111000000000000000000000000000000000011111111000000000000000000000111111110000000000000000000000000000000000111111110000000000
292,2,TypeB,42400,000000000000000111111110000000000000011111111000000000000000000000000000000000011111111000000000000000000000111111110000000000000000000000000000000000111111110000000000
293,3,TypeC,31200,000000000000000000000000000000000000000000000000000000000111110000000000000000000001111110000000000000000000111110000000000000000000011110000000000000000000011110000000
294,4,TypeC,31200,000000000000000000000000000000000000000000000000000000000111110000000000000000000001111110000000000000000000111110000000000000000000011110000000000000000000011110000000
295,0,TypeA,50700,000000011111111100000000000000000000000000000000000001111111110000000000000000000000000000000000111111111000000000000000000000111111111000000000000000001111111110000000
296,1,TypeB,42800,011111110000000000000000000000000000000000000000000000000000000000000000000000011111110000000000000000000000111111110000000000000000011111111000000000111111110000000000
297,2,TypeB,42800,011111110000000000000000000000000000000000000000000000000000000000000000000000011111110000000000000000000000111111110000000000000000011111111000000000111111110000000000
298,3,TypeC,31900,000000011111000000000000000000000000000000000000000000000111110000000000000000000001111110000000000000000000111110000000000000000000000000000000000000000000011110000000
299,4,TypeC,31900,000000011111000000000000000000000000000000000000000000000111110000000000000000000001111110000000000000000000111110000000000000000000000000000000000000000000011110000000
300,0,TypeA,52000,000000011111111100000000000000000000000000000000000001111111110000000000000000000000000000000000111111111000000000000000000000111111111000000000000000011111111110000000
301,1,TypeB,43500,011111110000000000000000000000000000000000000000000000000000000000000000000000011111111000000000111111110000000000000001111111100000000000000000000000000000000011111111
302,2,TypeB,43500,011111110000000000000000000000000000000000000000000000000000000000000000000000011111111000000000111111110000000000000001111111100000000000000000000000000000000011111111
303,3,TypeC,31300,000000000011111100000000000000000000000000000000000000000111110000000000000000000000000000000000000000000000000000111111000000000000000000001111100000000000000000111111
304,4,TypeC,31300,000000000011111100000000000000000000000000000000000000000111110000000000000000000000000000000000000000000000000000111111000000000000000000001111100000000000000000111111
305,0,TypeA,57100,011111111110000000000000000000000000000000000000000001111111111000000000000000111111111000000000000000000000111111111100000000000000000000000000111111111100000000000000
306,1,TypeB,43800,011111110000000000000000000000000000000000000000000000000000000000000000000000111111110000000000000000000000111111110000000000000000011111111000000000111111110000000000
307,2,TypeB,43800,011111110000000000000000000000000000000000000000000000000000000000000000000000111111110000000000000000000000111111110000000000000000011111111000000000111111110000000000
308,3,TypeC,31200,000000000000000000000000000000000000000000000000000000000111111000000000000000000000000000000000111100000000000000111111000000000000011111000000000000000000011111100000
309,4,TypeC,31200,000000000000000000000000000000000000000000000000000000000111111000000000000000000000000000000000111100000000000000111111000000000000011111000000000000000000011111100000
310,0,TypeA,58400,011111111110000000000000000000000000000000000000000001111111111000000000000001111111111000000000000000000000111111111100000000000000000000000000111111111100000000000000
311,1,TypeB,40800,011111110000000000000000000000000000000000000000000000000111111000000000000000000000000000000000000000000000111111100000000000000000011111111000000000111111110000000000
312,2,TypeB,40800,011111110000000000000000000000000000000000000000000000000111111000000000000000000000000000000000000000000000111111100000000000000000011111111000000000111111110000000000
313,3,TypeC,32500,000000000000000000000000000000000000000000000000000000000111111000000000000000000000000000000000111110000000000011111100000000000000011111000000000000000000011111100000
314,4,TypeC,32500,000000000000000000000000000000000000000000000000000000000111111000000000000000000000000000000000111110000000000011111100000000000000011111000000000000000000011111100000
315,0,TypeA,53300,000000000011111111100000000000111111111100000000000111111111100000000000000000000000000000000000111111111000000000000000000000111111111000000000000000000000000000000000
316,1,TypeB,44800,000000000000000111111110000000000000000000000000000001111111100000000000000000000000000000000000000000011111111000000000000000000000011111111000000000111111110000000000
317,2,TypeB,44800,000000000000000111111110000000000000000000000000000001111111100000000000000000000000000000000000000000011111111000000000000000000000011111111000000000111111110000000000
318,3,TypeC,30900,000000011111000000000000000000000000000000000000000000000111111000000000000000000000000000000000111110000000000000111111000000000000011111000000000000000000000000000000
319,4,TypeC,30900,000000011111000000000000000000000000000000000000000000000111111000000000000000000000000000000000111110000000000000111111000000000000011111000000000000000000000000000000
320,0,TypeA,54800,000000000000000000000000000000111111111100000000000000000000000000000111111111100000000000000000111111111000000000000000000000111111111000000000000000001111111110000000
321,1,TypeB,42800,000000000000000111111110000000000000000000000000000000000000000000000111111000000000000000000000000000000000111111110000000000000000011111111000000000111111110000000000
322,2,TypeB,42800,000000000000000111111110000000000000000000000000000000000000000000000111111000000000000000000000000000000000111111110000000000000000011111111000000000111111110000000000
323,3,TypeC,34700,000000000011111100000000000000000000000000000000000000000000000000000111111000000000000000000000000000011111100000000000000000000000011111000000000000001111110000000000
324,4,TypeC,34700,000000000011111100000000000000000000000000000000000000000000000000000111111000000000000000000000000000011111100000000000000000000000011111000000000000001111110000000000
325,0,TypeA,53900,000000000000000000000011111111100000000000000000000001111111111000000000000001111111111000000000000000111111111000000000000000111111111000000000000000000000000000000000
326,1,TypeB,43800,000000000000000111111110000000000000000000000000000000000000000000000000000000011111111000000000000000001111111000000000000000111111110000000000000000111111110000000000
327,2,TypeB,43800,000000000000000111111110000000000000000000000000000000000000000000000000000000011111111000000000000000001111111000000000000000111111110000000000000000111111110000000000
328,3,TypeC,32000,000000000011111100000000000000000000000000000000000000000111111000000000000000000000000000000000000000001111100000000000000000111000000000000000000000000000011111100000
329,4,TypeC,32000,000000000011111100000000000000000000000000000000000000000111111000000000000000000000000000000000000000001111100000000000000000111000000000000000000000000000011111100000
330,0,TypeA,52800,000000000000000000000000000000111111111100000000000001111111110000000000000001111111111000000000000000000000000000000000000000111111111000000000000000011111111110000000
331,1,TypeB,43500,000000000000000000000000000000000000000000000000000000000111111110000000000000011111111000000000000000111111100000000001111111100000000000000000111111110000000000000000
332,2,TypeB,43500,000000000000000000000000000000000000000000000000000000000111111110000000000000011111111000000000000000111111100000000001111111100000000000000000111111110000000000000000
333,3,TypeC,22100,000000011111000000000000000011100000000000000000011111000000000000000000000000000000000000000000000000000000000000000000000011100000000000000000000000000000011110000000
334,4,TypeC,22100,000000011111000000000000000011100000000000000000011111000000000000000000000000000000000000000000000000000000000000000000000011100000000000000000000000000000011110000000
335,0,TypeA,55800,000000000000000000000000000000111111111100000000000001111111111000000000001111111111000000000000111111111000000000000000000000111111111000000000000000000000000000000000
336,1,TypeB,43500,000000000000000000000000000000000000000000111111110000000000000000000000000000111111110000000000000000111111100000000001111111100000000000000000000000111111110000000000
337,2,TypeB,43500,000000000000000000000000000000000000000000111111110000000000000000000000000000111111110000000000000000111111100000000001111111100000000000000000000000111111110000000000
338,3,TypeC,30800,000000000000000000000000000000000000000000000000011111100000000000000000000000000001111110000000000000000000000000111111000000000000000000001111100000000000000000111111
339,4,TypeC,30800,000000000000000000000000000000000000000000000000011111100000000000000000000000000001111110000000000000000000000000111111000000000000000000001111100000000000000000111111
340,0,TypeA,53800,011111111110000000000000000000111111111100000000000000000000000000000000000000000000000000000000111111111000000000000000000000111111111000000000000000111111110000000000
341,1,TypeB,43600,000000000000000000000000000000111111100000000000000000000000000000000000000000000000000000000000001111111000000000000001111111100000000000000000111111100000000011111111
342,2,TypeB,43600,000000000000000000000000000000111111100000000000000000000000000000000000000000000000000000000000001111111000000000000001111111100000000000000000111111100000000011111111
343,3,TypeC,26000,000000000000000000000000000011100000000000000000000000000111111000000000000000000000000000000000111110000000000000000000000000111000000000000000000000000000011111100000
344,4,TypeC,26000,000000000000000000000000000011100000000000000000000000000111111000000000000000000000000000000000111110000000000000000000000000111000000000000000000000000000011111100000
345,0,TypeA,54000,000000000000000000000000000000000000111111111100000000000000111111111100000000000000000000000000111111111000000000000000000000111111111000000000000000011111111110000000
346,1,TypeB,42500,000000000000000000000000000000111111100000000000000000000111111110000000000000000000000000000000000000111111100000000001111111100000000000000000000000111111110000000000
347,2,TypeB,42500,000000000000000000000000000000111111100000000000000000000111111110000000000000000000000000000000000000111111100000000001111111100000000000000000000000111111110000000000
348,3,TypeC,29900,000000011111000000000000000000000000000000000000000000000111111000000000001111110000000000000000000000000000000000000000000011100000000000000000000000000000011111100000
349,4,TypeC,29900,000000011111000000000000000000000000000000000000000000000111111000000000001111110000000000000000000000000000000000000000000011100000000000000000000000000000011111100000
350,0,TypeA,58000,000000000000000000000011111111100000000000001111111111000000000000000001111111110000000000000000111111111000000000000000000000111111111000000000000000000000000000000000
351,1,TypeB,44800,000000000000000000000000000000111111110000000000000000111111110000000000000000000000000000000000000000011111111000000000000000000000011111111000000000111111110000000000
352,2,TypeB,44800,000000000000000000000000000000111111110000000000000000111111110000000000000000000000000000000000000000011111111000000000000000000000011111111000000000111111110000000000
353,3,TypeC,26200,000000000000000000000000000000000000000000000000011111100000000000000111111000000000000000000000000000011111100000000000000011100000000000000000000000000000000000001111
354,4,TypeC,26200,000000000000000000000000000000000000000000000000011111100000000000000111111000000000000000000000000000011111100000000000000011100000000000000000000000000000000000001111
355,0,TypeA,57700,000000000000000000000011111111100000000000111111111100000000000000000001111111110000000000000000111111111000000000000000000000111111111000000000000000000000000000000000
356,1,TypeB,43800,000000000000000000000000000000000000000111111100000000000111111110000000000000000000000000000000000000000000111111110000000000000000011111111000000000111111110000000000
357,2,TypeB,43800,000000000000000000000000000000000000000111111100000000000111111110000000000000000000000000000000000000000000111111110000000000000000011111111000000000111111110000000000
358,3,TypeC,33500,000000000011111100000000000000000000000000000000000000000000111111000000000000000001111110000000000000000000111110000000000000000000011100000000000000000000000000000000
359,4,TypeC,33500,000000000011111100000000000000000000000000000000000000000000111111000000000000000001111110000000000000000000111110000000000000000000011100000000000000000000000000000000
360,0,TypeA,54000,000000000011111111100000000000000000000000111111111100000000000000000000000000000000000000000000000111111111100000000000000000111111111000000000000000011111111110000000
361,1,TypeB,44800,000000000001111111100000000000111111110000000000000000000000000000000000000000000000000000000000000000001111111100000000000000000000011111111000000000111111110000000000
362,2,TypeB,44800,000000000001111111100000000000111111110000000000000000000000000000000000000000000000000000000000000000001111111100000000000000000000011111111000000000111111110000000000
363,3,TypeC,30800,000000000000000000000000000011100000000000000000000000000111111000000000000000000001111110000000000000011111100000000000000000000000000000001111100000000000000000000000
364,4,TypeC,30800,000000000000000000000000000011100000000000000000000000000111111000000000000000000001111110000000000000011111100000000000000000000000000000001111100000000000000000000000
365,0,TypeA,50600,000000011111111100000000000000000000111111111100000000000111111111000000000001111111111000000000000000000000000000000000000000111111111000000000000000000000000000000000
366,1,TypeB,44600,000000000000000111111110000000000000000000000000000000000000000000000000000000000000000000000000000000111111100000000001111111100000000000000000111111100000000011111111
367,2,TypeB,44600,000000000000000111111110000000000000000000000000000000000000000000000000000000000000000000000000000000111111100000000001111111100000000000000000111111100000000011111111
368,3,TypeC,28500,000000000011111100000000000011100000000000000000000000000000000000000000000000000001111110000000000000000000000000000000000000000000011100000000000000000000000000111111
369,4,TypeC,28500,000000000011111100000000000011100000000000000000000000000000000000000000000000000001111110000000000000000000000000000000000000000000011100000000000000000000000000111111
370,0,TypeA,52100,000000000000000000000000000000111111111100000000000000000111111111000000000000000000000000000000111111111000000000000000000000111111111000000000000000011111111110000000
371,1,TypeB,43800,000000000000000000000000000000000000111111100000000000000000000011111111000000000000000000000000000000000000000011111111000000000000011111111000000000111111110000000000
372,2,TypeB,43800,000000000000000000000000000000000000111111100000000000000000000011111111000000000000000000000000000000000000000011111111000000000000011111111000000000111111110000000000
373,3,TypeC,33800,000000000000000000000000000000000000011111100000000000000000111111000000000000000001111110000000000000000000000011111100000000000000000000001111100000000000000000000000
374,4,TypeC,33800,000000000000000000000000000000000000011111100000000000000000111111000000000000000001111110000000000000000000000011111100000000000000000000001111100000000000000000000000
375,0,TypeA,51400,011111111110000000000000000000000000000000000000000000000111111111000000000001111111111000000000000000000000000000000000000000111111111000000000000000111111110000000000
376,1,TypeB,43800,000000000000000000000000000000000000000000000000000111111100000000000000000000011111111000000000000000000000000011111111000000000000011111111000000000111111110000000000
377,2,TypeB,43800,000000000000000000000000000000000000000000000000000111111100000000000000000000011111111000000000000000000000000011111111000000000000011111111000000000111111110000000000
378,3,TypeC,33200,000000000000000000000000000000000000000111111000000000000000111111000000000000000001111110000000000000000000000011111100000000000000000000001111100000000000000000000000
379,4,TypeC,33200,000000000000000000000000000000000000000111111000000000000000111111000000000000000001111110000000000000000000000011111100000000000000000000001111100000000000000000000000
380,0,TypeA,55100,011111111110000000000000000000111111111100000000000001111111110000000000000000000000000000000000111111111000000000000000000000111111111000000000000000000000000000000000
381,1,TypeB,43800,000000000000000000000000000000000000000111111100000000000000000011111111000000000000000000000000000000011111111000000000000000000000011111111000000000111111110000000000
382,2,TypeB,43800,000000000000000000000000000000000000000111111100000000000000000011111111000000000000000000000000000000011111111000000000000000000000011111111000000000111111110000000000
383,3,TypeC,34400,000000000011111100000000000000000000000000000000011111100000000000000000000000000000000000000000000000011111100000000000000000000000011111000000000000000000011111100000
384,4,TypeC,34400,000000000011111100000000000000000000000000000000011111100000000000000000000000000000000000000000000000011111100000000000000000000000011111000000000000000000011111100000
385,0,TypeA,56400,011111111110000000000000000000000000000000000000000000000000000000000001111111110000000000000000000111111111100000000000000000111111111000000000000000011111111110000000
386,1,TypeB,43500,011111110000000000000000000000000000000000000000000000000000000011111111000000000000000000000000111111110000000000000001111111100000000000000000000000111111110000000000
387,2,TypeB,43500,011111110000000000000000000000000000000000000000000000000000000011111111000000000000000000000000111111110000000000000001111111100000000000000000000000111111110000000000
388,3,TypeC,30300,000000000011111100000000000011100000000000000000011111100000000000000111111000000000000000000000000000000000000000000000000000000000000000000000000000001111110000000000
389,4,TypeC,30300,000000000011111100000000000011100000000000000000011111100000000000000111111000000000000000000000000000000000000000000000000000000000000000000000000000001111110000000000
390,0,TypeA,57100,000000011111111100000000000000000000000000111111111100000000000000000000000001111111111000000000000000000000111111111100000000000000000000000000111111111100000000000000
391,1,TypeB,43800,000000000000000000000000000000000000111111100000000000000000000000000000000000011111111000000000000000000000001111111100000000000000011111111000000000111111110000000000
392,2,TypeB,43800,000000000000000000000000000000000000111111100000000000000000000000000000000000011111111000000000000000000000001111111100000000000000011111111000000000111111110000000000
393,3,TypeC,28800,000000000011111100000000000011100000000000000000000000000111111000000000000000000000000000000000111110000000000000000000000000000000000000000000000000000000011110000000
394,4,TypeC,28800,000000000011111100000000000011100000000000000000000000000111111000000000000000000000000000000000111110000000000000000000000000000000000000000000000000000000011110000000
395,0,TypeA,56700,000000000000000000000011111111100000000000111111111100000000000000000000000000000000000000000000000111111111100000000000000000111111111000000000000000011111111110000000
396,1,TypeB,40400,011111110000000000000000000000111111100000000000000000000000000000000000000000011111111000000000000000000000001111111100000000000000000000000000000000111111110000000000
397,2,TypeB,40400,011111110000000000000000000000111111100000000000000000000000000000000000000000011111111000000000000000000000001111111100000000000000000000000000000000111111110000000000
398,3,TypeC,23900,000000000000000000000000000011100000000000000000011111100000000000000111111000000000000000000000000000000000000000011111000000000000011100000000000000000000000000000000
399,4,TypeC,23900,000000000000000000000000000011100000000000000000011111100000000000000111111000000000000000000000000000000000000000011111000000000000011100000000000000000000000000000000
400,0,TypeA,56900,000000000000000000000011111111100000000000000111111111100000000000000000000000000000000000000000111111111000000000000000000000111111111000000000000000011111111110000000
401,1,TypeB,41400,011111110000000000000000000000111111110000000000000000000000000000000000000000011111111000000000000000000000001111111100000000000000000000000000000000111111110000000000
402,2,TypeB,41400,011111110000000000000000000000111111110000000000000000000000000000000000000000011111111000000000000000000000001111111100000000000000000000000000000000111111110000000000
403,3,TypeC,25200,000000000000000000000000000011100000000000000000011111100000000000000111111000000000000000000000000000000000000011111100000000000000011100000000000000000000000000000000
404,4,TypeC,25200,000000000000000000000000000011100000000000000000011111100000000000000111111000000000000000000000000000000000000011111100000000000000011100000000000000000000000000000000
405,0,TypeA,52200,000000011111111100000000000000111111111100000000000001111111111000000000000000011111111110000000000000000000000000000000000000111111111000000000000000000000000000000000
406,1,TypeB,41400,011111110000000000000000000000000000000000001111111100000000000000000000000000011111111000000000000000011111111000000000000000000000000000000000000000111111110000000000
407,2,TypeB,41400,011111110000000000000000000000000000000000001111111100000000000000000000000000011111111000000000000000011111111000000000000000000000000000000000000000111111110000000000
408,3,TypeC,28200,000000000000000000000000000011100000000000000000011111100000000000000111111000000000000000000000000000000000000000111111000000000000000000000000000000000000011111100000
409,4,TypeC,28200,000000000000000000000000000011100000000000000000011111100000000000000111111000000000000000000000000000000000000000111111000000000000000000000000000000000000011111100000
410,0,TypeA,57400,000000011111111100000000000000111111111100000000000000000000000000000000000001111111111000000000000000000000000000000111111111100000000000000000111111111100000000000000
411,1,TypeB,41400,000000000001111111100000000000000000000111111100000000000000000000000000000000011111111000000000000000011111111000000000000000000000000000000000000000111111110000000000
412,2,TypeB,41400,000000000001111111100000000000000000000111111100000000000000000000000000000000011111111000000000000000011111111000000000000000000000000000000000000000111111110000000000
413,3,TypeC,34300,000000000000000000000000000000000000000111111000000000000111110000000000000000000001111110000000000000000000000000000000000000000000011111000000000000000000011111100000
414,4,TypeC,34300,000000000000000000000000000000000000000111111000000000000111110000000000000000000001111110000000000000000000000000000000000000000000011111000000000000000000011111100000
415,0,TypeA,57600,000000000000000000000011111111100000000000000000000000000111111111000000000001111111111000000000000000000000000000000111111111100000000000000000111111111100000000000000
416,1,TypeB,44800,000011111111000000000000000000000000000000000000000000000111111110000000000000000000000000000000000000011111111000000000000000000000011111111000000000111111110000000000
417,2,TypeB,44800,000011111111000000000000000000000000000000000000000000000111111110000000000000000000000000000000000000011111111000000000000000000000011111111000000000111111110000000000
418,3,TypeC,27200,000000000000000000000000000000000000000000000000000000000000111111000000000000000000000000000000000000000000111110000000000011100000000000001111100000000000011110000000
419,4,TypeC,27200,000000000000000000000000000000000000000000000000000000000000111111000000000000000000000000000000000000000000111110000000000011100000000000001111100000000000011110000000
420,0,TypeA,52100,000000000011111111100000000000000000000000111111111100000000000000000000000000111111111000000000000000000000000000000000000000111111111000000000000000011111111110000000
421,1,TypeB,45900,000000000000000111111110000000000000000000000000000000000000000000000000000000000000000000000000000000011111111000000000000000111111110000000000111111100000000011111111
422,2,TypeB,45900,000000000000000111111110000000000000000000000000000000000000000000000000000000000000000000000000000000011111111000000000000000111111110000000000111111100000000011111111
423,3,TypeC,30400,000000000011111100000000000000000000000000000000000000000000000000000111111000000000011110000000000000000000000000000000000000000000011111000000000000000000011110000000
424,4,TypeC,30400,000000000011111100000000000000000000000000000000000000000000000000000111111000000000011110000000000000000000000000000000000000000000011111000000000000000000011110000000
425,0,TypeA,53100,011111111110000000000000000000000000000000000000000000000111111111000000000001111111111000000000000000000000000000000000000000111111111000000000000000011111111110000000
426,1,TypeB,43800,000000000000000111111110000000000000000000000000000000000000000000000000000000011111111000000000000000001111111000000000000000000000011111111000000000111111110000000000
427,2,TypeB,43800,000000000000000111111110000000000000000000000000000000000000000000000000000000011111111000000000000000001111111000000000000000000000011111111000000000111111110000000000
428,3,TypeC,30200,000000000011111100000000000000000000000000000000000000000000000000000111111000000000000000000000111110000000000000000000000000000000011111000000000000000000011110000000
429,4,TypeC,30200,000000000011111100000000000000000000000000000000000000000000000000000111111000000000000000000000111110000000000000000000000000000000011111000000000000000000011110000000
430,0,TypeA,50700,000000000011111111100000000000000000000000000000000000000000000000000000000000011111111110000000000000011111111110000000000000111111111000000000000000011111111110000000
431,1,TypeB,41500,011111110000000000000000000000000000000000000000000000000000000000000000000001111111000000000000000000011111111000000000000000000000000000000000111111100000000011111111
432,2,TypeB,41500,011111110000000000000000000000000000000000000000000000000000000000000000000001111111000000000000000000011111111000000000000000000000000000000000111111100000000011111111
433,3,TypeC,28000,000000000000000000000000000011100000000000000000011111100000000000000000001111110000000000000000000000000000111110000000000000000011111000000000000000000000000000000000
434,4,TypeC,28000,000000000000000000000000000011100000000000000000011111100000000000000000001111110000000000000000000000000000111110000000000000000011111000000000000000000000000000000000
435,0,TypeA,52200,000000011111111100000000000000111111111100000000000000000000000000000000000001111111111000000000000000000000000000000000000000111111111000000000000000011111111110000000
436,1,TypeB,43800,011111110000000000000000000000000000000000000000000000000111111110000000000000000000000000000000000000011111111000000000000000000000011111111000000000000111111110000000
437,2,TypeB,43800,011111110000000000000000000000000000000000000000000000000111111110000000000000000000000000000000000000011111111000000000000000000000011111111000000000000111111110000000
438,3,TypeC,26700,000000000000000000000000000011100000000000000000011111100000000000000000000000000000000000000000111110000000000000000000000000000000011111000000000000000111110000000000
439,4,TypeC,26700,000000000000000000000000000011100000000000000000011111100000000000000000000000000000000000000000111110000000000000000000000000000000011111000000000000000111110000000000
440,0,TypeA,51900,000000000011111111100000000000000000000000000000000001111111111000000000000001111111111000000000000000000000000000000000000000111111111000000000000000011111111110000000
441,1,TypeB,42500,011111110000000000000000000000000000000000000000000000000111111110000000000000000000000000000000000000011111111000000000000000000000000000000000111111100000000011111111
442,2,TypeB,42500,011111110000000000000000000000000000000000000000000000000111111110000000000000000000000000000000000000011111111000000000000000000000000000000000111111100000000011111111
443,3,TypeC,37100,000000000000000000000000000000000000000000000000000000000111111000000000000000000001111110000000000000000000111110000000000000000000111111000000000000001111110000000000
444,4,TypeC,37100,000000000000000000000000000000000000000000000000000000000111111000000000000000000001111110000000000000000000111110000000000000000000111111000000000000001111110000000000
445,0,TypeA,54000,000000011111111100000000000000000000000000111111111100000000000000000000000001111111111000000000000000000000000000000000000000111111111000000000000000011111111110000000
446,1,TypeB,40400,011111110000000000000000000000000000000000000000000111111100000000000000000000011111111000000000000000000000001111111100000000000000000000000000111111110000000000000000
447,2,TypeB,40400,011111110000000000000000000000000000000000000000000111111100000000000000000000011111111000000000000000000000001111111100000000000000000000000000111111110000000000000000
448,3,TypeC,31700,000000000000000000000000000000000000000000000000011111100000000000000000000000000001111110000000000000000000111110000000000000000000011111000000000000000000011110000000
449,4,TypeC,31700,000000000000000000000000000000000000000000000000011111100000000000000000000000000001111110000000000000000000111110000000000000000000011111000000000000000000011110000000
450,0,TypeA,51700,000000000011111111100000000000111111111100000000000001111111110000000000000000000000000000000000111111111000000000000000000000111111111000000000000000000000000000000000
451,1,TypeB,43500,000011111111000000000000000000000000000000000000000000000000000000000000000000111111110000000000000000011111111000000000000000000000000000000000111111100000000011111111
452,2,TypeB,43500,000011111111000000000000000000000000000000000000000000000000000000000000000000111111110000000000000000011111111000000000000000000000000000000000111111100000000011111111
453,3,TypeC,24400,000000011111000000000000000011100000000000000000011111100000000000000000000000000000000000000000000000000000111110000000000011100000000000000000000000000000000000000000
454,4,TypeC,24400,000000011111000000000000000011100000000000000000011111100000000000000000000000000000000000000000000000000000111110000000000011100000000000000000000000000000000000000000
455,0,TypeA,55500,000000000000000000000011111111100000000000111111111100000000000000000000000000011111111110000000000000000000000000000000000000111111111000000000000000011111111110000000
456,1,TypeB,43500,000000000001111111100000000000000000000000000000000000000000000000000000000001111111100000000000000000011111111000000000000000000000000000000000111111100000000011111111
457,2,TypeB,43500,000000000001111111100000000000000000000000000000000000000000000000000000000001111111100000000000000000011111111000000000000000000000000000000000111111100000000011111111
458,3,TypeC,31300,000000000011111100000000000000000000000000000000000000000111110000000000000000000001111110000000000000000000000000000000000011100000000000000000000000000000011111000000
459,4,TypeC,31300,000000000011111100000000000000000000000000000000000000000111110000000000000000000001111110000000000000000000000000000000000011100000000000000000000000000000011111000000
460,0,TypeA,56900,000000000000000000000000000000000000000000001111111111000000000000000001111111110000000000000000111111111000000000000000000000111111111000000000000000011111111110000000
461,1,TypeB,42500,000011111111000000000000000000000000000000000000000000000000000001111111000000000000000000000000000000001111111100000000000000000000000000000000111111100000000011111111
462,2,TypeB,42500,000011111111000000000000000000000000000000000000000000000000000001111111000000000000000000000000000000001111111100000000000000000000000000000000111111100000000011111111
463,3,TypeC,29500,000000000011111100000000000011100000000000000000000000000000000000000000001111110000000000000000000000000000111110000000000000000000011111000000000000000000000000000000
464,4,TypeC,29500,000000000011111100000000000011100000000000000000000000000000000000000000001111110000000000000000000000000000111110000000000000000000011111000000000000000000000000000000
465,0,TypeA,54400,000000000000000000000000000000000000000000111111111100000000000000000000000000011111111110000000000000011111111110000000000000111111111000000000000000011111111110000000
466,1,TypeB,41500,011111110000000000000000000000000000000000000000000000000000000001111111000000000000000000000000000000011111111000000000000000000000000000000000111111100000000011111111
467,2,TypeB,41500,011111110000000000000000000000000000000000000000000000000000000001111111000000000000000000000000000000011111111000000000000000000000000000000000111111100000000011111111
468,3,TypeC,25500,000000000000000000000000000000111000000000000000000000000111110000000000001111110000000000000000111110000000000000000000000000000000000000001111100000000000000000000000
469,4,TypeC,25500,000000000000000000000000000000111000000000000000000000000111110000000000001111110000000000000000111110000000000000000000000000000000000000001111100000000000000000000000
470,0,TypeA,54200,011111111110000000000011111111100000000000000000000000000111111111000000000001111111111000000000000000000000000000000000000000111111111000000000000000000000000000000000
471,1,TypeB,43500,000000000000000111111110000000000000000000000000000000000000000000000000000000011111111000000000000000001111111100000000000000000000000000000000111111100000000011111111
472,2,TypeB,43500,000000000000000111111110000000000000000000000000000000000000000000000000000000011111111000000000000000001111111100000000000000000000000000000000111111100000000011111111
473,3,TypeC,29200,000000011111000000000000000011100000000000000000000000000000111111000000000000000001111110000000000000000000000000000000000000000000000000001111100000000000000000000000
474,4,TypeC,29200,000000011111000000000000000011100000000000000000000000000000111111000000000000000001111110000000000000000000000000000000000000000000000000001111100000000000000000000000
475,0,TypeA,52300,000000011111111100000000000000111111111100000000000001111111110000000000000000000000000000000000111111111000000000000000000000111111111000000000000000000000000000000000
476,1,TypeB,42500,011111110000000000000000000000000000000111111100000000000000000000000000000000000000000000000000111111110000000000000001111111100000000000000000000000111111110000000000
477,2,TypeB,42500,011111110000000000000000000000000000000111111100000000000000000000000000000000000000000000000000111111110000000000000001111111100000000000000000000000111111110000000000
478,3,TypeC,25500,000000000000000000000000000011110000000000000000000000000111110000000000001111110000000000000000111100000000000000000000000000000000000000001111100000000000000000000000
479,4,TypeC,25500,000000000000000000000000000011110000000000000000000000000111110000000000001111110000000000000000111100000000000000000000000000000000000000001111100000000000000000000000
480,0,TypeA,52400,000000000000000000000011111111100000000000000000000000000111111111000000000001111111111000000000000000011111111110000000000000111111111000000000000000000000000000000000
481,1,TypeB,43500,000000000000000111111110000000000000000000000000000000000000000000000000000000011111111000000000000000011111111000000000000000000000000000000000111111100000000011111111
482,2,TypeB,43500,000000000000000111111110000000000000000000000000000000000000000000000000000000011111111000000000000000011111111000000000000000000000000000000000111111100000000011111111
483,3,TypeC,26800,000000000011111100000000000000000000000000000000011111100000000000000000001111110000000000000000111100000000000000000000000000111000000000000000000000000000000000000000
484,4,TypeC,26800,000000000011111100000000000000000000000000000000011111100000000000000000001111110000000000000000111100000000000000000000000000111000000000000000000000000000000000000000
485,0,TypeA,55500,000000000000000000000011111111100000000000000000000000000111111111000000000001111111111000000000000000000000111111111100000000000000000000000000111111111100000000000000
486,1,TypeB,41400,000000000000000000000000000000000000000000000000000000111111110000000000000000011111111000000000111111100000000011111111000000000000000000000000000000111111110000000000
487,2,TypeB,41400,000000000000000000000000000000000000000000000000000000111111110000000000000000011111111000000000111111100000000011111111000000000000000000000000000000111111110000000000
488,3,TypeC,28500,000000000000000000000000000011100000000000000000000000000111110000000000000000000001111110000000000000000000000000011111000000000000011111000000000000000000000000000000
489,4,TypeC,28500,000000000000000000000000000011100000000000000000000000000111110000000000000000000001111110000000000000000000000000011111000000000000011111000000000000000000000000000000
490,0,TypeA,52400,000000000000000000000011111111100000000000000000000000000111111111000000000001111111111000000000000000000000000000000000000000111111111000000000000000011111111110000000
491,1,TypeB,40400,011111110000000000000000000000000000000000000000000000000000000000000000000000011111111000000000111111100000000011111111000000000000000000000000000000000111111110000000
492,2,TypeB,40400,011111110000000000000000000000000000000000000000000000000000000000000000000000011111111000000000111111100000000011111111000000000000000000000000000000000111111110000000
493,3,TypeC,31500,000000000011111100000000000000000000000000000000000000000111110000000000001111110000000000000000000000001111100000000000000011111000000000000000000000000000000000000000
494,4,TypeC,31500,000000000011111100000000000000000000000000000000000000000111110000000000001111110000000000000000000000001111100000000000000011111000000000000000000000000000000000000000
495,0,TypeA,51500,000000000011111111100000000000000000000000111111111100000000000000000000000000011111111110000000000000001111111110000000000000111111111000000000000000000000000000000000
496,1,TypeB,40400,011111110000000000000000000000000000000000000000000000000000000000000000000001111111100000000000111111100000000011111111000000000000000000000000000000111111110000000000
497,2,TypeB,40400,011111110000000000000000000000000000000000000000000000000000000000000000000001111111100000000000111111100000000011111111000000000000000000000000000000111111110000000000
498,3,TypeC,29000,000000000011111100000000000000000000000000000000011111100000000000000000001111110000000000000000000000001111100000000000000011100000000000000000000000000000000000000000
499,4,TypeC,29000,000000000011111100000000000000000000000000000000011111100000000000000000001111110000000000000000000000001111100000000000000011100000000000000000000000000000000000000000
500,1,TypeB,40200,011111110000000000000000000000000000000000000000000000000000000000000000000000000000000000000000111111100000000011111111000000000000111111000000000000111111110000000000
501,2,TypeB,40200,011111110000000000000000000000000000000000000000000000000000000000000000000000000000000000000000111111100000000011111111000000000000111111000000000000111111110000000000
502,3,TypeC,32800,000000000011111100000000000011111000000000000000000000000111110000000000001111110000000000000000000000000000000000000000000000000000111111000000000000000000000000000000
503,4,TypeC,32800,000000000011111100000000000011111000000000000000000000000111110000000000001111110000000000000000000000000000000000000000000000000000111111000000000000000000000000000000
504,1,TypeB,40400,011111110000000000000000000000000000000000000000000000000000000011111111000000000000000000000000111111100000000011111111000000000000000000000000000000111111110000000000
505,2,TypeB,40400,011111110000000000000000000000000000000000000000000000000000000011111111000000000000000000000000111111100000000011111111000000000000000000000000000000111111110000000000
506,3,TypeC,29900,000000000011111100000000000011110000000000000000000000000111110000000000001111110000000000000000000000000000000000000000000000111110000000000000000000000000000000000000
507,4,TypeC,29900,000000000011111100000000000011110000000000000000000000000111110000000000001111110000000000000000000000000000000000000000000000111110000000000000000000000000000000000000
508,0,TypeA,50600,000000000011111111100000000000000000000000000000000000000000000000000000000000011111111110000000000011111111100000000000000000111111111000000000000000011111111110000000
509,1,TypeB,44800,000000000000000111111110000000000000011111111000000000000000000000000000000000000000000000000000000000011111111000000000000000000000011111111000000000111111110000000000
510,2,TypeB,44800,000000000000000111111110000000000000011111111000000000000000000000000000000000000000000000000000000000011111111000000000000000000000011111111000000000111111110000000000
511,3,TypeC,26400,000000011111000000000000000000000000000000000000000000000111110000000000001111110000000000000000000000000000000000000000000000111000000000001111100000000000000000000000
512,4,TypeC,26400,000000011111000000000000000000000000000000000000000000000111110000000000001111110000000000000000000000000000000000000000000000111000000000001111100000000000000000000000
513,0,TypeA,52100,000000000011111111100000000000000000000000000000000000000000111111111100000000000000000000000000111111111000000000000000000000111111111000000000000000011111111110000000
514,1,TypeB,41800,000000000000000111111110000000000000000000000000000000000111110000000000000000000000000000000000000000001111111100000000000000000000011111111000000000111111110000000000
515,2,TypeB,41800,000000000000000111111110000000000000000000000000000000000111110000000000000000000000000000000000000000001111111100000000000000000000011111111000000000111111110000000000
516,3,TypeC,28400,000000011111000000000000000000000000000000000000000000000111110000000000001111110000000000000000000000000000000000000000000011111000000000001111100000000000000000000000
517,4,TypeC,28400,000000011111000000000000000000000000000000000000000000000111110000000000001111110000000000000000000000000000000000000000000011111000000000001111100000000000000000000000
518,0,TypeA,52200,000000000011111111100000000000000000000000000000000000000111111111000000000000011111111110000000000000000000111111111100000000000000000000000000111111111100000000000000
519,1,TypeB,42800,011111110000000000000000000000000000111111100000000000000000000000000000000000000000000000000000000000001111111100000000000000000000011111111000000000111111110000000000
520,2,TypeB,42800,011111110000000000000000000000000000111111100000000000000000000000000000000000000000000000000000000000001111111100000000000000000000011111111000000000111111110000000000
521,3,TypeC,29700,000000000011111100000000000000000000000000000000011111100000000000000111111000000000000000000000000000000000000000111111000000000000111000000000000000000000000000000000
522,4,TypeC,29700,000000000011111100000000000000000000000000000000011111100000000000000111111000000000000000000000000000000000000000111111000000000000111000000000000000000000000000000000
523,0,TypeA,54100,000000000000000000000000000000000000111111111100000000000111111111000000000000011111111110000000000000000000111111111100000000000000000000000000111111111100000000000000
524,1,TypeB,43800,011111110000000000000000000000000000000000111111110000000000000000000000000000000000000000000000000000000000111111110000000000000000011111111000000000111111110000000000
525,2,TypeB,43800,011111110000000000000000000000000000000000111111110000000000000000000000000000000000000000000000000000000000111111110000000000000000011111111000000000111111110000000000
526,3,TypeC,27800,000000000011111100000000000000000000000000000000011111100000000000000111111000000000000000000000000000000000000000000000000011100000000000001111100000000000000000000000
527,4,TypeC,27800,000000000011111100000000000000000000000000000000011111100000000000000111111000000000000000000000000000000000000000000000000011100000000000001111100000000000000000000000
528,0,TypeA,55100,000000000000000000000011111111110000000000000000000000000000011111111100000000000000000000000000111111111000000000000000000000111111111000000000000000011111111110000000
529,1,TypeB,43800,011111110000000000000000000000111111110000000000000000000000000000000000000000000000000000000000000000001111111100000000000000000000011111111000000000111111110000000000
530,2,TypeB,43800,011111110000000000000000000000111111110000000000000000000000000000000000000000000000000000000000000000001111111100000000000000000000011111111000000000111111110000000000
531,3,TypeC,25900,000000000000000000000000000011110000000000000000000000000000011111000000000000000001111110000000000000000000000000000000000000000000111000000000000000000000000000001111
532,4,TypeC,25900,000000000000000000000000000011110000000000000000000000000000011111000000000000000001111110000000000000000000000000000000000000000000111000000000000000000000000000001111
533,0,TypeA,53800,000000000000000000000011111111100000000000000000000000000000011111111100000000000000000000000000111111111000000000000000000000111111111000000000000000011111111110000000
534,1,TypeB,41500,011111110000000000000000000000000000000111111100000000000000000000000000000000000000000000000000000000111111100000000001111111100000000000000000000000000000000011111111
535,2,TypeB,41500,011111110000000000000000000000000000000111111100000000000000000000000000000000000000000000000000000000111111100000000001111111100000000000000000000000000000000011111111
536,3,TypeC,25400,000000000000000000000000000011111000000000000000000000000111110000000000001111110000000000000000000000000000000000000000000000000000111000000000000000000000000000001111
537,4,TypeC,25400,000000000000000000000000000011111000000000000000000000000111110000000000001111110000000000000000000000000000000000000000000000000000111000000000000000000000000000001111
538,0,TypeA,52100,000000000000000000000011111111100000000000000000000000000111111111000000000000011111111110000000000000111111111100000000000000111111111000000000000000000000000000000000
539,1,TypeB,41500,011111110000000000000000000000000000000111111100000000000000000000000000000000000000000000000000001111111000000000000001111111100000000000000000000000111111110000000000
540,2,TypeB,41500,011111110000000000000000000000000000000111111100000000000000000000000000000000000000000000000000001111111000000000000001111111100000000000000000000000111111110000000000
541,3,TypeC,27000,000000000000000000000000000011100000000000000000000000000111110000000000001111110000000000000000000000000000000000000000000000000000111111000000000000000000000000001111
542,4,TypeC,27000,000000000000000000000000000011100000000000000000000000000111110000000000001111110000000000000000000000000000000000000000000000000000111111000000000000000000000000001111
543,0,TypeA,50200,000000000011111111100000000000000000000000000000000000000111111111000000000000000000000000000000111111111000000000000000000000111111111000000000000000011111111110000000
544,1,TypeB,37400,011111110000000000000000000000000000000111111100000000000111111000000000000000000000000000000000000000001111111000000000000000000000000000000000000000111111110000000000
545,2,TypeB,37400,011111110000000000000000000000000000000111111100000000000111111000000000000000000000000000000000000000001111111000000000000000000000000000000000000000111111110000000000
546,3,TypeC,23800,000000000000000000000000000011100000000000000000000000000111111000000000001111110000000000000000000000000000000000000000000011100000000000000000000000000000000000001111
547,4,TypeC,23800,000000000000000000000000000011100000000000000000000000000111111000000000001111110000000000000000000000000000000000000000000011100000000000000000000000000000000000001111
548,0,TypeA,55100,000000000000000000000011111111100000000000000000000001111111110000000000000000011111111110000000000000000000111111111100000000000000000000000000111111111000000000000000
549,1,TypeB,43500,000000000000000000000000000000000000000000000000000000000111111110000000000000011111111000000000000000111111100000000001111111100000000000000000000000111111110000000000
550,2,TypeB,43500,000000000000000000000000000000000000000000000000000000000111111110000000000000011111111000000000000000111111100000000001111111100000000000000000000000111111110000000000
551,3,TypeC,28600,000000000000000000000000000011100000000000000000000000000111110000000000000000111111000000000000000000000000000000111111000000000000011111000000000000000000000000000000
552,4,TypeC,28600,000000000000000000000000000011100000000000000000000000000111110000000000000000111111000000000000000000000000000000111111000000000000011111000000000000000000000000000000
553,0,TypeA,51800,000000000000000000000011111111100000000000000000000000000111111111000000000000011111111110000000000000011111111110000000000000111111111000000000000000000000000000000000
554,1,TypeB,42500,000000000000000000000000000000000000000111111100000000000000000000000000000000011111111000000000000000111111100000000001111111100000000000000000000000111111110000000000
555,2,TypeB,42500,000000000000000000000000000000000000000111111100000000000000000000000000000000011111111000000000000000111111100000000001111111100000000000000000000000111111110000000000
556,3,TypeC,27700,000000000000000000000000000000000000000000000000000000000111110000000000001111110000000000000000111000000000000000111111000000000000011111000000000000000000000000000000
557,4,TypeC,27700,000000000000000000000000000000000000000000000000000000000111110000000000001111110000000000000000111000000000000000111111000000000000011111000000000000000000000000000000
558,0,TypeA,56100,000000000000000000000011111111100000000000000000000001111111110000000000000000011111111110000000000000000000111111111100000000000000000000000000111111111100000000000000
559,1,TypeB,43800,011111110000000000000000000000000000000000000000000000111111110000000000000000000000000000000000000000011111111000000000000000000000011111111000000000111111110000000000
560,2,TypeB,43800,011111110000000000000000000000000000000000000000000000111111110000000000000000000000000000000000000000011111111000000000000000000000011111111000000000111111110000000000
561,3,TypeC,32500,000000000011111100000000000000000000000000000000000000000111110000000000001111110000000000000000000000000000000000111111000000000000011111000000000000000000000000000000
562,4,TypeC,32500,000000000011111100000000000000000000000000000000000000000111110000000000001111110000000000000000000000000000000000111111000000000000011111000000000000000000000000000000
563,0,TypeA,56400,000000000000000000000011111111110000000000000000000001111111111000000000000000000000000000000000111111111000000000000000000000111111111000000000000000011111111110000000
564,1,TypeB,41400,000011111111000000000000000000111111110000000000000000000000000000000000000000000000000000000000111111100000000011111111000000000000000000000000000000000000000011111111
565,2,TypeB,41400,000011111111000000000000000000111111110000000000000000000000000000000000000000000000000000000000111111100000000011111111000000000000000000000000000000000000000011111111
566,3,TypeC,25700,000000000000000000000000000011110000000000000000000000000111110000000000000000000000000000000000000000000000000000000000000011100000000000001111100000000000011111100000
567,4,TypeC,25700,000000000000000000000000000011110000000000000000000000000111110000000000000000000000000000000000000000000000000000000000000011100000000000001111100000000000011111100000
568,0,TypeA,49600,000000000000000000000000000000000000011111111100000000000111111111000000000001111111110000000000000000000000000000000000000000111111111000000000000000011111111110000000
569,1,TypeB,39400,000000000000000000000000000000000000000000000111111100000000000000000000000000011111110000000000111111100000000011111111000000000000000000000000000000000000000011111111
570,2,TypeB,39400,000000000000000000000000000000000000000000000111111100000000000000000000000000011111110000000000111111100000000011111111000000000000000000000000000000000000000011111111
571,3,TypeC,28400,000000000000000000000000000011100000000000000000000000000111110000000000000000000001111110000000000000000000000000000000000000000000011100000000000000000000011111100000
572,4,TypeC,28400,000000000000000000000000000011100000000000000000000000000111110000000000000000000001111110000000000000000000000000000000000000000000011100000000000000000000011111100000
573,0,TypeA,53000,000000000000000000000000000000000000011111111100000000000000111111111100000000000000000000000000111111111000000000000000000000111111111000000000000000011111111110000000
574,1,TypeB,42500,000000000000000000000000000000111111110000000000000000000000000000000000000000000000000000000000111111100000000011111111000000000011111110000000000000000000000011111111
575,2,TypeB,42500,000000000000000000000000000000111111110000000000000000000000000000000000000000000000000000000000111111100000000011111111000000000011111110000000000000000000000011111111
576,3,TypeC,30100,000000000000000000000000000011100000000000000000000000000111110000000000000000000001111110000000000000000000000000000000000000111110000000000000000000000000011111100000
577,4,TypeC,30100,000000000000000000000000000011100000000000000000000000000111110000000000000000000001111110000000000000000000000000000000000000111110000000000000000000000000011111100000
578,0,TypeA,55100,000000000000000000000011111111100000000000111111111100000000000000000000000001111111110000000000000000000000000000000000000000111111111000000000000000011111111110000000
579,1,TypeB,40400,000000000000000000000000000000111111110000000000000000000000000000000000000000011111110000000000111111100000000011111111000000000000000000000000000000000000000011111111
580,2,TypeB,40400,000000000000000000000000000000111111110000000000000000000000000000000000000000011111110000000000111111100000000011111111000000000000000000000000000000000000000011111111
581,3,TypeC,24700,000000000000000000000000000011100000000000000000000000000111110000000000000000000000000000000000000000000000000000000000000011100000000000001111100000000000011111100000
582,4,TypeC,24700,000000000000000000000000000011100000000000000000000000000111110000000000000000000000000000000000000000000000000000000000000011100000000000001111100000000000011111100000
