col_id,emp_id,emp_type,cost,schedule_pattern,in_final_mip,is_selected
0,0,TypeA,0,000000000000000000000000000000000000000000000000000000000000000000000000000000000000000000000000000000000000000000000000000000000000000000000000000000000000000000000000,0,0
1,0,TypeA,8000,000000000011111111000000000000000000000000000000000000000000000000000000000000000000000000000000000000000000000000000000000000000000000000000000000000000000000000000000,0,0
2,1,TypeB,0,000000000000000000000000000000000000000000000000000000000000000000000000000000000000000000000000000000000000000000000000000000000000000000000000000000000000000000000000,0,0
3,1,TypeB,4000,000000000011110000000000000000000000000000000000000000000000000000000000000000000000000000000000000000000000000000000000000000000000000000000000000000000000000000000000,0,0
4,2,TypeB,0,000000000000000000000000000000000000000000000000000000000000000000000000000000000000000000000000000000000000000000000000000000000000000000000000000000000000000000000000,0,0
5,2,TypeB,4000,000000000011110000000000000000000000000000000000000000000000000000000000000000000000000000000000000000000000000000000000000000000000000000000000000000000000000000000000,0,0
6,3,TypeC,0,000000000000000000000000000000000000000000000000000000000000000000000000000000000000000000000000000000000000000000000000000000000000000000000000000000000000000000000000,0,0
7,3,TypeC,3900,000000000011100000000000000000000000000000000000000000000000000000000000000000000000000000000000000000000000000000000000000000000000000000000000000000000000000000000000,0,0
8,4,TypeC,0,000000000000000000000000000000000000000000000000000000000000000000000000000000000000000000000000000000000000000000000000000000000000000000000000000000000000000000000000,0,0
9,4,TypeC,3900,000000000011100000000000000000000000000000000000000000000000000000000000000000000000000000000000000000000000000000000000000000000000000000000000000000000000000000000000,0,0
10,0,TypeA,50800,000000000000000000000000000000001111111111000000000000000000111111111000000000000111111111100000000000000111111111100000000000000000111111111100000000000000000000000000,0,0
11,1,TypeB,42400,000000000000000000000000000000000011111111000000000000000000011111111000000000000001111111100000000000011111111000000000000000000000000000000000011111111000000000000000,0,0
12,2,TypeB,42400,000000000000000000000000000000000011111111000000000000000000011111111000000000000001111111100000000000011111111000000000000000000000000000000000011111111000000000000000,0,0
13,3,TypeC,34800,000011111100000000000000000000011111100000000000000000000000000111111000000000000000000000000000000000011111100000000000000000000000111111000000000000000000000000000000,0,0
14,4,TypeC,34800,000011111100000000000000000000011111100000000000000000000000000111111000000000000000000000000000000000011111100000000000000000000000111111000000000000000000000000000000,0,0
15,0,TypeA,53100,000000000011111111000000000000000000000000000000011111111110000000000001111111100000000000000000000000000000000000000000111111111000000000000000000000000001111111111000,0,0
16,1,TypeB,41200,000000000011111111000000000000000000000000000000000011111110000000000001111111100000000000000000000000000000000000000000000111111000000000000000000000000000011111111000,0,0
17,2,TypeB,41200,000000000011111111000000000000000000000000000000000011111110000000000001111111100000000000000000000000000000000000000000000111111000000000000000000000000000011111111000,0,0
18,3,TypeC,32300,000000000011111100000000000000000000000000000000000011111100000000000000001111100000000000000000000000000000000000000000000111111000000000000000000000000000011111100000,0,0
19,4,TypeC,32300,000000000011111100000000000000000000000000000000000011111100000000000000001111100000000000000000000000000000000000000000000111111000000000000000000000000000011111100000,0,0
20,0,TypeA,46100,000000111111110000000000000000000000011111111000000000000000000000000000000000000000000000000111111111000000000000000000000000000000011111111000000000001111111100000000,0,0
21,1,TypeB,33500,000000111111110000000000000000000000011111111000000000011111100000000000000000000000000000000000011111000000000000000000000000000000000000001111100000000000000000000000,0,0
22,2,TypeB,33500,000000111111110000000000000000000000011111111000000000011111100000000000000000000000000000000000011111000000000000000000000000000000000000001111100000000000000000000000,0,0
23,3,TypeC,28000,000000111111000000000000000000000000011100000000000000011111100000000000000000000000000000000000011111000000000000000000000000000000000000001111100000000000000000000000,0,0
24,4,TypeC,28000,000000111111000000000000000000000000011100000000000000011111100000000000000000000000000000000000011111000000000000000000000000000000000000001111100000000000000000000000,0,0
25,0,TypeA,46800,111111110000000000000000000000000000011111111000000000000000000000000000000000111111110000000000000000000001111111100000000000000000000000000000000000111111111100000000,0,0
26,1,TypeB,35800,111111100000000000000000000000000000000000011111110000000000000000000000000000111111110000000000000000000000011111100000000000000000000000000000000000111111000000000000,0,0
27,2,TypeB,35800,111111100000000000000000000000000000000000011111110000000000000000000000000000111111110000000000000000000000011111100000000000000000000000000000000000111111000000000000,0,0
28,3,TypeC,29600,111111000000000000000000000000000000000000011100000000000000000000000000000000000111110000000000000000000000011111100000000000000000000000000000000000111111000000000000,0,0
29,4,TypeC,29600,111111000000000000000000000000000000000000011100000000000000000000000000000000000111110000000000000000000000011111100000000000000000000000000000000000111111000000000000,0,0
30,0,TypeA,45100,000000000000011111111100000000000111111110000000000000000000000000000000000000000000000000000000000000000001111111100000000000011111111000000000000000000001111111111000,0,0
31,1,TypeB,36800,000000000000000001111100000000011111110000000000000000000000000000000000000000000000000000000000000000000000011110000000000000011111111000000000000000001111111100000000,0,0
32,2,TypeB,36800,000000000000000001111100000000011111110000000000000000000000000000000000000000000000000000000000000000000000011110000000000000011111111000000000000000001111111100000000,0,0
33,3,TypeC,27300,000000000000011111000000000001111100000000000000000000000000000000000000000000000000000000000000000000000000011110000000000000000000000000000011110000000000000111111000,0,0
34,4,TypeC,27300,000000000000011111000000000001111100000000000000000000000000000000000000000000000000000000000000000000000000011110000000000000000000000000000011110000000000000111111000,0,0
35,0,TypeA,48400,000000111111110000000000000001111111110000000000011111111100000000000000000000111111110000000000000000000111111111000000000000000000000000000000000000000000000000000000,0,0
36,1,TypeB,36500,000000111111110000000000000000000000000000000000000011111100000000000000000000111111110000000000000000000011111111000000000000000000000000000000011111000000000000000000,0,0
37,2,TypeB,36500,000000111111110000000000000000000000000000000000000011111100000000000000000000111111110000000000000000000011111111000000000000000000000000000000011111000000000000000000,0,0
38,3,TypeC,30000,000000111111000000000000000001111100000000000000000011111100000000000000000000000111110000000000000000000000000000000000000000000000000000000000011111000000000000000000,0,0
39,4,TypeC,30000,000000111111000000000000000001111100000000000000000011111100000000000000000000000111110000000000000000000000000000000000000000000000000000000000011111000000000000000000,0,0
40,0,TypeA,53800,000000000000000000000000000001111111110000000000000000000000000000000001111111100000000000000000011111111110000000000000111111110000000000000011111111000000000000000000,0,0
41,1,TypeB,42200,000000000000000000000000000000000000011111111000000000000000000000000001111111100000000000000000000111111110000000000000111111110000000000000011111100000000000000000000,0,0
42,2,TypeB,42200,000000000000000000000000000000000000011111111000000000000000000000000001111111100000000000000000000111111110000000000000111111110000000000000011111100000000000000000000,0,0
43,3,TypeC,27800,000000000000000000000000000001111100000000000000000000000000000000000001111100000000000000000000000000000111110000000000000111110000000000000011111100000000000000000000,0,0
44,4,TypeC,27800,000000000000000000000000000001111100000000000000000000000000000000000001111100000000000000000000000000000111110000000000000111110000000000000011111100000000000000000000,0,0
45,0,TypeA,51100,000001111111110000000000000000000000000000000000000000000000000000000001111111100000000000000000000000000111111111100000000000111111111000000000000000000001111111111000,0,0
46,1,TypeB,41100,000000111111110000000000000000000000011111111000000000000000000000000001111111100000000000000000000000000001111111100000000000000000000000000000000001111111000000000000,1,0
47,2,TypeB,41100,000000111111110000000000000000000000011111111000000000000000000000000001111111100000000000000000000000000001111111100000000000000000000000000000000001111111000000000000,1,0
48,3,TypeC,30800,000001111000000000000000000000000000011110000000000000000000000000000000000000000001111110000000000000000000011111100000000000000000000000000000000000000000000111111000,0,0
49,4,TypeC,30800,000001111000000000000000000000000000011110000000000000000000000000000000000000000001111110000000000000000000011111100000000000000000000000000000000000000000000111111000,0,0
50,0,TypeA,49100,000000000000011111111100000000000000000000000000000000011111111100000000000000000000000000000111111111000000000000000000000000011111111100000000000000001111111100000000,0,0
51,1,TypeB,40800,000000000000000000000000000000000000000000000000000000000111111100000000000000111111110000000000011111000000000000000000000000011111111000000000000000001111111100000000,0,0
52,2,TypeB,40800,000000000000000000000000000000000000000000000000000000000111111100000000000000111111110000000000011111000000000000000000000000011111111000000000000000001111111100000000,0,0
53,3,TypeC,21000,000000000000011100000000000001110000000000000000000000000000111100000000000000000000000000000000011111000000000000000000000000000000011100000000000000000000000000000000,0,0
54,4,TypeC,21000,000000000000011100000000000001110000000000000000000000000000111100000000000000000000000000000000011111000000000000000000000000000000011100000000000000000000000000000000,0,0
55,0,TypeA,50500,000011111111110000000000000001111111110000000000000000011111111100000000000000000001111111100000000000000000000000000000000000000000011111111110000000000000000000000000,1,0
56,1,TypeB,43800,000011111111000000000000000000000011111110000000000000000000000000000000000000000001111111100000000000000000000000000000111111110000000000001111111100000000000000000000,0,0
57,2,TypeB,43800,000011111111000000000000000000000011111110000000000000000000000000000000000000000001111111100000000000000000000000000000111111110000000000001111111100000000000000000000,0,0
58,3,TypeC,25800,000011110000000000000000000000000001111110000000000000000000000000000000000000000000000001111100000000000000000000000000000011110000000000001111100000000000000000000000,0,0
59,4,TypeC,25800,000011110000000000000000000000000001111110000000000000000000000000000000000000000000000001111100000000000000000000000000000011110000000000001111100000000000000000000000,0,0
60,0,TypeA,50600,000000000000000000000000000000011111111110000000000011111111110000000000000000000000000000000000000000000111111110000000000000000000011111111100000000000001111111111000,0,0
61,1,TypeB,43800,000000000000000000000000000000000000011111111000000000000111111100000000000000000000000000000000000000000111111110000000000000000000001111111100000000001111111100000000,0,0
62,2,TypeB,43800,000000000000000000000000000000000000011111111000000000000111111100000000000000000000000000000000000000000111111110000000000000000000001111111100000000001111111100000000,0,0
63,3,TypeC,32200,000000000000000000000000000000000001111110000000000011111100000000000000000000000000000000000000000000000111110000000000000000000000000000001111100000000000000111111000,1,0
64,4,TypeC,32200,000000000000000000000000000000000001111110000000000011111100000000000000000000000000000000000000000000000111110000000000000000000000000000001111100000000000000111111000,1,0
65,0,TypeA,48100,000000111111111100000000000000011111111110000000000000011111111110000000000000000001111111100000000000000111111110000000000000000000000000000000000000000000000000000000,0,0
66,1,TypeB,37000,000000000001111111000000000000011111110000000000000000011111110000000000000000000001111111100000000000000111111110000000000000000000000000000000000000000000000000000000,1,0
67,2,TypeB,37000,000000000001111111000000000000011111110000000000000000011111110000000000000000000001111111100000000000000111111110000000000000000000000000000000000000000000000000000000,1,0
68,3,TypeC,29800,000000000000011111000000000000011110000000000000000000000000011111000000000000000000000011111100000000000111110000000000000000000000000000000000000000000000000000000000,0,0
69,4,TypeC,29800,000000000000011111000000000000011110000000000000000000000000011111000000000000000000000011111100000000000111110000000000000000000000000000000000000000000000000000000000,0,0
70,0,TypeA,51200,000000001111111111000000000001111111110000000000000000000000011111111000000000000000000000000111111111000000000000000000111111110000000000000000000000000000000000000000,0,0
71,1,TypeB,43800,000000000000000000000000000000000000011111111000000000000000011111111000000000000000000000000000011111110000000000000000111111110000000000000000000000001111111100000000,0,0
72,2,TypeB,43800,000000000000000000000000000000000000011111111000000000000000011111111000000000000000000000000000011111110000000000000000111111110000000000000000000000001111111100000000,0,0
73,3,TypeC,30100,000000001111110000000000000001111110000000000000000000000000000000111111000000000000000000000000011111000000000000000000000111110000000000000000000000000000000000000000,0,0
74,4,TypeC,30100,000000001111110000000000000001111110000000000000000000000000000000111111000000000000000000000000011111000000000000000000000111110000000000000000000000000000000000000000,0,0
75,0,TypeA,48900,000000000011111111000000000001111111110000000000000000000000000000000000000001111111110000000000000000011111111110000000000000000000011111111100000000000000000000000000,0,0
76,1,TypeB,42800,000000000001111111000000000000000000000000000000000000000000000000000000000000111111110000000000000000011111110000000000000000000000011111111000000000001111111100000000,1,0
77,2,TypeB,42800,000000000001111111000000000000000000000000000000000000000000000000000000000000111111110000000000000000011111110000000000000000000000011111111000000000001111111100000000,1,0
78,3,TypeC,32100,000000000000011111000000000000000000000000000000000000000000000000000000000001111100000000000000000000001111110000000000000000000000011111000000000000111111000000000000,0,0
79,4,TypeC,32100,000000000000011111000000000000000000000000000000000000000000000000000000000001111100000000000000000000001111110000000000000000000000011111000000000000111111000000000000,0,0
80,0,TypeA,51600,000000011111111100000000000000000011111111110000000000000000000111111111100000000000000000000000000000001111111110000000000000011111111110000000000000000000000000000000,0,0
81,1,TypeB,38400,000000000000000000000000000000011111110000000000011111110000000000000001111111100000000000000000000000000000011111100000000000011111111000000000000000000000000000000000,0,0
82,2,TypeB,38400,000000000000000000000000000000011111110000000000011111110000000000000001111111100000000000000000000000000000011111100000000000011111111000000000000000000000000000000000,0,0
83,3,TypeC,29200,000000000001111100000000000000000111110000000000000000000000000000001111100000000000000000000000000000000000011111100000000000000000000000000000111100000000000000000000,0,0
84,4,TypeC,29200,000000000001111100000000000000000111110000000000000000000000000000001111100000000000000000000000000000000000011111100000000000000000000000000000111100000000000000000000,0,0
85,0,TypeA,51700,000011111111110000000000000000011111111100000000000000011111111100000000000000000000000000000000000000001111111110000000000000000000000000000000111111111000000000000000,0,0
86,1,TypeB,42500,000000000000000000000000000000000000011111111000000000000111111100000000000000000000000000000000000000000111111110000000000000011111111000000000001111111000000000000000,0,0
87,2,TypeB,42500,000000000000000000000000000000000000011111111000000000000111111100000000000000000000000000000000000000000111111110000000000000011111111000000000001111111000000000000000,0,0
88,3,TypeC,33300,000000000000000000000000000001111110000000000000000000000000011111100000000000000000000000000000000000001111110000000000000111111000000000000000111111000000000000000000,1,0
89,4,TypeC,33300,000000000000000000000000000001111110000000000000000000000000011111100000000000000000000000000000000000001111110000000000000111111000000000000000111111000000000000000000,1,0
90,0,TypeA,54100,000000000000000000000000000000011111111110000000000000000000000000011111111100000000000001111111110000000000000000000000000000011111111000000000001111111111000000000000,0,0
91,1,TypeB,42800,000000000001111111000000000000000000011111111000000000000000000000000000111111100000000000000000000000000000000000000000000000011111111000000000000000001111111100000000,0,0
92,2,TypeB,42800,000000000001111111000000000000000000011111111000000000000000000000000000111111100000000000000000000000000000000000000000000000011111111000000000000000001111111100000000,0,0
93,3,TypeC,29200,000000000000000000000000000001111110000000000000000000000000000000000000001111100000000001111100000000000000000000000000000000000000000000000111111000000000000111111000,0,0
94,4,TypeC,29200,000000000000000000000000000001111110000000000000000000000000000000000000001111100000000001111100000000000000000000000000000000000000000000000111111000000000000111111000,0,0
95,0,TypeA,57600,000011111111110000000000000000000000000011111111110000000000000000011111111100000000000000000000000000011111111110000000000000000000000000000000111111111000000000000000,0,0
96,1,TypeB,41400,000000111111110000000000000000000000000000000000000000011111110000000000000000111111110000000000000000000111111110000000000000011111111000000000000000000000000000000000,1,0
97,2,TypeB,41400,000000111111110000000000000000000000000000000000000000011111110000000000000000111111110000000000000000000111111110000000000000011111111000000000000000000000000000000000,1,0
98,3,TypeC,26100,000000000000000001111100000000000000000000000000000000000000000000011111100000000001110000000000000000000000011110000000000000000000000000001111110000000000000000000000,0,0
99,4,TypeC,26100,000000000000000001111100000000000000000000000000000000000000000000011111100000000001110000000000000000000000011110000000000000000000000000001111110000000000000000000000,0,0
100,0,TypeA,56500,000011111111110000000000000001111111110000000000000000000000000111111111100000000000000000000000011111111110000000000000000000000000000000000000000000000001111111111000,0,0
101,1,TypeB,44800,000011111111000000000000000000000000000000000000000000000000000000000001111111100000000000000000000111111110000000000000000000011111111000000000011111111000000000000000,0,0
102,2,TypeB,44800,000011111111000000000000000000000000000000000000000000000000000000000001111111100000000000000000000111111110000000000000000000011111111000000000011111111000000000000000,0,0
103,3,TypeC,31700,000000111111000000000000000001111110000000000000000011111100000000000000000000000000000000000000011111000000000000000000000000000000000000000000000000111111000000000000,0,0
104,4,TypeC,31700,000000111111000000000000000001111110000000000000000011111100000000000000000000000000000000000000011111000000000000000000000000000000000000000000000000111111000000000000,0,0
105,0,TypeA,52200,000000000000000000000000000000000001111111111000000000000000000000000000000111111111000000000000000000000011111111100000000000000000011111111110000000000001111111111000,0,0
106,1,TypeB,44800,000000000000000000000000000000000011111111000000000000000000000000000000000000111111110000000000000000000011111111000000000000011111111000000000011111111000000000000000,0,0
107,2,TypeB,44800,000000000000000000000000000000000011111111000000000000000000000000000000000000111111110000000000000000000011111111000000000000011111111000000000011111111000000000000000,0,0
108,3,TypeC,32700,000000000000000000000000000000011111000000000000000000000000000000000000000000111111000000000000000000000000011111100000000000000000011111000000000000000001111100000000,0,0
109,4,TypeC,32700,000000000000000000000000000000011111000000000000000000000000000000000000000000111111000000000000000000000000011111100000000000000000011111000000000000000001111100000000,0,0
110,0,TypeA,54800,000000000000011111111100000000000000000000000000011111111100000000000000001111111111000000000000000000011111111110000000000000000000000000000000000111111111000000000000,0,0
111,1,TypeB,41400,111111110000000000000000000000000000000000000000000000000111111100000000001111111100000000000000000000000111111110000000000000000000000000001111111100000000000000000000,0,0
112,2,TypeB,41400,111111110000000000000000000000000000000000000000000000000111111100000000001111111100000000000000000000000111111110000000000000000000000000001111111100000000000000000000,0,0
113,3,TypeC,28000,111110000000000000000000000000000001111110000000000000000000000000000000001111100000000000000111110000000000011110000000000000000000000000000000000000000000000000000000,0,0
114,4,TypeC,28000,111110000000000000000000000000000001111110000000000000000000000000000000001111100000000000000111110000000000011110000000000000000000000000000000000000000000000000000000,0,0
115,0,TypeA,53900,000011111111110000000000000000000000000000000000000000000000000111111111000000000000000000111111111100000000000000000000000000011111111000000000000000000001111111111000,0,0
116,1,TypeB,43800,000000000000000000000000000000000000000000000000000000000000011111110000000000000001111111100000000000000001111111100000000000011111111000000000011111111000000000000000,0,0
117,2,TypeB,43800,000000000000000000000000000000000000000000000000000000000000011111110000000000000001111111100000000000000001111111100000000000011111111000000000011111111000000000000000,0,0
118,3,TypeC,29000,000000000000000000000000000000000000000000000000000000000000000111110000000000000000000001111100000000000001111110000000000000000000000000000000111100000000000111111000,0,0
119,4,TypeC,29000,000000000000000000000000000000000000000000000000000000000000000111110000000000000000000001111100000000000001111110000000000000000000000000000000111100000000000111111000,0,0
120,0,TypeA,51000,000000001111111111000000000000011111111110000000000000011111111100000000000000000000000000000000000000000000000000000000000000111111111000000000000000000001111111111000,0,0
121,1,TypeB,40400,000000000000000111111100000000011111110000000000000000000000011111111000000000111111110000000000000000000000000000000000000000000000000000000000011111111000000000000000,0,0
122,2,TypeB,40400,000000000000000111111100000000011111110000000000000000000000011111111000000000111111110000000000000000000000000000000000000000000000000000000000011111111000000000000000,0,0
123,3,TypeC,32500,000000000000011111000000000000011111000000000000000000000000000111111000000000000000000000000000000000000000011111100000000000000000000000000000000000000000000111111000,0,0
124,4,TypeC,32500,000000000000011111000000000000011111000000000000000000000000000111111000000000000000000000000000000000000000011111100000000000000000000000000000000000000000000111111000,0,0
125,0,TypeA,55100,111111111000000000000000000000000000000000000000011111111100000000000000000000000000011111111100000000000000000000000000111111110000000000000000111111111000000000000000,0,0
126,1,TypeB,43800,111111110000000000000000000000000000011111110000000000000000000000000000000000000001111111100000000000000000000000000000111111110000000000000000000000000001111111100000,0,0
127,2,TypeB,43800,111111110000000000000000000000000000011111110000000000000000000000000000000000000001111111100000000000000000000000000000111111110000000000000000000000000001111111100000,0,0
128,3,TypeC,28500,000011111000000000000000000000000000011111000000000011111100000000000000000000000000000001111100000000000000000000000000000000000000000000000000111111000000000000000000,0,0
129,4,TypeC,28500,000011111000000000000000000000000000011111000000000011111100000000000000000000000000000001111100000000000000000000000000000000000000000000000000111111000000000000000000,0,0
130,0,TypeA,49700,111111110000000000000000000000011111111110000000000000011111111100000000000000111111110000000000000001111111110000000000000000000000000000000000000000000000000000000000,0,0
131,1,TypeB,41400,111111110000000000000000000000000000011111111000000000000000000000000001111111100000000000000000000000011111110000000000111111110000000000000000000000000000000000000000,1,0
132,2,TypeB,41400,111111110000000000000000000000000000011111111000000000000000000000000001111111100000000000000000000000011111110000000000111111110000000000000000000000000000000000000000,1,0
133,3,TypeC,29100,000000000000000001111100000000000000000000001111110000000000000000000001111000000000000000000000000000001111110000000000000000000000000000000000000000000000000111111000,0,0
134,4,TypeC,29100,000000000000000001111100000000000000000000001111110000000000000000000001111000000000000000000000000000001111110000000000000000000000000000000000000000000000000111111000,0,0
135,0,TypeA,55600,000011111111110000000000000000000000000000011111111110000000000000000000000000000000011111111100000000000000000000000000000000011111111110000000000000000001111111111000,0,0
136,1,TypeB,42400,000000111111110000000000000000000000011111111000000000000000000000000001111111100000000000111111110000000000000000000000000000000000000000000000011111111000000000000000,0,0
137,2,TypeB,42400,000000111111110000000000000000000000011111111000000000000000000000000001111111100000000000111111110000000000000000000000000000000000000000000000011111111000000000000000,0,0
138,3,TypeC,27700,000000001111110000000000000000000000000000000000011111000000000000000001111100000000000000000111110000000000000000000000000000000000011110000000000000000000000000000000,0,0
139,4,TypeC,27700,000000001111110000000000000000000000000000000000011111000000000000000001111100000000000000000111110000000000000000000000000000000000011110000000000000000000000000000000,0,0
140,0,TypeA,53500,000011111111110000000000000000011111111110000000000000000000000000000000000000000000011111111100000000000000000000000000000000000000111111111100000000000001111111111000,0,0
141,1,TypeB,42800,000000000000000000000000000000011111111000000000011111110000000000000000000000000001111111000000000000000000000000000000111111110000000000000000000000001111111100000000,0,0
142,2,TypeB,42800,000000000000000000000000000000011111111000000000011111110000000000000000000000000001111111000000000000000000000000000000111111110000000000000000000000001111111100000000,0,0
143,3,TypeC,30600,000000000001111000000000000000000001111110000000000000000000000000000000000000000001111000000000000000000000000000000000000000000000111111000000000000001111000000000000,0,0
144,4,TypeC,30600,000000000001111000000000000000000001111110000000000000000000000000000000000000000001111000000000000000000000000000000000000000000000111111000000000000001111000000000000,0,0
145,0,TypeA,54100,000000001111111111000000000000000000000000000000000000000000000111111111100000000000011111111100000000000111111111100000000000000000000000000000001111111111000000000000,0,0
146,1,TypeB,42400,000011111111000000000000000000000000000000000000000000000000011111111000000000000001111111100000000000000111111110000000000000000000000000000000000000001111111100000000,1,0
147,2,TypeB,42400,000011111111000000000000000000000000000000000000000000000000011111111000000000000001111111100000000000000111111110000000000000000000000000000000000000001111111100000000,1,0
148,3,TypeC,30300,000000000000000001111100000000000000000000000000000000000000000000001111100000000000000011111100000000001111110000000000000000000000000000000000000000000001111100000000,0,0
149,4,TypeC,30300,000000000000000001111100000000000000000000000000000000000000000000001111100000000000000011111100000000001111110000000000000000000000000000000000000000000001111100000000,0,0
150,0,TypeA,51700,000000111111111100000000000000000001111111111000000000000000000000000000000000000000000000000000000000001111111110000000000000011111111110000000000000001111111111000000,0,0
151,1,TypeB,44800,000000000000000000000000000000000000011111111000000000000000000000000001111111100000000000000000000000000111111110000000000000011111111000000000011111111000000000000000,0,0
152,2,TypeB,44800,000000000000000000000000000000000000011111111000000000000000000000000001111111100000000000000000000000000111111110000000000000011111111000000000011111111000000000000000,0,0
153,3,TypeC,32800,000000000000000000000000000000000001111110000000000000000000000000000000001111100000000000000000000000000000011111100000000000000000011111000000000000000000000111111000,1,0
154,4,TypeC,32800,000000000000000000000000000000000001111110000000000000000000000000000000001111100000000000000000000000000000011111100000000000000000011111000000000000000000000111111000,1,0
155,0,TypeA,53500,000000111111111100000000000000000000000000000000011111111100000000000000000000111111110000000000000000011111111110000000000000000000000000000111111111000000000000000000,0,0
156,1,TypeB,40100,000000001111111100000000000000000000000000000000000000000111111100000000000000111111110000000000011111111000000000000000000000000000000000000111111100000000000000000000,0,0
157,2,TypeB,40100,000000001111111100000000000000000000000000000000000000000111111100000000000000111111110000000000011111111000000000000000000000000000000000000111111100000000000000000000,0,0
158,3,TypeC,30000,000000000001111100000000000000000000000000000000011111000000000000000000000000000000011111100000000001111100000000000000000000000000000000000111111000000000000000000000,0,0
159,4,TypeC,30000,000000000001111100000000000000000000000000000000011111000000000000000000000000000000011111100000000001111100000000000000000000000000000000000111111000000000000000000000,0,0
160,0,TypeA,52600,111111111000000000000000000001111111110000000000000000000000000000000000000000000001111111100000000000011111111110000000000000000000000000000000001111111111000000000000,0,0
161,1,TypeB,40100,000000011111111000000000000000000111111110000000000000000000000000000000000000111111110000000000000111111100000000000000000000000000000000000000000001111111000000000000,0,0
162,2,TypeB,40100,000000011111111000000000000000000111111110000000000000000000000000000000000000111111110000000000000111111100000000000000000000000000000000000000000001111111000000000000,0,0
163,3,TypeC,27900,000011111000000000000000000000000111110000000000000000000000000000000000000000000000000000111100000000001111110000000000000000000000000000000000000000001111000000000000,0,0
164,4,TypeC,27900,000011111000000000000000000000000111110000000000000000000000000000000000000000000000000000111100000000001111110000000000000000000000000000000000000000001111000000000000,0,0
165,0,TypeA,56700,000000000000000000000000000000011111111110000000000000011111111100000000000000000000000000111111111100000000000011111111100000000000000000001111111111000000000000000000,0,0
166,1,TypeB,42400,000000000000000000000000000000000000011111111000000000000000011111111000000000111111110000000000000000000011111111000000000000000000000000001111111100000000000000000000,0,0
167,2,TypeB,42400,000000000000000000000000000000000000011111111000000000000000011111111000000000111111110000000000000000000011111111000000000000000000000000001111111100000000000000000000,0,0
168,3,TypeC,29900,000000000001111100000000000000000000000000000000000000000000011100000000000000000000000011111100000000000000011111100000000000000000000000001111110000000000000000000000,0,0
169,4,TypeC,29900,000000000001111100000000000000000000000000000000000000000000011100000000000000000000000011111100000000000000011111100000000000000000000000001111110000000000000000000000,0,0
170,0,TypeA,54900,000000001111111111000000000000011111111110000000000000011111111100000000000000000000000000111111111100000000000000000000000000000000000000000000111111111000000000000000,1,0
171,1,TypeB,42400,000000111111110000000000000000000000011111111000000000000000000000000000000000111111110000000000000111111110000000000000000000011111111000000000000000000000000000000000,0,0
172,2,TypeB,42400,000000111111110000000000000000000000011111111000000000000000000000000000000000111111110000000000000111111110000000000000000000011111111000000000000000000000000000000000,0,0
173,3,TypeC,31900,000000000000000001111100000000000000000000000000000000000000000111110000000000000001111110000000000000001111110000000000000000000000000000000000111111000000000000000000,0,0
174,4,TypeC,31900,000000000000000001111100000000000000000000000000000000000000000111110000000000000001111110000000000000001111110000000000000000000000000000000000111111000000000000000000,0,0
175,0,TypeA,49300,000000111111111100000000000000011111111110000000000000011111111100000000000000000000011111111100000000000000000000000000000000000000000000000000000000001111111100000000,0,0
176,1,TypeB,40400,000000111111110000000000000000011111110000000000000000011111110000000001111111100000000000000000000000000000000000000000000000000000000000000000000000001111111100000000,1,0
177,2,TypeB,40400,000000111111110000000000000000011111110000000000000000011111110000000001111111100000000000000000000000000000000000000000000000000000000000000000000000001111111100000000,1,0
178,3,TypeC,31300,000000001111110000000000000001111110000000000000000000000000000000011111100000000001111000000000000000000000000000000000000000000000000000000011111100000000000000000000,0,0
179,4,TypeC,31300,000000001111110000000000000001111110000000000000000000000000000000011111100000000001111000000000000000000000000000000000000000000000000000000011111100000000000000000000,0,0
180,0,TypeA,53400,000000111111111100000000000000011111111110000000000000000000000111111111000000000000000000000000000001111111110000000000000000000000011111111110000000000000000000000000,0,0
181,1,TypeB,42800,000000111111110000000000000000011111110000000000000000000111111100000000000000000000000000000000000000000000000000000000111111110000000000001111111100000000000000000000,0,0
182,2,TypeB,42800,000000111111110000000000000000011111110000000000000000000111111100000000000000000000000000000000000000000000000000000000111111110000000000001111111100000000000000000000,0,0
183,3,TypeC,27700,000000000000011111000000000000000000000000000000011110000000000000000000000000000000000000000000000000001111110000000000111100000000000000000011111100000000000000000000,0,0
184,4,TypeC,27700,000000000000011111000000000000000000000000000000011110000000000000000000000000000000000000000000000000001111110000000000111100000000000000000011111100000000000000000000,0,0
185,0,TypeA,51500,000000000000011111111100000000000000000000000000000000011111111100000000000000000000000000000000000001111111110000000000000000000000011111111110000000000001111111111000,0,0
186,1,TypeB,42400,000000000000000000000000000000000000011111111000000000000000011111111000000000000001111111100000000000000111111110000000000000000000000001111111100000000000000000000000,0,0
187,2,TypeB,42400,000000000000000000000000000000000000011111111000000000000000011111111000000000000001111111100000000000000111111110000000000000000000000001111111100000000000000000000000,0,0
188,3,TypeC,31500,000000000000000000000000000000000000000000001111110000000000000000000000000000000001111000000000000000001111110000000000000000000000011111000000000000000000000111111000,0,0
189,4,TypeC,31500,000000000000000000000000000000000000000000001111110000000000000000000000000000000001111000000000000000001111110000000000000000000000011111000000000000000000000111111000,0,0
190,0,TypeA,55700,000011111111110000000000000000011111111110000000000011111111110000000000000000000000000000000000000000000111111111100000000000000000000000000000001111111111000000000000,0,0
191,1,TypeB,44800,000000000000000000000000000000000000011111111000000000000000011111111000000000111111110000000000000000000000000000000000000000011111111000000000000000001111111100000000,1,0
192,2,TypeB,44800,000000000000000000000000000000000000011111111000000000000000011111111000000000111111110000000000000000000000000000000000000000011111111000000000000000001111111100000000,1,0
193,3,TypeC,29400,000000000000011111000000000000000000000000000000011111000000000000000000000000000000000000000111110000000000011111100000000000000000000000000111111000000000000000000000,0,0
194,4,TypeC,29400,000000000000011111000000000000000000000000000000011111000000000000000000000000000000000000000111110000000000011111100000000000000000000000000111111000000000000000000000,0,0
195,0,TypeA,53900,000000001111111111000000000000011111111110000000000000000000000000000000000001111111111000000000000000011111111110000000000000000000011111111110000000000000000000000000,0,0
196,1,TypeB,39400,000000000000000000000000000000011111110000000000000000000111111100000000000000111111110000000000011111110000000000000000111111110000000000000000000000000000000000000000,0,0
197,2,TypeB,39400,000000000000000000000000000000011111110000000000000000000111111100000000000000111111110000000000011111110000000000000000111111110000000000000000000000000000000000000000,0,0
198,3,TypeC,35500,000000001111110000000000000000000000011110000000000000000000011111100000000000000001111110000000000000000001111110000000000000000000000000000000000000000000000000000000,0,0
199,4,TypeC,35500,000000001111110000000000000000000000011110000000000000000000011111100000000000000001111110000000000000000001111110000000000000000000000000000000000000000000000000000000,0,0
200,0,TypeA,55700,000000111111111100000000000000011111111110000000000000000000000000011111111100000000000000000111111111000000000000000000000000000000000000000000000111111111000000000000,0,0
201,1,TypeB,42500,000000001111111100000000000000000000000000000000000000000000000000000001111111100000000000000111111100000000000000000000111111110000000000000000000001111111000000000000,1,0
202,2,TypeB,42500,000000001111111100000000000000000000000000000000000000000000000000000001111111100000000000000111111100000000000000000000111111110000000000000000000001111111000000000000,1,0
203,3,TypeC,28500,000000000001111100000000000000000000000000000000000000000000000000011111100000000000000000000000011111000000000000000000111110000000000000000000000111111000000000000000,0,0
204,4,TypeC,28500,000000000001111100000000000000000000000000000000000000000000000000011111100000000000000000000000011111000000000000000000111110000000000000000000000111111000000000000000,0,0
205,0,TypeA,53000,000011111111110000000000000000011111111110000000000000000000000000000000000000000000000000000000000001111111110000000000000000111111111000000000000111111111000000000000,0,0
206,1,TypeB,43800,000000000000000000000000000000011111110000000000000000000000000000000000000000000001111111100000000000000001111111100000000000011111111000000000000000001111111100000000,1,0
207,2,TypeB,43800,000000000000000000000000000000011111110000000000000000000000000000000000000000000001111111100000000000000001111111100000000000011111111000000000000000001111111100000000,1,0
208,3,TypeC,30700,000000000000011111000000000001111100000000000000000000000000000000011111100000000000000000000000000000000000011111100000000000000000000000000000000111111000000000000000,0,0
209,4,TypeC,30700,000000000000011111000000000001111100000000000000000000000000000000011111100000000000000000000000000000000000011111100000000000000000000000000000000111111000000000000000,0,0
210,0,TypeA,54400,000000000000011111111100000000000000000000000000011111111100000000000000000000111111111000000000000001111111110000000000000000000000000000001111111111000000000000000000,0,0
211,1,TypeB,44800,000000111111110000000000000000000000000000000000000000000000000000000000000000111111110000000000000000000111111110000000000000111111110000000000000000001111111100000000,0,0
212,2,TypeB,44800,000000111111110000000000000000000000000000000000000000000000000000000000000000111111110000000000000000000111111110000000000000111111110000000000000000001111111100000000,0,0
213,3,TypeC,31600,000000000000011111000000000000000000000000000000000000000000000111111000000000000111111000000000011111000000000000000000000000000000000000000000111111000000000000000000,0,0
214,4,TypeC,31600,000000000000011111000000000000000000000000000000000000000000000111111000000000000111111000000000011111000000000000000000000000000000000000000000111111000000000000000000,0,0
215,0,TypeA,54500,000001111111110000000000000001111111110000000000011111111100000000000000000000000000000000000000000000011111111110000000000000000000000000000000001111111111000000000000,0,0
216,1,TypeB,41400,000000000000000000000000000000011111110000000000000000000111111110000000000000111111110000000000000000000111111110000000000000000000000000000000000000001111111100000000,0,0
217,2,TypeB,41400,000000000000000000000000000000011111110000000000000000000111111110000000000000111111110000000000000000000111111110000000000000000000000000000000000000001111111100000000,0,0
218,3,TypeC,28300,000000000000000000000000000001111110000000000000000001111100000000000000000000000000000000000000000000000111110000000000111110000000000000000000000000001111000000000000,0,0
219,4,TypeC,28300,000000000000000000000000000001111110000000000000000001111100000000000000000000000000000000000000000000000111110000000000111110000000000000000000000000001111000000000000,0,0
220,0,TypeA,56200,111111111000000000000000000001111111110000000000000000011111111100000000000000000000000000000111111111000000000000000000000000000000000000001111111111000000000000000000,0,0
221,1,TypeB,41500,000011111111000000000000000000011111110000000000011111110000000000000000000000000000000000000000000000000000000000000000111111110000000000000000000001111111000000000000,0,0
222,2,TypeB,41500,000011111111000000000000000000011111110000000000011111110000000000000000000000000000000000000000000000000000000000000000111111110000000000000000000001111111000000000000,0,0
223,3,TypeC,33100,000000111111000000000000000000000001111110000000000000000000011111000000000000000000000000000000000000000000011111000000000000000000000000000000111111000000000000000000,0,0
224,4,TypeC,33100,000000111111000000000000000000000001111110000000000000000000011111000000000000000000000000000000000000000000011111000000000000000000000000000000111111000000000000000000,0,0
225,0,TypeA,52300,000000000000011111111100000000000011111111110000000000011111111100000000000000000000000000000000000000000000000000000000111111110000000000000000001111111111000000000000,0,0
226,1,TypeB,42800,000000000001111111000000000000000000000000000000000000000111111100000000000000000001111111100000000000000000000000000000111111110000000000000000000000001111111100000000,0,0
227,2,TypeB,42800,000000000001111111000000000000000000000000000000000000000111111100000000000000000001111111100000000000000000000000000000111111110000000000000000000000001111111100000000,0,0
228,3,TypeC,30000,000000000000000001111100000000000011110000000000000000000000000000011111100000000000000000000000000000000000011111100000000000000000000000000000000000000000000111111000,0,0
229,4,TypeC,30000,000000000000000001111100000000000011110000000000000000000000000000011111100000000000000000000000000000000000011111100000000000000000000000000000000000000000000111111000,0,0
230,0,TypeA,57200,000000111111111100000000000000011111111110000000000000000000000111111111100000000000000000111111111100000000000000000000000000000000011111111110000000000000000000000000,0,0
231,1,TypeB,42800,111111110000000000000000000000000000000000000000000000000000011111110000000000000000000000000111111100000000000000000000000000000000011111111000000000001111111100000000,0,0
232,2,TypeB,42800,111111110000000000000000000000000000000000000000000000000000011111110000000000000000000000000111111100000000000000000000000000000000011111111000000000001111111100000000,0,0
233,3,TypeC,30500,000000000000000000000000000000000000000000000000000000000000011111100000000000000000000001111100000000000000011111100000000000000000011111000000000000001111000000000000,0,0
234,4,TypeC,30500,000000000000000000000000000000000000000000000000000000000000011111100000000000000000000001111100000000000000011111100000000000000000011111000000000000001111000000000000,0,0
235,0,TypeA,56000,000011111111110000000000000000000000000000000000000000011111111100000000000000000000000000000000011111111110000000000000111111110000000000000000001111111111000000000000,0,0
236,1,TypeB,43800,000000011111111000000000000000000000000000000000000000000000000000000000000000000001111111100000000000011111110000000000111111110000000000000000000000001111111100000000,0,0
237,2,TypeB,43800,000000011111111000000000000000000000000000000000000000000000000000000000000000000001111111100000000000011111110000000000111111110000000000000000000000001111111100000000,0,0
238,3,TypeC,35100,000000001111110000000000000000000000000000000000000000000000000000011111100000000001111110000000000000000000011111100000000000000000000000000000000000000000000111111000,0,0
239,4,TypeC,35100,000000001111110000000000000000000000000000000000000000000000000000011111100000000001111110000000000000000000011111100000000000000000000000000000000000000000000111111000,0,0
240,0,TypeA,53800,000011111111110000000000000000011111111110000000000000000000000000000000000000000000000000000111111111000000000000000000111111110000000000000000000000011111111100000000,0,0
241,1,TypeB,43800,000000111111110000000000000000011111110000000000000000000000000000000000000000000001111111100000000000000000000000000000111111110000000000000000000000001111111100000000,1,0
242,2,TypeB,43800,000000111111110000000000000000011111110000000000000000000000000000000000000000000001111111100000000000000000000000000000111111110000000000000000000000001111111100000000,1,0
243,3,TypeC,29900,000000000000011111000000000000000011111100000000000000000000000000000000000000000000000001111100000000000000000000000000111110000000000000000000000000011111000000000000,0,0
244,4,TypeC,29900,000000000000011111000000000000000011111100000000000000000000000000000000000000000000000001111100000000000000000000000000111110000000000000000000000000011111000000000000,0,0
245,0,TypeA,54000,000000000000000000000000000001111111110000000000011111111100000000000000000000000000000000000000000000011111111110000000000000111111111100000000000000111111111100000000,0,0
246,1,TypeB,43800,000000000000000000000000000000000011111110000000000000000000000000011111111000000000000000000000000000000111111110000000000000011111111000000000111111110000000000000000,0,0
247,2,TypeB,43800,000000000000000000000000000000000011111110000000000000000000000000011111111000000000000000000000000000000111111110000000000000011111111000000000111111110000000000000000,0,0
248,3,TypeC,33100,111110000000000000000000000000000001111110000000000000000000000000000000000000000000000000000000000000000000011111100000000000000000011111000000000000111111000000000000,1,0
249,4,TypeC,33100,111110000000000000000000000000000001111110000000000000000000000000000000000000000000000000000000000000000000011111100000000000000000011111000000000000111111000000000000,1,0
250,0,TypeA,54300,000011111111110000000000000000011111111100000000000000011111111100000000000000000000000000000000000000011111111110000000000000000000000000000111111111100000000000000000,0,0
251,1,TypeB,42800,000000000000000000000000000000000000000000000000011111110000000000000001111111100000000000000111111100000000000000000000111111110000000000000011111111000000000000000000,0,0
252,2,TypeB,42800,000000000000000000000000000000000000000000000000011111110000000000000001111111100000000000000111111100000000000000000000111111110000000000000011111111000000000000000000,0,0
253,3,TypeC,32100,000000000000000001111100000000000011111100000000000000000000000000000000000000000000000001111100000000000001111110000000000000000000000000000000000000000001111100000000,0,0
254,4,TypeC,32100,000000000000000001111100000000000011111100000000000000000000000000000000000000000000000001111100000000000001111110000000000000000000000000000000000000000001111100000000,0,0
255,0,TypeA,54400,000011111111110000000000000000011111111110000000000000011111111100000000000000000000000000000000000000011111111110000000000000000000000000000000001111111111000000000000,1,0
256,1,TypeB,44800,000000000000000000000000000000000000000000000000000000000000011111111000000000000001111111100000000000000111111110000000000000011111111000000000111111110000000000000000,0,0
257,2,TypeB,44800,000000000000000000000000000000000000000000000000000000000000011111111000000000000001111111100000000000000111111110000000000000011111111000000000111111110000000000000000,0,0
258,3,TypeC,30300,000000000000000000000000000001111110000000000000000000000000000000000001111100000000000001111100000000000000011111100000000000000000000000000000000000000001111100000000,0,0
259,4,TypeC,30300,000000000000000000000000000001111110000000000000000000000000000000000001111100000000000001111100000000000000011111100000000000000000000000000000000000000001111100000000,0,0
260,0,TypeA,56100,000000000000011111111100000000000000000000000000011111111100000000000000000000000000000000111111111100000000000000000000000011111111110000000000000000000001111111111000,0,0
261,1,TypeB,40400,111111110000000000000000000000011111110000000000011111110000000000000000000000111111110000000000000000000000000000000000111111110000000000000000000000000000000000000000,1,0
262,2,TypeB,40400,111111110000000000000000000000011111110000000000011111110000000000000000000000111111110000000000000000000000000000000000111111110000000000000000000000000000000000000000,1,0
263,3,TypeC,29000,000000000000011111000000000001111100000000000000011110000000000000000000000000111111000000000000000000000000000000000000000000000000000000000000000000000000000111111000,0,0
264,4,TypeC,29000,000000000000011111000000000001111100000000000000011110000000000000000000000000111111000000000000000000000000000000000000000000000000000000000000000000000000000111111000,0,0
265,0,TypeA,52800,000000001111111111000000000001111111110000000000011111111100000000000000000000000000000000000000000000011111111110000000000000000000000000000000000000001111111111000000,0,0
266,1,TypeB,41500,000000000000000000000000000000011111110000000000000000000000011111111000000000000000000000000111111100000000000000000000000000011111111000000000000000000001111111000000,0,0
267,2,TypeB,41500,000000000000000000000000000000011111110000000000000000000000011111111000000000000000000000000111111100000000000000000000000000011111111000000000000000000001111111000000,0,0
268,3,TypeC,31800,000000000000011111000000000001111110000000000000000011111100000000000000000000000000000000000000000000000111110000000000000000000000011111000000000000000000000000000000,0,0
269,4,TypeC,31800,000000000000011111000000000001111110000000000000000011111100000000000000000000000000000000000000000000000111110000000000000000000000011111000000000000000000000000000000,0,0
270,0,TypeA,52300,000000000000000000000000000001111111110000000000000000011111111110000000000000000000000000000000000000000111111111100000000000000000111111111100000000000001111111111000,1,0
271,1,TypeB,44800,000000000000000000000000000000000111111110000000000000000111111110000000000000111111110000000000000000000000000000000000111111110000000000000000000000000001111111100000,0,0
272,2,TypeB,44800,000000000000000000000000000000000111111110000000000000000111111110000000000000111111110000000000000000000000000000000000111111110000000000000000000000000001111111100000,0,0
273,3,TypeC,31300,000000000000000000000000000000000111110000000000000000000000000111111000000000000000000001111100000000000000011111100000000000000000000000001111110000000000000000000000,0,0
274,4,TypeC,31300,000000000000000000000000000000000111110000000000000000000000000111111000000000000000000001111100000000000000011111100000000000000000000000001111110000000000000000000000,0,0
275,0,TypeA,50900,000000111111111000000000000001111111110000000000000000011111111100000000000000000000000000000000000000011111111110000000000000000000000000000000000000000001111111111000,0,0
276,1,TypeB,43800,000000000000000000000000000000000000000000000000000000000000011111111000000000111111110000000000000000011111110000000000111111110000000000000000011111111000000000000000,0,0
277,2,TypeB,43800,000000000000000000000000000000000000000000000000000000000000011111111000000000111111110000000000000000011111110000000000111111110000000000000000011111111000000000000000,0,0
278,3,TypeC,34500,000000000000000000000000000000000000000000000000000000000000011111100000000000111111000000000000000000000001111110000000000000000000000000001111110000000000000111111000,1,0
279,4,TypeC,34500,000000000000000000000000000000000000000000000000000000000000011111100000000000111111000000000000000000000001111110000000000000000000000000001111110000000000000111111000,1,0
280,0,TypeA,54600,000000001111111111000000000001111111110000000000011111111100000000000000001111111111000000000000000000011111111110000000000000000000000000000000000000000000000000000000,0,0
281,1,TypeB,42800,000000000000000111111100000000000000000000000000000000000000000000000001111111100000000000000111111100000000000000000000000000011111111000000000000000000001111111100000,0,0
282,2,TypeB,42800,000000000000000111111100000000000000000000000000000000000000000000000001111111100000000000000111111100000000000000000000000000011111111000000000000000000001111111100000,0,0
283,3,TypeC,29900,000000000000000001111100000000000000000000000000000000000000000111111000000000000001111110000000000000000111110000000000111100000000000000000000000000000000000000000000,0,0
284,4,TypeC,29900,000000000000000001111100000000000000000000000000000000000000000111111000000000000001111110000000000000000111110000000000111100000000000000000000000000000000000000000000,0,0
285,0,TypeA,53000,000000001111111111000000000001111111110000000000011111111100000000000000000000000000011111111100000000000000000000000000000000000000011111111110000000000000000000000000,0,0
286,1,TypeB,39400,000000000001111111000000000000000000000000000000011111110000000000000001111111100000000000000111111100000000000000000000000000011111111000000000000000000000000000000000,1,0
287,2,TypeB,39400,000000000001111111000000000000000000000000000000011111110000000000000001111111100000000000000111111100000000000000000000000000011111111000000000000000000000000000000000,1,0
288,3,TypeC,29400,000000000000000001111100000000000000011111000000000000000000000111111000000000000000000000000111110000000000000000000000000000000000000000000000000000000000000111111000,0,0
289,4,TypeC,29400,000000000000000001111100000000000000011111000000000000000000000111111000000000000000000000000111110000000000000000000000000000000000000000000000000000000000000111111000,0,0
290,0,TypeA,51400,000000001111111111000000000000011111111110000000000000011111111100000000000000000000000000000000000000000111111111100000000000000000000000000000000000111111111100000000,0,0
291,1,TypeB,41400,000000000000001111111100000000000000011111111000000000000000011111111000000000000000000000000111111100000000000000000000111111110000000000000000000000000000000000000000,0,0
292,2,TypeB,41400,000000000000001111111100000000000000011111111000000000000000011111111000000000000000000000000111111100000000000000000000111111110000000000000000000000000000000000000000,0,0
293,3,TypeC,34100,000000111111000000000000000000000001111110000000000000000000011111100000000000000000000000000111110000000000011111100000000000000000000000000000000000000000000000000000,0,0
294,4,TypeC,34100,000000111111000000000000000000000001111110000000000000000000011111100000000000000000000000000111110000000000011111100000000000000000000000000000000000000000000000000000,0,0
295,0,TypeA,53400,000000000000000000000000000001111111111000000000000000011111111100000000000000000000000000000000011111111100000000000000000000011111111110000000000000000001111111111000,0,0
296,1,TypeB,43800,000000000000000000000000000000011111111000000000000000000000000000000000000000111111110000000000000000011111110000000000111111110000000000001111111100000000000000000000,0,0
297,2,TypeB,43800,000000000000000000000000000000011111111000000000000000000000000000000000000000111111110000000000000000011111110000000000111111110000000000001111111100000000000000000000,0,0
298,3,TypeC,29700,000000000000000000000000000000000000000000000000000000000000000000111111000000000001110000000000000000000000011111100000000000000000000000000011111100000000000111111000,0,0
299,4,TypeC,29700,000000000000000000000000000000000000000000000000000000000000000000111111000000000001110000000000000000000000011111100000000000000000000000000011111100000000000111111000,0,0
300,0,TypeA,53500,000000111111111100000000000000011111111100000000000000000000000111111111100000000000000000000000000000011111111110000000000000011111111110000000000000000000000000000000,0,0
301,1,TypeB,41500,000000000000000000000000000000011111110000000000000000000000000000000000000000111111110000000000000000000011111110000000000000011111111000000000000001111111000000000000,0,0
302,2,TypeB,41500,000000000000000000000000000000011111110000000000000000000000000000000000000000111111110000000000000000000011111110000000000000011111111000000000000001111111000000000000,0,0
303,3,TypeC,29700,000000111111000000000000000000000000000000000000000000000000000111111000000000000000000001111100000000000011110000000000000000000000000000000000111111000000000000000000,0,0
304,4,TypeC,29700,000000111111000000000000000000000000000000000000000000000000000111111000000000000000000001111100000000000011110000000000000000000000000000000000111111000000000000000000,0,0
305,0,TypeA,53700,000000011111111100000000000000011111111110000000000000011111111100000000000000000000000000000000011111111110000000000000000011111111110000000000000000000000000000000000,0,0
306,1,TypeB,43500,000000000000001111111100000000000000000000000000000000000000000000000000000000111111110000000000000000000111111110000000000000011111111000000000000001111111000000000000,0,0
307,2,TypeB,43500,000000000000001111111100000000000000000000000000000000000000000000000000000000111111110000000000000000000111111110000000000000011111111000000000000001111111000000000000,0,0
308,3,TypeC,32900,000000000000000000000000000000000001111110000000000000000000000000011111100000000000000011111100000000000000000000000000000000000000011111000000000000000000000111111000,0,0
309,4,TypeC,32900,000000000000000000000000000000000001111110000000000000000000000000011111100000000000000011111100000000000000000000000000000000000000011111000000000000000000000111111000,0,0
310,0,TypeA,54000,000000000000000000000000000000011111111110000000000000011111111100000000000000000000000000000111111111000000000000000000111111110000000000000000111111111000000000000000,0,0
311,1,TypeB,40400,000000000001111111000000000000000000011111110000000000000000000000000000000000111111110000000000000000000111111110000000000000011111111000000000000000000000000000000000,1,0
312,2,TypeB,40400,000000000001111111000000000000000000011111110000000000000000000000000000000000111111110000000000000000000111111110000000000000011111111000000000000000000000000000000000,1,0
313,3,TypeC,30600,000000000000000000000000000000000000000000000000000000000000000111111000000000000000000000000111110000000000011111000000000000000000011111000000000000000000000111111000,0,0
314,4,TypeC,30600,000000000000000000000000000000000000000000000000000000000000000111111000000000000000000000000111110000000000011111000000000000000000011111000000000000000000000111111000,0,0
315,0,TypeA,55800,000000000000000000000000000000000000000000000000011111111100000000000000000001111111110000000000011111111110000000000000000000000000011111111110000000000001111111111000,0,0
316,1,TypeB,40400,000000000000000000000000000000011111110000000000000000011111110000000000000000000001111111100000000000000111111110000000000000011111111000000000000000000000000000000000,1,0
317,2,TypeB,40400,000000000000000000000000000000011111110000000000000000011111110000000000000000000001111111100000000000000111111110000000000000011111111000000000000000000000000000000000,1,0
318,3,TypeC,32200,000000000000000000000000000000000000000000000000000001111100000000000000000000000001111110000000000000000111110000000000000000000000000000001111110000000000000111111000,0,0
319,4,TypeC,32200,000000000000000000000000000000000000000000000000000001111100000000000000000000000001111110000000000000000111110000000000000000000000000000001111110000000000000111111000,0,0
320,0,TypeA,55000,000000111111111100000000000001111111110000000000000000000000000111111111100000000000000000000000000000011111111110000000000011111111110000000000000000000000000000000000,0,0
321,1,TypeB,43800,000000000000001111111100000000000000000000000000000000000000000000000001111111100000000000000000000111111100000000000000111111110000000000000000000000000001111111100000,0,0
322,2,TypeB,43800,000000000000001111111100000000000000000000000000000000000000000000000001111111100000000000000000000111111100000000000000111111110000000000000000000000000001111111100000,0,0
323,3,TypeC,30300,000000111111000000000000000001110000000000000000000000000000000111111000000000000000000000000000000000000000011111100000000000000000000000000000000000000000000111111000,0,0
324,4,TypeC,30300,000000111111000000000000000001110000000000000000000000000000000111111000000000000000000000000000000000000000011111100000000000000000000000000000000000000000000111111000,0,0
325,0,TypeA,56800,000001111111111000000000000000011111111110000000000000000000000111111111100000000000000000000111111111000000000000000000000011111111110000000000000000000000000000000000,0,0
326,1,TypeB,40400,000000001111111000000000000000000000000000000000000000000000011111111000000000000001111111000000000000000111111110000000000000000000011111111000000000000000000000000000,0,0
327,2,TypeB,40400,000000001111111000000000000000000000000000000000000000000000011111111000000000000001111111000000000000000111111110000000000000000000011111111000000000000000000000000000,0,0
328,3,TypeC,31900,111111000000000000000000000000000001111110000000000000000000000111111000000000000000000001111100000000000111110000000000000000000000000000000000000000000000000000000000,0,0
329,4,TypeC,31900,111111000000000000000000000000000001111110000000000000000000000111111000000000000000000001111100000000000111110000000000000000000000000000000000000000000000000000000000,0,0
330,0,TypeA,56500,000000111111111100000000000000011111111110000000000000000000000000111111111100000000000000000111111111000000000000000000000000000000000000000000000000000001111111111000,0,0
331,1,TypeB,40400,111111100000000000000000000000011111110000000000000000000000000000000001111111100000000000000000000000000111111110000000000000011111111000000000000000000000000000000000,1,0
332,2,TypeB,40400,111111100000000000000000000000011111110000000000000000000000000000000001111111100000000000000000000000000111111110000000000000011111111000000000000000000000000000000000,1,0
333,3,TypeC,30700,000000111111000000000000000000000000000000000000000011111100000000000001111100000000000000000000000000000111110000000000000000000000000000000111111000000000000000000000,0,0
334,4,TypeC,30700,000000111111000000000000000000000000000000000000000011111100000000000001111100000000000000000000000000000111110000000000000000000000000000000111111000000000000000000000,0,0
335,0,TypeA,55500,000000111111111100000000000001111111110000000000011111111100000000000000000000000000000000000000011111111110000000000000000000000000000000000000000000000001111111111000,0,0
336,1,TypeB,41400,000000000000000111111100000000000000000000000000000000000000011111111000000000111111110000000000000000000111111110000000000000011111111000000000000000000000000000000000,1,0
337,2,TypeB,41400,000000000000000111111100000000000000000000000000000000000000011111111000000000111111110000000000000000000111111110000000000000011111111000000000000000000000000000000000,1,0
338,3,TypeC,31300,000000111111000000000000000000000000000000000000000011111100000000000000000000000000000001111100000000000111110000000000000000000000000000000000000000000000000111111000,0,0
339,4,TypeC,31300,000000111111000000000000000000000000000000000000000011111100000000000000000000000000000001111100000000000111110000000000000000000000000000000000000000000000000111111000,0,0
340,0,TypeA,53700,000000111111111100000000000001111111110000000000011111111100000000000000000000000000000000000000000000000111111111100000000000000000011111111110000000000000000000000000,1,0
341,1,TypeB,41400,000000000001111111000000000000000000011111111000000000000000000000000001111111100000000000000000000000000111111110000000000000000000011111111000000000000000000000000000,1,0
342,2,TypeB,41400,000000000001111111000000000000000000011111111000000000000000000000000001111111100000000000000000000000000111111110000000000000000000011111111000000000000000000000000000,1,0
343,3,TypeC,32100,000000000001111100000000000000000000000000000000000011111100000000000000000000111111000000000000000000000000011111100000000000000000011110000000000000000000000000000000,0,0
344,4,TypeC,32100,000000000001111100000000000000000000000000000000000011111100000000000000000000111111000000000000000000000000011111100000000000000000011110000000000000000000000000000000,0,0
345,0,TypeA,55800,000000000000000000000000000000011111111110000000000000011111111100000000000001111111110000000000011111111110000000000000000000000000000000000111111111100000000000000000,0,0
346,1,TypeB,40400,000000000000001111111100000000000000000000000000011111110000000000000000111111100000000000000000000111111110000000000000111111110000000000000000000000000000000000000000,0,0
347,2,TypeB,40400,000000000000001111111100000000000000000000000000011111110000000000000000111111100000000000000000000111111110000000000000111111110000000000000000000000000000000000000000,0,0
348,3,TypeC,31100,000000000000000001111100000000000000000000000000000000000000000111111000000000000000000011111100000000000000011111100000000000000000000000000000000111111000000000000000,0,0
349,4,TypeC,31100,000000000000000001111100000000000000000000000000000000000000000111111000000000000000000011111100000000000000011111100000000000000000000000000000000111111000000000000000,0,0
350,0,TypeA,51900,000000111111111100000000000000011111111110000000000000011111111100000000000001111111110000000000000000011111111110000000000000000000000000000000000000000000000000000000,1,0
351,1,TypeB,42500,000000000000001111111100000000000000000000000000011111110000000000000001111111100000000000000000000000000000000000000000111111110000000000001111111000000000000000000000,0,0
352,2,TypeB,42500,000000000000001111111100000000000000000000000000011111110000000000000001111111100000000000000000000000000000000000000000111111110000000000001111111000000000000000000000,0,0
353,3,TypeC,30800,000000000000000001111100000000000000000000000000000011111100000000000000000000000000000011111100000000000000011111100000000000000000000000000111111000000000000000000000,0,0
354,4,TypeC,30800,000000000000000001111100000000000000000000000000000011111100000000000000000000000000000011111100000000000000011111100000000000000000000000000111111000000000000000000000,0,0
355,0,TypeA,54200,000000000000011111111100000000000011111111110000000000011111111100000000000000000000000000000000011111111100000000000000000000000000000000001111111111000000000000000000,0,0
356,1,TypeB,42800,000000000000000000000000000000000000000000000000011111110000000000000001111111100000000000000000000111111100000000000000111111110000000000001111111100000000000000000000,0,0
357,2,TypeB,42800,000000000000000000000000000000000000000000000000011111110000000000000001111111100000000000000000000111111100000000000000111111110000000000001111111100000000000000000000,0,0
358,3,TypeC,29100,000000000000000001111100000000000001111110000000000000000000000000000001111100000000000000000000000001111100000000000000000000000000000000001111110000000000000000000000,0,0
359,4,TypeC,29100,000000000000000001111100000000000001111110000000000000000000000000000001111100000000000000000000000001111100000000000000000000000000000000001111110000000000000000000000,0,0
360,0,TypeA,52400,000000000000011111111100000000000111111111000000000000011111111100000000000000000000000000000000011111111110000000000000000011111111110000000000000000000000000000000000,0,0
361,1,TypeB,43800,000000000000000000000000000000000000000000000000011111110000000000000001111111100000000000000000000111111110000000000000111111110000000000000000000000001111111100000000,0,0
362,2,TypeB,43800,000000000000000000000000000000000000000000000000011111110000000000000001111111100000000000000000000111111110000000000000111111110000000000000000000000001111111100000000,0,0
363,3,TypeC,28700,000000000000000001111100000000000000000000000000000000000000011111100000000000000001110000000000000001111110000000000000000000000000000000001111110000000000000000000000,0,0
364,4,TypeC,28700,000000000000000001111100000000000000000000000000000000000000011111100000000000000001110000000000000001111110000000000000000000000000000000001111110000000000000000000000,0,0
365,0,TypeA,53500,000001111111111000000000000001111111110000000000000000011111111100000000000000000000000000000111111111000000000000000000000000000000000000000000000111111111000000000000,0,0
366,1,TypeB,40500,000000000000000000000000000000000001111111000000000000000000000000000000111111100000000000000111111100000000000000000000111111110000000000000000000001111111000000000000,0,0
367,2,TypeB,40500,000000000000000000000000000000000001111111000000000000000000000000000000111111100000000000000111111100000000000000000000111111110000000000000000000001111111000000000000,0,0
368,3,TypeC,28800,000000000000000001111100000000000000011111000000000000000000000000000000000000000001111000000000000000000111110000000000000000000000000000000000000000011111000000000000,1,0
369,4,TypeC,28800,000000000000000001111100000000000000011111000000000000000000000000000000000000000001111000000000000000000111110000000000000000000000000000000000000000011111000000000000,1,0
370,0,TypeA,55000,000001111111111000000000000000011111111110000000000000011111111100000000000000000000000000000000011111111110000000000000000000000000011111111110000000000000000000000000,0,0
371,1,TypeB,41400,000000011111111000000000000000000000011111111000000000000000000000000001111111100000000000000111111100000000000000000000111111110000000000000000000000000000000000000000,0,0
372,2,TypeB,41400,000000011111111000000000000000000000011111111000000000000000000000000001111111100000000000000111111100000000000000000000111111110000000000000000000000000000000000000000,0,0
373,3,TypeC,27700,000000000000000001111100000000000000000000000000000000000000000000000000000000000001111000000000000000000111110000000000111110000000000000001111110000000000000000000000,1,0
374,4,TypeC,27700,000000000000000001111100000000000000000000000000000000000000000000000000000000000001111000000000000000000111110000000000111110000000000000001111110000000000000000000000,1,0
375,0,TypeA,52000,000000000000000000000000000000011111111110000000000000011111111100000000000001111111111000000000000000000111111111100000000000000000000000000000000000000001111111111000,1,0
376,1,TypeB,41500,000000000001111111000000000000011111110000000000000000000000000000000001111111100000000000000000000000000000000000000000111111110000000000000000000001111111000000000000,1,0
377,2,TypeB,41500,000000000001111111000000000000011111110000000000000000000000000000000001111111100000000000000000000000000000000000000000111111110000000000000000000001111111000000000000,1,0
378,3,TypeC,32500,000000000000000001111100000000000001111110000000000000000000011111100000000000000000000000000000000000000111110000000000000000000000000000001111110000000000000000000000,1,0
379,4,TypeC,32500,000000000000000001111100000000000001111110000000000000000000011111100000000000000000000000000000000000000111110000000000000000000000000000001111110000000000000000000000,1,0
380,0,TypeA,54600,000000000000000000000000000001111111110000000000011111111100000000000001111111100000000000000111111111000000000000000000000000000000111111111100000000000000000000000000,0,0
381,1,TypeB,41400,000000000000000000000000000000000000011111111000000000000111111100000000000000111111110000000000000000000111111110000000000000011111111000000000000000000000000000000000,0,0
382,2,TypeB,41400,000000000000000000000000000000000000011111111000000000000111111100000000000000111111110000000000000000000111111110000000000000011111111000000000000000000000000000000000,0,0
383,3,TypeC,32200,000000000000000000000000000000000000000000000000000011111100000000000001111000000000000000000000000000001111110000000000000000000000111111000000000000111111000000000000,0,0
384,4,TypeC,32200,000000000000000000000000000000000000000000000000000011111100000000000001111000000000000000000000000000001111110000000000000000000000111111000000000000111111000000000000,0,0
385,0,TypeA,55000,000000000000011111111100000000000000000000000000011111111100000000000001111111100000000000000000011111111110000000000000000000000000000000000000000000111111111100000000,0,0
386,1,TypeB,44800,000000000000000000000000000000000011111111000000000000000000000000000001111111100000000000000000000000000111111110000000000000011111111000000000000000001111111100000000,0,0
387,2,TypeB,44800,000000000000000000000000000000000011111111000000000000000000000000000001111111100000000000000000000000000111111110000000000000011111111000000000000000001111111100000000,0,0
388,3,TypeC,28200,000000000000000000000000000000000000000000000000000011111100000000000001111100000000000000000111110000000000000000000000000111110000000000000000000000111111000000000000,0,0
389,4,TypeC,28200,000000000000000000000000000000000000000000000000000011111100000000000001111100000000000000000111110000000000000000000000000111110000000000000000000000111111000000000000,0,0
390,0,TypeA,55700,000011111111110000000000000001111111110000000000011111111100000000000000000000000000000000000111111111000000000000000000000000000000000000000000000000111111111100000000,0,0
391,1,TypeB,44800,111111110000000000000000000000000000000000000000000000000000000000000001111111100000000000000000000000000111111110000000000000011111111000000000000000001111111100000000,1,0
392,2,TypeB,44800,111111110000000000000000000000000000000000000000000000000000000000000001111111100000000000000000000000000111111110000000000000011111111000000000000000001111111100000000,1,0
393,3,TypeC,32700,000000000001111100000000000000000000000000000000000011111100000000000000000000000000000000000000000000000000011111100000000000000000011111000000000000000001111100000000,0,0
394,4,TypeC,32700,000000000001111100000000000000000000000000000000000011111100000000000000000000000000000000000000000000000000011111100000000000000000011111000000000000000001111100000000,0,0
395,0,TypeA,55400,000000111111111100000000000001111111110000000000011111111100000000000000000000000000000000000111111111000000000000000000000000000000011111111110000000000000000000000000,0,0
396,1,TypeB,44800,000000000000000000000000000000000111111110000000000000000000011111111000000000000001111111100000000000000000000000000000111111110000000000001111111100000000000000000000,0,0
397,2,TypeB,44800,000000000000000000000000000000000111111110000000000000000000011111111000000000000001111111100000000000000000000000000000111111110000000000001111111100000000000000000000,0,0
398,3,TypeC,27500,000000000001111100000000000000000000000000000000000000000000000000000000000000000001110000000000011111000000000000000000000000000000011111000000000000011111000000000000,0,0
399,4,TypeC,27500,000000000001111100000000000000000000000000000000000000000000000000000000000000000001110000000000011111000000000000000000000000000000011111000000000000011111000000000000,0,0
400,0,TypeA,53600,000000111111111100000000000001111111110000000000000000011111111110000000000000000000000000000000000001111111110000000000000000000000000000000000111111111000000000000000,1,0
401,1,TypeB,41800,000000000000000000000000000000000000000000000000011111110000000000000000111111100000000000000000000000011111110000000000111111110000000000000000000000000001111111100000,0,0
402,2,TypeB,41800,000000000000000000000000000000000000000000000000011111110000000000000000111111100000000000000000000000011111110000000000111111110000000000000000000000000001111111100000,0,0
403,3,TypeC,30000,000000000000000000000000000000000000000000000000000011111100000000000000111100000000000001111100000000000001111110000000000000000000000000000000000000111111000000000000,0,0
404,4,TypeC,30000,000000000000000000000000000000000000000000000000000011111100000000000000111100000000000001111100000000000001111110000000000000000000000000000000000000111111000000000000,0,0
405,0,TypeA,49800,000000000000011111111100000000000000000000000000000000011111111100000000000000000001111111100000000000011111111110000000000000000000000000000000111111111000000000000000,0,0
406,1,TypeB,42800,000000000000000000000000000000000000000000000000011111110000000000000000000000000001111111100000000000011111110000000000111111110000000000000000000000001111111100000000,1,0
407,2,TypeB,42800,000000000000000000000000000000000000000000000000011111110000000000000000000000000001111111100000000000011111110000000000111111110000000000000000000000001111111100000000,1,0
408,3,TypeC,34400,000000000000000000000000000000000000011111000000000011111100000000000000000000000000011111100000000000000001111110000000000000000000000000000000000000111111000000000000,0,0
409,4,TypeC,34400,000000000000000000000000000000000000011111000000000011111100000000000000000000000000011111100000000000000001111110000000000000000000000000000000000000111111000000000000,0,0
410,0,TypeA,53700,000000001111111111000000000000011111111110000000000000011111111100000000000000000000000000000111111111000000000000000000000011111111110000000000000000000000000000000000,0,0
411,1,TypeB,44800,000000001111111100000000000000000000011111111000000000000000000000000000000000000001111111100000000000000000000000000000111111110000000000001111111100000000000000000000,0,0
412,2,TypeB,44800,000000001111111100000000000000000000011111111000000000000000000000000000000000000001111111100000000000000000000000000000111111110000000000001111111100000000000000000000,0,0
413,3,TypeC,33100,000000000000011111000000000000000001111110000000000000000000000000000000000000000000000001111100000000000000011111100000000000000000000000000000000000111111000000000000,0,0
414,4,TypeC,33100,000000000000011111000000000000000001111110000000000000000000000000000000000000000000000001111100000000000000011111100000000000000000000000000000000000111111000000000000,0,0
415,0,TypeA,53500,000000000000000000000000000000011111111110000000000000011111111100000000000000000000000000000000011111111110000000000000000000011111111110000000000000001111111111000000,0,0
416,1,TypeB,42400,000000000000000000000000000000000000011111111000000000000000011111111000000000111111110000000000011111111000000000000000111111110000000000000000000000000000000000000000,0,0
417,2,TypeB,42400,000000000000000000000000000000000000011111111000000000000000011111111000000000111111110000000000011111111000000000000000111111110000000000000000000000000000000000000000,0,0
418,3,TypeC,32500,000000000000000000000000000001111100000000000000000000000000011111100000000000000000011111000000000000000000011111100000000000000000000000000000000000000000000111111000,0,0
419,4,TypeC,32500,000000000000000000000000000001111100000000000000000000000000011111100000000000000000011111000000000000000000011111100000000000000000000000000000000000000000000111111000,0,0
420,0,TypeA,52800,000000000000011111111100000000000000000000000000000000011111111100000000000001111111111000000000000000011111111110000000000011111111110000000000000000000000000000000000,0,0
421,1,TypeB,40400,000000000000000000000000000000011111110000000000011111110000000000000001111111100000000000000000000000000111111110000000000000011111111000000000000000000000000000000000,1,0
422,2,TypeB,40400,000000000000000000000000000000011111110000000000011111110000000000000001111111100000000000000000000000000111111110000000000000011111111000000000000000000000000000000000,1,0
423,3,TypeC,32100,000000001111110000000000000000000000000000000000000000000000000000000000000000000000000001111100000000000111110000000000000000000000011111000000000000111111000000000000,0,0
424,4,TypeC,32100,000000001111110000000000000000000000000000000000000000000000000000000000000000000000000001111100000000000111110000000000000000000000011111000000000000111111000000000000,0,0
425,0,TypeA,51400,000000000000011111111100000000000011111111110000000000011111111100000000000000000000011111111100000000000000000000000000000000000000000000000000111111111000000000000000,0,0
426,1,TypeB,43500,111111110000000000000000000000000000000000000000000000000000000000000001111111100000000000000000011111111000000000000000000000011111110000000000111111110000000000000000,0,0
427,2,TypeB,43500,111111110000000000000000000000000000000000000000000000000000000000000001111111100000000000000000011111111000000000000000000000011111110000000000111111110000000000000000,0,0
428,3,TypeC,33800,000000000000000000000000000001111110000000000000000000000000011111000000000000000000011111100000000000000000011111100000000000000000000000000000000000000000000111111000,0,0
429,4,TypeC,33800,000000000000000000000000000001111110000000000000000000000000011111000000000000000000011111100000000000000000011111100000000000000000000000000000000000000000000111111000,0,0
430,0,TypeA,52400,000000000000011111111100000000000000000000000000011111111100000000000000000000000000000000000000000000011111111110000000000000111111111000000000000000000001111111111000,0,0
431,1,TypeB,44800,000000000000001111111100000000000000000000000000000000000000011111111000000000000001111111100000000000000000000000000000111111110000000000001111111100000000000000000000,0,0
432,2,TypeB,44800,000000000000001111111100000000000000000000000000000000000000011111111000000000000001111111100000000000000000000000000000111111110000000000001111111100000000000000000000,0,0
433,3,TypeC,30400,000000000000000000000000000001111100000000000000000011111100000000000000000000000000000001111100000000000001111110000000000000000000000000000000111111000000000000000000,0,0
434,4,TypeC,30400,000000000000000000000000000001111100000000000000000011111100000000000000000000000000000001111100000000000001111110000000000000000000000000000000111111000000000000000000,0,0
435,0,TypeA,55000,111111111000000000000000000000011111111110000000000000011111111100000000000000000000000000000000011111111100000000000000000000000000000000000000111111111000000000000000,0,0
436,1,TypeB,43800,000000111111110000000000000000011111110000000000000000000000000000000001111111100000000000000000000000000000000000000000000000011111111000000000111111110000000000000000,0,0
437,2,TypeB,43800,000000111111110000000000000000011111110000000000000000000000000000000001111111100000000000000000000000000000000000000000000000011111111000000000111111110000000000000000,0,0
438,3,TypeC,34400,000000000000000000000000000000000000000000000000000000000000011111100000000000000000011111100000000000000000011111100000000000000000011111000000000000000000000111111000,0,0
439,4,TypeC,34400,000000000000000000000000000000000000000000000000000000000000011111100000000000000000011111100000000000000000011111100000000000000000011111000000000000000000000111111000,0,0
440,0,TypeA,55400,000000000000000000000000000001111111110000000000011111111100000000000000000001111111110000000000000000011111111110000000000000000000000000001111111111000000000000000000,0,0
441,1,TypeB,43800,000000000001111111000000000000000000011111111000000000000000000000000000000000000001111111100000000000000000000000000000111111110000000000001111111100000000000000000000,0,0
442,2,TypeB,43800,000000000001111111000000000000000000011111111000000000000000000000000000000000000001111111100000000000000000000000000000111111110000000000001111111100000000000000000000,0,0
443,3,TypeC,29200,000000000000000001111100000000000000000000000000000000000000000000000000111111000000000001111100000000000000011111100000000000000000000000000000111111000000000000000000,0,0
444,4,TypeC,29200,000000000000000001111100000000000000000000000000000000000000000000000000111111000000000001111100000000000000011111100000000000000000000000000000111111000000000000000000,0,0
445,0,TypeA,54800,000000000000011111111100000000000000000000000000011111111100000000000000000000000000000000000111111111000000000000000000000011111111110000000000000000001111111111000000,0,0
446,1,TypeB,42500,000000000000000000000000000000011111110000000000000000000000000000000001111111100000000000000000000000000011111111000000000000011111110000000000000000000001111111100000,0,0
447,2,TypeB,42500,000000000000000000000000000000011111110000000000000000000000000000000001111111100000000000000000000000000011111111000000000000011111110000000000000000000001111111100000,0,0
448,3,TypeC,29500,000000000000000001111100000000000000000000000000000011111100000000000000000000000000000000000111110000000000011111100000000000000000000000000000111111000000000000000000,0,0
449,4,TypeC,29500,000000000000000001111100000000000000000000000000000011111100000000000000000000000000000000000111110000000000011111100000000000000000000000000000111111000000000000000000,0,0
450,0,TypeA,56800,000000111111111100000000000000011111111110000000000000011111111100000000000000000000000000111111111100000000000000000000000000000000000000001111111111000000000000000000,0,0
451,1,TypeB,40400,000000000000001111111100000000011111110000000000000000000000000000000001111111100000000000000111111100000000000000000000111111110000000000000000000000000000000000000000,0,0
452,2,TypeB,40400,000000000000001111111100000000011111110000000000000000000000000000000001111111100000000000000111111100000000000000000000111111110000000000000000000000000000000000000000,0,0
453,3,TypeC,32200,000000000001111100000000000001111110000000000000000000000000000000000000000000111111000000000000000000000000011111000000000000000000000000000000111111000000000000000000,1,0
454,4,TypeC,32200,000000000001111100000000000001111110000000000000000000000000000000000000000000111111000000000000000000000000011111000000000000000000000000000000111111000000000000000000,1,0
455,0,TypeA,56600,000000000000000000000000000000011111111110000000000000011111111100000000000000000000000000000111111111000000000000000000111111111000000000001111111111000000000000000000,0,0
456,1,TypeB,42400,000000000000000000000000000000011111111000000000000000000000011111111000000000000001111111100000000000000001111111100000000000000000011111111000000000000000000000000000,1,0
457,2,TypeB,42400,000000000000000000000000000000011111111000000000000000000000011111111000000000000001111111100000000000000001111111100000000000000000011111111000000000000000000000000000,1,0
458,3,TypeC,31100,000000000000000000000000000001111110000000000000000011111100000000000000000000000000000001111100000000000000011111100000000000000000000000001111110000000000000000000000,0,0
459,4,TypeC,31100,000000000000000000000000000001111110000000000000000011111100000000000000000000000000000001111100000000000000011111100000000000000000000000001111110000000000000000000000,0,0
460,0,TypeA,54200,000000000000011111111100000000000000000000000000000000011111111100000000000001111111110000000000011111111110000000000000000000000000000000000000001111111111000000000000,0,0
461,1,TypeB,39400,111111100000000000000000000000000000000000000000000000011111110000000001111111100000000000000111111100000000000000000000000000000000011111111000000000000000000000000000,1,0
462,2,TypeB,39400,111111100000000000000000000000000000000000000000000000011111110000000001111111100000000000000111111100000000000000000000000000000000011111111000000000000000000000000000,1,0
463,3,TypeC,31000,000000000000000001111100000000000000000000000000000000000000000000000000000000111111000000000000011111000000000000000000000000000000111111000000000000000000000111111000,1,0
464,4,TypeC,31000,000000000000000001111100000000000000000000000000000000000000000000000000000000111111000000000000011111000000000000000000000000000000111111000000000000000000000111111000,1,0
465,0,TypeA,52700,000000111111111100000000000001111111110000000000000000011111111100000000000000000000011111111100000000000000000000000000000000000000000000000000001111111111000000000000,0,0
466,1,TypeB,42400,000000111111110000000000000000000000011111111000000000000000011111111000000000111111110000000000000000000000000000000000111111110000000000000000000000000000000000000000,1,0
467,2,TypeB,42400,000000111111110000000000000000000000011111111000000000000000011111111000000000111111110000000000000000000000000000000000111111110000000000000000000000000000000000000000,1,0
468,3,TypeC,30100,000000000000000001111100000000000000000000000000000000000000000000000001111100000000000011111100000000000001111110000000000000000000000000000000111111000000000000000000,0,0
469,4,TypeC,30100,000000000000000001111100000000000000000000000000000000000000000000000001111100000000000011111100000000000001111110000000000000000000000000000000111111000000000000000000,0,0
470,0,TypeA,52700,000000000000000000000000000000011111111110000000000000011111111100000000000001111111110000000000000001111111110000000000000000000000000000000000001111111111000000000000,0,0
471,1,TypeB,39400,000000000000000000000000000001111111000000000000000000011111110000000001111111100000000000000111111100000000000000000000000000000000011111111000000000000000000000000000,0,0
472,2,TypeB,39400,000000000000000000000000000001111111000000000000000000011111110000000001111111100000000000000111111100000000000000000000000000000000011111111000000000000000000000000000,0,0
473,3,TypeC,30900,000000000000000000000000000001111110000000000000000000000000011111100000000000000001110000000000000000000000011111100000000000000000000000000000111111000000000000000000,1,0
474,4,TypeC,30900,000000000000000000000000000001111110000000000000000000000000011111100000000000000001110000000000000000000000011111100000000000000000000000000000111111000000000000000000,1,0
475,0,TypeA,52800,000000001111111111000000000001111111110000000000000000011111111100000000000000000000000000000000000000011111111110000000000000000000000000000000001111111111000000000000,1,0
476,1,TypeB,43800,000000000000000111111100000000000000000000000000000000000000000000000001111111100000000000000000011111111000000000000000000000011111111000000000000000001111111100000000,0,0
477,2,TypeB,43800,000000000000000111111100000000000000000000000000000000000000000000000001111111100000000000000000011111111000000000000000000000011111111000000000000000001111111100000000,0,0
478,3,TypeC,30100,000000000000000001111100000000000001111110000000000000011100000000000000000000000000000000000000000000000001111110000000000000000000011111000000000000000000000000000000,1,0
479,4,TypeC,30100,000000000000000001111100000000000001111110000000000000011100000000000000000000000000000000000000000000000001111110000000000000000000011111000000000000000000000000000000,1,0
480,0,TypeA,52800,000000111111111100000000000000011111111100000000000000011111111100000000000000000000000000000000011111111110000000000000000000000000000000000000000000001111111111000000,0,0
481,1,TypeB,44800,000000000000001111111100000000000000000000000000000000000000000000000001111111100000000000000000011111111000000000000000000000011111111000000000000000000001111111100000,0,0
482,2,TypeB,44800,000000000000001111111100000000000000000000000000000000000000000000000001111111100000000000000000011111111000000000000000000000011111111000000000000000000001111111100000,0,0
483,3,TypeC,31500,000000000000000000000000000000000001111100000000000011111100000000000001111100000000000000000000000000001111110000000000000000000000011111000000000000000000000000000000,0,0
484,4,TypeC,31500,000000000000000000000000000000000001111100000000000011111100000000000001111100000000000000000000000000001111110000000000000000000000011111000000000000000000000000000000,0,0
485,0,TypeA,51800,000000000000011111111100000000000011111111110000000000011111111100000000000000000000000000000000011111111110000000000000000000011111111100000000000000000000000000000000,0,0
486,1,TypeB,42400,000000000000001111111100000000000111111110000000000000000000000000000001111111100000000000000000011111111000000000000000000000011111111000000000000000000000000000000000,0,0
487,2,TypeB,42400,000000000000001111111100000000000111111110000000000000000000000000000001111111100000000000000000011111111000000000000000000000011111111000000000000000000000000000000000,0,0
488,3,TypeC,32500,000000000000000000000000000000000001111110000000000011111100000000000001111100000000000000000000000000000000011111100000000000000000011111000000000000000000000000000000,0,0
489,4,TypeC,32500,000000000000000000000000000000000001111110000000000011111100000000000001111100000000000000000000000000000000011111100000000000000000011111000000000000000000000000000000,0,0
490,0,TypeA,51600,000000111111111100000000000000011111111110000000000000011111111100000000000000000000000000000000000001111111110000000000000000000000000000000000000000001111111111000000,0,0
491,1,TypeB,44800,000000111111110000000000000000000000000000000000000000000000000000000001111111100000000000000000011111111000000000000000000000011111111000000000011111111000000000000000,0,0
492,2,TypeB,44800,000000111111110000000000000000000000000000000000000000000000000000000001111111100000000000000000011111111000000000000000000000011111111000000000011111111000000000000000,0,0
493,3,TypeC,34700,000000000001111100000000000000000001111110000000000011111100000000000000000000000000000000000000000000001111110000000000000000000000000000000000000000000000000111111000,0,0
494,4,TypeC,34700,000000000001111100000000000000000001111110000000000011111100000000000000000000000000000000000000000000001111110000000000000000000000000000000000000000000000000111111000,0,0
495,0,TypeA,51200,000000000000011111111100000000000000000000000000000000011111111100000000000001111111111000000000000000011111111110000000000000000000011111111100000000000000000000000000,0,0
496,1,TypeB,41500,000000111111110000000000000000000000000000000000000000000111111100000000000000000001111111000000000000000000000000000000000000011111111000000000000001111111000000000000,0,0
497,2,TypeB,41500,000000111111110000000000000000000000000000000000000000000111111100000000000000000001111111000000000000000000000000000000000000011111111000000000000001111111000000000000,0,0
498,3,TypeC,29200,000000000000000001111100000000000011111100000000000000000000000000000000000000000001111000000000000111110000000000000000000000000000011111000000000000000000000000000000,1,0
499,4,TypeC,29200,000000000000000001111100000000000011111100000000000000000000000000000000000000000001111000000000000111110000000000000000000000000000011111000000000000000000000000000000,1,0
500,0,TypeA,52100,000000000000011111111100000000000000000000000000000000011111111100000000000000000000000000000000000000011111111110000000000000111111111000000000001111111111000000000000,0,0
501,1,TypeB,42500,000000111111110000000000000000000000000000000000000000000111111100000000000000000001111111100000000000000000000000000000000000111111110000000000000001111111000000000000,0,0
502,2,TypeB,42500,000000111111110000000000000000000000000000000000000000000111111100000000000000000001111111100000000000000000000000000000000000111111110000000000000001111111000000000000,0,0
503,3,TypeC,28300,000000000000000001111100000000000000000000000000000000000000000000000000000000000001111000000000000111110000000000000000000000000000011111000000000000111111000000000000,1,0
504,4,TypeC,28300,000000000000000001111100000000000000000000000000000000000000000000000000000000000001111000000000000111110000000000000000000000000000011111000000000000111111000000000000,1,0
505,0,TypeA,52500,000000111111111100000000000000011111111110000000000000011111111100000000000000000000000000000000000001111111110000000000000000000000011111111110000000000000000000000000,1,0
506,1,TypeB,41400,000000000000001111111100000000000000011111111000000000000000000000000000000000000001111111100000000000011111110000000000000000011111111000000000000000000000000000000000,0,0
507,2,TypeB,41400,000000000000001111111100000000000000011111111000000000000000000000000000000000000001111111100000000000011111110000000000000000011111111000000000000000000000000000000000,0,0
508,3,TypeC,30900,000000000000000001111100000000000000000000000000000000000000000111111000000000000001111110000000000000000111110000000000000111110000000000000000000000000000000000000000,0,0
509,4,TypeC,30900,000000000000000001111100000000000000000000000000000000000000000111111000000000000001111110000000000000000111110000000000000111110000000000000000000000000000000000000000,0,0
510,0,TypeA,55100,000000000000000000000000000001111111110000000000000000011111111100000000000000000000000000000111111111000000000000000000000011111111110000000000001111111111000000000000,0,0
511,1,TypeB,42500,000000000000000000000000000000000000011111111000000000000000000000000001111111100000000000000111111100000000000000000000000000011111111000000000000001111111000000000000,1,0
512,2,TypeB,42500,000000000000000000000000000000000000011111111000000000000000000000000001111111100000000000000111111100000000000000000000000000011111111000000000000001111111000000000000,1,0
513,3,TypeC,34800,000000000000000000000000000000000011111100000000000000000000000000111111000000000001111110000000000000000000011111100000000000000000000000000000111111000000000000000000,1,0
514,4,TypeC,34800,000000000000000000000000000000000011111100000000000000000000000000111111000000000001111110000000000000000000011111100000000000000000000000000000111111000000000000000000,1,0
515,0,TypeA,54800,000000111111111100000000000001111111110000000000011111111100000000000000000000000000000000000000000001111111110000000000000000000000000000000000001111111111000000000000,1,0
516,1,TypeB,43800,000000000000000000000000000000000000000000000000000000000000011111111000000000000001111111100000000000011111110000000000000000000000011111111000000000000001111111100000,0,0
517,2,TypeB,43800,000000000000000000000000000000000000000000000000000000000000011111111000000000000001111111100000000000011111110000000000000000000000011111111000000000000001111111100000,0,0
518,3,TypeC,31500,000000000000000001111100000000000000000000000000000000000000000111111000000000000001111110000000000000000000011111100000000000000000000000000000000000001111000000000000,0,0
519,4,TypeC,31500,000000000000000001111100000000000000000000000000000000000000000111111000000000000001111110000000000000000000011111100000000000000000000000000000000000001111000000000000,0,0
520,0,TypeA,54600,000001111111111000000000000001111111110000000000000000011111111100000000000001111111111000000000000000000000000000000000000000000000000001111111111000000000000000000000,0,0
521,1,TypeB,41400,000000000000000000000000000000011111110000000000000000000000011111111000000000000001111111100000000000000111111110000000000000111111110000000000000000000000000000000000,0,0
522,2,TypeB,41400,000000000000000000000000000000011111110000000000000000000000011111111000000000000001111111100000000000000111111110000000000000111111110000000000000000000000000000000000,0,0
523,3,TypeC,33800,000000000000000001111100000000000011111100000000000000000000000000000000000000000000011111100000000000000001111110000000000000000000000000001111110000000000000000000000,0,0
524,4,TypeC,33800,000000000000000001111100000000000011111100000000000000000000000000000000000000000000011111100000000000000001111110000000000000000000000000001111110000000000000000000000,0,0
525,0,TypeA,54000,000000111111111100000000000001111111110000000000000000011111111100000000000001111111111000000000000000000000000000000000000000000000000000000000001111111111000000000000,1,0
526,1,TypeB,39000,111111110000000000000000000000011111110000000000000000000000011111111000000000000001111111100000000000000111111110000000000000000000000000000000000000000000000000000000,1,0
527,2,TypeB,39000,111111110000000000000000000000011111110000000000000000000000011111111000000000000001111111100000000000000111111110000000000000000000000000000000000000000000000000000000,1,0
528,3,TypeC,33100,000000000000000001111100000000000000000000000000000000000000000000000000000000000000011111100000000000000001111110000000000000000000011111000000000000111111000000000000,0,0
529,4,TypeC,33100,000000000000000001111100000000000000000000000000000000000000000000000000000000000000011111100000000000000001111110000000000000000000011111000000000000111111000000000000,0,0
530,0,TypeA,54000,000011111111110000000000000000000011111111110000000000011111111100000000000001111111110000000000011111111110000000000000000000000000000000000000000000000000000000000000,0,0
531,1,TypeB,41400,000000000000000000000000000000011111110000000000000000000000011111111000000000000001111111100000000000000111111110000000000000011111111000000000000000000000000000000000,1,0
532,2,TypeB,41400,000000000000000000000000000000011111110000000000000000000000011111111000000000000001111111100000000000000111111110000000000000011111111000000000000000000000000000000000,1,0
533,3,TypeC,33700,000000000000000000000000000000000000000000000000000011111100000000000000000000000001111110000000000000000111110000000000000000000000011111000000000000111111000000000000,1,0
534,4,TypeC,33700,000000000000000000000000000000000000000000000000000011111100000000000000000000000001111110000000000000000111110000000000000000000000011111000000000000111111000000000000,1,0
535,0,TypeA,57300,000000000000011111111100000000000000000000000000011111111100000000000000000000000000000000000000011111111110000000000000000011111111110000000000001111111111000000000000,0,0
536,1,TypeB,40400,000000111111110000000000000000000000011111110000000000000000000000001111111100000000000000000000011111110000000000000000000000000000000000001111111100000000000000000000,0,0
537,2,TypeB,40400,000000111111110000000000000000000000011111110000000000000000000000001111111100000000000000000000011111110000000000000000000000000000000000001111111100000000000000000000,0,0
538,3,TypeC,32300,000000001111110000000000000000000000000000000000000000000000000000000001111100000000000000000000000000000000011111100000000000000000000000001111110000000000000111111000,0,0
539,4,TypeC,32300,000000001111110000000000000000000000000000000000000000000000000000000001111100000000000000000000000000000000011111100000000000000000000000001111110000000000000111111000,0,0
540,0,TypeA,58800,111111111000000000000000000001111111110000000000011111111110000000000000000000000000000000000000011111111110000000000000000000000000000000000000001111111111000000000000,0,0
541,1,TypeB,40400,000000111111110000000000000001111111000000000000000000000000000000000001111111100000000000000111111100000000000000000000000000011111111000000000000000000000000000000000,0,0
542,2,TypeB,40400,000000111111110000000000000001111111000000000000000000000000000000000001111111100000000000000111111100000000000000000000000000011111111000000000000000000000000000000000,0,0
543,3,TypeC,29300,000000001111110000000000000001111100000000000000000000000000000000111111000000000000000000000000000000000000000000000000000000000000011100000000000000000000000111111000,0,0
544,4,TypeC,29300,000000001111110000000000000001111100000000000000000000000000000000111111000000000000000000000000000000000000000000000000000000000000011100000000000000000000000111111000,0,0
545,0,TypeA,52200,000000000000000000000000000000011111111110000000000000011111111100000000000000000000011111111100000000000111111111100000000000000000000000000000001111111111000000000000,0,0
546,1,TypeB,43800,000000111111110000000000000000000000000000000000000000000000000000000001111111100000000000000111111100000000000000000000111111110000000000001111111100000000000000000000,0,0
547,2,TypeB,43800,000000111111110000000000000000000000000000000000000000000000000000000001111111100000000000000111111100000000000000000000111111110000000000001111111100000000000000000000,0,0
548,3,TypeC,32900,000000000000000001111100000000000001111110000000000000000000000000000000000000000000000011111100000000000000011111100000000000000000000000000000000000000000000111111000,1,0
549,4,TypeC,32900,000000000000000001111100000000000001111110000000000000000000000000000000000000000000000011111100000000000000011111100000000000000000000000000000000000000000000111111000,1,0
550,0,TypeA,52500,000000001111111111000000000001111111111000000000000000011111111100000000000001111111111000000000000001111111110000000000000000000000000000000000000000000000000000000000,1,0
551,1,TypeB,41400,000000111111110000000000000000011111111000000000000000000000000000000001111111100000000000000000011111110000000000000000000000011111111000000000000000000000000000000000,0,0
552,2,TypeB,41400,000000111111110000000000000000011111111000000000000000000000000000000001111111100000000000000000011111110000000000000000000000011111111000000000000000000000000000000000,0,0
553,3,TypeC,32300,000000001111110000000000000001111100000000000000000011111100000000000000000000000000000000000000000000000000011111100000000000000000000000000000111111000000000000000000,0,0
554,4,TypeC,32300,000000001111110000000000000001111100000000000000000011111100000000000000000000000000000000000000000000000000011111100000000000000000000000000000111111000000000000000000,0,0
555,0,TypeA,55900,000000001111111111000000000000011111111110000000000000011111111100000000000000000000000000000000011111111110000000000000000000000000000000001111111111000000000000000000,0,0
556,1,TypeB,40400,000000000001111111000000000000000000011111111000000000000000000000000001111111100000000000000000000000000011111110000000000000000000000000000000000000001111111100000000,0,0
557,2,TypeB,40400,000000000001111111000000000000000000011111111000000000000000000000000001111111100000000000000000000000000011111110000000000000000000000000000000000000001111111100000000,0,0
558,3,TypeC,32900,000000001111110000000000000001111110000000000000000000000000000000000000000000000000000000000000000000000000011111100000000000000000000000001111100000000000000111111000,0,0
559,4,TypeC,32900,000000001111110000000000000001111110000000000000000000000000000000000000000000000000000000000000000000000000011111100000000000000000000000001111100000000000000111111000,0,0
560,0,TypeA,52700,000000000000011111111100000000000000000000000000000000011111111100000000000001111111111000000000000000000011111111100000000000000000000000000111111111100000000000000000,0,0
561,1,TypeB,39400,000000111111110000000000000000000000000000000000000000011111110000000000111111100000000000000111111100000000000000000000000000111111110000000000000000000000000000000000,0,0
562,2,TypeB,39400,000000111111110000000000000000000000000000000000000000011111110000000000111111100000000000000111111100000000000000000000000000111111110000000000000000000000000000000000,0,0
563,3,TypeC,33900,000000001111110000000000000001111110000000000000000000000000000000000000000000000000000000000000000000000000011111100000000000000000000000000111111000000000000111111000,0,0
564,4,TypeC,33900,000000001111110000000000000001111110000000000000000000000000000000000000000000000000000000000000000000000000011111100000000000000000000000000111111000000000000111111000,0,0
565,0,TypeA,54300,000000000000011111111100000000000011111111110000000000011111111100000000000000000000000000000000011111111110000000000000000000000000000000000000001111111111000000000000,0,0
566,1,TypeB,40400,000000111111110000000000000000000000000000011111110000000000000000000001111111100000000000000111111100000000000000000000000000000000011111111000000000000000000000000000,0,0
567,2,TypeB,40400,000000111111110000000000000000000000000000011111110000000000000000000001111111100000000000000111111100000000000000000000000000000000011111111000000000000000000000000000,0,0
568,3,TypeC,32100,000000001111110000000000000001111110000000000000000000000000000000000000000000000000000000000000000000000000011111100000000000000000011100000000000000111111000000000000,0,0
569,4,TypeC,32100,000000001111110000000000000001111110000000000000000000000000000000000000000000000000000000000000000000000000011111100000000000000000011100000000000000111111000000000000,0,0
570,0,TypeA,54300,000000000000011111111100000000000000000000000000000000011111111100000000000001111111111000000000000000011111111110000000000000000000000000001111111111000000000000000000,0,0
571,1,TypeB,43800,000000000000000000000000000000000000011111111000000000000111111100000000000000000001111111100000000000000000000000000000000000000000011111111000000000001111111100000000,0,0
572,2,TypeB,43800,000000000000000000000000000000000000011111111000000000000111111100000000000000000001111111100000000000000000000000000000000000000000011111111000000000001111111100000000,0,0
573,3,TypeC,30800,111111000000000001111100000000000000000000000000000000000000000000000000000000000000000000000000000000000000011111100000000000000000000000001111110000000000000111111000,1,0
574,4,TypeC,30800,111111000000000001111100000000000000000000000000000000000000000000000000000000000000000000000000000000000000011111100000000000000000000000001111110000000000000111111000,1,0
575,0,TypeA,53400,000000111111111100000000000000011111111110000000000000011111111100000000000000000000000000000111111111000000000000000000000000011111111110000000000000000000000000000000,0,0
576,1,TypeB,40400,000000000000000000000000000000000000011111111000000000011111110000000001111111100000000000000111111100000000000000000000111111110000000000000000000000000000000000000000,1,0
577,2,TypeB,40400,000000000000000000000000000000000000011111111000000000011111110000000001111111100000000000000111111100000000000000000000111111110000000000000000000000000000000000000000,1,0
578,3,TypeC,30900,000000001111110000000000000001111110000000000000000000000000000000000000000000000001111000000000011111000000000000000000000000000000000000000000000000000000000111111000,0,0
579,4,TypeC,30900,000000001111110000000000000001111110000000000000000000000000000000000000000000000001111000000000011111000000000000000000000000000000000000000000000000000000000111111000,0,0
580,0,TypeA,55600,000000111111111100000000000000011111111110000000000000011111111100000000000000000000000000000000011111111110000000000000000000000000000000000000001111111111000000000000,0,0
581,1,TypeB,43800,000000111111110000000000000000000000000000000000000000000000000000000001111111100000000000000000000000011111110000000000111111110000000000000000000000001111111100000000,1,0
582,2,TypeB,43800,000000111111110000000000000000000000000000000000000000000000000000000001111111100000000000000000000000011111110000000000111111110000000000000000000000001111111100000000,1,0
583,3,TypeC,33600,000000000000000000000000000001111110000000000000000000000000000111111000000000000000011111100000000000000000011111100000000000000000000000000000111111000000000000000000,0,0
584,4,TypeC,33600,000000000000000000000000000001111110000000000000000000000000000111111000000000000000011111100000000000000000011111100000000000000000000000000000111111000000000000000000,0,0
585,0,TypeA,54700,000000111111111100000000000000011111111110000000000000011111111100000000000000000000000000000000000000011111111110000000000000000000000000001111111111000000000000000000,0,0
586,1,TypeB,42400,000000001111111100000000000000000000011111111000000000000000000000000001111111100000000000000000000000000111111110000000000000000000000000000000000000001111111100000000,1,0
587,2,TypeB,42400,000000001111111100000000000000000000011111111000000000000000000000000001111111100000000000000000000000000111111110000000000000000000000000000000000000001111111100000000,1,0
588,3,TypeC,31900,000000000001111100000000000001111110000000000000000000000000000000000000000000000000000000000000000000000001111110000000000111110000000000000000111111000000000000000000,1,0
589,4,TypeC,31900,000000000001111100000000000001111110000000000000000000000000000000000000000000000000000000000000000000000001111110000000000111110000000000000000111111000000000000000000,1,0
590,0,TypeA,55300,000000001111111111000000000000011111111110000000000000011111111110000000000000000000000000000111111111000000000000000000000000000000000000000000001111111111000000000000,0,0
591,1,TypeB,41400,000000001111111100000000000000000000011111111000000000000000000000000001111111100000000000000000000000000011111110000000000000011111111000000000000000000000000000000000,0,0
592,2,TypeB,41400,000000001111111100000000000000000000011111111000000000000000000000000001111111100000000000000000000000000011111110000000000000011111111000000000000000000000000000000000,0,0
593,3,TypeC,34800,000000001111110000000000000000000011111100000000000011111100000000000000000000000000000000000000000000000000011111100000000000000000000000000000111111000000000000000000,0,0
594,4,TypeC,34800,000000001111110000000000000000000011111100000000000011111100000000000000000000000000000000000000000000000000011111100000000000000000000000000000111111000000000000000000,0,0
595,0,TypeA,54200,111111111000000000000000000000011111111110000000000000011111111100000000000001111111110000000000000000000000000000000000000000000000000000000000001111111111000000000000,1,0
596,1,TypeB,41400,000000001111111100000000000000000000011111111000000000000000000000000001111111100000000000000000011111110000000000000000111111110000000000000000000000000000000000000000,0,0
597,2,TypeB,41400,000000001111111100000000000000000000011111111000000000000000000000000001111111100000000000000000011111110000000000000000111111110000000000000000000000000000000000000000,0,0
598,3,TypeC,29500,111111000000000001111100000000000000000000000000000001111100000000000000000000000000000000000000000000000000011111100000000000000000000000000000111111000000000000000000,0,0
599,4,TypeC,29500,111111000000000001111100000000000000000000000000000001111100000000000000000000000000000000000000000000000000011111100000000000000000000000000000111111000000000000000000,0,0
600,0,TypeA,54900,000011111111110000000000000001111111110000000000000000011111111100000000000000000000000000000000000000000000000000000000000011111111110000000000001111111111000000000000,1,0
601,1,TypeB,43800,000000000001111111000000000000000111111110000000000000000000000000000000000000111111110000000000000000000000000000000000111111110000000000000011111111000000000000000000,0,0
602,2,TypeB,43800,000000000001111111000000000000000111111110000000000000000000000000000000000000111111110000000000000000000000000000000000111111110000000000000011111111000000000000000000,0,0
603,3,TypeC,32500,000000000001111100000000000001111110000000000000000000000000000000000000000000000000011111000000000000000000011111100000000000000000000000000000000111111000000000000000,0,0
604,4,TypeC,32500,000000000001111100000000000001111110000000000000000000000000000000000000000000000000011111000000000000000000011111100000000000000000000000000000000111111000000000000000,0,0
605,0,TypeA,56000,000011111111110000000000000001111111110000000000000000011111111100000000000000000000000000000111111111000000000000000000000000000000000000000111111111100000000000000000,0,0
606,1,TypeB,42800,000000000001111111000000000000011111110000000000000000000000000000000000000000111111110000000000000000000000000000000000111111110000000000000011111111000000000000000000,0,0
607,2,TypeB,42800,000000000001111111000000000000011111110000000000000000000000000000000000000000111111110000000000000000000000000000000000111111110000000000000011111111000000000000000000,0,0
608,3,TypeC,33200,000000000001111100000000000000000000000000000000000011111100000000000000000000000000011111100000000000000000011111100000000000000000000000000000000111111000000000000000,0,0
609,4,TypeC,33200,000000000001111100000000000000000000000000000000000011111100000000000000000000000000011111100000000000000000011111100000000000000000000000000000000111111000000000000000,0,0
610,0,TypeA,56000,000011111111110000000000000001111111110000000000000000011111111100000000000000000000000000000111111111000000000000000000000000000000000000001111111111000000000000000000,0,0
611,1,TypeB,41400,000000000001111111000000000000000111111110000000000000000000000000000000000000111111110000000000000000000111111110000000000000011111111000000000000000000000000000000000,0,0
612,2,TypeB,41400,000000000001111111000000000000000111111110000000000000000000000000000000000000111111110000000000000000000111111110000000000000011111111000000000000000000000000000000000,0,0
613,3,TypeC,32700,000000000001111100000000000000000000011111000000000000000000000000000000000000000000000000000000000000000000011111100000000000000000011111000000000000000000000111111000,1,0
614,4,TypeC,32700,000000000001111100000000000000000000011111000000000000000000000000000000000000000000000000000000000000000000011111100000000000000000011111000000000000000000000111111000,1,0
615,0,TypeA,51200,000000111111111100000000000001111111110000000000000000011111111100000000000000000000000000000000000000011111111110000000000000000000011111111100000000000000000000000000,1,0
616,1,TypeB,41400,000011111111000000000000000000011111110000000000000000000000000000000001111111100000000000000000000000000011111111000000000000011111111000000000000000000000000000000000,0,0
617,2,TypeB,41400,000011111111000000000000000000011111110000000000000000000000000000000001111111100000000000000000000000000011111111000000000000011111111000000000000000000000000000000000,0,0
618,3,TypeC,33500,000000111111000000000000000001111110000000000000000000000000000000000000000000000000000000000000000000000000011111100000000000000000011111000000000000000000000111111000,0,0
619,4,TypeC,33500,000000111111000000000000000001111110000000000000000000000000000000000000000000000000000000000000000000000000011111100000000000000000011111000000000000000000000111111000,0,0
620,0,TypeA,53000,000000111111111100000000000001111111110000000000000000011111111100000000000000000000000000000000000001111111110000000000000000000000000000000000001111111111000000000000,1,0
621,1,TypeB,39100,000000001111111100000000000000011111110000000000000000011111110000000001111111100000000000000000000000000000000000000000000000011111110000000000000000000000000000000000,0,0
622,2,TypeB,39100,000000001111111100000000000000011111110000000000000000011111110000000001111111100000000000000000000000000000000000000000000000011111110000000000000000000000000000000000,0,0
623,3,TypeC,32800,000000000001111100000000000000000000000000000000000011111100000000000000000000000000000000000000000000000000011111100000000000000000011111000000000000000000000111111000,1,0
624,4,TypeC,32800,000000000001111100000000000000000000000000000000000011111100000000000000000000000000000000000000000000000000011111100000000000000000011111000000000000000000000111111000,1,0
625,0,TypeA,55900,000000111111111100000000000001111111110000000000011111111100000000000000000000000000000000000000000000000000000000000000111111111000000000000000111111111000000000000000,0,0
626,1,TypeB,43800,000000000000000000000000000000011111110000000000000000000000000000000000000000111111110000000000000000000111111110000000000000011111111000000000000000000001111111100000,0,0
627,2,TypeB,43800,000000000000000000000000000000011111110000000000000000000000000000000000000000111111110000000000000000000111111110000000000000011111111000000000000000000001111111100000,0,0
628,3,TypeC,32600,000000001111110000000000000001111110000000000000000000000000000000000000000000000000000000000000000000000111110000000000000111111000000000000000111111000000000000000000,0,0
629,4,TypeC,32600,000000001111110000000000000001111110000000000000000000000000000000000000000000000000000000000000000000000111110000000000000111111000000000000000111111000000000000000000,0,0
630,0,TypeA,52100,000000111111111100000000000001111111110000000000000000011111111100000000000001111111110000000000000000000000000000000000000000000000011111111110000000000000000000000000,1,0
631,1,TypeB,41400,000000001111111100000000000000011111110000000000000000000000000000000000000000111111110000000000000000000111111110000000000000011111111000000000000000000000000000000000,1,0
632,2,TypeB,41400,000000001111111100000000000000011111110000000000000000000000000000000000000000111111110000000000000000000111111110000000000000011111111000000000000000000000000000000000,1,0
633,3,TypeC,34200,000000001111110000000000000001111110000000000000000000000000000000000000000000111111000000000000000000000000011111100000000000000000000000000000111111000000000000000000,0,0
634,4,TypeC,34200,000000001111110000000000000001111110000000000000000000000000000000000000000000111111000000000000000000000000011111100000000000000000000000000000111111000000000000000000,0,0
635,0,TypeA,53900,000001111111111000000000000001111111110000000000011111111100000000000000000001111111110000000000000000000000000000000000000000111111111100000000000000000000000000000000,0,0
636,1,TypeB,43800,000000000000000000000000000000000000011111111000000000000000000000000001111111100000000000000111111100000000000000000000111111110000000000000000000000001111111100000000,1,0
637,2,TypeB,43800,000000000000000000000000000000000000011111111000000000000000000000000001111111100000000000000111111100000000000000000000111111110000000000000000000000001111111100000000,1,0
638,3,TypeC,27700,000000000000000000000000000000000001111110000000000000000000000000001111100000000001110000000000011111000000000000000000000000000000000000000000111111000000000000000000,0,0
639,4,TypeC,27700,000000000000000000000000000000000001111110000000000000000000000000001111100000000001110000000000011111000000000000000000000000000000000000000000111111000000000000000000,0,0
640,0,TypeA,54300,000011111111110000000000000001111111110000000000000000011111111100000000000000000000000000000000011111111110000000000000000000011111111110000000000000000000000000000000,0,0
641,1,TypeB,39400,000000111111110000000000000000011111110000000000000000000000000000000000000000000001111111000000000000000011111110000000000000011111111000000000000000000000000000000000,0,0
642,2,TypeB,39400,000000111111110000000000000000011111110000000000000000000000000000000000000000000001111111000000000000000011111110000000000000011111111000000000000000000000000000000000,0,0
643,3,TypeC,29800,000000000000000001111100000000000001111110000000000000000000000000111111000000000000000000000000011111000000000000000000000000000000000000000000111111000000000000000000,1,0
644,4,TypeC,29800,000000000000000001111100000000000001111110000000000000000000000000111111000000000000000000000000011111000000000000000000000000000000000000000000111111000000000000000000,1,0
645,0,TypeA,55400,000011111111110000000000000001111111110000000000000000011111111100000000000000000000000000000000011111111110000000000000000000000000000000000000111111111000000000000000,0,0
646,1,TypeB,39400,000000111111110000000000000000011111110000000000000000000000000000000000000000000001111111000000000000011111110000000000000000011111111000000000000000000000000000000000,0,0
647,2,TypeB,39400,000000111111110000000000000000011111110000000000000000000000000000000000000000000001111111000000000000011111110000000000000000011111111000000000000000000000000000000000,0,0
648,3,TypeC,27700,000000000000000001111100000000000001111110000000000000000000000000000000000000000001110000000000011111000000000000000000000000000000000000000000111111000000000000000000,1,0
649,4,TypeC,27700,000000000000000001111100000000000001111110000000000000000000000000000000000000000001110000000000011111000000000000000000000000000000000000000000111111000000000000000000,1,0
650,0,TypeA,53000,111111111000000000000000000001111111110000000000000000011111111100000000000000000000000000000000000000011111111110000000000000000000000000000000000000111111111100000000,0,0
651,1,TypeB,41400,000000001111111100000000000000000111111110000000000000000111111100000000000000000001111111100000000000000000000000000000000000011111111000000000000000000000000000000000,0,0
652,2,TypeB,41400,000000001111111100000000000000000111111110000000000000000111111100000000000000000001111111100000000000000000000000000000000000011111111000000000000000000000000000000000,0,0
653,3,TypeC,28600,111111000000000000000000000001111110000000000000000000000000000000000000000000000000000000000000000111110000000000000000111110000000000000000011111100000000000000000000,0,0
654,4,TypeC,28600,111111000000000000000000000001111110000000000000000000000000000000000000000000000000000000000000000111110000000000000000111110000000000000000011111100000000000000000000,0,0
655,0,TypeA,56100,111111111000000000000000000001111111110000000000000000011111111110000000000000000000000000000000000000011111111110000000000000000000000000000111111111100000000000000000,0,0
656,1,TypeB,39400,000000001111111100000000000000000000011111110000000000000000000000000000111111100000000000000111111100000000000000000000000000011111111000000000000000000000000000000000,0,0
657,2,TypeB,39400,000000001111111100000000000000000000011111110000000000000000000000000000111111100000000000000111111100000000000000000000000000011111111000000000000000000000000000000000,0,0
658,3,TypeC,28900,111111000000000000000000000001111110000000000000000011111100000000000000000000000000000000000000011111000000000000000000111110000000000000000000000000000000000000000000,1,0
659,4,TypeC,28900,111111000000000000000000000001111110000000000000000011111100000000000000000000000000000000000000011111000000000000000000111110000000000000000000000000000000000000000000,1,0
660,0,TypeA,53400,111111111000000000000000000001111111110000000000000000011111111110000000000000000000000000000000000000011111111110000000000000000000000000000000000000001111111111000000,0,0
661,1,TypeB,44800,000000001111111100000000000000000000000000000000000000000111111110000000000000000001111111100000000000000000000000000000000000011111111000000000000000000001111111100000,0,0
662,2,TypeB,44800,000000001111111100000000000000000000000000000000000000000111111110000000000000000001111111100000000000000000000000000000000000011111111000000000000000000001111111100000,0,0
663,3,TypeC,29900,111111000000000000000000000001111110000000000000000011111100000000000000000000000000000000000000011111000000000000000000000000000000000000000011111100000000000000000000,0,0
664,4,TypeC,29900,111111000000000000000000000001111110000000000000000011111100000000000000000000000000000000000000011111000000000000000000000000000000000000000011111100000000000000000000,0,0
665,0,TypeA,52700,111111111000000000000000000001111111110000000000000000011111111100000000000000000000000000000000000000011111111110000000000000000000000000000000000000000001111111111000,1,0
666,1,TypeB,40400,000000001111111100000000000000000000011111110000000000000111111100000000000000000001111111100000000000000000000000000000000000111111110000000000000000000000000000000000,0,0
667,2,TypeB,40400,000000001111111100000000000000000000011111110000000000000111111100000000000000000001111111100000000000000000000000000000000000111111110000000000000000000000000000000000,0,0
668,3,TypeC,30100,111111000000000000000000000001111110000000000000000011111100000000000000000000000000000000000000000111110000000000000000000000000000011111000000000000000000000000000000,1,0
669,4,TypeC,30100,111111000000000000000000000001111110000000000000000011111100000000000000000000000000000000000000000111110000000000000000000000000000011111000000000000000000000000000000,1,0
670,0,TypeA,53300,111111111000000000000000000001111111110000000000000000011111111100000000000000000000000000000000000000011111111110000000000000000000011111111110000000000000000000000000,1,0
671,1,TypeB,40400,000000001111111100000000000000000000011111110000000000000111111100000000000000000001111111100000000000000000000000000000000000011111111000000000000000000000000000000000,0,0
672,2,TypeB,40400,000000001111111100000000000000000000011111110000000000000111111100000000000000000001111111100000000000000000000000000000000000011111111000000000000000000000000000000000,0,0
673,3,TypeC,29100,111111000000000000000000000001111110000000000000000011111100000000000000000000000000000000000000011111000000000000000000000000000000011110000000000000000000000000000000,0,0
674,4,TypeC,29100,111111000000000000000000000001111110000000000000000011111100000000000000000000000000000000000000011111000000000000000000000000000000011110000000000000000000000000000000,0,0
675,0,TypeA,53500,111111111000000000000000000000011111111110000000000000011111111100000000000000000000011111111100000000000000000000000000000000000000000000000000111111111000000000000000,0,0
676,1,TypeB,40400,000000001111111100000000000000011111110000000000000000000000000000000000111111100000000000000000000000000011111111000000000000011111111000000000000000000000000000000000,0,0
677,2,TypeB,40400,000000001111111100000000000000011111110000000000000000000000000000000000111111100000000000000000000000000011111111000000000000011111111000000000000000000000000000000000,0,0
678,3,TypeC,31000,000000000000000001111100000000000000000000000000000011111100000000000000000000000000011111100000000000000111110000000000000000000000000000000000111111000000000000000000,0,0
679,4,TypeC,31000,000000000000000001111100000000000000000000000000000011111100000000000000000000000000011111100000000000000111110000000000000000000000000000000000111111000000000000000000,0,0
680,0,TypeA,54600,111111111000000000000000000000011111111110000000000000011111111100000000000000000000000000000000000000011111111110000000000000000000000000000000001111111111000000000000,1,0
681,1,TypeB,41400,000000001111111100000000000000000000011111111000000000000111111100000000000000000001111111100000000000000000000000000000000000011111111000000000000000000000000000000000,0,0
682,2,TypeB,41400,000000001111111100000000000000000000011111111000000000000111111100000000000000000001111111100000000000000000000000000000000000011111111000000000000000000000000000000000,0,0
683,3,TypeC,29700,000000001111110000000000000000000000000000000000000011111100000000000000001111100000000000000000011111000000000000000000000000000000000000000000000000011111000000000000,0,0
684,4,TypeC,29700,000000001111110000000000000000000000000000000000000011111100000000000000001111100000000000000000011111000000000000000000000000000000000000000000000000011111000000000000,0,0
685,0,TypeA,50300,000000011111111100000000000000011111111110000000000000011111111100000000000000000000000000000000000000000000000000000000000000000000011111111100000000000001111111111000,0,0
686,1,TypeB,43800,000000011111111000000000000000000000000000000000000000011111110000000001111111100000000000000000000000000000000000000000000000000000011111111000000000001111111100000000,0,0
687,2,TypeB,43800,000000011111111000000000000000000000000000000000000000011111110000000001111111100000000000000000000000000000000000000000000000000000011111111000000000001111111100000000,0,0
688,3,TypeC,31700,000000000000000000000000000000000001111110000000000011111100000000000000000000000000000000000000011111000000000000000000000000000000000000001111110000000000000111111000,1,0
689,4,TypeC,31700,000000000000000000000000000000000001111110000000000011111100000000000000000000000000000000000000011111000000000000000000000000000000000000001111110000000000000111111000,1,0
690,0,TypeA,55200,000001111111110000000000000001111111110000000000011111111100000000000001111111100000000000000000000000000000000000000000000000000000000000000111111111100000000000000000,0,0
691,1,TypeB,40400,000000111111110000000000000000011111110000000000000000000000000000000001111111100000000000000111111100000000000000000000000000111111110000000000000000000000000000000000,0,0
692,2,TypeB,40400,000000111111110000000000000000011111110000000000000000000000000000000001111111100000000000000111111100000000000000000000000000111111110000000000000000000000000000000000,0,0
693,3,TypeC,25000,000000000000000001111100000000000000011110000000000000011100000000000000000111100000000000000000000000001111110000000000000000000000000000000000000000000000000000000000,0,0
694,4,TypeC,25000,000000000000000001111100000000000000011110000000000000011100000000000000000111100000000000000000000000001111110000000000000000000000000000000000000000000000000000000000,0,0
695,0,TypeA,52300,000000001111111111000000000001111111110000000000011111111100000000000001111111100000000000000000000000000111111111100000000000000000000000000000000000000000000000000000,0,0
696,1,TypeB,40400,000000111111110000000000000000011111110000000000000000000000000000000001111111100000000000000111111100000000000000000000000000011111111000000000000000000000000000000000,1,0
697,2,TypeB,40400,000000111111110000000000000000011111110000000000000000000000000000000001111111100000000000000111111100000000000000000000000000011111111000000000000000000000000000000000,1,0
698,3,TypeC,22800,111110000000000000000000000001110000000000000000000000011100000000000000000111100000000000000000000000001111110000000000000000000000000000000000000000000000000000000000,0,0
699,4,TypeC,22800,111110000000000000000000000001110000000000000000000000011100000000000000000111100000000000000000000000001111110000000000000000000000000000000000000000000000000000000000,0,0
700,0,TypeA,55900,000000001111111111000000000001111111110000000000000000011111111110000000000000000000000000111111111100000000000000000000000000000000000000000000001111111111000000000000,1,0
701,1,TypeB,43800,000000000000000000000000000000011111110000000000000000000000000000000001111111100000000000111111110000000000000000000000111111110000000000001111111100000000000000000000,0,0
702,2,TypeB,43800,000000000000000000000000000000011111110000000000000000000000000000000001111111100000000000111111110000000000000000000000111111110000000000001111111100000000000000000000,0,0
703,3,TypeC,28500,111111000000000000000000000001111110000000000000000000000000000000000000000111100000000000000000011111000000000000000000000000000000000000000000000000111111000000000000,0,0
704,4,TypeC,28500,111111000000000000000000000001111110000000000000000000000000000000000000000111100000000000000000011111000000000000000000000000000000000000000000000000111111000000000000,0,0
705,0,TypeA,52600,000000001111111111000000000001111111110000000000011111111100000000000001111111100000000000000000000000000000000000000000000000000000000000000000000000001111111111000000,0,0
706,1,TypeB,43800,000000001111111100000000000000011111110000000000000000000000000000000001111111100000000000000000000000000000000000000000111111110000000000000000000000001111111100000000,1,0
707,2,TypeB,43800,000000001111111100000000000000011111110000000000000000000000000000000001111111100000000000000000000000000000000000000000111111110000000000000000000000001111111100000000,1,0
708,3,TypeC,29500,111111000000000000000000000001111110000000000000000000000000000000000000001111100000000000000000011111000000000000000000000000000000000000000000000000111111000000000000,1,0
709,4,TypeC,29500,111111000000000000000000000001111110000000000000000000000000000000000000001111100000000000000000011111000000000000000000000000000000000000000000000000111111000000000000,1,0
710,0,TypeA,50900,000001111111111000000000000000011111111110000000000000011111111100000000000000111111110000000000000000000000000000000000000000000000000000000000000000000001111111111000,0,0
711,1,TypeB,41400,000000000000000000000000000000000111111110000000000000000000011111111000000000111111110000000000000000011111110000000000000000000000011111111000000000000000000000000000,0,0
712,2,TypeB,41400,000000000000000000000000000000000111111110000000000000000000011111111000000000111111110000000000000000011111110000000000000000000000011111111000000000000000000000000000,0,0
713,3,TypeC,29600,111111000000000000000000000001111100000000000000000000000000000000000000000000000000011111000000000000000011110000000000000000000000000000000000000000111111000000000000,0,0
714,4,TypeC,29600,111111000000000000000000000001111100000000000000000000000000000000000000000000000000011111000000000000000011110000000000000000000000000000000000000000111111000000000000,0,0
715,0,TypeA,51900,000000111111111100000000000000011111111110000000000000011111111110000000000000111111110000000000000000000000000000000000000000111111111100000000000000000000000000000000,0,0
716,1,TypeB,40400,000000001111111100000000000000000000000000000000000000000000011111110000000000111111110000000000000000011111110000000000111111110000000000000000000000000000000000000000,0,0
717,2,TypeB,40400,000000001111111100000000000000000000000000000000000000000000011111110000000000111111110000000000000000011111110000000000111111110000000000000000000000000000000000000000,0,0
718,3,TypeC,31700,111111000000000000000000000000000011111100000000000000000000000000011111100000000000000000000000011111000000000000000000000000000000000000000000000000111111000000000000,0,0
719,4,TypeC,31700,111111000000000000000000000000000011111100000000000000000000000000011111100000000000000000000000011111000000000000000000000000000000000000000000000000111111000000000000,0,0
720,0,TypeA,53600,000000111111111100000000000001111111111000000000000000011111111100000000000000111111110000000000000000000000000000000000000000000000000000000111111111100000000000000000,0,0
721,1,TypeB,39000,000000001111111100000000000000000111111110000000000000000000011111111000000000111111110000000000000000011111110000000000000000000000000000000000000000000000000000000000,0,0
722,2,TypeB,39000,000000001111111100000000000000000111111110000000000000000000011111111000000000111111110000000000000000011111110000000000000000000000000000000000000000000000000000000000,0,0
723,3,TypeC,29200,111111000000000000000000000001111100000000000000000000000000000000011111100000000000000000000000011111000000000000000000000000000000000000000000000000111111000000000000,0,0
724,4,TypeC,29200,111111000000000000000000000001111100000000000000000000000000000000011111100000000000000000000000011111000000000000000000000000000000000000000000000000111111000000000000,0,0
725,0,TypeA,52200,000001111111111000000000000000011111111110000000000000011111111110000000000000111111110000000000000000000000000000000000000000000000000000000000000000111111111100000000,0,0
726,1,TypeB,41400,000000001111111100000000000000000000000000000000000000000000011111111000000000111111110000000000000000011111110000000000111111110000000000000000000000000000000000000000,1,0
727,2,TypeB,41400,000000001111111100000000000000000000000000000000000000000000011111111000000000111111110000000000000000011111110000000000111111110000000000000000000000000000000000000000,1,0
728,3,TypeC,27800,111111000000000000000000000001110000000000000000000000000000000000000000000000111111000000000000011111000000000000000000000000000000000000000000000000111111000000000000,1,0
729,4,TypeC,27800,111111000000000000000000000001110000000000000000000000000000000000000000000000111111000000000000011111000000000000000000000000000000000000000000000000111111000000000000,1,0
730,0,TypeA,54600,000000111111111100000000000001111111110000000000011111111100000000000000000000000000000000000000000000011111111110000000000011111111110000000000000000000000000000000000,1,0
731,1,TypeB,40400,000000000000000000000000000000000000011111110000000000000000011111111000000000000001111111000000000000000011111111000000000000000000011111111000000000000000000000000000,0,0
732,2,TypeB,40400,000000000000000000000000000000000000011111110000000000000000011111111000000000000001111111000000000000000011111111000000000000000000011111111000000000000000000000000000,0,0
733,3,TypeC,27700,000000000001111100000000000000000000000000000000000000011100000000000000000000111111000000000000011111000000000000000000000111111000000000000000000000000000000000000000,1,0
734,4,TypeC,27700,000000000001111100000000000000000000000000000000000000011100000000000000000000111111000000000000011111000000000000000000000111111000000000000000000000000000000000000000,1,0
735,0,TypeA,50800,000000111111111100000000000000011111111110000000000000011111111100000000000000000001111111100000000000000000000000000000000000000000000000000000111111111000000000000000,1,0
736,1,TypeB,41500,000000000000000000000000000000011111110000000000000000000000011111111000000000000001111111000000000000000000000000000000111111110000000000001111111000000000000000000000,0,0
737,2,TypeB,41500,000000000000000000000000000000011111110000000000000000000000011111111000000000000001111111000000000000000000000000000000111111110000000000001111111000000000000000000000,0,0
738,3,TypeC,29700,000000000001111100000000000001111100000000001111110000000000000000000000000000111111000000000000011111000000000000000000000000000000000000000000000000000000000000000000,0,0
739,4,TypeC,29700,000000000001111100000000000001111100000000001111110000000000000000000000000000111111000000000000011111000000000000000000000000000000000000000000000000000000000000000000,0,0
740,0,TypeA,49400,000000000000011111111100000000000011111111110000000000011111111110000000000000000001111111100000000000011111111110000000000000000000000000000000000000000000000000000000,0,0
741,1,TypeB,43800,000000000000000000000000000000000000011111110000000000000000000000000001111111100000000000000000000000000111111110000000000000011111111000000000000000000001111111100000,0,0
742,2,TypeB,43800,000000000000000000000000000000000000011111110000000000000000000000000001111111100000000000000000000000000111111110000000000000011111111000000000000000000001111111100000,0,0
743,3,TypeC,28300,000000000001111100000000000001111110000000000000000000011100000000000000000000111111000000000000011111000000000000000000000000000000000000000000000000000000000000000000,1,0
744,4,TypeC,28300,000000000001111100000000000001111110000000000000000000011100000000000000000000111111000000000000011111000000000000000000000000000000000000000000000000000000000000000000,1,0
745,0,TypeA,53200,000000111111111100000000000001111111110000000000011111111100000000000000000000111111111000000000000000000000000000000000000000000000000000000000000111111111000000000000,0,0
746,1,TypeB,40100,000000000000000000000000000000011111110000000000000000000000111111110000000000111111110000000000000000000111111110000000000000011111110000000000000000000000000000000000,0,0
747,2,TypeB,40100,000000000000000000000000000000011111110000000000000000000000111111110000000000111111110000000000000000000111111110000000000000011111110000000000000000000000000000000000,0,0
748,3,TypeC,32200,111111000000000000000000000001111110000000000000000000000000000000000000000000000000000000000000000000000111110000000000000000000000011111000000000000111111000000000000,1,0
749,4,TypeC,32200,111111000000000000000000000001111110000000000000000000000000000000000000000000000000000000000000000000000111110000000000000000000000011111000000000000111111000000000000,1,0
750,0,TypeA,56800,000000000000011111111100000000000000000000000000011111111110000000000000000000000000000000111111111100000000000000000000000000000000011111111110000000000001111111111000,0,0
751,1,TypeB,42500,111111110000000000000000000000000000000000000000000000000111111100000000000000000001111111100000000000000000000000000000000000011111110000000000000000001111111100000000,0,0
752,2,TypeB,42500,111111110000000000000000000000000000000000000000000000000111111100000000000000000001111111100000000000000000000000000000000000011111110000000000000000001111111100000000,0,0
753,3,TypeC,28400,000000000001111100000000000001111110000000000000000011111100000000000001111000000000000000000000011111000000000000000000000000000000000000000000000000000000000000000000,0,0
754,4,TypeC,28400,000000000001111100000000000001111110000000000000000011111100000000000001111000000000000000000000011111000000000000000000000000000000000000000000000000000000000000000000,0,0
755,0,TypeA,55200,000000111111111100000000000001111111110000000000011111111100000000000000000000000000000000000000000000011111111110000000000000000000000000000000001111111111000000000000,1,0
756,1,TypeB,40400,111111110000000000000000000000000000000000000000000000000111111100000000000000111111110000000000000000000011111110000000000000011111111000000000000000000000000000000000,0,0
757,2,TypeB,40400,111111110000000000000000000000000000000000000000000000000111111100000000000000111111110000000000000000000011111110000000000000011111111000000000000000000000000000000000,0,0
758,3,TypeC,31300,000000000001111100000000000001111110000000000000000011111100000000000000000000111111000000000000011111000000000000000000000000000000000000000000000000000000000000000000,1,0
759,4,TypeC,31300,000000000001111100000000000001111110000000000000000011111100000000000000000000111111000000000000011111000000000000000000000000000000000000000000000000000000000000000000,1,0
760,0,TypeA,50900,000000000000000000000000000001111111111000000000000000011111111100000000000000111111111000000000000000000000000000000000000000011111111100000000000000000001111111111000,0,0
761,1,TypeB,42400,000000000000000000000000000000011111111000000000000000000000011111111000000000111111110000000000000111111110000000000000111111110000000000000000000000000000000000000000,0,0
762,2,TypeB,42400,000000000000000000000000000000011111111000000000000000000000011111111000000000111111110000000000000111111110000000000000111111110000000000000000000000000000000000000000,0,0
763,3,TypeC,24300,000000000000000000000000000000000000000000000000000000011100000000000000111000000000000000000000000000001111110000000000000000000000011100000000000000000000000111111000,0,0
764,4,TypeC,24300,000000000000000000000000000000000000000000000000000000011100000000000000111000000000000000000000000000001111110000000000000000000000011100000000000000000000000111111000,0,0
765,0,TypeA,50200,000000000000000000000000000001111111110000000000000000011111111100000000000000111111111000000000000000011111111110000000000000111111111000000000000000000000000000000000,0,0
766,1,TypeB,41400,000000000000000000000000000000011111110000000000000000000000011111111000000000111111110000000000000000000111111110000000000000000000000000000000000000001111111100000000,1,0
767,2,TypeB,41400,000000000000000000000000000000011111110000000000000000000000011111111000000000111111110000000000000000000111111110000000000000000000000000000000000000001111111100000000,1,0
768,3,TypeC,24400,000000000000000000000000000001110000000000000000000000011100000000000000000111100000000000000000000000001111110000000000000000000000000000000000000000000000000111111000,0,0
769,4,TypeC,24400,000000000000000000000000000001110000000000000000000000011100000000000000000111100000000000000000000000001111110000000000000000000000000000000000000000000000000111111000,0,0
770,0,TypeA,53300,000001111111111000000000000001111111110000000000011111111100000000000000000000111111111000000000000000000000000000000000000000011111111110000000000000000000000000000000,0,0
771,1,TypeB,39100,000000000000000000000000000000000000011111110000000000000000011111111000000000111111110000000000000000000011111110000000000000011111110000000000000000000000000000000000,0,0
772,2,TypeB,39100,000000000000000000000000000000000000011111110000000000000000011111111000000000111111110000000000000000000011111110000000000000011111110000000000000000000000000000000000,0,0
773,3,TypeC,30900,000000000000000000000000000001111110000000000000000000000000000000011111000000000001111000000000000000001111110000000000000000000000000000000000000000000000000111111000,0,0
774,4,TypeC,30900,000000000000000000000000000001111110000000000000000000000000000000011111000000000001111000000000000000001111110000000000000000000000000000000000000000000000000111111000,0,0
775,0,TypeA,49900,000001111111111000000000000000011111111100000000000000011111111100000000000000111111111000000000000000000000000000000000000000000000000000000000000000011111111100000000,0,0
776,1,TypeB,41400,000000000000000000000000000000011111110000000000000000000000011111111000000000111111110000000000000000000111111110000000000000111111110000000000000000000000000000000000,0,0
777,2,TypeB,41400,000000000000000000000000000000011111110000000000000000000000011111111000000000111111110000000000000000000111111110000000000000111111110000000000000000000000000000000000,0,0
778,3,TypeC,26300,000000000000000000000000000001110000000000000000000000011100000000000000000000111111000000000000000000000111110000000000000000000000000000000000000000000000000111111000,1,0
779,4,TypeC,26300,000000000000000000000000000001110000000000000000000000011100000000000000000000111111000000000000000000000111110000000000000000000000000000000000000000000000000111111000,1,0
780,0,TypeA,51500,000000000000000000000000000001111111110000000000000000011111111100000000000000111111111000000000000000011111111110000000000000000000011111111110000000000000000000000000,0,0
781,1,TypeB,41400,000000000000000000000000000000000000011111110000000000000000011111111000000000111111110000000000000000000011111111000000000000011111111000000000000000000000000000000000,0,0
782,2,TypeB,41400,000000000000000000000000000000000000011111110000000000000000011111111000000000111111110000000000000000000011111111000000000000011111111000000000000000000000000000000000,0,0
783,3,TypeC,29500,000000000000000000000000000000000000011110000000000000011100000000000000000000111111000000000000000000001111110000000000000000000000000000000000000000000000000111111000,1,0
784,4,TypeC,29500,000000000000000000000000000000000000011110000000000000011100000000000000000000111111000000000000000000001111110000000000000000000000000000000000000000000000000111111000,1,0
785,0,TypeA,50300,000000000000000000000000000001111111111000000000000000011111111110000000000000000001111111100000000000000000000000000000000000000000011111111100000000000001111111111000,0,0
786,1,TypeB,42400,000000001111111100000000000000011111111000000000000000000000000000000001111111100000000000000000000000000111111110000000000000011111111000000000000000000000000000000000,1,0
787,2,TypeB,42400,000000001111111100000000000000011111111000000000000000000000000000000001111111100000000000000000000000000111111110000000000000011111111000000000000000000000000000000000,1,0
788,3,TypeC,28600,000000000000000000000000000000000000000000000000000000000000000000111111000000000000000011111100000000001111110000000000000000000000011100000000000000001111000000000000,0,0
789,4,TypeC,28600,000000000000000000000000000000000000000000000000000000000000000000111111000000000000000011111100000000001111110000000000000000000000011100000000000000001111000000000000,0,0
790,0,TypeA,49300,000000000000011111111100000000000000000000000000000000011111111100000000000000111111111000000000000000000000000000000000000000011111111100000000000000001111111111000000,0,0
791,1,TypeB,41500,000000000000000000000000000000000000011111110000000000000000000000000001111111100000000000000000000000011111110000000000111111110000000000001111111000000000000000000000,0,0
792,2,TypeB,41500,000000000000000000000000000000000000011111110000000000000000000000000001111111100000000000000000000000011111110000000000111111110000000000001111111000000000000000000000,0,0
793,3,TypeC,29500,000000000000000000000000000000000000011111000000000000011100000000000000000000111111000000000000000000000111110000000000000000000000000000000000000000000000000111111000,1,0
794,4,TypeC,29500,000000000000000000000000000000000000011111000000000000011100000000000000000000111111000000000000000000000111110000000000000000000000000000000000000000000000000111111000,1,0
795,0,TypeA,51500,000000001111111111000000000000011111111100000000000000011111111100000000000000111111111000000000000000000000000000000000000000000000000000000000001111111111000000000000,0,0
796,1,TypeB,40400,000000000000000000000000000000000111111100000000000000000000011111111000000000111111110000000000000111111100000000000000111111110000000000000000000000000000000000000000,0,0
797,2,TypeB,40400,000000000000000000000000000000000111111100000000000000000000011111111000000000111111110000000000000111111100000000000000111111110000000000000000000000000000000000000000,0,0
798,3,TypeC,29500,000000000000000000000000000000000000000000000000000000000000000111110000000000111111000000000000000000000111110000000000000000000000011100000000000000000000000111111000,0,0
799,4,TypeC,29500,000000000000000000000000000000000000000000000000000000000000000111110000000000111111000000000000000000000111110000000000000000000000011100000000000000000000000111111000,0,0
800,0,TypeA,52500,000000001111111111000000000000011111111110000000000000011111111100000000000000111111111000000000000000000000000000000000000000000000000000000000001111111111000000000000,1,0
801,1,TypeB,40400,000000000000000000000000000000011111110000000000000000000000011111111000000000111111110000000000000111111100000000000000111111110000000000000000000000000000000000000000,0,0
802,2,TypeB,40400,000000000000000000000000000000011111110000000000000000000000011111111000000000111111110000000000000111111100000000000000111111110000000000000000000000000000000000000000,0,0
803,3,TypeC,29600,000000000000000000000000000001111100000000000000000000011100000000000000000000111111000000000000000000001111110000000000000000000000000000000000000000000000000111111000,0,0
804,4,TypeC,29600,000000000000000000000000000001111100000000000000000000011100000000000000000000111111000000000000000000001111110000000000000000000000000000000000000000000000000111111000,0,0
805,0,TypeA,53800,000000000000000000000000000001111111110000000000011111111100000000000001111111100000000000000000000000000000000000000000000000000000011111111110000000000001111111111000,0,0
806,1,TypeB,43800,000000000000000000000000000000011111110000000000000000000000000000000001111111100000000000000000000000000011111111000000000000011111111000000000000000000001111111100000,0,0
807,2,TypeB,43800,000000000000000000000000000000011111110000000000000000000000000000000001111111100000000000000000000000000011111111000000000000011111111000000000000000000001111111100000,0,0
808,3,TypeC,29400,111110000000000000000000000000000000000000000000000000000000000000000001111100000000000011111100000000000111110000000000000000000000000000000000000000000000000111111000,0,0
809,4,TypeC,29400,111110000000000000000000000000000000000000000000000000000000000000000001111100000000000011111100000000000111110000000000000000000000000000000000000000000000000111111000,0,0
810,0,TypeA,56200,000001111111111000000000000001111111110000000000011111111100000000000001111111100000000000000000000000000000000000000000000000000000000000000111111111100000000000000000,0,0
811,1,TypeB,42500,000000000000000000000000000000000000011111110000000000000000000000000001111111100000000000000000000000000111111110000000000000011111111000000000000001111111000000000000,1,0
812,2,TypeB,42500,000000000000000000000000000000000000011111110000000000000000000000000001111111100000000000000000000000000111111110000000000000011111111000000000000001111111000000000000,1,0
813,3,TypeC,27700,000000000000000000000000000000000000000000000000000000011100000000000001111100000000000011111100000000000111110000000000000000000000000000000000000000000000000111111000,0,0
814,4,TypeC,27700,000000000000000000000000000000000000000000000000000000011100000000000001111100000000000011111100000000000111110000000000000000000000000000000000000000000000000111111000,0,0
815,0,TypeA,52100,000000000000000000000000000000011111111110000000000000011111111100000000000000000000011111111100000000000000000000000000111111111000000000000000000000001111111111000000,0,0
816,1,TypeB,40100,000011111111000000000000000000000000011111110000000000000000000000000001111111100000000000000000000000000111111110000000000000011111110000000000000000000000000000000000,0,0
817,2,TypeB,40100,000011111111000000000000000000000000011111110000000000000000000000000001111111100000000000000000000000000111111110000000000000011111110000000000000000000000000000000000,0,0
818,3,TypeC,31100,111110000000000000000000000000000000000000000000000011111100000000000000000000000000000011111100000000001111110000000000000000000000000000000000111111000000000000000000,1,0
819,4,TypeC,31100,111110000000000000000000000000000000000000000000000011111100000000000000000000000000000011111100000000001111110000000000000000000000000000000000111111000000000000000000,1,0
820,0,TypeA,52800,000001111111111000000000000000011111111110000000000000011111111100000000000001111111111000000000000001111111110000000000000000000000000000000000000000000000000000000000,0,0
821,1,TypeB,42500,000000000000000000000000000000000000011111111000000000000000000000000000111111100000000000000000000111111110000000000000111111110000000000001111111000000000000000000000,0,0
822,2,TypeB,42500,000000000000000000000000000000000000011111111000000000000000000000000000111111100000000000000000000111111110000000000000111111110000000000001111111000000000000000000000,0,0
823,3,TypeC,31200,000000000000000000000000000000000000000000000000000011111100000000000000000000000000000011111100000000001111110000000000000000000000011111000000000000001111000000000000,1,0
824,4,TypeC,31200,000000000000000000000000000000000000000000000000000011111100000000000000000000000000000011111100000000001111110000000000000000000000011111000000000000001111000000000000,1,0
825,0,TypeA,52200,000000011111111100000000000000011111111110000000000000011111111110000000000001111111111000000000000001111111110000000000000000000000000000000000000000000000000000000000,0,0
826,1,TypeB,40400,000000011111110000000000000000000000011111110000000000000000000000000001111111100000000000000000000000000111111110000000000000011111111000000000000000000000000000000000,0,0
827,2,TypeB,40400,000000011111110000000000000000000000011111110000000000000000000000000001111111100000000000000000000000000111111110000000000000011111111000000000000000000000000000000000,0,0
828,3,TypeC,28700,000000000000000000000000000000000000011100000000000011111100000000000000000000000000000011111100000000000000011111000000000000000000000000000000111111000000000000000000,0,0
829,4,TypeC,28700,000000000000000000000000000000000000011100000000000011111100000000000000000000000000000011111100000000000000011111000000000000000000000000000000111111000000000000000000,0,0
830,0,TypeA,53900,000000000000011111111100000000000000000000000000000000011111111100000000000001111111111000000000000001111111110000000000000000000000000000000111111111100000000000000000,0,0
831,1,TypeB,40400,000000000000000000000000000000000000011111110000000000000000011111111000000000000001111111000000000000000111111110000000000000011111111000000000000000000000000000000000,0,0
832,2,TypeB,40400,000000000000000000000000000000000000011111110000000000000000011111111000000000000001111111000000000000000111111110000000000000011111111000000000000000000000000000000000,0,0
833,3,TypeC,32100,111111000000000000000000000000000000000000000000000011111100000000000000000000000000000011111100000000001111110000000000000000000000000000000000111111000000000000000000,1,0
834,4,TypeC,32100,111111000000000000000000000000000000000000000000000011111100000000000000000000000000000011111100000000001111110000000000000000000000000000000000111111000000000000000000,1,0
835,0,TypeA,53200,000000000000000000000000000000011111111110000000000000011111111110000000000000111111110000000000011111111100000000000000111111111000000000000000000000000000000000000000,0,0
836,1,TypeB,40100,000000000000000000000000000000011111110000000000000000000000011111111000000000111111110000000000000000000111111110000000000000011111110000000000000000000000000000000000,0,0
837,2,TypeB,40100,000000000000000000000000000000011111110000000000000000000000011111111000000000111111110000000000000000000111111110000000000000011111110000000000000000000000000000000000,0,0
838,3,TypeC,27000,000000000000000000000000000000000000011110000000000011111100000000000000000000000001110000000000011111000000000000000000000000000000000000000000000000000000000111111000,1,0
839,4,TypeC,27000,000000000000000000000000000000000000011110000000000011111100000000000000000000000001110000000000011111000000000000000000000000000000000000000000000000000000000111111000,1,0
840,0,TypeA,51500,000001111111111000000000000000011111111110000000000000011111111110000000000000111111110000000000000001111111110000000000000000000000000000000000000000000000000000000000,0,0
841,1,TypeB,41500,000000000000000000000000000000011111110000000000000000000000000000000001111111100000000000000000000000011111110000000000111111110000000000001111111000000000000000000000,0,0
842,2,TypeB,41500,000000000000000000000000000000011111110000000000000000000000000000000001111111100000000000000000000000011111110000000000111111110000000000001111111000000000000000000000,0,0
843,3,TypeC,28400,000000000000000000000000000001111110000000000000000011111100000000000000000000000001110000000000011111000000000000000000000000000000000000000000000000000000000111111000,1,0
844,4,TypeC,28400,000000000000000000000000000001111110000000000000000011111100000000000000000000000001110000000000011111000000000000000000000000000000000000000000000000000000000111111000,1,0
845,0,TypeA,51600,000000111111111100000000000000011111111110000000000000011111111100000000000000111111111000000000000000011111111110000000000000000000000000000000000000000000000000000000,1,0
846,1,TypeB,42400,000000111111110000000000000000000111111110000000000000000000000000000001111111100000000000000000000000000111111110000000000000011111111000000000000000000000000000000000,0,0
847,2,TypeB,42400,000000111111110000000000000000000111111110000000000000000000000000000001111111100000000000000000000000000111111110000000000000011111111000000000000000000000000000000000,0,0
848,3,TypeC,28900,000000000000000000000000000000000000000000000000000000000000000111111000000000000000000011111100000000000000011111000000000000000000011100000000000000011111000000000000,0,0
849,4,TypeC,28900,000000000000000000000000000000000000000000000000000000000000000111111000000000000000000011111100000000000000011111000000000000000000011100000000000000011111000000000000,0,0
850,0,TypeA,54300,000000111111111100000000000001111111110000000000000000011111111100000000000000000000000000111111111100000000000000000000000000111111111100000000000000000000000000000000,0,0
851,1,TypeB,41400,000000111111110000000000000000000000011111110000000000000000000000000001111111100000000000111111110000000000000000000000000000011111111000000000000000000000000000000000,0,0
852,2,TypeB,41400,000000111111110000000000000000000000011111110000000000000000000000000001111111100000000000111111110000000000000000000000000000011111111000000000000000000000000000000000,0,0
853,3,TypeC,22700,000000000000000000000000000000000000000000000000000000011100000000001111000000000000000011111100000000000000011110000000000000000000011100000000000000000000000000000000,0,0
854,4,TypeC,22700,000000000000000000000000000000000000000000000000000000011100000000001111000000000000000011111100000000000000011110000000000000000000011100000000000000000000000000000000,0,0
855,0,TypeA,53400,000000111111111100000000000000011111111110000000000000011111111100000000000000000000000000000000011111111100000000000000000000111111111100000000000000000000000000000000,0,0
856,1,TypeB,44800,000000000000000000000000000000000000011111111000000000000000000000000001111111100000000000000000000000000111111110000000000000011111111000000000000000000001111111100000,0,0
857,2,TypeB,44800,000000000000000000000000000000000000011111111000000000000000000000000001111111100000000000000000000000000111111110000000000000011111111000000000000000000001111111100000,0,0
858,3,TypeC,27800,000000000000000000000000000000000000000000001111110000000000000111111000000000000001111000000000011111000000000000000000000000000000000000001111100000000000000000000000,0,0
859,4,TypeC,27800,000000000000000000000000000000000000000000001111110000000000000111111000000000000001111000000000011111000000000000000000000000000000000000001111100000000000000000000000,0,0
860,0,TypeA,55500,000000111111111100000000000000011111111110000000000000011111111100000000000000000000000000000000011111111100000000000000000000000000000000000111111111100000000000000000,0,0
861,1,TypeB,42400,000000111111110000000000000000000000011111111000000000000000000000000001111111100000000000111111110000000000000000000000000000011111111000000000000000000000000000000000,0,0
862,2,TypeB,42400,000000111111110000000000000000000000011111111000000000000000000000000001111111100000000000111111110000000000000000000000000000011111111000000000000000000000000000000000,0,0
863,3,TypeC,25800,000000000000000000000000000000000000000000000000000000000000000111111000000000000001111000000000011111000000000000000000111100000000000000001111100000000000000000000000,0,0
864,4,TypeC,25800,000000000000000000000000000000000000000000000000000000000000000111111000000000000001111000000000011111000000000000000000111100000000000000001111100000000000000000000000,0,0
865,0,TypeA,53700,000000111111111100000000000000011111111110000000000000011111111100000000000000000000000000000000011111111100000000000000000000000000011111111110000000000000000000000000,0,0
866,1,TypeB,42400,000000111111110000000000000000000000011111111000000000000000000000000001111111100000000000000000000000000111111110000000000000111111110000000000000000000000000000000000,0,0
867,2,TypeB,42400,000000111111110000000000000000000000011111111000000000000000000000000001111111100000000000000000000000000111111110000000000000111111110000000000000000000000000000000000,0,0
868,3,TypeC,29300,000000000000000001111100000000000000000000000000000000000000000111110000000000000000000011111100000000000000011111000000000000000000011111000000000000000000000000000000,0,0
869,4,TypeC,29300,000000000000000001111100000000000000000000000000000000000000000111110000000000000000000011111100000000000000011111000000000000000000011111000000000000000000000000000000,0,0
870,0,TypeA,51600,000000111111111100000000000000011111111110000000000000011111111100000000000000000000000000000000000000000000000000000000000000011111111100000000000000111111111100000000,0,0
871,1,TypeB,42400,000000111111110000000000000000000000011111111000000000000000000000000001111111100000000000000000000000000011111111000000000000011111111000000000000000000000000000000000,0,0
872,2,TypeB,42400,000000111111110000000000000000000000011111111000000000000000000000000001111111100000000000000000000000000011111111000000000000011111111000000000000000000000000000000000,0,0
873,3,TypeC,30300,000000000000000001111100000000000000000000000000000000000000000111111000000000000000000011111100000000000000011111000000000000000000011111000000000000000000000000000000,0,0
874,4,TypeC,30300,000000000000000001111100000000000000000000000000000000000000000111111000000000000000000011111100000000000000011111000000000000000000011111000000000000000000000000000000,0,0
875,0,TypeA,50700,000000011111111100000000000000000011111111110000000000011111111110000000000000000000000000000000000000011111111110000000000000000000000000000000000000011111111100000000,0,0
876,1,TypeB,41400,000000011111110000000000000000000000011111111000000000000000000000000001111111100000000000000000000000000111111110000000000000011111111000000000000000000000000000000000,0,0
877,2,TypeB,41400,000000011111110000000000000000000000011111111000000000000000000000000001111111100000000000000000000000000111111110000000000000011111111000000000000000000000000000000000,0,0
878,3,TypeC,28900,000000000000000000000000000000000000000000000000000000000000000111111000000000000001111000000000011111000000000000000000000000000000011111000000000000011111000000000000,0,0
879,4,TypeC,28900,000000000000000000000000000000000000000000000000000000000000000111111000000000000001111000000000011111000000000000000000000000000000011111000000000000011111000000000000,0,0
880,0,TypeA,53200,000000111111111100000000000000011111111110000000000000011111111110000000000000111111111000000000000000000000000000000000000000000000011111111110000000000000000000000000,1,0
881,1,TypeB,42400,000000111111110000000000000000000000011111111000000000000000000000000001111111100000000000000000000000000111111110000000000000011111111000000000000000000000000000000000,1,0
882,2,TypeB,42400,000000111111110000000000000000000000011111111000000000000000000000000001111111100000000000000000000000000111111110000000000000011111111000000000000000000000000000000000,1,0
883,3,TypeC,27000,000000000000000001111100000000000000000000000000000000000000000111110000000000000001111000000000011111000000000000000000000000000000011111000000000000000000000000000000,0,0
884,4,TypeC,27000,000000000000000001111100000000000000000000000000000000000000000111110000000000000001111000000000011111000000000000000000000000000000011111000000000000000000000000000000,0,0
885,0,TypeA,52700,000000000000011111111100000000000011111111110000000000011111111100000000000000111111111000000000000000000000000000000000000000000000000000000111111111100000000000000000,0,0
886,1,TypeB,41800,000000000000000000000000000000011111110000000000000000000000000000000000111111100000000000000000011111110000000000000000111111110000000000001111111100000000000000000000,0,0
887,2,TypeB,41800,000000000000000000000000000000011111110000000000000000000000000000000000111111100000000000000000011111110000000000000000111111110000000000001111111100000000000000000000,0,0
888,3,TypeC,25700,111111000000000000000000000000000000000000000000000000011100000000000000000000000001111000000000011111000000000000000000000000000000011111000000000000000000000000000000,1,0
889,4,TypeC,25700,111111000000000000000000000000000000000000000000000000011100000000000000000000000001111000000000011111000000000000000000000000000000011111000000000000000000000000000000,1,0
890,0,TypeA,54900,000011111111110000000000000001111111110000000000011111111110000000000000000000111111111000000000000000000000000000000000000000111111111100000000000000000000000000000000,0,0
891,1,TypeB,39400,000011111111000000000000000000000011111110000000000000000000000000000000111111100000000000000000011111110000000000000000111111110000000000000000000000000000000000000000,0,0
892,2,TypeB,39400,000011111111000000000000000000000011111110000000000000000000000000000000111111100000000000000000011111110000000000000000111111110000000000000000000000000000000000000000,0,0
893,3,TypeC,31600,111111000000000000000000000000000000000000000000000000000000000000011111100000000000011111000000000000000000011111100000000000000000011111000000000000000000000000000000,0,0
894,4,TypeC,31600,111111000000000000000000000000000000000000000000000000000000000000011111100000000000011111000000000000000000011111100000000000000000011111000000000000000000000000000000,0,0
895,0,TypeA,54600,000011111111110000000000000000011111111110000000000000011111111100000000000000111111111000000000000000000000000000000000000000000000000000000111111111100000000000000000,0,0
896,1,TypeB,40400,000000000000000000000000000000011111110000000000000000000000011111111000000000111111110000000000011111110000000000000000111111110000000000000000000000000000000000000000,0,0
897,2,TypeB,40400,000000000000000000000000000000011111110000000000000000000000011111111000000000111111110000000000011111110000000000000000111111110000000000000000000000000000000000000000,0,0
898,3,TypeC,28700,111111000000000000000000000000000000000000000000000011111100000000000000000000000001111000000000011111000000000000000000000000000000011111000000000000000000000000000000,1,0
899,4,TypeC,28700,111111000000000000000000000000000000000000000000000011111100000000000000000000000001111000000000011111000000000000000000000000000000011111000000000000000000000000000000,1,0
900,0,TypeA,51200,000000000000011111111100000000000000000000000000000000011111111100000000000000111111111000000000000000011111111110000000000000000000011111111110000000000000000000000000,0,0
901,1,TypeB,40500,000000000000000000000000000000011111110000000000000000000000000000000000111111100000000000000000000000011111110000000000111111110000000000000000000001111111000000000000,0,0
902,2,TypeB,40500,000000000000000000000000000000011111110000000000000000000000000000000000111111100000000000000000000000011111110000000000111111110000000000000000000001111111000000000000,0,0
903,3,TypeC,31200,000000000000000000000000000000000011111100000000000000000000000000000000000000111111000000000000000000000111110000000000111100000000000000000000111111000000000000000000,0,0
904,4,TypeC,31200,000000000000000000000000000000000011111100000000000000000000000000000000000000111111000000000000000000000111110000000000111100000000000000000000111111000000000000000000,0,0
905,0,TypeA,51600,000000011111111100000000000000011111111110000000000000011111111100000000000000000000000000000000000000000000000000000000000000000000011111111110000000000001111111111000,0,0
906,1,TypeB,40400,000000000000000000000000000000011111110000000000000000000000011111111000000000111111110000000000000000000011111110000000000000000000011111111000000000000000000000000000,0,0
907,2,TypeB,40400,000000000000000000000000000000011111110000000000000000000000011111111000000000111111110000000000000000000011111110000000000000000000011111111000000000000000000000000000,0,0
908,3,TypeC,27200,000000000000000000000000000000000011111100000000000000000000000000001111000000000000000011111100000000000011110000000000000000000000011100000000000000000000000000000000,0,0
909,4,TypeC,27200,000000000000000000000000000000000011111100000000000000000000000000001111000000000000000011111100000000000011110000000000000000000000011100000000000000000000000000000000,0,0
910,0,TypeA,52900,000000111111111100000000000000011111111110000000000000011111111100000000000000000000000000000000000000000000000000000000000000000000011111111110000000000001111111111000,1,0
911,1,TypeB,41400,000000000000000000000000000000011111110000000000000000000000011111111000000000111111110000000000000000000111111110000000000000000000011111111000000000000000000000000000,1,0
912,2,TypeB,41400,000000000000000000000000000000011111110000000000000000000000011111111000000000111111110000000000000000000111111110000000000000000000011111111000000000000000000000000000,1,0
913,3,TypeC,30900,000000000000000000000000000000000000000000000000000000000000000000011111100000000000000011111100000000000000011111100000000000000000011100000000000000001111110000000000,0,0
914,4,TypeC,30900,000000000000000000000000000000000000000000000000000000000000000000011111100000000000000011111100000000000000011111100000000000000000011100000000000000001111110000000000,0,0
915,0,TypeA,51300,000000111111111100000000000000011111111110000000000000011111111100000000000000000000000000000000000000000000000000000000000000111111111000000000000000001111111111000000,0,0
916,1,TypeB,40400,000000000000000000000000000000011111110000000000000000000000011111111000000000111111110000000000000000011111110000000000111111110000000000000000000000000000000000000000,1,0
917,2,TypeB,40400,000000000000000000000000000000011111110000000000000000000000011111111000000000111111110000000000000000011111110000000000111111110000000000000000000000000000000000000000,1,0
918,3,TypeC,32900,000000000000000000000000000001111110000000000000000000000000011111000000000000111111000000000000000000000000011111100000000000000000000000000000111111000000000000000000,0,0
919,4,TypeC,32900,000000000000000000000000000001111110000000000000000000000000011111000000000000111111000000000000000000000000011111100000000000000000000000000000111111000000000000000000,0,0
920,0,TypeA,58300,000000111111111100000000000001111111110000000000011111111110000000000000000000000000000000111111111100000000000000000000000000000000000000000000001111111111000000000000,1,0
921,1,TypeB,40400,000001111111000000000000000000000000011111111000000000000000000000000000000000000001111111100000000000011111110000000000111111110000000000000000000000000000000000000000,0,0
922,2,TypeB,40400,000001111111000000000000000000000000011111111000000000000000000000000000000000000001111111100000000000011111110000000000111111110000000000000000000000000000000000000000,0,0
923,3,TypeC,27200,000000000000000000000000000000000000011110000000000000011110000000000000000000111111000000000000000000000000000000000000000000000000011100000000000000000000000111111000,0,0
924,4,TypeC,27200,000000000000000000000000000000000000011110000000000000011110000000000000000000111111000000000000000000000000000000000000000000000000011100000000000000000000000111111000,0,0
925,0,TypeA,53400,000001111111111000000000000000011111111110000000000000011111111100000000000000000000000000000000000000000000000000000000000000111111111000000000001111111111000000000000,0,0
926,1,TypeB,41400,000011111111000000000000000000000000011111111000000000000000000000000001111111100000000000000000000000011111110000000000111111110000000000000000000000000000000000000000,1,0
927,2,TypeB,41400,000011111111000000000000000000000000011111111000000000000000000000000001111111100000000000000000000000011111110000000000111111110000000000000000000000000000000000000000,1,0
928,3,TypeC,27400,000000000000000000000000000001111110000000000000000000000000000000000001111000000000000011111100000000000000000000000000000000000000011100000000000000000000000111111000,0,0
929,4,TypeC,27400,000000000000000000000000000001111110000000000000000000000000000000000001111000000000000011111100000000000000000000000000000000000000011100000000000000000000000111111000,0,0
930,0,TypeA,53500,000001111111111000000000000000011111111110000000000000011111111100000000000000000000000000000000000000000111111111100000000000000000000000000000001111111111000000000000,0,0
931,1,TypeB,44800,000000000000000000000000000000000000000000000000000000000000011111111000000000000001111111100000000000000111111110000000000000011111111000000000011111111000000000000000,0,0
932,2,TypeB,44800,000000000000000000000000000000000000000000000000000000000000011111111000000000000001111111100000000000000111111110000000000000011111111000000000011111111000000000000000,0,0
933,3,TypeC,32100,000000000000000000000000000001111110000000000000000000000000000111111000000000000000000011111100000000000000000000000000000000000000000000001111110000000000000111111000,0,0
934,4,TypeC,32100,000000000000000000000000000001111110000000000000000000000000000111111000000000000000000011111100000000000000000000000000000000000000000000001111110000000000000111111000,0,0
935,0,TypeA,52400,000001111111111000000000000000011111111110000000000000011111111100000000000000000001111111100000000000000000000000000000000000000000000000000111111111100000000000000000,0,0
936,1,TypeB,42400,000000000000000000000000000000000000011111111000000000000000011111111000000000000001111111100000000000000111111110000000000000000000000000000000011111111000000000000000,0,0
937,2,TypeB,42400,000000000000000000000000000000000000011111111000000000000000011111111000000000000001111111100000000000000111111110000000000000000000000000000000011111111000000000000000,0,0
938,3,TypeC,28800,111111000000000000000000000001111110000000000000000000011100000000000000000000111111000000000000000000000000000000000000000000000000000000000000000111111000000000000000,1,0
939,4,TypeC,28800,111111000000000000000000000001111110000000000000000000011100000000000000000000111111000000000000000000000000000000000000000000000000000000000000000111111000000000000000,1,0
940,0,TypeA,54600,000000000000011111111100000000000011111111110000000000011111111100000000000000000000000000111111111100000000000000000000000000000000000000000000001111111111000000000000,0,0
941,1,TypeB,41400,000000000000000000000000000000000011111110000000000000000000011111111000000000000001111111100000000000000011111111000000000000000000011111111000000000000000000000000000,0,0
942,2,TypeB,41400,000000000000000000000000000000000011111110000000000000000000011111111000000000000001111111100000000000000011111111000000000000000000011111111000000000000000000000000000,0,0
943,3,TypeC,29400,000000000000000000000000000001111110000000000000000000011100000000000000000000111111000000000000000000000000000000000000000000000000000000001111110000000000000111111000,1,0
944,4,TypeC,29400,000000000000000000000000000001111110000000000000000000011100000000000000000000111111000000000000000000000000000000000000000000000000000000001111110000000000000111111000,1,0
945,0,TypeA,51500,000001111111111000000000000000011111111110000000000000011111111100000000000000000001111111100000000000000000000000000000000000000000000000000000001111111111000000000000,0,0
946,1,TypeB,40400,000000001111111100000000000000000000011111111000000000000000000000000000111111100000000000000000000000000011111110000000000000000000011111111000000000000000000000000000,0,0
947,2,TypeB,40400,000000001111111100000000000000000000011111111000000000000000000000000000111111100000000000000000000000000011111110000000000000000000011111111000000000000000000000000000,0,0
948,3,TypeC,30100,000000000000000000000000000000000011111100000000000000000000000000000000111100000000000011111100000000000000000000000000000111111000000000000000000111111000000000000000,0,0
949,4,TypeC,30100,000000000000000000000000000000000011111100000000000000000000000000000000111100000000000011111100000000000000000000000000000111111000000000000000000111111000000000000000,0,0
950,0,TypeA,55900,000000111111111100000000000000011111111110000000000000011111111100000000000000000000000000111111111100000000000000000000000000000000000000000000001111111111000000000000,1,0
951,1,TypeB,41100,000000000000000000000000000000000000011111111000000000000000011111111000000000000001111111100000000000000011111111000000000000000000000000001111111000000000000000000000,0,0
952,2,TypeB,41100,000000000000000000000000000000000000011111111000000000000000011111111000000000000001111111100000000000000011111111000000000000000000000000001111111000000000000000000000,0,0
953,3,TypeC,30700,000000000000000000000000000000000011111100000000000000000000000000000001111000000000000011111100000000000000000000000000000000000000000000001111110000000000000111111000,0,0
954,4,TypeC,30700,000000000000000000000000000000000011111100000000000000000000000000000001111000000000000011111100000000000000000000000000000000000000000000001111110000000000000111111000,0,0
955,0,TypeA,52100,000000111111111100000000000000011111111110000000000000011111111100000000000000000001111111100000000000000000000000000000000000000000000000000111111111100000000000000000,0,0
956,3,TypeC,26500,000000000000000000000000000001111100000000000000000000000000000000000001111100000000000011111100000000000000000000000000000000000000011100000000000111111000000000000000,0,0
957,4,TypeC,26500,000000000000000000000000000001111100000000000000000000000000000000000001111100000000000011111100000000000000000000000000000000000000011100000000000111111000000000000000,0,0
958,0,TypeA,54900,000000111111111100000000000000011111111110000000000000011111111100000000000000000000000000000000000000000000000000000000111111111000000000000000001111111111000000000000,0,0
959,3,TypeC,28600,000000000000000000000000000001111100000000000000000000000000000000000001111100000000000011111100000000000000000000000000000111111000000000000000111111000000000000000000,0,0
960,4,TypeC,28600,000000000000000000000000000001111100000000000000000000000000000000000001111100000000000011111100000000000000000000000000000111111000000000000000111111000000000000000000,0,0
961,0,TypeA,49900,000000000000011111111100000000000011111111110000000000011111111100000000000000000001111111100000000000000000000000000000000000000000000000000000001111111111000000000000,0,0
962,1,TypeB,41400,000000000000000000000000000000000011111110000000000000000000011111111000000000000001111111100000000000000111111110000000000000000000011111111000000000000000000000000000,0,0
963,2,TypeB,41400,000000000000000000000000000000000011111110000000000000000000011111111000000000000001111111100000000000000111111110000000000000000000011111111000000000000000000000000000,0,0
964,3,TypeC,26800,000000000000000000000000000000000000011110000000000011111100000000000000111000000000000011111100000000000000000000000000000000000000000000000000000111111000000000000000,0,0
965,4,TypeC,26800,000000000000000000000000000000000000011110000000000011111100000000000000111000000000000011111100000000000000000000000000000000000000000000000000000111111000000000000000,0,0
966,0,TypeA,53100,000000111111111100000000000000011111111110000000000000011111111100000000000000000000000000000000000000000000000000000000000000111111111000000000001111111111000000000000,0,0
967,1,TypeB,41400,000000001111111100000000000000000000011111111000000000000000000000000001111111100000000000000000000000011111110000000000111111110000000000000000000000000000000000000000,1,0
968,2,TypeB,41400,000000001111111100000000000000000000011111111000000000000000000000000001111111100000000000000000000000011111110000000000111111110000000000000000000000000000000000000000,1,0
969,3,TypeC,31300,000000000000000000000000000001111110000000000000000000000000000000000000000000111111000000000000000000000011110000000000000000000000000000000011111100000000000111111000,0,0
970,4,TypeC,31300,000000000000000000000000000001111110000000000000000000000000000000000000000000111111000000000000000000000011110000000000000000000000000000000011111100000000000111111000,0,0
971,0,TypeA,51000,000000011111111100000000000000011111111110000000000000011111111100000000000000000000000000000000000000000000000000000000000000111111111100000000000000001111111111000000,0,0
972,1,TypeB,42400,000000000000000000000000000000000111111110000000000000000000011111111000000000000001111111100000000000000111111110000000000000000000000000001111111100000000000000000000,0,0
973,2,TypeB,42400,000000000000000000000000000000000111111110000000000000000000011111111000000000000001111111100000000000000111111110000000000000000000000000001111111100000000000000000000,0,0
974,3,TypeC,31700,000000000000000000000000000000000011111100000000000000000000000000000001111100000000000011111100000000000000000000000000000000000000000000000011111100000000000111111000,0,0
975,4,TypeC,31700,000000000000000000000000000000000011111100000000000000000000000000000001111100000000000011111100000000000000000000000000000000000000000000000011111100000000000111111000,0,0
976,0,TypeA,49900,000000011111111100000000000000011111111110000000000000011111111100000000000000000001111111100000000000000000000000000000000000000000000000000000001111111111000000000000,0,0
977,3,TypeC,27900,000000000000000000000000000001111100000000000000000011111100000000000001111000000000000011111100000000000000000000000000000000000000000000000000000111111000000000000000,0,0
978,4,TypeC,27900,000000000000000000000000000001111100000000000000000011111100000000000001111000000000000011111100000000000000000000000000000000000000000000000000000111111000000000000000,0,0
979,0,TypeA,51200,000000111111111100000000000000011111111110000000000000011111111100000000000000000001111111100000000000000000000000000000000000000000000000000000001111111111000000000000,1,1
980,1,TypeB,43800,000000000000000000000000000000000000000000000000000000000000011111111000000000000001111111100000000000011111110000000000111111110000000000001111111100000000000000000000,0,0
981,2,TypeB,43800,000000000000000000000000000000000000000000000000000000000000011111111000000000000001111111100000000000011111110000000000111111110000000000001111111100000000000000000000,0,0
982,3,TypeC,28500,000000000000000000000000000000000000011110000000000000000000000000000000000000111111000000000000000000000111110000000000000000000000011100000000000111111000000000000000,0,0
983,4,TypeC,28500,000000000000000000000000000000000000011110000000000000000000000000000000000000111111000000000000000000000111110000000000000000000000011100000000000111111000000000000000,0,0
984,0,TypeA,51300,000001111111110000000000000000011111111110000000000000011111111100000000000000000000000000000000000000000000000000000000000000011111111110000000000000001111111111000000,0,0
985,1,TypeB,43800,000000111111110000000000000000011111110000000000000000000000000000000001111111100000000000000000000000000000000000000000111111110000000000000000000000001111111100000000,1,0
986,2,TypeB,43800,000000111111110000000000000000011111110000000000000000000000000000000001111111100000000000000000000000000000000000000000111111110000000000000000000000001111111100000000,1,0
987,3,TypeC,26500,000000000000000001111100000000000000011110000000000011111100000000000000000111100000000000000000000000000000000000000000000000000000000000000000111111000000000000000000,0,0
988,4,TypeC,26500,000000000000000001111100000000000000011110000000000011111100000000000000000111100000000000000000000000000000000000000000000000000000000000000000111111000000000000000000,0,0
989,0,TypeA,50900,000000000000011111111100000000000011111111110000000000011111111100000000000000000000000000000000000000000011111111100000000000000000000000000000001111111111000000000000,0,0
990,1,TypeB,43800,000000000000000000000000000000000000000000000000000000000000111111110000000000111111110000000000000000000011111110000000000000011111111000000000000000001111111100000000,0,0
991,2,TypeB,43800,000000000000000000000000000000000000000000000000000000000000111111110000000000111111110000000000000000000011111110000000000000011111111000000000000000001111111100000000,0,0
992,3,TypeC,29100,000000000000000000000000000000000000000000000000000000000000000000000001111100000000000011111100000000000011110000000000000000000000000000001111110000000000000111111000,0,0
993,4,TypeC,29100,000000000000000000000000000000000000000000000000000000000000000000000001111100000000000011111100000000000011110000000000000000000000000000001111110000000000000111111000,0,0
994,0,TypeA,51900,000000111111111100000000000000011111111100000000000000011111111100000000000000000000000000000000000000011111111110000000000000000000011111111110000000000000000000000000,0,0
995,1,TypeB,43800,000000011111111000000000000000000000000000000000000000000000000000000000111111100000000000000000000000000111111110000000000000011111111000000000000000001111111100000000,0,0
996,2,TypeB,43800,000000011111111000000000000000000000000000000000000000000000000000000000111111100000000000000000000000000111111110000000000000011111111000000000000000001111111100000000,0,0
997,3,TypeC,31000,000000000000000001111100000000000000000000000000000000000000000000000000000000111111000000000000000000000111110000000000000000000000000000001111110000000000000111111000,1,0
998,4,TypeC,31000,000000000000000001111100000000000000000000000000000000000000000000000000000000111111000000000000000000000111110000000000000000000000000000001111110000000000000111111000,1,0
999,0,TypeA,51900,000000111111111100000000000000011111111110000000000000011111111100000000000000111111111000000000000000000000000000000000000000000000000000000000000000111111111100000000,0,0
1000,1,TypeB,42800,000000000000000000000000000000011111110000000000000000000000011111111000000000000001111111000000000000000000000000000000000000011111111000000000000000001111111100000000,0,0
1001,2,TypeB,42800,000000000000000000000000000000011111110000000000000000000000011111111000000000000001111111000000000000000000000000000000000000011111111000000000000000001111111100000000,0,0
1002,3,TypeC,24300,000000000000000000000000000001110000000000000000000011111100000000000000000111100000000000000000000000000000000000000000000111110000000000000000111111000000000000000000,0,0
1003,4,TypeC,24300,000000000000000000000000000001110000000000000000000011111100000000000000000111100000000000000000000000000000000000000000000111110000000000000000111111000000000000000000,0,0
1004,0,TypeA,52900,000000111111111100000000000000011111111110000000000000011111111100000000000000000000000000000000000000000000000000000000000011111111110000000000000000001111111111000000,0,0
1005,1,TypeB,41800,000000000000000000000000000000000000000000000000000000011111110000000000111111100000000000000111111100000000000000000000111111110000000000000000000000001111111100000000,0,0
1006,2,TypeB,41800,000000000000000000000000000000000000000000000000000000011111110000000000111111100000000000000111111100000000000000000000111111110000000000000000000000001111111100000000,0,0
1007,3,TypeC,27700,000000000000000000000000000001110000000000000000000011111100000000000000000000000001111000000000000000000000011111100000000000000000000000000000111111000000000000000000,1,0
1008,4,TypeC,27700,000000000000000000000000000001110000000000000000000011111100000000000000000000000001111000000000000000000000011111100000000000000000000000000000111111000000000000000000,1,0
1009,0,TypeA,55300,000000111111111100000000000001111111111000000000000000011111111100000000000000000000000000000000000000000000000000000000000011111111110000000000001111111111000000000000,1,0
1010,1,TypeB,38000,111111110000000000000000000000011111111000000000000000000111111100000000000000111111110000000000000000011111110000000000000000000000000000000000000000000000000000000000,0,0
1011,2,TypeB,38000,111111110000000000000000000000011111111000000000000000000111111100000000000000111111110000000000000000011111110000000000000000000000000000000000000000000000000000000000,0,0
1012,3,TypeC,32300,000000000000000001111100000000000011111100000000000011111100000000000000000000000000000000000000000000000000011111100000000000000000000000000000111111000000000000000000,1,0
1013,4,TypeC,32300,000000000000000001111100000000000011111100000000000011111100000000000000000000000000000000000000000000000000011111100000000000000000000000000000111111000000000000000000,1,0
1014,0,TypeA,51300,000000111111111000000000000000011111111110000000000000011111111100000000000000000000000000000000000000000000000000000000000000111111111100000000000000001111111111000000,0,0
1015,1,TypeB,42400,000000000000001111111100000000000111111110000000000000000000011111111000000000000001111111100000000000000000000000000000000000000000000000000000000000001111111100000000,0,0
1016,2,TypeB,42400,000000000000001111111100000000000111111110000000000000000000011111111000000000000001111111100000000000000000000000000000000000000000000000000000000000001111111100000000,0,0
1017,3,TypeC,31300,000000000000000000000000000001111110000000000000000011111100000000000000000000000001111000000000000000000000011111100000000000000000000000000000111111000000000000000000,1,0
1018,4,TypeC,31300,000000000000000000000000000001111110000000000000000011111100000000000000000000000001111000000000000000000000011111100000000000000000000000000000111111000000000000000000,1,0
1019,0,TypeA,52900,000000111111111100000000000000011111111110000000000000011111111100000000000000000000000000000000000000011111111110000000000000000000011111111110000000000000000000000000,1,0
1020,1,TypeB,43800,000000000000000000000000000000000000000000000000000000000000011111111000000000111111110000000000000000000011111110000000000000011111111000000000000000001111111100000000,0,0
1021,2,TypeB,43800,000000000000000000000000000000000000000000000000000000000000011111111000000000111111110000000000000000000011111110000000000000011111111000000000000000001111111100000000,0,0
1022,3,TypeC,28500,000000000000000001111100000000000000000000000000000000000000000111111000000000000000000000000000011111000000000000000000000111110000000000000000000000111111000000000000,0,0
1023,4,TypeC,28500,000000000000000001111100000000000000000000000000000000000000000111111000000000000000000000000000011111000000000000000000000111110000000000000000000000111111000000000000,0,0
1024,0,TypeA,51300,000000111111111000000000000001111111111000000000000000011111111100000000000000111111110000000000000000000000000000000000000000000000000000000000111111111000000000000000,0,0
1025,1,TypeB,44800,000000000000000000000000000000000000000000000000000000000000011111111000000000111111110000000000000000000111111110000000000000011111111000000000000000001111111100000000,1,1
1026,2,TypeB,44800,000000000000000000000000000000000000000000000000000000000000011111111000000000111111110000000000000000000111111110000000000000011111111000000000000000001111111100000000,1,0
1027,3,TypeC,29700,000000000000000001111100000000000000000000000000000000000000000111111000000000000000000000000000011111000000000000000000000000000000011111000000000000111111000000000000,0,0
1028,4,TypeC,29700,000000000000000001111100000000000000000000000000000000000000000111111000000000000000000000000000011111000000000000000000000000000000011111000000000000111111000000000000,0,0
1029,0,TypeA,52500,000000000000011111111100000000000000000000000000011111111100000000000000000000000111111111100000000000011111111110000000000000011111111110000000000000000000000000000000,0,0
1030,1,TypeB,42800,000000000000000000000000000000000000000000000000011111110000000000000000000000000001111111100000000000011111110000000000111111110000000000001111111100000000000000000000,0,0
1031,2,TypeB,42800,000000000000000000000000000000000000000000000000011111110000000000000000000000000001111111100000000000011111110000000000111111110000000000001111111100000000000000000000,0,0
1032,3,TypeC,31600,000000000000000000000000000000000000000000000000000000000000000000000001111100000000000011111100000000000000011111100000000000000000011111000000000000111111000000000000,0,0
1033,4,TypeC,31600,000000000000000000000000000000000000000000000000000000000000000000000001111100000000000011111100000000000000011111100000000000000000011111000000000000111111000000000000,0,0
1034,0,TypeA,53000,000000001111111111000000000001111111110000000000011111111100000000000000000000000000000000000000000001111111110000000000000000111111111100000000000000000000000000000000,0,0
1035,1,TypeB,40400,000000111111110000000000000000000111111110000000000000000000000000000000111111100000000000000000000000011111110000000000000000011111111000000000000000000000000000000000,0,0
1036,2,TypeB,40400,000000111111110000000000000000000111111110000000000000000000000000000000111111100000000000000000000000011111110000000000000000011111111000000000000000000000000000000000,0,0
1037,3,TypeC,31000,000000000000000000000000000001111100000000000000000011111100000000000000000000000000000011111100000000000000000000000000000000000000011111000000000000111111000000000000,0,0
1038,4,TypeC,31000,000000000000000000000000000001111100000000000000000011111100000000000000000000000000000011111100000000000000000000000000000000000000011111000000000000111111000000000000,0,0
1039,0,TypeA,55100,111111111000000000000000000001111111110000000000011111111100000000000000000000000000000000000000000000000000000000000000000000000000011111111110000000000001111111111000,1,0
1040,1,TypeB,39400,111111110000000000000000000000000011111110000000000000011111110000000000111111100000000000000000000000000000000000000000000000000000000000000000000000001111111100000000,0,0
1041,2,TypeB,39400,111111110000000000000000000000000011111110000000000000011111110000000000111111100000000000000000000000000000000000000000000000000000000000000000000000001111111100000000,0,0
1042,3,TypeC,28600,000000000000000000000000000000000000000000000000000011111100000000000000000000000000000011111100000000000000011110000000000000000000011100000000000000111111000000000000,0,0
1043,4,TypeC,28600,000000000000000000000000000000000000000000000000000011111100000000000000000000000000000011111100000000000000011110000000000000000000011100000000000000111111000000000000,0,0
1044,0,TypeA,52700,000000111111111000000000000001111111110000000000011111111100000000000000000000000000000000000000000000000000000000000000000000011111111110000000000000000001111111111000,0,0
1045,1,TypeB,40400,000011111111000000000000000000011111110000000000000000000000000000000001111111100000000000000000011111110000000000000000000000000000000000000000000000000001111111100000,0,0
1046,2,TypeB,40400,000011111111000000000000000000011111110000000000000000000000000000000001111111100000000000000000011111110000000000000000000000000000000000000000000000000001111111100000,0,0
1047,3,TypeC,30800,000000000000000000000000000000000000011111000000000000000000000000000000000000000000000011111100000000000000011110000000000000000000011111000000000000111111000000000000,0,0
1048,4,TypeC,30800,000000000000000000000000000000000000011111000000000000000000000000000000000000000000000011111100000000000000011110000000000000000000011111000000000000111111000000000000,0,0
1049,0,TypeA,53200,000000111111111000000000000001111111110000000000011111111100000000000000000000000000000000000000000000000000000000000000000000111111111100000000000111111111000000000000,0,0
1050,1,TypeB,40400,111111110000000000000000000000000000000000000000011111110000000000000001111111100000000000000000000000011111110000000000000000000000000000000000000000001111111100000000,1,0
1051,2,TypeB,40400,111111110000000000000000000000000000000000000000011111110000000000000001111111100000000000000000000000011111110000000000000000000000000000000000000000001111111100000000,1,0
1052,3,TypeC,27300,000000000000000000000000000000000000000000000000000000011100000000000000000000000000000011111100000000000001111110000000000000000000011100000000000111111000000000000000,0,0
1053,4,TypeC,27300,000000000000000000000000000000000000000000000000000000011100000000000000000000000000000011111100000000000001111110000000000000000000011100000000000111111000000000000000,0,0
1054,0,TypeA,53600,000000001111111111000000000001111111110000000000011111111100000000000000000000000000000000000000000000000000000000000000000000111111111100000000000111111111000000000000,0,0
1055,1,TypeB,40400,111111110000000000000000000000000011111110000000000000000000000000000001111111100000000000000000000000011111110000000000000000000000000000001111111100000000000000000000,0,0
1056,2,TypeB,40400,111111110000000000000000000000000011111110000000000000000000000000000001111111100000000000000000000000011111110000000000000000000000000000001111111100000000000000000000,0,0
1057,3,TypeC,26700,000000000000000000000000000000000000000000000000000000011100000000001111000000000000000011111100000000000000000000000000000000000000011111000000000000111111000000000000,0,0
1058,4,TypeC,26700,000000000000000000000000000000000000000000000000000000011100000000001111000000000000000011111100000000000000000000000000000000000000011111000000000000111111000000000000,0,0
1059,0,TypeA,53500,000011111111110000000000000000011111111110000000000000011111111100000000000000000000000000000000000000000000000000000000000000000000011111111110000000000001111111111000,1,0
1060,1,TypeB,41400,111111110000000000000000000000011111111000000000011111110000000000000001111111100000000000000000000000000000000000000000000000011111111000000000000000000000000000000000,1,0
1061,2,TypeB,41400,111111110000000000000000000000011111111000000000011111110000000000000001111111100000000000000000000000000000000000000000000000011111111000000000000000000000000000000000,1,0
1062,3,TypeC,26700,000000000000000000000000000000000000000000000000000000011100000000000000000000000000000011111100000000000000011111100000000000000000011100000000000111111000000000000000,0,0
1063,4,TypeC,26700,000000000000000000000000000000000000000000000000000000011100000000000000000000000000000011111100000000000000011111100000000000000000011100000000000111111000000000000000,0,0
1064,0,TypeA,52300,000000001111111111000000000000011111111110000000000000011111111100000000000000000000000000000000000000000000000000000000000000000000011111111110000000000001111111111000,1,0
1065,1,TypeB,43800,000000000000000000000000000000000000011111111000000000011111110000000001111111100000000000000000000000000000000000000000111111110000000000000000000000000001111111100000,0,0
1066,2,TypeB,43800,000000000000000000000000000000000000011111111000000000011111110000000001111111100000000000000000000000000000000000000000111111110000000000000000000000000001111111100000,0,0
1067,3,TypeC,26200,000000000000000000000000000000000000000000000000000000011100000000000000000000000000000011111100000000000000000000000000111110000000000000001111100000000000000111111000,1,0
1068,4,TypeC,26200,000000000000000000000000000000000000000000000000000000011100000000000000000000000000000011111100000000000000000000000000111110000000000000001111100000000000000111111000,1,0
1069,0,TypeA,50900,000001111111110000000000000000011111111110000000000000011111111110000000000000000000000000000000000000000000000000000000000000011111111000000000000000111111111100000000,0,0
1070,1,TypeB,43800,000000000000000111111100000000000011111111000000000000000000000000000001111111100000000000000000000000000000000000000000111111110000000000000000000000000001111111100000,0,0
1071,2,TypeB,43800,000000000000000111111100000000000011111111000000000000000000000000000001111111100000000000000000000000000000000000000000111111110000000000000000000000000001111111100000,0,0
1072,3,TypeC,23300,000000000000000000000000000000000000000000000000000000011100000000000000000111100000000000000000011111000000000000000000000111110000000000000000111111000000000000000000,0,0
1073,4,TypeC,23300,000000000000000000000000000000000000000000000000000000011100000000000000000111100000000000000000011111000000000000000000000111110000000000000000111111000000000000000000,0,0
1074,0,TypeA,53900,000000001111111111000000000001111111111000000000000000011111111110000000000000000000000000000000000000000000000000000000000000000000011111111110000000000001111111111000,1,0
1075,1,TypeB,41400,000000111111110000000000000000011111111000000000011111110000000000000000000000111111110000000000000000000000000000000000000000000000000000000000000000001111111100000000,1,0
1076,2,TypeB,41400,000000111111110000000000000000011111111000000000011111110000000000000000000000111111110000000000000000000000000000000000000000000000000000000000000000001111111100000000,1,0
1077,3,TypeC,27900,000000000000000000000000000000000000000000000000000000011100000000000000000000000000000011111100000000000000011110000000000000000000011111000000000000111111000000000000,0,0
1078,4,TypeC,27900,000000000000000000000000000000000000000000000000000000011100000000000000000000000000000011111100000000000000011110000000000000000000011111000000000000111111000000000000,0,0
1079,0,TypeA,52800,000000001111111111000000000001111111110000000000011111111100000000000000000000000000000000000000000000000111111111100000000000000000000000000000000000111111111100000000,0,0
1080,1,TypeB,40400,000000111111110000000000000000011111111000000000000000000000000000000000111111100000000000000000000000011111110000000000000000000000000000000000000000000001111111100000,0,0
1081,2,TypeB,40400,000000111111110000000000000000011111111000000000000000000000000000000000111111100000000000000000000000011111110000000000000000000000000000000000000000000001111111100000,0,0
1082,3,TypeC,24600,000000000000000001111100000000000000000000000000000000011100000000000000000000000000000011111100000000000000000000000000111100000000000000000000111111000000000000000000,0,0
1083,4,TypeC,24600,000000000000000001111100000000000000000000000000000000011100000000000000000000000000000011111100000000000000000000000000111100000000000000000000111111000000000000000000,0,0
1084,0,TypeA,51800,000000111111111000000000000001111111110000000000011111111100000000000000000000000000000000000000000000000111111111100000000000000000000000000000000000001111111111000000,0,0
1085,1,TypeB,43800,111111110000000000000000000000011111111000000000000000000000000000000000111111100000000000000000000000000000000000000000111111110000000000000000000000001111111100000000,0,0
1086,2,TypeB,43800,111111110000000000000000000000011111111000000000000000000000000000000000111111100000000000000000000000000000000000000000111111110000000000000000000000001111111100000000,0,0
1087,3,TypeC,26200,000000000000000000000000000000000000000000000000000000011100000000000000000000000000000011111100000000000000000000000000000111110000000000001111100000000000000111111000,1,0
1088,4,TypeC,26200,000000000000000000000000000000000000000000000000000000011100000000000000000000000000000011111100000000000000000000000000000111110000000000001111100000000000000111111000,1,0
1089,0,TypeA,50900,000000111111111000000000000001111111110000000000000000011111111110000000000000000000000000000000000000000000000000000000000000011111111100000000000000000001111111111000,0,0
1090,1,TypeB,43800,111111110000000000000000000000000000000000000000000000000000011111110000000000111111110000000000000000000000000000000000000000011111111000000000000000001111111100000000,0,0
1091,2,TypeB,43800,111111110000000000000000000000000000000000000000000000000000011111110000000000111111110000000000000000000000000000000000000000011111111000000000000000001111111100000000,0,0
1092,3,TypeC,33200,000000000000000000000000000000000000000000001111110000000000000000000000000000000000000011111100000000000001111110000000000000000000011111000000000000111111000000000000,0,0
1093,4,TypeC,33200,000000000000000000000000000000000000000000001111110000000000000000000000000000000000000011111100000000000001111110000000000000000000011111000000000000111111000000000000,0,0
1094,0,TypeA,52200,000001111111110000000000000000011111111110000000000000011111111100000000000000000000000000000000000000000000000000000000000000000000011111111110000000000001111111111000,0,0
1095,1,TypeB,41400,000000111111110000000000000000011111111000000000000000011111110000000001111111100000000000000000000000000000000000000000000000000000000000000000000000000001111111100000,0,0
1096,2,TypeB,41400,000000111111110000000000000000011111111000000000000000011111110000000001111111100000000000000000000000000000000000000000000000000000000000000000000000000001111111100000,0,0
1097,3,TypeC,33500,000000000000000000000000000000000000000000000000000011111100000000000000000000000000000011111100000000000001111110000000000000000000011111000000000000111111000000000000,1,0
1098,4,TypeC,33500,000000000000000000000000000000000000000000000000000011111100000000000000000000000000000011111100000000000001111110000000000000000000011111000000000000111111000000000000,1,0
1099,0,TypeA,54000,000011111111110000000000000001111111110000000000011111111100000000000000000000000000000000000000000000000111111111100000000000000000000000000000000000111111111100000000,0,0
1100,1,TypeB,40400,111111110000000000000000000000000000011111111000000000000000000000000000111111100000000000000000000000011111110000000000000000011111111000000000000000000000000000000000,0,0
1101,2,TypeB,40400,111111110000000000000000000000000000011111111000000000000000000000000000111111100000000000000000000000011111110000000000000000011111111000000000000000000000000000000000,0,0
1102,3,TypeC,26800,000000000000000000000000000000000000011111000000000000011100000000000000000000000000000011111100000000000000000000000000000111110000000000000000111111000000000000000000,1,0
1103,4,TypeC,26800,000000000000000000000000000000000000011111000000000000011100000000000000000000000000000011111100000000000000000000000000000111110000000000000000111111000000000000000000,1,0
1104,0,TypeA,53300,000000001111111111000000000000011111111110000000000000011111111110000000000000000000000000000000000000000000000000000000000011111111110000000000000000001111111111000000,0,0
1105,1,TypeB,44800,000000111111110000000000000000000000011111111000000000000000000000000001111111100000000000000000000000000000000000000000111111110000000000000000000000001111111100000000,1,0
1106,2,TypeB,44800,000000111111110000000000000000000000011111111000000000000000000000000001111111100000000000000000000000000000000000000000111111110000000000000000000000001111111100000000,1,0
1107,3,TypeC,30200,000000000000000000000000000000000000000000000000000011111100000000000000000000000000000011111100000000000000000000000000000111110000000000000011111100000000000111111000,0,0
1108,4,TypeC,30200,000000000000000000000000000000000000000000000000000011111100000000000000000000000000000011111100000000000000000000000000000111110000000000000011111100000000000111111000,0,0
1109,0,TypeA,53000,000011111111110000000000000001111111110000000000011111111100000000000000000000000000000000000000000000000000000000000000000000011111111100000000000000001111111111000000,0,0
1110,1,TypeB,42800,000011111111000000000000000000000000000000000000000000000000000000000000111111100000000000000000011111110000000000000000111111110000000000000000000000001111111100000000,0,0
1111,2,TypeB,42800,000011111111000000000000000000000000000000000000000000000000000000000000111111100000000000000000011111110000000000000000111111110000000000000000000000001111111100000000,0,0
1112,3,TypeC,27600,000000000000000000000000000000000000000000000000000000011100000000000000000000000000000011111100000000000000011111100000000000000000011100000000000000111111000000000000,0,0
1113,4,TypeC,27600,000000000000000000000000000000000000000000000000000000011100000000000000000000000000000011111100000000000000011111100000000000000000011100000000000000111111000000000000,0,0
1114,1,TypeB,44800,111111110000000000000000000000000000011111111000000000000000000000000001111111100000000000000000000000000000000000000000000000000000011111111000000000001111111100000000,1,0
1115,2,TypeB,44800,111111110000000000000000000000000000011111111000000000000000000000000001111111100000000000000000000000000000000000000000000000000000011111111000000000001111111100000000,1,0
1116,3,TypeC,30300,000000000000000000000000000000000000000000001111110000000000000000111111000000000000000011111100000000000000000000000000000111111000000000000000111111000000000000000000,0,0
1117,4,TypeC,30300,000000000000000000000000000000000000000000001111110000000000000000111111000000000000000011111100000000000000000000000000000111111000000000000000111111000000000000000000,0,0
1118,0,TypeA,53700,000000001111111111000000000001111111110000000000011111111100000000000000000000000000000000000000000000000000000000000000000011111111110000000000000000001111111111000000,0,0
1119,1,TypeB,43800,000000111111110000000000000000000000000000000000000000011111110000000001111111100000000000000000000000000000000000000000000000111111110000000000000000001111111100000000,0,0
1120,2,TypeB,43800,000000111111110000000000000000000000000000000000000000011111110000000001111111100000000000000000000000000000000000000000000000111111110000000000000000001111111100000000,0,0
1121,3,TypeC,26600,000000000000000001111100000000000000000000000000000000011100000000000000000000000000000011111100000000000000000000000000000111111000000000000000111111000000000000000000,1,0
1122,4,TypeC,26600,000000000000000001111100000000000000000000000000000000011100000000000000000000000000000011111100000000000000000000000000000111111000000000000000111111000000000000000000,1,0
1123,0,TypeA,54100,000011111111110000000000000001111111111000000000000000011111111100000000000000000000000000000000000000000000000000000000000000000000011111111110000000000001111111111000,1,0
1124,3,TypeC,28000,000000000000000000000000000000000000000000000000000000011100000000000000000000000000000011111100000000000000011111100000000000000000011110000000000111111000000000000000,0,0
1125,4,TypeC,28000,000000000000000000000000000000000000000000000000000000011100000000000000000000000000000011111100000000000000011111100000000000000000011110000000000111111000000000000000,0,0
1126,0,TypeA,52400,000000111111111000000000000001111111110000000000011111111100000000000000000000000000000000000000000000000111111111100000000000000000000000000000000000111111111100000000,0,0
1127,1,TypeB,40400,000011111111000000000000000000011111111000000000000000000000000000000000111111100000000000000000000000011111110000000000000000000000000000000000000000001111111100000000,0,0
1128,2,TypeB,40400,000011111111000000000000000000011111111000000000000000000000000000000000111111100000000000000000000000011111110000000000000000000000000000000000000000001111111100000000,0,0
1129,3,TypeC,29900,000000000000000000000000000000000000000000000000000000011100000000000000000000000000000011111100000000000000011111100000000000000000011111000000000000111111000000000000,1,0
1130,4,TypeC,29900,000000000000000000000000000000000000000000000000000000011100000000000000000000000000000011111100000000000000011111100000000000000000011111000000000000111111000000000000,1,0
1131,0,TypeA,54700,000000001111111111000000000001111111110000000000011111111110000000000000000000000000000000000000000000000000000000000000000000111111111100000000000000111111111100000000,0,0
1132,1,TypeB,43800,000000000000000000000000000000011111110000000000000000000000011111111000000000000001111111100000000000000000000000000000000000011111111000000000011111111000000000000000,0,0
1133,2,TypeB,43800,000000000000000000000000000000011111110000000000000000000000011111111000000000000001111111100000000000000000000000000000000000011111111000000000011111111000000000000000,0,0
1134,3,TypeC,30900,000000000000000000000000000000000000011111000000000000000000000000000000000000000000000011111100000000000000011111100000000000000000011110000000000111111000000000000000,0,0
1135,4,TypeC,30900,000000000000000000000000000000000000011111000000000000000000000000000000000000000000000011111100000000000000011111100000000000000000011110000000000111111000000000000000,0,0
1136,0,TypeA,53400,000000001111111111000000000000011111111110000000000000011111111110000000000001111111110000000000000000000000000000000000000000000000000000000000111111111000000000000000,0,0
1137,1,TypeB,44800,000000000000000000000000000000000011111111000000000000000000111111110000000000111111110000000000000000000000000000000000111111110000000000000000011111111000000000000000,0,0
1138,2,TypeB,44800,000000000000000000000000000000000011111111000000000000000000111111110000000000111111110000000000000000000000000000000000111111110000000000000000011111111000000000000000,0,0
1139,3,TypeC,29900,000000000000000000000000000000000000000000000000000000000000000000111111000000000000000011111100000000000000000000000000111110000000000000001111110000000000000111111000,1,0
1140,4,TypeC,29900,000000000000000000000000000000000000000000000000000000000000000000111111000000000000000011111100000000000000000000000000111110000000000000001111110000000000000111111000,1,0
1141,0,TypeA,54600,000000000000011111111100000000000000000000000000011111111110000000000000000001111111110000000000000000000111111111100000000000000000000000000000001111111111000000000000,0,0
1142,3,TypeC,30200,000000000000000000000000000000000000000000000000000011111100000000000000000000000000000011111100000000000000000000000000111110000000000000000011111100000000000111111000,0,0
1143,4,TypeC,30200,000000000000000000000000000000000000000000000000000011111100000000000000000000000000000011111100000000000000000000000000111110000000000000000011111100000000000111111000,0,0
1144,0,TypeA,51600,000000001111111111000000000000011111111110000000000000011111111100000000000000000000000000000000000000000111111111000000000000000000000000000000001111111111000000000000,1,0
1145,3,TypeC,30400,000000000000000000000000000000000000000000000000000011111100000000000000000000000000000011111100000000000000011111000000000000000000000000001111100000000000000111111000,1,0
1146,4,TypeC,30400,000000000000000000000000000000000000000000000000000011111100000000000000000000000000000011111100000000000000011111000000000000000000000000001111100000000000000111111000,1,0
1147,0,TypeA,51600,000000001111111111000000000000011111111110000000000000011111111100000000000001111111110000000000000000000000000000000000000000000000000000000000000000111111111100000000,0,0
1148,3,TypeC,32900,000000000000000000000000000000000000000000000000000011111100000000000000000000000000000011111100000000000000011111100000000000000000011111000000000000111111000000000000,1,0
1149,4,TypeC,32900,000000000000000000000000000000000000000000000000000011111100000000000000000000000000000011111100000000000000011111100000000000000000011111000000000000111111000000000000,1,0
1150,0,TypeA,55200,000000000000011111111100000000000000000000000000011111111100000000000000000001111111111000000000000000011111111110000000000000000000000000000000001111111111000000000000,0,0
1151,1,TypeB,42500,000000000000000000000000000000000011111110000000000000000000011111111000000000111111110000000000000000000000000000000000111111110000000000000000000001111111000000000000,0,0
1152,2,TypeB,42500,000000000000000000000000000000000011111110000000000000000000011111111000000000111111110000000000000000000000000000000000111111110000000000000000000001111111000000000000,0,0
1153,3,TypeC,30600,111111000000000000000000000000000000011110000000000000000000000000000000000000000001111110000000000000000000000000000000000000000000000000001111100000000000000111111000,1,0
1154,4,TypeC,30600,111111000000000000000000000000000000011110000000000000000000000000000000000000000001111110000000000000000000000000000000000000000000000000001111100000000000000111111000,1,0
1155,0,TypeA,54100,000001111111110000000000000000011111111110000000000000011111111110000000000000000000000000000000000000011111111110000000000000000000000000000000001111111111000000000000,0,0
1156,1,TypeB,44800,000000000000000000000000000000011111111000000000000000000111111110000000000000111111110000000000000000000000000000000000111111110000000000000000011111111000000000000000,0,0
1157,2,TypeB,44800,000000000000000000000000000000011111111000000000000000000111111110000000000000111111110000000000000000000000000000000000111111110000000000000000011111111000000000000000,0,0
1158,3,TypeC,29500,000000000000000000000000000001111110000000000000000000000000000000000000000000111111000000000000011111000000000000000000000111110000000000000000111111000000000000000000,1,0
1159,4,TypeC,29500,000000000000000000000000000001111110000000000000000000000000000000000000000000111111000000000000011111000000000000000000000111110000000000000000111111000000000000000000,1,0
1160,0,TypeA,49800,000000000000000000000000000001111111110000000000011111111100000000000000000000000001111111100000000000011111111110000000000000000000000000000000000000011111111100000000,0,0
1161,3,TypeC,31000,111111000000000001111100000000000000011111000000000000000000000000000000000000000001111110000000000000000000000000000000000000000000000000000000111111000000000000000000,1,0
1162,4,TypeC,31000,111111000000000001111100000000000000011111000000000000000000000000000000000000000001111110000000000000000000000000000000000000000000000000000000111111000000000000000000,1,0
1163,0,TypeA,51100,000000000000011111111100000000000000000011111111110000000000000111111111000000000001111111100000000000011111111110000000000000000000000000000000000000000000000000000000,0,0
1164,1,TypeB,43800,000000001111111100000000000000000000000000000000000000000000000000000001111111100000000000000111111100000000000000000000000000011111111000000000011111111000000000000000,0,0
1165,2,TypeB,43800,000000001111111100000000000000000000000000000000000000000000000000000001111111100000000000000111111100000000000000000000000000011111111000000000011111111000000000000000,0,0
1166,3,TypeC,30400,111111000000000000000000000001111110000000000000000000000000000000001111000000000001111110000000000000000000000000000000000000000000000000000000111111000000000000000000,0,0
1167,4,TypeC,30400,111111000000000000000000000001111110000000000000000000000000000000001111000000000001111110000000000000000000000000000000000000000000000000000000111111000000000000000000,0,0
1168,0,TypeA,53500,000000000000000000000000000000011111111110000000000000011111111100000000000001111111111000000000000000011111111110000000000011111111110000000000000000000000000000000000,1,0
1169,1,TypeB,43800,000000001111111100000000000000000000000000000000000000000000000000000001111111100000000000000111111100000000000000000000111111110000000000000000000000001111111100000000,1,0
1170,2,TypeB,43800,000000001111111100000000000000000000000000000000000000000000000000000001111111100000000000000111111100000000000000000000111111110000000000000000000000001111111100000000,1,0
1171,3,TypeC,28800,111111000000000000000000000001111110000000000000000000000000000000000000000000000000000011111100000000000000000000000000000000000000111000000000011111100000000000000000,0,0
1172,4,TypeC,28800,111111000000000000000000000001111110000000000000000000000000000000000000000000000000000011111100000000000000000000000000000000000000111000000000011111100000000000000000,0,0
1173,0,TypeA,51900,000000000000000000000000000001111111110000000000011111111100000000000000000000000001111111100000000000011111111110000000000000000000000000000000111111111000000000000000,0,0
1174,1,TypeB,44800,000000000000000000000000000000000000000000000000000000000000011111111000000000111111110000000000000111111110000000000000000000011111111000000000011111111000000000000000,0,0
1175,2,TypeB,44800,000000000000000000000000000000000000000000000000000000000000011111111000000000111111110000000000000111111110000000000000000000011111111000000000011111111000000000000000,0,0
1176,3,TypeC,31400,111111000000000000000000000001111110000000000000000000000000000000001111100000000001111110000000000000000000000000000000000000000000000000000000111111000000000000000000,0,0
1177,4,TypeC,31400,111111000000000000000000000001111110000000000000000000000000000000001111100000000001111110000000000000000000000000000000000000000000000000000000111111000000000000000000,0,0
1178,0,TypeA,52300,000000000000000000000000000001111111110000000000011111111100000000000000000000000001111111100000000000011111111110000000000000000000000000000000001111111111000000000000,1,0
1179,1,TypeB,41500,000000001111111100000000000000000000000000000000000000000000000000000000111111100000000000000000000000011111110000000000000000011111111000000000000001111111000000000000,0,0
1180,2,TypeB,41500,000000001111111100000000000000000000000000000000000000000000000000000000111111100000000000000000000000011111110000000000000000011111111000000000000001111111000000000000,0,0
1181,3,TypeC,30000,111111000000000000000000000001111110000000000000000000000000000000000000000000000000000011111100000000000000000000000000000000000000011111000000000000001111000000000000,1,0
1182,4,TypeC,30000,111111000000000000000000000001111110000000000000000000000000000000000000000000000000000011111100000000000000000000000000000000000000011111000000000000001111000000000000,1,0
1183,0,TypeA,51800,000001111111110000000000000000011111111110000000000000011111111100000000000001111111111000000000000001111111110000000000000000000000000000000000000000000000000000000000,0,0
1184,1,TypeB,40100,000000001111111100000000000000000000000000000000000000000111111100000000000000111111110000000000000111111110000000000000000000000000000000000000000001111111000000000000,0,0
1185,2,TypeB,40100,000000001111111100000000000000000000000000000000000000000111111100000000000000111111110000000000000111111110000000000000000000000000000000000000000001111111000000000000,0,0
1186,3,TypeC,32700,111111000000000000000000000001111110000000000000000011111100000000000000000000000001111110000000000000000000000000000000000000000000000000000000111111000000000000000000,1,0
1187,4,TypeC,32700,111111000000000000000000000001111110000000000000000011111100000000000000000000000001111110000000000000000000000000000000000000000000000000000000111111000000000000000000,1,0
1188,0,TypeA,50700,000000001111111111000000000000011111111110000000000000011111111100000000000000000000000000000000000000011111111110000000000000011111111100000000000000000000000000000000,0,0
1189,1,TypeB,39000,000000111111110000000000000000011111110000000000000000000000111111110000000000111111110000000000000000000111111110000000000000000000000000000000000000000000000000000000,0,0
1190,2,TypeB,39000,000000111111110000000000000000011111110000000000000000000000111111110000000000111111110000000000000000000111111110000000000000000000000000000000000000000000000000000000,0,0
1191,3,TypeC,29100,111111000000000000000000000000000000011110000000000000000000000000000000000000111111000000000000011111000000000000000000000000000000000000000000111111000000000000000000,1,0
1192,4,TypeC,29100,111111000000000000000000000000000000011110000000000000000000000000000000000000111111000000000000011111000000000000000000000000000000000000000000111111000000000000000000,1,0
1193,0,TypeA,51500,000000000000011111111100000000000000000000000000011111111100000000000000000000000111111111100000000000011111111110000000000000000000000000000000000000011111111100000000,0,0
1194,3,TypeC,30500,111111000000000000000000000001111110000000000000000000000000000000000000000000111111000000000000011111000000000000000000000000000000000000000000111111000000000000000000,1,0
1195,4,TypeC,30500,111111000000000000000000000001111110000000000000000000000000000000000000000000111111000000000000011111000000000000000000000000000000000000000000111111000000000000000000,1,0
1196,0,TypeA,49300,000000111111111100000000000001111111110000000000000000011111111100000000000000000001111111100000000000011111111110000000000000000000000000000000000000000000000000000000,1,0
1197,1,TypeB,43800,000000011111111000000000000000000000011111111000000000000000000000000000111111100000000000000000000000000000000000000000000000000000011111111000000000001111111100000000,0,0
1198,2,TypeB,43800,000000011111111000000000000000000000011111111000000000000000000000000000111111100000000000000000000000000000000000000000000000000000011111111000000000001111111100000000,0,0
1199,3,TypeC,29100,000000000000000001111100000000000000000000000000000011111100000000001111100000000000000011111100000000000111110000000000000000000000000000000000000000000000000000000000,0,0
1200,4,TypeC,29100,000000000000000001111100000000000000000000000000000011111100000000001111100000000000000011111100000000000111110000000000000000000000000000000000000000000000000000000000,0,0
1201,0,TypeA,49600,000001111111110000000000000001111111111000000000000000011111111110000000000000000001111111100000000000000000000000000000000000000000000000000000000000011111111100000000,0,0
1202,1,TypeB,40400,000001111111000000000000000000000000000000000000011111110000000000000001111111100000000000000000000000000111111110000000000000011111111000000000000000000000000000000000,0,0
1203,2,TypeB,40400,000001111111000000000000000000000000000000000000011111110000000000000001111111100000000000000000000000000111111110000000000000011111111000000000000000000000000000000000,0,0
1204,3,TypeC,28700,000000000000000001111100000000000000000000001111110000000000011111000000000000000000000000000000011111000000000000000000000000000000000000000000000000000001111100000000,0,0
1205,4,TypeC,28700,000000000000000001111100000000000000000000001111110000000000011111000000000000000000000000000000011111000000000000000000000000000000000000000000000000000001111100000000,0,0
1206,0,TypeA,54700,000000000000011111111100000000000000000011111111110000000000000111111111100000000000000000000000000000000111111111100000000000000000000000000000000000111111111100000000,0,0
1207,1,TypeB,43800,000000000000000000000000000000011111110000000000000000000000000000000001111111100000000000000000000000000111111110000000000000011111111000000000000000001111111100000000,1,0
1208,2,TypeB,43800,000000000000000000000000000000011111110000000000000000000000000000000001111111100000000000000000000000000111111110000000000000011111111000000000000000001111111100000000,1,0
1209,3,TypeC,27600,000000000000000001111100000000000000000000000000000000011100000000000000000000000000000011111100000000000111110000000000000000000000000000000000000000000001111100000000,0,0
1210,4,TypeC,27600,000000000000000001111100000000000000000000000000000000011100000000000000000000000000000011111100000000000111110000000000000000000000000000000000000000000001111100000000,0,0
1211,0,TypeA,50300,000000001111111111000000000001111111110000000000000000011111111110000000000000000001111111100000000000000000000000000000000000000000011111111110000000000000000000000000,1,0
1212,3,TypeC,26300,000000000000000001111100000000000000000000000000000011111100000000000000000111100000000000000000011111000000000000000000000000000000000000000000111111000000000000000000,0,0
1213,4,TypeC,26300,000000000000000001111100000000000000000000000000000011111100000000000000000111100000000000000000011111000000000000000000000000000000000000000000111111000000000000000000,0,0
1214,0,TypeA,48700,000000001111111111000000000001111111111000000000000000011111111100000000000000000001111111100000000000000000000000000000000000000000000000000000000000011111111100000000,0,0
1215,3,TypeC,27400,000000000000000001111100000000000000011110000000000011111100000000000000000000000000000000000000011111000000000000000000000000000000000000000000000000011111000000000000,1,0
1216,4,TypeC,27400,000000000000000001111100000000000000011110000000000011111100000000000000000000000000000000000000011111000000000000000000000000000000000000000000000000011111000000000000,1,0
1217,0,TypeA,50300,000000001111111111000000000001111111111000000000000000011111111100000000000000000001111111100000000000000000000000000000000000000000011111111110000000000000000000000000,1,0
1218,1,TypeB,36000,000000000000000111111100000000000011111110000000000000011111110000000001111111100000000000000000000000011111110000000000000000000000000000000000000000000000000000000000,0,0
1219,2,TypeB,36000,000000000000000111111100000000000011111110000000000000011111110000000001111111100000000000000000000000011111110000000000000000000000000000000000000000000000000000000000,0,0
1220,3,TypeC,27500,000000000000000001111100000000000000000000000000000011111100000000000000001111100000000000000000000000000011110000000000000000000000000000000000111111000000000000000000,0,0
1221,4,TypeC,27500,000000000000000001111100000000000000000000000000000011111100000000000000001111100000000000000000000000000011110000000000000000000000000000000000111111000000000000000000,0,0
1222,0,TypeA,52900,000000001111111111000000000001111111110000000000011111111100000000000001111111100000000000000000000000000000000000000000000000011111111110000000000000000000000000000000,0,0
1223,1,TypeB,43800,000000000000000111111100000000000000000000000000000000000000000000000001111111100000000000000000000000000111111110000000000000000000011111111000000000001111111100000000,1,0
1224,2,TypeB,43800,000000000000000111111100000000000000000000000000000000000000000000000001111111100000000000000000000000000111111110000000000000000000011111111000000000001111111100000000,1,0
1225,3,TypeC,27300,000000000000000001111100000000000000000000000000000011111100000000000000001111100000000000000000011111000000000000000000000000000000000000000000111111000000000000000000,1,0
1226,4,TypeC,27300,000000000000000001111100000000000000000000000000000011111100000000000000001111100000000000000000011111000000000000000000000000000000000000000000111111000000000000000000,1,0
1227,0,TypeA,49200,000001111111110000000000000001111111110000000000000000011111111100000000000000000001111111100000000000000000000000000000000000000000011111111110000000000000000000000000,0,0
1228,3,TypeC,27500,000000000000000001111100000000000000000000001111110000000000000000000001111100000000000011111100000000000011110000000000000000000000000000000000000000000000000000000000,0,0
1229,4,TypeC,27500,000000000000000001111100000000000000000000001111110000000000000000000001111100000000000011111100000000000011110000000000000000000000000000000000000000000000000000000000,0,0
1230,0,TypeA,53700,000000001111111111000000000001111111110000000000000000011111111100000000000000000000000000000000000000000000000000000000000011111111110000000000001111111111000000000000,1,0
1231,1,TypeB,42800,000000000000000000000000000000000000000000000000011111110000000000000000111111100000000000000000000000000011111111000000000000011111111000000000000000000001111111100000,0,0
1232,2,TypeB,42800,000000000000000000000000000000000000000000000000011111110000000000000000111111100000000000000000000000000011111111000000000000011111111000000000000000000001111111100000,0,0
1233,3,TypeC,28800,000000000000000001111100000000000000000000000000000011111100000000000000000000000000000011111100000000000011110000000000000000000000000000000000111111000000000000000000,0,0
1234,4,TypeC,28800,000000000000000001111100000000000000000000000000000011111100000000000000000000000000000011111100000000000011110000000000000000000000000000000000111111000000000000000000,0,0
1235,0,TypeA,51000,000000001111111111000000000001111111110000000000000000011111111100000000000000000000000000000000000000000000000000000000000000011111111110000000000000001111111111000000,0,0
1236,1,TypeB,42800,000000000000000000000000000000000000011111110000000000011111110000000001111111100000000000000000000000000000000000000000111111110000000000000000011111111000000000000000,0,0
1237,2,TypeB,42800,000000000000000000000000000000000000011111110000000000011111110000000001111111100000000000000000000000000000000000000000111111110000000000000000011111111000000000000000,0,0
1238,3,TypeC,24500,000000000000000001111100000000000000011110000000000000011100000000000000000000000000000000000000011111000000000000000000000000000000000000000000111111000000000000000000,1,0
1239,4,TypeC,24500,000000000000000001111100000000000000011110000000000000011100000000000000000000000000000000000000011111000000000000000000000000000000000000000000111111000000000000000000,1,0
1240,0,TypeA,56100,000000000000011111111100000000000000000011111111110000000000000111111111100000000000000000111111111100000000000000000000000000000000000000000000000000011111111100000000,0,0
1241,1,TypeB,43800,000000000000000111111100000000000111111110000000000000000000000000000001111111100000000000000000000000000000000000000000000000111111110000000000000000001111111100000000,0,0
1242,2,TypeB,43800,000000000000000111111100000000000111111110000000000000000000000000000001111111100000000000000000000000000000000000000000000000111111110000000000000000001111111100000000,0,0
1243,3,TypeC,28400,000000000000000001111100000000000000000000000000000011111100000000000000000000000000000000000000011111000000000000000000000000000000011111000000000000011111000000000000,1,0
1244,4,TypeC,28400,000000000000000001111100000000000000000000000000000011111100000000000000000000000000000000000000011111000000000000000000000000000000011111000000000000011111000000000000,1,0
1245,0,TypeA,49300,000000001111111111000000000001111111110000000000000000011111111100000000000000000001111111100000000000000000000000000000000000000000011111111110000000000000000000000000,1,0
1246,1,TypeB,39400,000000000000000000000000000000000000011111110000000000011111110000000001111111100000000000000000000000011111110000000000000000000000000000000000000000001111111100000000,1,0
1247,2,TypeB,39400,000000000000000000000000000000000000011111110000000000011111110000000001111111100000000000000000000000011111110000000000000000000000000000000000000000001111111100000000,1,0
1248,3,TypeC,30300,000000000000000001111100000000000000011111000000000011111100000000000000000000000000000011111100000000000111110000000000000000000000000000000000000000000000000000000000,1,0
1249,4,TypeC,30300,000000000000000001111100000000000000011111000000000011111100000000000000000000000000000011111100000000000111110000000000000000000000000000000000000000000000000000000000,1,0
1250,0,TypeA,53800,000000001111111111000000000000011111111110000000000000011111111100000000000000000000000000000000011111111110000000000000000000000000111111111100000000000000000000000000,0,0
1251,3,TypeC,27700,000000000000000001111100000000000000000000001111110000000000000000000000000000000000000011111100000000000111110000000000000000000000111000000000000000000000000000000000,0,0
1252,4,TypeC,27700,000000000000000001111100000000000000000000001111110000000000000000000000000000000000000011111100000000000111110000000000000000000000111000000000000000000000000000000000,0,0
1253,0,TypeA,52700,000000001111111111000000000000011111111110000000000000011111111110000000000000000111111111100000000000000000000000000000000000000000011111111110000000000000000000000000,0,0
1254,1,TypeB,40400,000000000001111111000000000000000000000000000000000000011111110000000001111111100000000000000000000000000011111111000000000000000000000000000000000000001111111100000000,0,0
1255,2,TypeB,40400,000000000001111111000000000000000000000000000000000000011111110000000001111111100000000000000000000000000011111111000000000000000000000000000000000000001111111100000000,0,0
1256,3,TypeC,30100,000000000000000001111100000000000000000000000000000011111100000000000000000000000000000011111100000000000111110000000000000000000000000000000000111111000000000000000000,1,0
1257,4,TypeC,30100,000000000000000001111100000000000000000000000000000011111100000000000000000000000000000011111100000000000111110000000000000000000000000000000000111111000000000000000000,1,0
1258,0,TypeA,56800,000000000000000000000000000001111111111000000000000000011111111100000000000000000000000000000000011111111110000000000000000011111111110000000000001111111111000000000000,0,0
1259,3,TypeC,30700,000000000000000000000000000000000011111100000000000001111100000000000000000000000000000001111100000000000000000000000000000000000000000000000111111000000000000111111000,0,0
1260,4,TypeC,30700,000000000000000000000000000000000011111100000000000001111100000000000000000000000000000001111100000000000000000000000000000000000000000000000111111000000000000111111000,0,0
1261,0,TypeA,52900,000000000000000000000000000000011111111110000000000000011111111110000000000000000000011111111100000000000000000000000000000000000000011111111110000000000001111111111000,0,0
1262,3,TypeC,29200,111111000000000000000000000001111110000000000000000000000000000000000000000000000000000001111100000000000000000000000000000000000000000000001111100000000000000111111000,0,0
1263,4,TypeC,29200,111111000000000000000000000001111110000000000000000000000000000000000000000000000000000001111100000000000000000000000000000000000000000000001111100000000000000111111000,0,0
1264,0,TypeA,52400,000000000000000000000000000001111111110000000000000000011111111100000000000000000000000000000000000000011111111110000000000000111111111000000000001111111111000000000000,0,0
1265,3,TypeC,31100,000000000000000000000000000000000011111100000000000000000000011111000000000000000000000001111100000000000000000000000000000000000000011111000000000000011111000000000000,0,0
1266,4,TypeC,31100,000000000000000000000000000000000011111100000000000000000000011111000000000000000000000001111100000000000000000000000000000000000000011111000000000000011111000000000000,0,0
1267,0,TypeA,52500,000000000000000000000000000001111111111000000000000000011111111100000000000000000000000000000000000001111111110000000000000000000000111111111100000000000001111111111000,1,0
1268,1,TypeB,38100,000000000001111111000000000000000011111110000000000000000000000000000001111111100000000000000111111100000000000000000000000000000000000000001111111000000000000000000000,0,0
1269,2,TypeB,38100,000000000001111111000000000000000011111110000000000000000000000000000001111111100000000000000111111100000000000000000000000000000000000000001111111000000000000000000000,0,0
1270,3,TypeC,28700,111111000000000000000000000001111110000000000000000000000000000000000000000000000000000001111100000000000000000000000000000000000000011110000000000000011111000000000000,0,0
1271,4,TypeC,28700,111111000000000000000000000001111110000000000000000000000000000000000000000000000000000001111100000000000000000000000000000000000000011110000000000000011111000000000000,0,0
1272,1,TypeB,44800,000000000000000000000000000000000111111110000000000000000111111110000000000000111111110000000000000000000000000000000000000000011111111000000000000000001111111100000000,0,0
1273,2,TypeB,44800,000000000000000000000000000000000111111110000000000000000111111110000000000000111111110000000000000000000000000000000000000000011111111000000000000000001111111100000000,0,0
1274,3,TypeC,30400,000000000000000000000000000001111110000000000000000000000000000000000000000000000000000000000111110000000000011111000000000000000000000000001111110000000000000111111000,0,0
1275,4,TypeC,30400,000000000000000000000000000001111110000000000000000000000000000000000000000000000000000000000111110000000000011111000000000000000000000000001111110000000000000111111000,0,0
1276,0,TypeA,52600,000000001111111111000000000000011111111110000000000000011111111110000000000000000000000000000000000000000111111111000000000000000000000000000000001111111111000000000000,1,0
1277,1,TypeB,42400,000000000000000000000000000000000000011111111000000000000000011111111000000000111111110000000000000000000011111111000000000000000000011111111000000000000000000000000000,0,0
1278,2,TypeB,42400,000000000000000000000000000000000000011111111000000000000000011111111000000000111111110000000000000000000011111111000000000000000000011111111000000000000000000000000000,0,0
1279,3,TypeC,24700,000000000000000000000000000001110000000000000000000000000000011111000000000000000000000001111100000000000000000000000000000000000000011100000000000000000000000111111000,0,0
1280,4,TypeC,24700,000000000000000000000000000001110000000000000000000000000000011111000000000000000000000001111100000000000000000000000000000000000000011100000000000000000000000111111000,0,0
1281,0,TypeA,54100,000000000000000000000000000000011111111110000000000000011111111100000000000000000000000000111111111100000000000000000000000000011111111110000000000000000001111111111000,0,0
1282,3,TypeC,29600,000000000000000000000000000001111110000000000000000000000000011111000000000000000000000001111100000000000000000000000000000000000000011110000000000000000000000111111000,0,0
1283,4,TypeC,29600,000000000000000000000000000001111110000000000000000000000000011111000000000000000000000001111100000000000000000000000000000000000000011110000000000000000000000111111000,0,0
1284,0,TypeA,54700,000000000000000000000000000000011111111110000000000000011111111100000000000000000000000000111111111100000000000000000000000000000000011111111110000000000001111111111000,1,0
1285,3,TypeC,31400,000000000000000000000000000000000011111100000000000000000000000000111111000000000000000001111100000000000000000000000000000000000000000000001111110000000000000111111000,0,0
1286,4,TypeC,31400,000000000000000000000000000000000011111100000000000000000000000000111111000000000000000001111100000000000000000000000000000000000000000000001111110000000000000111111000,0,0
1287,0,TypeA,49300,000000000000000000000000000001111111110000000000000000011111111100000000000000000001111111100000000000011111111110000000000000000000000000000000000000111111111100000000,0,0
1288,3,TypeC,27200,000000000000000000000000000001111110000000000000000000000000000000000000111000000000000001111100000000000000000000000000000000000000000000000111111000000000000111111000,0,0
1289,4,TypeC,27200,000000000000000000000000000001111110000000000000000000000000000000000000111000000000000001111100000000000000000000000000000000000000000000000111111000000000000111111000,0,0
1290,0,TypeA,52900,000000000000000000000000000000011111111110000000000000011111111100000000000001111111111000000000000000000000000000000000000000011111111110000000000000111111111100000000,0,0
1291,3,TypeC,30200,111111000000000000000000000001111110000000000000000000000000000000000000000000000000000001111100000000000000000000000000000000000000000000000011111100000000000111111000,0,0
1292,4,TypeC,30200,111111000000000000000000000001111110000000000000000000000000000000000000000000000000000001111100000000000000000000000000000000000000000000000011111100000000000111111000,0,0
1293,0,TypeA,50600,000000000000000000000000000000011111111110000000000000011111111100000000000001111111111000000000000000000000000000000000000000011111111100000000000000011111111100000000,0,0
1294,3,TypeC,29500,000000000000000000000000000001111110000000000000000001111100000000000000000000000000000001111100000000000000000000000000000000000000000000001111110000000000000111111000,0,0
1295,4,TypeC,29500,000000000000000000000000000001111110000000000000000001111100000000000000000000000000000001111100000000000000000000000000000000000000000000001111110000000000000111111000,0,0
1296,0,TypeA,52300,000000000000000000000000000000011111111110000000000000011111111100000000000000000000000000000000000000011111111110000000000000000000111111111100000000000001111111111000,1,0
1297,3,TypeC,30400,000000000000000000000000000001111110000000000000000000000000011111000000000000000000000001111100000000000000000000000000000000000000000000001111110000000000000111111000,0,0
1298,4,TypeC,30400,000000000000000000000000000001111110000000000000000000000000011111000000000000000000000001111100000000000000000000000000000000000000000000001111110000000000000111111000,0,0
1299,0,TypeA,52600,000000000000000000000000000000011111111110000000000000011111111100000000000000000000000000000000000000011111111110000000000000000000011111111110000000000001111111111000,1,0
1300,3,TypeC,29400,111111000000000000000000000001111110000000000000000000000000000000000000000000000000000001111100000000000000000000000000000000000000011110000000000000000000000111111000,0,0
1301,4,TypeC,29400,111111000000000000000000000001111110000000000000000000000000000000000000000000000000000001111100000000000000000000000000000000000000011110000000000000000000000111111000,0,0
1302,0,TypeA,53700,000000000000000000000000000000011111111110000000000000011111111100000000000001111111111000000000000001111111110000000000000000000000000000000000001111111111000000000000,1,0
1303,1,TypeB,41400,000000111111110000000000000000000011111110000000000000000000000000000001111111100000000000000000000000000111111110000000000000000000000000000000000000001111111100000000,0,0
1304,2,TypeB,41400,000000111111110000000000000000000011111110000000000000000000000000000001111111100000000000000000000000000111111110000000000000000000000000000000000000001111111100000000,0,0
1305,3,TypeC,28200,000000000000000000000000000001111110000000000000000000000000000000000001111000000000000001111100000000000000000000000000000000000000000000000111111000000000000111111000,0,0
1306,4,TypeC,28200,000000000000000000000000000001111110000000000000000000000000000000000001111000000000000001111100000000000000000000000000000000000000000000000111111000000000000111111000,0,0
1307,3,TypeC,29700,111111000000000000000000000001111110000000000000000000000000000000000000000000000000000001111100000000000000000000000000000000000000011111000000000000011111000000000000,0,0
1308,4,TypeC,29700,111111000000000000000000000001111110000000000000000000000000000000000000000000000000000001111100000000000000000000000000000000000000011111000000000000011111000000000000,0,0
1309,0,TypeA,51600,000000000000000000000000000001111111111000000000000000011111111110000000000000000001111111100000000000011111111110000000000000000000011111111110000000000000000000000000,1,0
1310,3,TypeC,28200,000000000000000000000000000001111110000000000000000000000000000000000001111000000000000001111100000000000000000000000000000000000000000000001111110000000000000111111000,0,0
1311,4,TypeC,28200,000000000000000000000000000001111110000000000000000000000000000000000001111000000000000001111100000000000000000000000000000000000000000000001111110000000000000111111000,0,0
1312,0,TypeA,51900,000000000000000000000000000000011111111110000000000000011111111110000000000000000001111111100000000000011111111110000000000000000000000000000000001111111111000000000000,1,0
1313,3,TypeC,26600,111111000000000000000000000001110000000000000000000000000000000000000000000000000000000001111100000000000000000000000000000000000000000000001111110000000000000111111000,0,0
1314,4,TypeC,26600,111111000000000000000000000001110000000000000000000000000000000000000000000000000000000001111100000000000000000000000000000000000000000000001111110000000000000111111000,0,0
1315,0,TypeA,54400,000000000000000000000000000000011111111110000000000000011111111100000000000000000000000000000000000000011111111110000000000011111111110000000000001111111111000000000000,1,0
1316,3,TypeC,30200,000000000000000000000000000001111110000000000000000000000000000000111111000000000000000001111100000000000000000000000000000000000000000000001111110000000000000111111000,0,0
1317,4,TypeC,30200,000000000000000000000000000001111110000000000000000000000000000000111111000000000000000001111100000000000000000000000000000000000000000000001111110000000000000111111000,0,0
1318,0,TypeA,50900,000000000000000000000000000000011111111110000000000000011111111100000000000000000001111111100000000000011111111110000000000000000000000000000000001111111111000000000000,1,0
1319,3,TypeC,30200,111111000000000000000000000001111110000000000000000000000000000000000000000000000000000001111100000000000000000000000000000000000000000000001111110000000000000111111000,0,0
1320,4,TypeC,30200,111111000000000000000000000001111110000000000000000000000000000000000000000000000000000001111100000000000000000000000000000000000000000000001111110000000000000111111000,0,0
1321,0,TypeA,55500,000000001111111111000000000001111111110000000000011111111100000000000000000000000000000000111111111100000000000000000000000000000000000000000000000000111111111100000000,0,0
1322,1,TypeB,39400,000000000001111111000000000000000000011111110000000000000000000000000001111111100000000000000111111100000000000000000000000000111111110000000000000000000000000000000000,0,0
1323,2,TypeB,39400,000000000001111111000000000000000000011111110000000000000000000000000001111111100000000000000111111100000000000000000000000000111111110000000000000000000000000000000000,0,0
1324,3,TypeC,28500,111110000000000000000000000000000000000000000000000000000000000000011111100000000000000011111100000000000000011111000000000000000000000000000011111000000000000000000000,0,0
1325,4,TypeC,28500,111110000000000000000000000000000000000000000000000000000000000000011111100000000000000011111100000000000000011111000000000000000000000000000011111000000000000000000000,0,0
1326,3,TypeC,28400,000000000000000000000000000000000000000000001111110000000000011111000000000000000001111000000000011111000000000000000000000000000000000000001111110000000000000000000000,0,0
1327,4,TypeC,28400,000000000000000000000000000000000000000000001111110000000000011111000000000000000001111000000000011111000000000000000000000000000000000000001111110000000000000000000000,0,0
1328,3,TypeC,28800,000000000000000000000000000001111110000000000000000000000000000000111111000000000001111000000000011111000000000000000000000000000000000000001111110000000000000000000000,1,0
1329,4,TypeC,28800,000000000000000000000000000001111110000000000000000000000000000000111111000000000001111000000000011111000000000000000000000000000000000000001111110000000000000000000000,1,0
1330,3,TypeC,31300,111110000000000000000000000000000011111100000000000000000000000000000000000000000000000011111100000000000000011111000000000000000000000000001111110000000000000000000000,1,0
1331,4,TypeC,31300,111110000000000000000000000000000011111100000000000000000000000000000000000000000000000011111100000000000000011111000000000000000000000000001111110000000000000000000000,1,0
1332,3,TypeC,28300,111110000000000000000000000001111110000000000000000000000000000000000000000000000001111000000000011111000000000000000000000000000000000000000000000000000001111100000000,0,0
1333,4,TypeC,28300,111110000000000000000000000001111110000000000000000000000000000000000000000000000001111000000000011111000000000000000000000000000000000000000000000000000001111100000000,0,0
1334,0,TypeA,52600,000000000000011111111100000000000011111111110000000000011111111110000000000000000000000000000000000000000000000000000000000000111111111100000000000000111111111100000000,0,0
1335,3,TypeC,29100,000000000000000000000000000001111110000000000000000000000000000000000001111000000000000011111100000000000000011111000000000000000000000000001111110000000000000000000000,0,0
1336,4,TypeC,29100,000000000000000000000000000001111110000000000000000000000000000000000001111000000000000011111100000000000000011111000000000000000000000000001111110000000000000000000000,0,0
1337,3,TypeC,27800,000000000000000000000000000001111110000000000000000000000000000000000000000000000001111000000000011111000000000000000000000111110000000000001111110000000000000000000000,1,0
1338,4,TypeC,27800,000000000000000000000000000001111110000000000000000000000000000000000000000000000001111000000000011111000000000000000000000111110000000000001111110000000000000000000000,1,0
1339,0,TypeA,51300,000000001111111111000000000000011111111110000000000000011111111100000000000000000000000000000000000000000000000000000000000000111111111000000000000000111111111100000000,0,0
1340,1,TypeB,43800,000000000000000000000000000000000000011111111000000000000111111100000000000000111111110000000000000000000000000000000000000000011111111000000000000000000001111111100000,0,0
1341,2,TypeB,43800,000000000000000000000000000000000000011111111000000000000111111100000000000000111111110000000000000000000000000000000000000000011111111000000000000000000001111111100000,0,0
1342,3,TypeC,28000,000000000000000000000000000001111110000000000000000000000000011111000000000000000001111000000000011111000000000000000000000000000000000000001111100000000000000000000000,0,0
1343,4,TypeC,28000,000000000000000000000000000001111110000000000000000000000000011111000000000000000001111000000000011111000000000000000000000000000000000000001111100000000000000000000000,0,0
1344,0,TypeA,55500,000000001111111111000000000001111111110000000000011111111100000000000000000000000000000000111111111100000000000000000000000000000000111111111100000000000000000000000000,1,0
1345,3,TypeC,30200,000000000000000000000000000001111110000000000000000000000000000000000000000000000001111000000000011111000000000000000000000000000000111110000000000000111111000000000000,0,0
1346,4,TypeC,30200,000000000000000000000000000001111110000000000000000000000000000000000000000000000001111000000000011111000000000000000000000000000000111110000000000000111111000000000000,0,0
1347,3,TypeC,28800,111111000000000000000000000001111110000000000000000000000000000000000000000000000001111000000000011111000000000000000000000000000000000000001111110000000000000000000000,1,0
1348,4,TypeC,28800,111111000000000000000000000001111110000000000000000000000000000000000000000000000001111000000000011111000000000000000000000000000000000000001111110000000000000000000000,1,1
1349,0,TypeA,50700,000000001111111111000000000000011111111110000000000000011111111100000000000000000000000000000000000000000000000000000000000000011111111110000000000000011111111100000000,0,0
1350,3,TypeC,32900,000000000000000000000000000000000011111100000000000000000000000000000000000000000000000011111100000000000000011111000000000000000000000000000111111000000000000111111000,0,0
1351,4,TypeC,32900,000000000000000000000000000000000011111100000000000000000000000000000000000000000000000011111100000000000000011111000000000000000000000000000111111000000000000111111000,0,0
1352,3,TypeC,29400,000000000000000000000000000001111110000000000000000000000000000000000000000000000001111000000000011111000000000000000000000000000000000000000111111000000000000111111000,0,0
1353,4,TypeC,29400,000000000000000000000000000001111110000000000000000000000000000000000000000000000001111000000000011111000000000000000000000000000000000000000111111000000000000111111000,0,0
1354,3,TypeC,29600,000000000000000000000000000001111110000000000000000000000000000000000000000000000001111000000000011111000000000000000000000000000000011111000000000000000000000111111000,1,0
1355,4,TypeC,29600,000000000000000000000000000001111110000000000000000000000000000000000000000000000001111000000000011111000000000000000000000000000000011111000000000000000000000111111000,1,0
1356,1,TypeB,43800,000000000000000000000000000000000111111110000000000000011111110000000000000000000001111111100000000000000000000000000000000000000000011111111000000000000001111111100000,0,0
1357,2,TypeB,43800,000000000000000000000000000000000111111110000000000000011111110000000000000000000001111111100000000000000000000000000000000000000000011111111000000000000001111111100000,0,0
1358,3,TypeC,29900,000000000000000000000000000000000011111100000000000000000000000000000000000111100000000001111100000000000000011111000000000000000000000000000000000000111111000000000000,0,0
1359,4,TypeC,29900,000000000000000000000000000000000011111100000000000000000000000000000000000111100000000001111100000000000000011111000000000000000000000000000000000000111111000000000000,0,0
1360,0,TypeA,56800,000000000000011111111100000000000000000011111111110000000000000111111111100000000000000000000000011111111110000000000000000000000000000000000000000000000001111111111000,0,0
1361,1,TypeB,41400,000000000000000000000000000000000011111111000000000000011111110000000001111111100000000000000000000111111110000000000000000000000000000000000000000000001111111100000000,0,0
1362,2,TypeB,41400,000000000000000000000000000000000011111111000000000000011111110000000001111111100000000000000000000111111110000000000000000000000000000000000000000000001111111100000000,0,0
1363,3,TypeC,29300,000000000000000000000000000000000001111110000000000000000000000000000000000000000001111000000000000000000000011111000000000000000000011110000000000000001111000000000000,0,0
1364,4,TypeC,29300,000000000000000000000000000000000001111110000000000000000000000000000000000000000001111000000000000000000000011111000000000000000000011110000000000000001111000000000000,0,0
1365,0,TypeA,49300,000000000000011111111100000000000000000000000000000000011111111100000000000000000001111111100000000000011111111110000000000000000000011111111110000000000000000000000000,0,0
1366,1,TypeB,42800,000000000000000000000000000000000000011111111000000000011111110000000000111111100000000000000000000000000000000000000000000000000000011111111000000000000001111111100000,0,0
1367,2,TypeB,42800,000000000000000000000000000000000000011111111000000000011111110000000000111111100000000000000000000000000000000000000000000000000000011111111000000000000001111111100000,0,0
1368,3,TypeC,26300,000000000000000000000000000000000000000000000000000000000000000000000000000111100000000001111100000000000111110000000000000000000000011100000000000000111111000000000000,0,0
1369,4,TypeC,26300,000000000000000000000000000000000000000000000000000000000000000000000000000111100000000001111100000000000111110000000000000000000000011100000000000000111111000000000000,0,0
1370,0,TypeA,53100,000000000000011111111100000000000000000000000000000000011111111100000000000000000000000000000000011111111110000000000000000000011111111110000000000000000001111111111000,0,0
1371,1,TypeB,43800,000000000000000000000000000000000000000000000000000000011111110000000001111111100000000000000000000000000111111110000000000000011111111000000000000000001111111100000000,1,0
1372,2,TypeB,43800,000000000000000000000000000000000000000000000000000000011111110000000001111111100000000000000000000000000111111110000000000000011111111000000000000000001111111100000000,1,0
1373,3,TypeC,27700,000000000000000000000000000000000000000000000000000000000000000000001111000000000001111000000000000000000111110000000000000111111000000000000000000111111000000000000000,0,0
1374,4,TypeC,27700,000000000000000000000000000000000000000000000000000000000000000000001111000000000001111000000000000000000111110000000000000111111000000000000000000111111000000000000000,0,0
1375,0,TypeA,54500,000000001111111111000000000000011111111110000000000000011111111110000000000000000000000000000000011111111110000000000000000000000000000000000000000000000001111111111000,0,0
1376,1,TypeB,42500,000000000001111111000000000000000000000000000000000000000000000000000001111111100000000000000000000111111110000000000000111111110000000000001111111000000000000000000000,0,0
1377,2,TypeB,42500,000000000001111111000000000000000000000000000000000000000000000000000001111111100000000000000000000111111110000000000000111111110000000000001111111000000000000000000000,0,0
1378,3,TypeC,29000,000000000000000000000000000000000001111110000000000000000000000000000000000000000001111000000000000000000011110000000000000000000000011100000000000000111111000000000000,0,0
1379,4,TypeC,29000,000000000000000000000000000000000001111110000000000000000000000000000000000000000001111000000000000000000011110000000000000000000000011100000000000000111111000000000000,0,0
1380,0,TypeA,52700,000000001111111111000000000001111111110000000000000000011111111100000000000000000000000000000000011111111100000000000000000000000000011111111110000000000000000000000000,0,0
1381,1,TypeB,39400,000000000000000000000000000000011111110000000000000000011111110000000001111111100000000000000000000111111100000000000000000000011111111000000000000000000000000000000000,0,0
1382,2,TypeB,39400,000000000000000000000000000000011111110000000000000000011111110000000001111111100000000000000000000111111100000000000000000000011111111000000000000000000000000000000000,0,0
1383,3,TypeC,28500,000000000000000000000000000000000000000000000000000000000000000000011111100000000001111000000000000000000111110000000000000000000000011100000000000000111111000000000000,0,0
1384,4,TypeC,28500,000000000000000000000000000000000000000000000000000000000000000000011111100000000001111000000000000000000111110000000000000000000000011100000000000000111111000000000000,0,0
1385,0,TypeA,51900,000000000000011111111100000000000000000000000000000000011111111110000000000000000000011111111100000000000000000000000000000000000000111111111100000000000001111111111000,0,0
1386,1,TypeB,42800,000000000000000000000000000000000000000000000000000000011111110000000000000000000001111111100000000000011111110000000000000000000000011111111000000000000001111111100000,0,0
1387,2,TypeB,42800,000000000000000000000000000000000000000000000000000000011111110000000000000000000001111111100000000000011111110000000000000000000000011111111000000000000001111111100000,0,0
1388,3,TypeC,32600,000000000000000000000000000000000001111100000000000000000000000000000000000000000001111000000000000000000111110000000000000000000000111111000000000000111111000000000000,0,0
1389,4,TypeC,32600,000000000000000000000000000000000001111100000000000000000000000000000000000000000001111000000000000000000111110000000000000000000000111111000000000000111111000000000000,0,0
1390,0,TypeA,54800,000011111111110000000000000001111111110000000000011111111100000000000000000000000000000000000000011111111100000000000000000000000000000000000000000000001111111111000000,0,0
1391,1,TypeB,42800,000000000000000000000000000000000000000000000000000000011111110000000001111111100000000000000000000111111100000000000000000000011111111000000000000000000001111111100000,0,0
1392,2,TypeB,42800,000000000000000000000000000000000000000000000000000000011111110000000001111111100000000000000000000111111100000000000000000000011111111000000000000000000001111111100000,0,0
1393,3,TypeC,32100,000000000000000000000000000000000001111110000000000000000000000000000000000000000001111000000000000000000111110000000000000000000000000000001111110000000000000111111000,1,0
1394,4,TypeC,32100,000000000000000000000000000000000001111110000000000000000000000000000000000000000001111000000000000000000111110000000000000000000000000000001111110000000000000111111000,1,0
1395,0,TypeA,52700,000000111111111100000000000001111111110000000000000000011111111100000000000000111111111000000000000000000000000000000000000000000000000000000000001111111111000000000000,1,0
1396,3,TypeC,27400,000000000000000001111100000000000000000000000000000001111100000000000000000000000001111000000000011111000000000000000000000000000000000000000000000000111111000000000000,0,0
1397,4,TypeC,27400,000000000000000001111100000000000000000000000000000001111100000000000000000000000001111000000000011111000000000000000000000000000000000000000000000000111111000000000000,0,0
1398,1,TypeB,41800,000000000000000111111100000000000000000000000000000000000000000000000000111111100000000000000111111100000000000000000000000000011111111000000000000000001111111100000000,0,0
1399,2,TypeB,41800,000000000000000111111100000000000000000000000000000000000000000000000000111111100000000000000111111100000000000000000000000000011111111000000000000000001111111100000000,0,0
1400,3,TypeC,27300,000000000000000001111100000000000000000000000000000011111100000000000000000000000001111000000000000000000000000000000000000000000000011100000000000000111111000000000000,0,0
1401,4,TypeC,27300,000000000000000001111100000000000000000000000000000011111100000000000000000000000001111000000000000000000000000000000000000000000000011100000000000000111111000000000000,0,0
1402,1,TypeB,39400,000000000001111111000000000000000000000000000000000000011111110000000001111111100000000000000111111100000000000000000000000000000000011111111000000000000000000000000000,1,0
1403,2,TypeB,39400,000000000001111111000000000000000000000000000000000000011111110000000001111111100000000000000111111100000000000000000000000000000000011111111000000000000000000000000000,1,0
1404,3,TypeC,28300,000000000000000001111100000000000000000000000000000000000000000000011111000000000001111000000000000000000000011111000000000000000000000000000000000000111111000000000000,0,0
1405,4,TypeC,28300,000000000000000001111100000000000000000000000000000000000000000000011111000000000001111000000000000000000000011111000000000000000000000000000000000000111111000000000000,0,0
1406,0,TypeA,52200,000000111111111000000000000000011111111110000000000000011111111110000000000000111111111000000000000000000000000000000000000000000000011111111110000000000000000000000000,0,0
1407,1,TypeB,41400,111111110000000000000000000000000000000000000000000000011111110000000001111111100000000000000000000000000111111110000000000000000000011111111000000000000000000000000000,1,0
1408,2,TypeB,41400,111111110000000000000000000000000000000000000000000000011111110000000001111111100000000000000000000000000111111110000000000000000000011111111000000000000000000000000000,1,0
1409,3,TypeC,27300,000000000000000001111100000000000000011110000000000000000000000000011111000000000001111000000000000000000000000000000000000000000000000000000000000000111111000000000000,0,0
1410,4,TypeC,27300,000000000000000001111100000000000000011110000000000000000000000000011111000000000001111000000000000000000000000000000000000000000000000000000000000000111111000000000000,0,0
1411,0,TypeA,52300,000000001111111111000000000000011111111110000000000000011111111110000000000000111111111000000000000000000000000000000000000000000000111111111100000000000000000000000000,1,0
1412,1,TypeB,40500,000000000001111111000000000000000000000000000000000000000000000000000000111111100000000000000111111100000000000000000000111111110000000000001111111000000000000000000000,0,0
1413,2,TypeB,40500,000000000001111111000000000000000000000000000000000000000000000000000000111111100000000000000111111100000000000000000000111111110000000000001111111000000000000000000000,0,0
1414,3,TypeC,30900,000000000000000001111100000000000000000000000000000011111100000000000000000000000001111000000000000000000000000000000000000000000000111111000000000000111111000000000000,1,0
1415,4,TypeC,30900,000000000000000001111100000000000000000000000000000011111100000000000000000000000001111000000000000000000000000000000000000000000000111111000000000000111111000000000000,1,0
1416,0,TypeA,51600,000000111111111000000000000000011111111110000000000000011111111100000000000000000000000000000000000000011111111110000000000000000000000000000000000000111111111100000000,0,0
1417,1,TypeB,38100,000000000001111111000000000000000000000000000000000000011111110000000000111111100000000000000000000000000111111110000000000000000000000000000000000001111111000000000000,0,0
1418,2,TypeB,38100,000000000001111111000000000000000000000000000000000000011111110000000000111111100000000000000000000000000111111110000000000000000000000000000000000001111111000000000000,0,0
1419,3,TypeC,28100,000000000000000001111100000000000000000000000000000000000000000000011111100000000001111000000000011111000000000000000000000000000000000000000000000000111111000000000000,0,0
1420,4,TypeC,28100,000000000000000001111100000000000000000000000000000000000000000000011111100000000001111000000000011111000000000000000000000000000000000000000000000000111111000000000000,0,0
1421,0,TypeA,50900,000000001111111111000000000000011111111110000000000000011111111110000000000000000000000000000000000000000000000000000000000000011111111000000000000111111111000000000000,0,0
1422,1,TypeB,41500,000000000000000000000000000000000000000000000000000000011111110000000001111111100000000000000111111100000000000000000000000000011111111000000000000001111111000000000000,1,0
1423,2,TypeB,41500,000000000000000000000000000000000000000000000000000000011111110000000001111111100000000000000111111100000000000000000000000000011111111000000000000001111111000000000000,1,0
1424,3,TypeC,27500,000000000000000001111100000000000000000000000000000011111100000000000000000000000001111000000000011111000000000000000000000000000000000000000000000111111000000000000000,1,0
1425,4,TypeC,27500,000000000000000001111100000000000000000000000000000011111100000000000000000000000001111000000000011111000000000000000000000000000000000000000000000111111000000000000000,1,0
1426,3,TypeC,30900,000000000000000001111100000000000000000000000000000011111100000000000000000000000001111000000000000000001111110000000000000000000000000000000000000000111111000000000000,1,0
1427,4,TypeC,30900,000000000000000001111100000000000000000000000000000011111100000000000000000000000001111000000000000000001111110000000000000000000000000000000000000000111111000000000000,1,0
1428,3,TypeC,29400,111111000000000001111100000000000000000000000000000011111100000000000000000000000001111000000000000000000000000000000000000000000000000000000000000000111111000000000000,1,0
1429,4,TypeC,29400,111111000000000001111100000000000000000000000000000011111100000000000000000000000001111000000000000000000000000000000000000000000000000000000000000000111111000000000000,1,0
1430,1,TypeB,42500,000000111111110000000000000000000000000000000000000000000000000000000000000000111111110000000000000000011111110000000000111111110000000000001111111000000000000000000000,0,0
1431,2,TypeB,42500,000000111111110000000000000000000000000000000000000000000000000000000000000000111111110000000000000000011111110000000000111111110000000000001111111000000000000000000000,0,0
1432,3,TypeC,26700,111110000000000001111100000000000000000000000000000000011100000000000000000000000000000000000000000000000111110000000000000000000000000000000000000000111111000000000000,1,0
1433,4,TypeC,26700,111110000000000001111100000000000000000000000000000000011100000000000000000000000000000000000000000000000111110000000000000000000000000000000000000000111111000000000000,1,0
1434,1,TypeB,41100,000011111111000000000000000000000000000000000000000000000000011111111000000000111111110000000000000000000111111110000000000000000000000000000000000001111111000000000000,1,0
1435,2,TypeB,41100,000011111111000000000000000000000000000000000000000000000000011111111000000000111111110000000000000000000111111110000000000000000000000000000000000001111111000000000000,1,0
1436,3,TypeC,28900,000000000000000000000000000001111100000000000000000011111100000000000000000000000001111000000000000000000011110000000000000000000000000000000000000000111111000000000000,0,0
1437,4,TypeC,28900,000000000000000000000000000001111100000000000000000011111100000000000000000000000001111000000000000000000011110000000000000000000000000000000000000000111111000000000000,0,0
1438,0,TypeA,50300,000000000000011111111100000000000001111111110000000000011111111110000000000000111111111000000000000000000000000000000000000000000000000000000000000000000001111111111000,0,0
1439,1,TypeB,42800,000000000001111111000000000000000000000000000000000000000000000000000001111111100000000000000111111100000000000000000000111111110000000000000000000000001111111100000000,1,0
1440,2,TypeB,42800,000000000001111111000000000000000000000000000000000000000000000000000001111111100000000000000111111100000000000000000000111111110000000000000000000000001111111100000000,1,0
1441,3,TypeC,28300,000000000001111000000000000001111100000000000000000011111100000000000001111100000000000000000000000000000111110000000000000000000000000000000000000000000000000000000000,0,0
1442,4,TypeC,28300,000000000001111000000000000001111100000000000000000011111100000000000001111100000000000000000000000000000111110000000000000000000000000000000000000000000000000000000000,0,0
1443,0,TypeA,53300,000000111111111000000000000001111111110000000000011111111100000000000000000000000000000000000000000000000000000000000000000000111111111100000000000000111111111100000000,0,0
1444,3,TypeC,28400,000000000000000001111100000000000000000000001111110000000000000000000001111000000000000000000000000000000111110000000000000000000000000000000000000000111111000000000000,0,0
1445,4,TypeC,28400,000000000000000001111100000000000000000000001111110000000000000000000001111000000000000000000000000000000111110000000000000000000000000000000000000000111111000000000000,0,0
1446,1,TypeB,40400,000000000001111111000000000000000000011111111000000000000000000000000000000000111111110000000000000111111100000000000000111111110000000000000000000000000000000000000000,0,0
1447,2,TypeB,40400,000000000001111111000000000000000000011111111000000000000000000000000000000000111111110000000000000111111100000000000000111111110000000000000000000000000000000000000000,0,0
1448,3,TypeC,25600,000000000000000001111100000000000000000000000000000000011100000000000000000000000000000000000000000000000111110000000000000000000000111000000000000000111111000000000000,1,0
1449,4,TypeC,25600,000000000000000001111100000000000000000000000000000000011100000000000000000000000000000000000000000000000111110000000000000000000000111000000000000000111111000000000000,1,0
1450,1,TypeB,40400,000011111111000000000000000000011111110000000000011111110000000000000000000000000001111111100000000000000000000000000000000000000000000000001111111100000000000000000000,0,0
1451,2,TypeB,40400,000011111111000000000000000000011111110000000000011111110000000000000000000000000001111111100000000000000000000000000000000000000000000000001111111100000000000000000000,0,0
1452,3,TypeC,26600,000000000000000001111100000000000000000000000000000000000000011111000000000000000000000000000000000000000111110000000000111100000000000000000000000000001111000000000000,0,0
1453,4,TypeC,26600,000000000000000001111100000000000000000000000000000000000000011111000000000000000000000000000000000000000111110000000000111100000000000000000000000000001111000000000000,0,0
1454,0,TypeA,55100,000000111111111100000000000001111111110000000000011111111110000000000000000000111111111000000000000000000000000000000000000000000000000000000000111111111000000000000000,0,0
1455,1,TypeB,40100,000011111111000000000000000000011111110000000000000000000000011111111000000000111111110000000000000000000000000000000000000000000000000000001111111000000000000000000000,0,0
1456,2,TypeB,40100,000011111111000000000000000000011111110000000000000000000000011111111000000000111111110000000000000000000000000000000000000000000000000000001111111000000000000000000000,0,0
1457,3,TypeC,30700,000000000000000000000000000001111100000000001111110000000000000000000000000000000000000000000000000000000111110000000000000111111000000000000000000000111111000000000000,0,0
1458,4,TypeC,30700,000000000000000000000000000001111100000000001111110000000000000000000000000000000000000000000000000000000111110000000000000111111000000000000000000000111111000000000000,0,0
1459,1,TypeB,42400,000000111111110000000000000000000000011111111000000000000000011111111000000000111111110000000000000000000000000000000000000000000000000000000000000000001111111100000000,1,0
1460,2,TypeB,42400,000000111111110000000000000000000000011111111000000000000000011111111000000000111111110000000000000000000000000000000000000000000000000000000000000000001111111100000000,1,0
1461,3,TypeC,28300,000000000000000000000000000001111100000000000000000011111100000000000000000000000001111000000000000000000111110000000000000000000000000000000011111000000000000000000000,0,0
1462,4,TypeC,28300,000000000000000000000000000001111100000000000000000011111100000000000000000000000001111000000000000000000111110000000000000000000000000000000011111000000000000000000000,0,0
1463,1,TypeB,43800,000000111111110000000000000000000000000000000000000000000000000000111111100000000001111111100000000000000000000000000000000000011111111000000000000000001111111100000000,0,0
1464,2,TypeB,43800,000000111111110000000000000000000000000000000000000000000000000000111111100000000001111111100000000000000000000000000000000000011111111000000000000000001111111100000000,0,0
1465,3,TypeC,23500,000000000000000001111100000000000000000000000000000011111100000000000000111000000000000000000000000000000011110000000000111100000000000000000000000000000000000000000000,0,0
1466,4,TypeC,23500,000000000000000001111100000000000000000000000000000011111100000000000000111000000000000000000000000000000011110000000000111100000000000000000000000000000000000000000000,0,0
1467,1,TypeB,44800,000000011111111000000000000000000000000000000000000000000000000000000000000000111111110000000000000111111110000000000000111111110000000000000000011111111000000000000000,0,0
1468,2,TypeB,44800,000000011111111000000000000000000000000000000000000000000000000000000000000000111111110000000000000111111110000000000000111111110000000000000000011111111000000000000000,0,0
1469,3,TypeC,28600,000000000000000001111100000000000000000000000000000011111100000000000000000000000001111000000000000000000011110000000000000000000000000000000000000000111111000000000000,0,0
1470,4,TypeC,28600,000000000000000001111100000000000000000000000000000011111100000000000000000000000001111000000000000000000011110000000000000000000000000000000000000000111111000000000000,0,0
1471,0,TypeA,54300,000000001111111111000000000001111111110000000000011111111100000000000000000000000000000000000000000000000111111111100000000000000000000001111111111000000000000000000000,0,0
1472,1,TypeB,43800,000000000001111111000000000000000000000000000000000000000000000000000001111111100000000000000000000000000111111110000000000000000000011111111000000000001111111100000000,1,0
1473,2,TypeB,43800,000000000001111111000000000000000000000000000000000000000000000000000001111111100000000000000000000000000111111110000000000000000000011111111000000000001111111100000000,1,0
1474,3,TypeC,28600,000000000000000000000000000001111100000000000000000011111100000000001111000000000000000000000000000000000111110000000000000000000000000000000000000000000001111100000000,0,0
1475,4,TypeC,28600,000000000000000000000000000001111100000000000000000011111100000000001111000000000000000000000000000000000111110000000000000000000000000000000000000000000001111100000000,0,0
1476,0,TypeA,51600,000000000000011111111100000000000000000000000000000000011111111110000000000000111111111000000000000000000000000000000000000000011111111110000000000000000001111111111000,0,0
1477,1,TypeB,41400,000000000001111111000000000000000000011111111000000000000000000000000000000000111111110000000000000000000111111110000000000000000000000000001111111100000000000000000000,0,0
1478,2,TypeB,41400,000000000001111111000000000000000000011111111000000000000000000000000000000000111111110000000000000000000111111110000000000000000000000000001111111100000000000000000000,0,0
1479,3,TypeC,28700,000000000000000001111100000000000000000000000000000011111100000000001111000000000000000000000000000000000111110000000000000000000000000000000000000000111111000000000000,0,0
1480,4,TypeC,28700,000000000000000001111100000000000000000000000000000011111100000000001111000000000000000000000000000000000111110000000000000000000000000000000000000000111111000000000000,0,0
1481,1,TypeB,44800,000000111111110000000000000000000000000000000000000000000111111110000000000000111111110000000000000000000000000000000000111111110000000000001111111100000000000000000000,0,0
1482,2,TypeB,44800,000000111111110000000000000000000000000000000000000000000111111110000000000000111111110000000000000000000000000000000000111111110000000000001111111100000000000000000000,0,0
1483,3,TypeC,29600,000000000000000001111100000000000000000000000000000011111100000000000000000000000001111000000000000000000000011111000000000000000000000000000000000000111111000000000000,1,0
1484,4,TypeC,29600,000000000000000001111100000000000000000000000000000011111100000000000000000000000001111000000000000000000000011111000000000000000000000000000000000000111111000000000000,1,0
1485,0,TypeA,50900,000000000000011111111100000000000001111111110000000000011111111110000000000000111111111000000000000000000000000000000000000000000000011111111110000000000000000000000000,0,0
1486,1,TypeB,44800,000000111111110000000000000000011111111000000000000000000000000000000000000000111111110000000000000000000000000000000000111111110000000000001111111100000000000000000000,0,0
1487,2,TypeB,44800,000000111111110000000000000000011111111000000000000000000000000000000000000000111111110000000000000000000000000000000000111111110000000000001111111100000000000000000000,0,0
1488,3,TypeC,32200,000000000000000000000000000001111100000000000000000000000000111111000000000000000000000000000000000000000111110000000000000111111000000000000000000000111111000000000000,0,0
1489,4,TypeC,32200,000000000000000000000000000001111100000000000000000000000000111111000000000000000000000000000000000000000111110000000000000111111000000000000000000000111111000000000000,0,0
1490,0,TypeA,51900,000000000000011111111100000000000011111111110000000000011111111110000000000000111111111000000000000000000000000000000000000000000000011111111110000000000000000000000000,0,0
1491,1,TypeB,40400,000000000001111111000000000000011111111000000000000000000000000000000001111111100000000000000111111100000000000000000000000000000000011111111000000000000000000000000000,1,0
1492,2,TypeB,40400,000000000001111111000000000000011111111000000000000000000000000000000001111111100000000000000111111100000000000000000000000000000000011111111000000000000000000000000000,1,0
1493,3,TypeC,28600,000000000000000001111100000000000000000000000000000000000000000000011111000000000001111000000000000000000111110000000000000000000000000000000000000000111111000000000000,0,0
1494,4,TypeC,28600,000000000000000001111100000000000000000000000000000000000000000000011111000000000001111000000000000000000111110000000000000000000000000000000000000000111111000000000000,0,0
1495,1,TypeB,41400,000000000001111111000000000000000000011111111000000000000000000000000001111111100000000000000000000000000111111110000000000000000000000000000000000000001111111100000000,1,0
1496,2,TypeB,41400,000000000001111111000000000000000000011111111000000000000000000000000001111111100000000000000000000000000111111110000000000000000000000000000000000000001111111100000000,1,0
1497,3,TypeC,27800,000000000000000001111100000000000000000000000000000000000000011111000000000000000001111000000000000000000111110000000000000000000000000000000000000000001111000000000000,0,0
1498,4,TypeC,27800,000000000000000001111100000000000000000000000000000000000000011111000000000000000001111000000000000000000111110000000000000000000000000000000000000000001111000000000000,0,0
1499,1,TypeB,36000,000000000001111111000000000000011111110000000000000000011111110000000000000000000001111111100000000000011111110000000000000000000000000000000000000000000000000000000000,1,0
1500,2,TypeB,36000,000000000001111111000000000000011111110000000000000000011111110000000000000000000001111111100000000000011111110000000000000000000000000000000000000000000000000000000000,1,0
1501,3,TypeC,27700,000000000000000001111100000000000000000000000000000011111100000000000000111000000000000000000000000000000111110000000000000000000000000000000000000000111111000000000000,0,0
1502,4,TypeC,27700,000000000000000001111100000000000000000000000000000011111100000000000000111000000000000000000000000000000111110000000000000000000000000000000000000000111111000000000000,0,0
1503,1,TypeB,42400,000000111111110000000000000000000000011111111000000000000000000000000000000000111111110000000000000000000111111110000000000000000000011111111000000000000000000000000000,1,0
1504,2,TypeB,42400,000000111111110000000000000000000000011111111000000000000000000000000000000000111111110000000000000000000111111110000000000000000000011111111000000000000000000000000000,1,0
1505,3,TypeC,30600,000000000000000001111100000000000000000000000000000000000000011111000000000000000000000000000000000000000111110000000000000111111000000000000000000000111111000000000000,0,0
1506,4,TypeC,30600,000000000000000001111100000000000000000000000000000000000000011111000000000000000000000000000000000000000111110000000000000111111000000000000000000000111111000000000000,0,0
1507,1,TypeB,43800,000000000000000000000000000000000000011111110000000000000000000000000000000000111111110000000000000000000111111110000000000000000000011111111000000000001111111100000000,1,0
1508,2,TypeB,43800,000000000000000000000000000000000000011111110000000000000000000000000000000000111111110000000000000000000111111110000000000000000000011111111000000000001111111100000000,1,0
1509,3,TypeC,26900,000000000000000001111100000000000000000000000000000000011100000000000000000000000001111000000000000000000111110000000000000000000000000000000000000000111111000000000000,1,0
1510,4,TypeC,26900,000000000000000001111100000000000000000000000000000000011100000000000000000000000001111000000000000000000111110000000000000000000000000000000000000000111111000000000000,1,0
1511,1,TypeB,40400,000000000001111111000000000000000000011111111000000000000000000000000000000000000001111111100000000000011111110000000000111111110000000000000000000000000000000000000000,1,0
1512,2,TypeB,40400,000000000001111111000000000000000000011111111000000000000000000000000000000000000001111111100000000000011111110000000000111111110000000000000000000000000000000000000000,1,0
1513,3,TypeC,29700,000000000000000001111100000000000000000000000000000011111100000000000001111100000000000000000000000000000111110000000000000000000000000000000000000000111111000000000000,0,0
1514,4,TypeC,29700,000000000000000001111100000000000000000000000000000011111100000000000001111100000000000000000000000000000111110000000000000000000000000000000000000000111111000000000000,0,0
1515,1,TypeB,41400,000011111111000000000000000000011111110000000000000000000000000000000000000000111111110000000000000000000111111110000000000000011111111000000000000000000000000000000000,1,0
1516,2,TypeB,41400,000011111111000000000000000000011111110000000000000000000000000000000000000000111111110000000000000000000111111110000000000000011111111000000000000000000000000000000000,1,0
1517,3,TypeC,29800,000000000000000000000000000001111100000000000000000011111100000000000000000000000001111000000000000000000111110000000000000000000000000000000000000000000001111100000000,0,0
1518,4,TypeC,29800,000000000000000000000000000001111100000000000000000011111100000000000000000000000001111000000000000000000111110000000000000000000000000000000000000000000001111100000000,0,0
1519,0,TypeA,50000,000000001111111111000000000000011111111110000000000000011111111110000000000000111111111000000000000000000000000000000000000000011111111000000000000000000000000000000000,0,0
1520,1,TypeB,39400,000000000001111111000000000000011111110000000000000000000000000000000001111111100000000000000111111100000000000000000000111111110000000000000000000000000000000000000000,1,0
1521,2,TypeB,39400,000000000001111111000000000000011111110000000000000000000000000000000001111111100000000000000111111100000000000000000000111111110000000000000000000000000000000000000000,1,0
1522,3,TypeC,30200,000000000000000000000000000001111100000000000000000011111100000000000000000000000001111000000000000000000111110000000000000000000000000000000000000000111111000000000000,0,0
1523,4,TypeC,30200,000000000000000000000000000001111100000000000000000011111100000000000000000000000001111000000000000000000111110000000000000000000000000000000000000000111111000000000000,0,0
1524,1,TypeB,40400,000000000001111111000000000000011111110000000000000000000000000000000000000000111111110000000000000000000111111110000000000000000000000000000000000000000001111111100000,0,0
1525,2,TypeB,40400,000000000001111111000000000000011111110000000000000000000000000000000000000000111111110000000000000000000111111110000000000000000000000000000000000000000001111111100000,0,0
1526,3,TypeC,29500,000000000000000001111100000000000000000000000000000011111100000000000000000000000001111000000000000000000111110000000000000000000000000000000000000000000001111100000000,0,0
1527,4,TypeC,29500,000000000000000001111100000000000000000000000000000011111100000000000000000000000001111000000000000000000111110000000000000000000000000000000000000000000001111100000000,0,0
1528,1,TypeB,42400,000000111111110000000000000000000000011111111000000000000000000000000000000000111111110000000000000000000111111110000000000000011111111000000000000000000000000000000000,1,0
1529,2,TypeB,42400,000000111111110000000000000000000000011111111000000000000000000000000000000000111111110000000000000000000111111110000000000000011111111000000000000000000000000000000000,1,0
1530,3,TypeC,27800,111110000000000001111100000000000000000000000000000011111100000000000000000000000000000000000000000000000111110000000000000000000000000000000011111000000000000000000000,0,0
1531,4,TypeC,27800,111110000000000001111100000000000000000000000000000011111100000000000000000000000000000000000000000000000111110000000000000000000000000000000011111000000000000000000000,0,0
1532,1,TypeB,41400,000000111111110000000000000000000011111111000000000000000000000000000001111111100000000000000111111100000000000000000000111111110000000000000000000000000000000000000000,0,0
1533,2,TypeB,41400,000000111111110000000000000000000011111111000000000000000000000000000001111111100000000000000111111100000000000000000000111111110000000000000000000000000000000000000000,0,0
1534,3,TypeC,28000,000000000000000001111100000000000000000000000000000011111100000000000000000000000001111000000000000000000111110000000000000000000000000000000011111000000000000000000000,0,0
1535,4,TypeC,28000,000000000000000001111100000000000000000000000000000011111100000000000000000000000001111000000000000000000111110000000000000000000000000000000011111000000000000000000000,0,0
1536,0,TypeA,52200,000000000000011111111100000000000000000000000000000000011111111110000000000000111111111000000000000000000000000000000000000000111111111100000000000000111111111100000000,0,0
1537,1,TypeB,41400,000000111111110000000000000000000011111110000000000000000000000000000000000000111111110000000000000000000111111110000000000000011111111000000000000000000000000000000000,0,0
1538,2,TypeB,41400,000000111111110000000000000000000011111110000000000000000000000000000000000000111111110000000000000000000111111110000000000000011111111000000000000000000000000000000000,0,0
1539,3,TypeC,29700,111110000000000001111100000000000000000000000000000011111100000000000000000000000000000000000000000000000111110000000000000000000000000000000000000000111111000000000000,1,0
1540,4,TypeC,29700,111110000000000001111100000000000000000000000000000011111100000000000000000000000000000000000000000000000111110000000000000000000000000000000000000000111111000000000000,1,0
1541,1,TypeB,43800,000000000001111111000000000000000000011111111000000000000000000000000000000000111111110000000000000000000000000000000000111111110000000000000000000000000001111111100000,0,0
1542,2,TypeB,43800,000000000001111111000000000000000000011111111000000000000000000000000000000000111111110000000000000000000000000000000000111111110000000000000000000000000001111111100000,0,0
1543,3,TypeC,30500,000000000000000001111100000000000000000000000000000011111100000000000000000000000001111000000000000000000111110000000000000000000000000000000000000000001111110000000000,0,0
1544,4,TypeC,30500,000000000000000001111100000000000000000000000000000011111100000000000000000000000001111000000000000000000111110000000000000000000000000000000000000000001111110000000000,0,0
1545,0,TypeA,54900,000000001111111111000000000001111111110000000000011111111110000000000000000000111111111000000000000000000000000000000000000000000000000000000000001111111111000000000000,0,0
1546,1,TypeB,43800,000000000000000000000000000000000011111110000000000000000000011111111000000000111111110000000000000000000000000000000000111111110000000000000000000000000001111111100000,0,0
1547,2,TypeB,43800,000000000000000000000000000000000011111110000000000000000000011111111000000000111111110000000000000000000000000000000000111111110000000000000000000000000001111111100000,0,0
1548,3,TypeC,30200,000000000000000001111100000000000000000000000000000001111110000000000000000000000001111000000000000000000111110000000000000000000000000000000000000000111111000000000000,0,0
1549,4,TypeC,30200,000000000000000001111100000000000000000000000000000001111110000000000000000000000001111000000000000000000111110000000000000000000000000000000000000000111111000000000000,0,0
1550,1,TypeB,42800,000000000001111111000000000000000000000000000000000000000000000000000000000000111111110000000000000111111100000000000000000000011111111000000000011111111000000000000000,0,0
1551,2,TypeB,42800,000000000001111111000000000000000000000000000000000000000000000000000000000000111111110000000000000111111100000000000000000000011111111000000000011111111000000000000000,0,0
1552,3,TypeC,28600,000000000000000001111100000000000000000000000000000011111100000000000000000000000000000000000000000000000111110000000000000000000000111000000000000000111111000000000000,1,0
1553,4,TypeC,28600,000000000000000001111100000000000000000000000000000011111100000000000000000000000000000000000000000000000111110000000000000000000000111000000000000000111111000000000000,1,0
1554,0,TypeA,57700,000000000000011111111100000000000000000011111111110000000000000111111111100000000000000000111111111100000000000000000000000000000000011111111110000000000000000000000000,0,0
1555,1,TypeB,40400,000000111111110000000000000000000000011111110000000000000000000000000001111111100000000000000111111100000000000000000000111111110000000000000000000000000000000000000000,1,0
1556,2,TypeB,40400,000000111111110000000000000000000000011111110000000000000000000000000001111111100000000000000111111100000000000000000000111111110000000000000000000000000000000000000000,1,0
1557,3,TypeC,30700,000000000000000001111100000000000000000000000000000011111100000000000000000000000000000000000000000000000111110000000000000111111000000000000000000000111111000000000000,1,0
1558,4,TypeC,30700,000000000000000001111100000000000000000000000000000011111100000000000000000000000000000000000000000000000111110000000000000111111000000000000000000000111111000000000000,1,0
1559,1,TypeB,44800,000000111111110000000000000000011111111000000000000000000000000000000000000000111111110000000000000000000000000000000000111111110000000000000000000000001111111100000000,1,0
1560,2,TypeB,44800,000000111111110000000000000000011111111000000000000000000000000000000000000000111111110000000000000000000000000000000000111111110000000000000000000000001111111100000000,1,0
1561,3,TypeC,29900,000000000000000001111100000000000000000000000000000011111100000000000000000000000001111000000000000000000111110000000000000000000000000000000000000000111111000000000000,1,0
1562,4,TypeC,29900,000000000000000001111100000000000000000000000000000011111100000000000000000000000001111000000000000000000111110000000000000000000000000000000000000000111111000000000000,1,0
1563,0,TypeA,55400,000000111111111100000000000001111111111000000000000000011111111110000000000000000000000000000000000000011111111110000000000000000000000000000000001111111111000000000000,1,0
1564,1,TypeB,40400,000000000000000000000000000000011111111000000000011111110000000000000001111111100000000000000000000000011111110000000000111111110000000000000000000000000000000000000000,1,0
1565,2,TypeB,40400,000000000000000000000000000000011111111000000000011111110000000000000001111111100000000000000000000000011111110000000000111111110000000000000000000000000000000000000000,1,0
1566,3,TypeC,32800,111111000000000000000000000000000011111100000000000000000000011111100000000000000000000000000000000000000011110000000000000000000000000000000000000000000000000111111000,0,0
1567,4,TypeC,32800,111111000000000000000000000000000011111100000000000000000000011111100000000000000000000000000000000000000011110000000000000000000000000000000000000000000000000111111000,0,0
1568,0,TypeA,48300,000000011111111100000000000001111111110000000000000000011111111100000000000000000000000000000000000000000000000000000000000000011111111000000000000000001111111111000000,0,0
1569,3,TypeC,32000,111111000000000000000000000000000000000000000000000000000000011111100000000000000000000000000111110000000000011111100000000000000000000000000000000000000000000111111000,0,0
1570,4,TypeC,32000,111111000000000000000000000000000000000000000000000000000000011111100000000000000000000000000111110000000000011111100000000000000000000000000000000000000000000111111000,0,0
1571,0,TypeA,51300,000000111111111100000000000001111111110000000000000000011111111110000000000000000000000000000000000000000111111111100000000000000000000000000000000000011111111100000000,0,0
1572,3,TypeC,30600,111111000000000000000000000000000011111100000000000000000000000000000000000000000000000000000000000000000011110000000000000111110000000000000000000000000000000111111000,0,0
1573,4,TypeC,30600,111111000000000000000000000000000011111100000000000000000000000000000000000000000000000000000000000000000011110000000000000111110000000000000000000000000000000111111000,0,0
1574,0,TypeA,51200,000000111111111100000000000001111111110000000000000000011111111110000000000000000000000000000000000000000000000000000000000000011111111000000000000000111111111100000000,0,0
1575,3,TypeC,31000,111111000000000000000000000000000000000000000000000000000000011111000000000000000000000000000111110000000000011111100000000000000000000000000000000000000000000111111000,0,0
1576,4,TypeC,31000,111111000000000000000000000000000000000000000000000000000000011111000000000000000000000000000111110000000000011111100000000000000000000000000000000000000000000111111000,0,0
1577,0,TypeA,49600,000000111111111100000000000001111111110000000000000000011111111100000000000000000000000000000000000000000000000000000000000000011111111000000000000000001111111111000000,0,0
1578,3,TypeC,31000,000000000000000000000000000000000011111100000000000000000000011111000000000000000000000000000000000000000111110000000000000000000000011100000000000000000000000111111000,0,0
1579,4,TypeC,31000,000000000000000000000000000000000011111100000000000000000000011111000000000000000000000000000000000000000111110000000000000000000000011100000000000000000000000111111000,0,0
1580,0,TypeA,54700,000000000000011111111100000000000000000011111111110000000000000111111111100000000000000000000000000000000111111111100000000000000000111111111100000000000000000000000000,0,0
1581,1,TypeB,41400,000000000000000000000000000001111111000000000000000000000000011111111000000000000001111111100000000000000111111110000000000000011111111000000000000000000000000000000000,0,0
1582,2,TypeB,41400,000000000000000000000000000001111111000000000000000000000000011111111000000000000001111111100000000000000111111110000000000000011111111000000000000000000000000000000000,0,0
1583,3,TypeC,31100,111111000000000000000000000000000000000000000000000000000000000000111111000000000000000000000111110000000000000000000000000000000000111111000000000000000000000111111000,0,0
1584,4,TypeC,31100,111111000000000000000000000000000000000000000000000000000000000000111111000000000000000000000111110000000000000000000000000000000000111111000000000000000000000111111000,0,0
1585,0,TypeA,51800,000000111111111100000000000001111111110000000000000000000000000111111111000000000000000000000000000000011111111110000000000000000000000000000000000000011111111100000000,0,0
1586,1,TypeB,40400,000000000001111111000000000000000000000000000000000000000111111110000000000000000001111111100000000000011111110000000000111111110000000000000000000000000000000000000000,0,0
1587,2,TypeB,40400,000000000001111111000000000000000000000000000000000000000111111110000000000000000001111111100000000000011111110000000000111111110000000000000000000000000000000000000000,0,0
1588,3,TypeC,28400,111111000000000000000000000000000000000000000000000001111100000000000001111000000000000000000000000000000111110000000000000000000000000000000000000000000000000111111000,0,0
1589,4,TypeC,28400,111111000000000000000000000000000000000000000000000001111100000000000001111000000000000000000000000000000111110000000000000000000000000000000000000000000000000111111000,0,0
1590,0,TypeA,51600,000000111111111100000000000001111111110000000000000000011111111110000000000000000000000000000000000000000111111111000000000000000000000000000000000000111111111100000000,0,0
1591,1,TypeB,37000,000000000001111111000000000000011111110000000000011111110000000000011111111000000000000000000000000000000111111110000000000000000000000000000000000000000000000000000000,0,0
1592,2,TypeB,37000,000000000001111111000000000000011111110000000000011111110000000000011111111000000000000000000000000000000111111110000000000000000000000000000000000000000000000000000000,0,0
1593,3,TypeC,29700,111111000000000000000000000000000000000000000000000000011110000000000000000000000000000011111100000000000000011111000000000000000000000000000000000000000000000111111000,0,0
1594,4,TypeC,29700,111111000000000000000000000000000000000000000000000000011110000000000000000000000000000011111100000000000000011111000000000000000000000000000000000000000000000111111000,0,0
1595,0,TypeA,53200,000000111111111100000000000001111111110000000000000000011111111110000000000000000000000000000000000000011111111110000000000000000000000000000000000000111111111100000000,0,0
1596,1,TypeB,38000,000000000001111111000000000000011111110000000000000000000000011111111000000000000001111111100000000000000011111111000000000000000000000000000000000000000000000000000000,0,0
1597,2,TypeB,38000,000000000001111111000000000000011111110000000000000000000000011111111000000000000001111111100000000000000011111111000000000000000000000000000000000000000000000000000000,0,0
1598,3,TypeC,27400,111111000000000000000000000000000000000000000000000000011100000000000000000000000000000011111100000000000011110000000000000000000000000000000000000000000000000111111000,0,0
1599,4,TypeC,27400,111111000000000000000000000000000000000000000000000000011100000000000000000000000000000011111100000000000011110000000000000000000000000000000000000000000000000111111000,0,0
1600,0,TypeA,51900,000000111111111100000000000001111111111000000000000000011111111100000000000000000000000000000000000000011111111110000000000000000000000000000000000000011111111100000000,0,0
1601,1,TypeB,40400,000000000001111111000000000000000000000000000000000000000000011111111000000000111111110000000000000000011111110000000000111111110000000000000000000000000000000000000000,1,0
1602,2,TypeB,40400,000000000001111111000000000000000000000000000000000000000000011111111000000000111111110000000000000000011111110000000000111111110000000000000000000000000000000000000000,1,0
1603,3,TypeC,30000,111111000000000000000000000000000011111100000000000001111100000000000000000000000000000000000111110000000000000000000000000000000000000000000000000000011111000000000000,0,0
1604,4,TypeC,30000,111111000000000000000000000000000011111100000000000001111100000000000000000000000000000000000111110000000000000000000000000000000000000000000000000000011111000000000000,0,0
1605,0,TypeA,53200,000000111111111100000000000001111111111000000000000000011111111100000000000000000000000000000000000000000000000000000000000000000000111111111100000000000001111111111000,1,0
1606,1,TypeB,40400,000000000001111111000000000000000000000000000000011111110000000000000001111111100000000000111111110000000000000000000000111111110000000000000000000000000000000000000000,0,0
1607,2,TypeB,40400,000000000001111111000000000000000000000000000000011111110000000000000001111111100000000000111111110000000000000000000000111111110000000000000000000000000000000000000000,0,0
1608,3,TypeC,26800,111111000000000000000000000000000000000000000000000000000000000000000001111000000000000000000111110000000000011110000000000000000000000000000000000000000000000111111000,0,0
1609,4,TypeC,26800,111111000000000000000000000000000000000000000000000000000000000000000001111000000000000000000111110000000000011110000000000000000000000000000000000000000000000111111000,0,0
1610,0,TypeA,50300,000000111111111100000000000001111111110000000000000000011111111100000000000000000000000000000000000000000111111111100000000000000000000000000000000000011111111100000000,0,0
1611,1,TypeB,41400,000000001111111100000000000000011111110000000000000000000000011111111000000000000001111111100000000000000000000000000000000000011111111000000000000000000000000000000000,1,0
1612,2,TypeB,41400,000000001111111100000000000000011111110000000000000000000000011111111000000000000001111111100000000000000000000000000000000000011111111000000000000000000000000000000000,1,0
1613,3,TypeC,29700,111111000000000000000000000000000000000000000000000001111100000000000000000000000000000000000111110000000000000000000000000000000000111111000000000000011111000000000000,0,0
1614,4,TypeC,29700,111111000000000000000000000000000000000000000000000001111100000000000000000000000000000000000111110000000000000000000000000000000000111111000000000000011111000000000000,0,0
1615,0,TypeA,52200,000000111111111100000000000001111111110000000000000000011111111110000000000000000000000000000000000000000000000000000000000000111111111100000000000000011111111100000000,0,0
1616,1,TypeB,38000,000000000001111111000000000000000000011111111000000000000000011111111000000000000001111111100000000000011111110000000000000000000000000000000000000000000000000000000000,1,0
1617,2,TypeB,38000,000000000001111111000000000000000000011111111000000000000000011111111000000000000001111111100000000000011111110000000000000000000000000000000000000000000000000000000000,1,0
1618,3,TypeC,31600,111111000000000000000000000000000000000000000000000000000000011111000000000000000000000011111100000000000111110000000000000000000000000000000000000000000000000111111000,0,0
1619,4,TypeC,31600,111111000000000000000000000000000000000000000000000000000000011111000000000000000000000011111100000000000111110000000000000000000000000000000000000000000000000111111000,0,0
1620,0,TypeA,49900,000000111111111100000000000001111111110000000000000000011111111100000000000000000000000000000000000000000000000000000000000000011111111100000000000000011111111100000000,0,0
1621,1,TypeB,41400,000000001111111100000000000000000000011111111000000000000000000000000001111111100000000000000111111100000000000000000000000000000000000000000000000000000001111111100000,0,0
1622,2,TypeB,41400,000000001111111100000000000000000000011111111000000000000000000000000001111111100000000000000111111100000000000000000000000000000000000000000000000000000001111111100000,0,0
1623,3,TypeC,31400,111111000000000000000000000000000011111100000000000000000000000000000000000000000000000000000000000000000111110000000000000000000000111100000000000000011111000000000000,0,0
1624,4,TypeC,31400,111111000000000000000000000000000011111100000000000000000000000000000000000000000000000000000000000000000111110000000000000000000000111100000000000000011111000000000000,0,0
1625,0,TypeA,53200,000000111111111100000000000001111111110000000000000000011111111110000000000000000000000000000000000000000000000000000000000000111111111100000000000000000001111111111000,0,0
1626,1,TypeB,41400,000000000000000000000000000000000011111110000000000000000000011111111000000000000001111111100000000000000111111110000000000000000000000000000000000000000001111111100000,0,0
1627,2,TypeB,41400,000000000000000000000000000000000011111110000000000000000000011111111000000000000001111111100000000000000111111110000000000000000000000000000000000000000001111111100000,0,0
1628,3,TypeC,28400,111111000000000000000000000000000000000000000000000000011100000000000000000000000000000000000111110000000000000000000000000000000000111111000000000000000000000111111000,0,0
1629,4,TypeC,28400,111111000000000000000000000000000000000000000000000000011100000000000000000000000000000000000111110000000000000000000000000000000000111111000000000000000000000111111000,0,0
1630,0,TypeA,54400,000000111111111100000000000001111111111000000000000000011111111100000000000000000000000000000000000000011111111110000000000000000000000000000000001111111111000000000000,1,0
1631,1,TypeB,41400,000000000001111111000000000000000000000000000000000000000000011111111000000000000001111111100000000000000111111110000000000000000000000000000000000000001111111100000000,1,0
1632,2,TypeB,41400,000000000001111111000000000000000000000000000000000000000000011111111000000000000001111111100000000000000111111110000000000000000000000000000000000000001111111100000000,1,0
1633,3,TypeC,32600,111111000000000000000000000000000000000000000000000000000000011111100000000000000000000011111100000000000111110000000000000000000000000000000000000000000000000111111000,1,0
1634,4,TypeC,32600,111111000000000000000000000000000000000000000000000000000000011111100000000000000000000011111100000000000111110000000000000000000000000000000000000000000000000111111000,1,0
1635,0,TypeA,51600,000000111111111100000000000001111111110000000000000000011111111100000000000000000000000000000000000000011111111110000000000000000000000000000000000000001111111111000000,0,0
1636,1,TypeB,42800,000000000001111111000000000000011111110000000000000000000000000000000000000000000001111111100000000000000000000000000000000000011111111000000000000000001111111100000000,1,0
1637,2,TypeB,42800,000000000001111111000000000000011111110000000000000000000000000000000000000000000001111111100000000000000000000000000000000000011111111000000000000000001111111100000000,1,0
1638,3,TypeC,28100,111111000000000000000000000000000000000000000000000001111100000000000000000000000000000000000111110000000000000000000000000000000000111100000000000000000000000111111000,0,0
1639,4,TypeC,28100,111111000000000000000000000000000000000000000000000001111100000000000000000000000000000000000111110000000000000000000000000000000000111100000000000000000000000111111000,0,0
1640,0,TypeA,53200,000000111111111100000000000001111111110000000000000000011111111110000000000000000000000000000000000000011111111110000000000000000000111111111100000000000000000000000000,1,0
1641,1,TypeB,39400,000000000000000000000000000000011111110000000000000000011111110000000000111111100000000000000000000000000111111110000000000000011111111000000000000000000000000000000000,0,0
1642,2,TypeB,39400,000000000000000000000000000000011111110000000000000000011111110000000000111111100000000000000000000000000111111110000000000000011111111000000000000000000000000000000000,0,0
1643,3,TypeC,30600,111111000000000000000000000000000000000000000000000000000000000000000000000000000000000011111100000000000111110000000000000000000000111100000000000000000000000111111000,0,0
1644,4,TypeC,30600,111111000000000000000000000000000000000000000000000000000000000000000000000000000000000011111100000000000111110000000000000000000000111100000000000000000000000111111000,0,0
1645,0,TypeA,54600,000000111111111100000000000001111111110000000000000000011111111100000000000000000000000000111111111100000000000000000000000000000000011111111110000000000000000000000000,1,0
1646,1,TypeB,42400,000000001111111100000000000000000011111111000000000000000000011111111000000000000001111111100000000000000000000000000000111111110000000000000000000000000000000000000000,0,0
1647,2,TypeB,42400,000000001111111100000000000000000011111111000000000000000000011111111000000000000001111111100000000000000000000000000000111111110000000000000000000000000000000000000000,0,0
1648,3,TypeC,30100,111111000000000000000000000000000000000000001111110000000000000000000000000000000000000000000000000000000111110000000000000111110000000000000000000000000000000111111000,0,0
1649,4,TypeC,30100,111111000000000000000000000000000000000000001111110000000000000000000000000000000000000000000000000000000111110000000000000111110000000000000000000000000000000111111000,0,0
1650,0,TypeA,52500,000000111111111100000000000001111111110000000000000000011111111100000000000000000000000000000000000000000000000000000000000000111111111100000000000000111111111100000000,0,0
1651,1,TypeB,39000,000000001111111100000000000000000000011111111000000000000000011111111000000000000001111111100000000000011111110000000000000000000000000000000000000000000000000000000000,1,0
1652,2,TypeB,39000,000000001111111100000000000000000000011111111000000000000000011111111000000000000001111111100000000000011111110000000000000000000000000000000000000000000000000000000000,1,0
1653,3,TypeC,30600,111111000000000000000000000000000000000000000000000000000000000000000001111000000000000000000000000000000111110000000000000000000000111111000000000000000000000111111000,0,0
1654,4,TypeC,30600,111111000000000000000000000000000000000000000000000000000000000000000001111000000000000000000000000000000111110000000000000000000000111111000000000000000000000111111000,0,0
1655,0,TypeA,52200,000000011111111100000000000001111111110000000000000000011111111110000000000000000000000000000000000000000000000000000000000000000000011111111110000000000001111111111000,0,0
1656,3,TypeC,24900,111111000000000000000000000000000000000000000000000000011100000000000001111000000000000000000111110000000000000000000000000000000000000000000000000000000000000111111000,0,0
1657,4,TypeC,24900,111111000000000000000000000000000000000000000000000000011100000000000001111000000000000000000111110000000000000000000000000000000000000000000000000000000000000111111000,0,0
1658,0,TypeA,51600,000000111111111100000000000001111111110000000000000000011111111100000000000000000111111111100000000000000000000000000000000000000000111111111100000000000000000000000000,0,0
1659,1,TypeB,40400,000000000001111111000000000000000000000000000000000000000000011111111000000000000001111111100000000000011111110000000000111111110000000000000000000000000000000000000000,1,0
1660,2,TypeB,40400,000000000001111111000000000000000000000000000000000000000000011111111000000000000001111111100000000000011111110000000000111111110000000000000000000000000000000000000000,1,0
1661,3,TypeC,31600,111111000000000000000000000000000000000000000000000000000000000000000000000000000000000011111100000000000011110000000000000000000000111111000000000000000000000111111000,0,0
1662,4,TypeC,31600,111111000000000000000000000000000000000000000000000000000000000000000000000000000000000011111100000000000011110000000000000000000000111111000000000000000000000111111000,0,0
1663,0,TypeA,53500,000000111111111100000000000001111111110000000000000000011111111110000000000000000000000000000000000000011111111110000000000000000000011111111110000000000000000000000000,1,0
1664,1,TypeB,37000,000000001111111100000000000000011111110000000000011111110000000000000000000000000001111111100000000000011111110000000000000000000000000000000000000000000000000000000000,1,0
1665,2,TypeB,37000,000000001111111100000000000000011111110000000000011111110000000000000000000000000001111111100000000000011111110000000000000000000000000000000000000000000000000000000000,1,0
1666,3,TypeC,26000,000000000000000000000000000000000000000000000000000000011110000000000001111000000000000000000000000000000111110000000000000111110000000000000000000000011111000000000000,0,0
1667,4,TypeC,26000,000000000000000000000000000000000000000000000000000000011110000000000001111000000000000000000000000000000111110000000000000111110000000000000000000000011111000000000000,0,0
1668,0,TypeA,52500,000000111111111100000000000001111111110000000000000000011111111100000000000000000000000000000000000000000000000000000000000000000000011111111110000000000001111111111000,1,0
1669,1,TypeB,42800,000000000001111111000000000000000000000000000000000000000000000000000000000000000001111111100000000000011111110000000000000000011111111000000000000000001111111100000000,1,0
1670,2,TypeB,42800,000000000001111111000000000000000000000000000000000000000000000000000000000000000001111111100000000000011111110000000000000000011111111000000000000000001111111100000000,1,0
1671,3,TypeC,30400,111111000000000000000000000000000011111100000000000000000000000000011111000000000000000000000111110000000000000000000000000000000000000000000000000000000000000111111000,0,0
1672,4,TypeC,30400,111111000000000000000000000000000011111100000000000000000000000000011111000000000000000000000111110000000000000000000000000000000000000000000000000000000000000111111000,0,0
1673,0,TypeA,51900,000000111111111100000000000001111111110000000000000000011111111100000000000000000000000000000000000000011111111110000000000000011111111110000000000000000000000000000000,0,0
1674,1,TypeB,37000,000000001111111100000000000000011111110000000000000000000111111100000000000000000001111111100000000000011111110000000000000000000000000000000000000000000000000000000000,0,0
1675,2,TypeB,37000,000000001111111100000000000000011111110000000000000000000111111100000000000000000001111111100000000000011111110000000000000000000000000000000000000000000000000000000000,0,0
1676,3,TypeC,28400,111111000000000000000000000000000000000000001111110000000000000000000000000000000000000000000000000000000111110000000000111100000000000000000000000000011111000000000000,0,0
1677,4,TypeC,28400,111111000000000000000000000000000000000000001111110000000000000000000000000000000000000000000000000000000111110000000000111100000000000000000000000000011111000000000000,0,0
1678,0,TypeA,52400,000000111111111100000000000001111111110000000000000000011111111100000000000000000000000000000000000000000111111111100000000000000000000000000000111111111000000000000000,1,0
1679,1,TypeB,44800,000000001111111100000000000000000000000000000000000000000000111111110000000000000001111111100000000000000000000000000000000000011111111000000000000000001111111100000000,0,0
1680,2,TypeB,44800,000000001111111100000000000000000000000000000000000000000000111111110000000000000001111111100000000000000000000000000000000000011111111000000000000000001111111100000000,0,0
1681,3,TypeC,31400,111111000000000000000000000000000000000000000000000000000000000000011111100000000000000011111100000000000111110000000000000000000000000000000000000000000000000111111000,0,0
1682,4,TypeC,31400,111111000000000000000000000000000000000000000000000000000000000000011111100000000000000011111100000000000111110000000000000000000000000000000000000000000000000111111000,0,0
1683,0,TypeA,51200,000000011111111100000000000001111111110000000000000000011111111100000000000000000000000000000000000000011111111110000000000000000000011111111110000000000000000000000000,0,0
1684,3,TypeC,31900,111111000000000000000000000000000000000000000000000001111100000000000000000000000000000000000000000000000111110000000000000000000000111111000000000000000000000111111000,0,0
1685,4,TypeC,31900,111111000000000000000000000000000000000000000000000001111100000000000000000000000000000000000000000000000111110000000000000000000000111111000000000000000000000111111000,0,0
1686,0,TypeA,52200,000000111111111100000000000001111111110000000000000000011111111100000000000000000000000000000000000000011111111110000000000000111111111100000000000000000000000000000000,0,0
1687,1,TypeB,39000,000000111111110000000000000000011111110000000000000000000000011111111000000000000001111111100000000000000111111110000000000000000000000000000000000000000000000000000000,1,0
1688,2,TypeB,39000,000000111111110000000000000000011111110000000000000000000000011111111000000000000001111111100000000000000111111110000000000000000000000000000000000000000000000000000000,1,0
1689,3,TypeC,28700,111111000000000000000000000000000000000000000000000001111100000000000000000000000000000000000000000000000111110000000000000111110000000000000000000000011111000000000000,0,0
1690,4,TypeC,28700,111111000000000000000000000000000000000000000000000001111100000000000000000000000000000000000000000000000111110000000000000111110000000000000000000000011111000000000000,0,0
1691,0,TypeA,52500,000000111111111100000000000001111111110000000000000000011111111100000000000000000000000000000000000000011111111110000000000000000000011111111110000000000000000000000000,1,0
1692,1,TypeB,40400,000000000001111111000000000000000011111111000000000000000000000000000001111111100000000000000111111100000000000000000000000000011111111000000000000000000000000000000000,0,0
1693,2,TypeB,40400,000000000001111111000000000000000011111111000000000000000000000000000001111111100000000000000111111100000000000000000000000000011111111000000000000000000000000000000000,0,0
1694,3,TypeC,29100,111111000000000000000000000000000000000000000000000000000000000000111111000000000000000000000000000000000111110000000000111100000000000000000000000000000000000111111000,0,0
1695,4,TypeC,29100,111111000000000000000000000000000000000000000000000000000000000000111111000000000000000000000000000000000111110000000000111100000000000000000000000000000000000111111000,0,0
1696,1,TypeB,40400,000000000001111111000000000000000011111111000000000000000000000000000000000000000001111111100000000000011111110000000000000000000000000000000000000000000001111111100000,0,0
1697,2,TypeB,40400,000000000001111111000000000000000011111111000000000000000000000000000000000000000001111111100000000000011111110000000000000000000000000000000000000000000001111111100000,0,0
1698,3,TypeC,29800,111111000000000000000000000000000000000000000000000000000000000000011111000000000000000011111100000000000111110000000000000000000000000000000000011111100000000000000000,0,0
1699,4,TypeC,29800,111111000000000000000000000000000000000000000000000000000000000000011111000000000000000011111100000000000111110000000000000000000000000000000000011111100000000000000000,0,0
1700,0,TypeA,53000,000000001111111111000000000001111111110000000000011111111100000000000000000000000000000000000000000000000000000000000000000011111111110000000000000000011111111100000000,0,0
1701,1,TypeB,44800,000000001111111100000000000000000011111111000000000000000000000000000000000000111111110000000000000000000000000000000000111111110000000000000000000000000001111111100000,0,0
1702,2,TypeB,44800,000000001111111100000000000000000011111111000000000000000000000000000000000000111111110000000000000000000000000000000000111111110000000000000000000000000001111111100000,0,0
1703,3,TypeC,31000,111111000000000000000000000000000011111100000000000011111100000000000000000000000000000000000111110000000000000000000000000000000000000000000000000000011111000000000000,0,0
1704,4,TypeC,31000,111111000000000000000000000000000011111100000000000011111100000000000000000000000000000000000111110000000000000000000000000000000000000000000000000000011111000000000000,0,0
1705,1,TypeB,40400,000000000001111111000000000000000000000000000000011111110000000000000001111111100000000000000000000000000111111110000000000000000000000000000000000000001111111100000000,1,0
1706,2,TypeB,40400,000000000001111111000000000000000000000000000000011111110000000000000001111111100000000000000000000000000111111110000000000000000000000000000000000000001111111100000000,1,0
1707,3,TypeC,26100,111111000000000000000000000000000000011110000000000000011100000000000000000000000000000000000111110000000000000000000000000000000000000000000000000000000000000111111000,0,0
1708,4,TypeC,26100,111111000000000000000000000000000000011110000000000000011100000000000000000000000000000000000111110000000000000000000000000000000000000000000000000000000000000111111000,0,0
1709,1,TypeB,41400,000000000001111111000000000000000000000000000000000000000000011111111000000000000001111111100000000000000111111110000000000000011111111000000000000000000000000000000000,1,0
1710,2,TypeB,41400,000000000001111111000000000000000000000000000000000000000000011111111000000000000001111111100000000000000111111110000000000000011111111000000000000000000000000000000000,1,0
1711,3,TypeC,31800,111111000000000000000000000000000000011110000000000000000000000000000000000000000000000000000000000000000111110000000000000000000000111111000000000000000000000111111000,1,0
1712,4,TypeC,31800,111111000000000000000000000000000000011110000000000000000000000000000000000000000000000000000000000000000111110000000000000000000000111111000000000000000000000111111000,1,0
1713,1,TypeB,43800,000000001111111100000000000000000000000000000000000000000000000000000000000000000001111111100000000000011111110000000000000000011111111000000000000000001111111100000000,1,0
1714,2,TypeB,43800,000000001111111100000000000000000000000000000000000000000000000000000000000000000001111111100000000000011111110000000000000000011111111000000000000000001111111100000000,1,0
1715,3,TypeC,29600,111111000000000000000000000000000000011110000000000001111100000000000000000000000000000000000000000000000111110000000000000000000000000000000000000000000000000111111000,0,0
1716,4,TypeC,29600,111111000000000000000000000000000000011110000000000001111100000000000000000000000000000000000000000000000111110000000000000000000000000000000000000000000000000111111000,0,0
1717,1,TypeB,41100,000000000000000000000000000000000011111111000000000000000000011111111000000000111111110000000000000000000111111110000000000000000000000000000000000001111111000000000000,0,0
1718,2,TypeB,41100,000000000000000000000000000000000011111111000000000000000000011111111000000000111111110000000000000000000111111110000000000000000000000000000000000001111111000000000000,0,0
1719,3,TypeC,32900,111111000000000000000000000000000000000000000000000000000000000000000000000000000000000011111100000000000111110000000000000000000000111111000000000000000000000111111000,1,0
1720,4,TypeC,32900,111111000000000000000000000000000000000000000000000000000000000000000000000000000000000011111100000000000111110000000000000000000000111111000000000000000000000111111000,1,0
1721,0,TypeA,52400,000000001111111111000000000001111111110000000000011111111100000000000000000000000111111111000000000000000000000000000000000011111111110000000000000000000000000000000000,0,0
1722,3,TypeC,30700,111111000000000000000000000000000011111100000000000001111100000000000000000000000000000000000000000000000000000000000000000111110000000000000000000000000000000111111000,0,0
1723,4,TypeC,30700,111111000000000000000000000000000011111100000000000001111100000000000000000000000000000000000000000000000000000000000000000111110000000000000000000000000000000111111000,0,0
1724,0,TypeA,52100,000000001111111111000000000001111111110000000000011111111100000000000000000000000000000000000000000000011111111110000000000000000000111111111000000000000000000000000000,0,0
1725,1,TypeB,41400,000000000001111111000000000000000011111111000000000000000000000000000000000000000001111111100000000000000111111110000000000000011111111000000000000000000000000000000000,0,0
1726,2,TypeB,41400,000000000001111111000000000000000011111111000000000000000000000000000000000000000001111111100000000000000111111110000000000000011111111000000000000000000000000000000000,0,0
1727,3,TypeC,31700,111111000000000000000000000000000000000000000000000011111100000000000000000000000000000011111100000000000111110000000000000000000000000000000000000000000000000111111000,1,0
1728,4,TypeC,31700,111111000000000000000000000000000000000000000000000011111100000000000000000000000000000011111100000000000111110000000000000000000000000000000000000000000000000111111000,1,0
1729,0,TypeA,50100,000000001111111111000000000000011111111110000000000000011111111110000000000000000001111111100000000000011111111110000000000000000000000000000000000000000000000000000000,1,0
1730,1,TypeB,44800,000000000000000000000000000000000000000000000000000000000000011111111000000000000001111111100000000000000111111110000000000000000000011111111000000000000001111111100000,0,0
1731,2,TypeB,44800,000000000000000000000000000000000000000000000000000000000000011111111000000000000001111111100000000000000111111110000000000000000000011111111000000000000001111111100000,0,0
1732,3,TypeC,30000,111111000000000000000000000000000001111110000000000000000000000000000000000000000001111000000000011111000000000000000000000000000000000000000000111111000000000000000000,1,0
1733,4,TypeC,30000,111111000000000000000000000000000001111110000000000000000000000000000000000000000001111000000000011111000000000000000000000000000000000000000000111111000000000000000000,1,0
1734,0,TypeA,54700,000011111111110000000000000001111111111000000000000000011111111100000000000000000000000000000000000000000000000000000000000011111111110000000000000000111111111100000000,0,0
1735,3,TypeC,28500,111111000000000000000000000001111110000000000000000000000000000000000001111000000000000000000000011111000000000000000000000000000000000000000000000000111111000000000000,0,0
1736,4,TypeC,28500,111111000000000000000000000001111110000000000000000000000000000000000001111000000000000000000000011111000000000000000000000000000000000000000000000000111111000000000000,0,0
1737,0,TypeA,53900,000000001111111111000000000001111111111000000000000000011111111110000000000000000000000000000000000000011111111110000000000000000000011111111110000000000000000000000000,1,0
1738,3,TypeC,29700,111111000000000000000000000001111110000000000000000000000000011111100000000000000000000000000000011111000000000000000000000000000000000000000000000000001111000000000000,1,0
1739,4,TypeC,29700,111111000000000000000000000001111110000000000000000000000000011111100000000000000000000000000000011111000000000000000000000000000000000000000000000000001111000000000000,1,0
1740,0,TypeA,54400,000000001111111111000000000001111111110000000000011111111110000000000000000000000000000000000000000000011111111110000000000000000000000000000000000000111111111100000000,0,0
1741,3,TypeC,30600,000000000000000000000000000001111110000000000000000000011110000000000000000000000000000000000000011111000000000000000000000000000000111111000000000000111111000000000000,0,0
1742,4,TypeC,30600,000000000000000000000000000001111110000000000000000000011110000000000000000000000000000000000000011111000000000000000000000000000000111111000000000000111111000000000000,0,0
1743,0,TypeA,53500,000011111111110000000000000000011111111110000000000000011111111110000000000000111111111000000000000000000000000000000000000000000000111111111100000000000000000000000000,1,0
1744,1,TypeB,40400,111111110000000000000000000000011111111000000000011111110000000000001111111000000000000000000000000000000000000000000000000000011111111000000000000000000000000000000000,0,0
1745,2,TypeB,40400,111111110000000000000000000000011111111000000000011111110000000000001111111000000000000000000000000000000000000000000000000000011111111000000000000000000000000000000000,0,0
1746,3,TypeC,28900,111111000000000000000000000001111110000000000000000011111100000000000000000000000000000000000000011111000000000000000000000000000000000000001111100000000000000000000000,1,0
1747,4,TypeC,28900,111111000000000000000000000001111110000000000000000011111100000000000000000000000000000000000000011111000000000000000000000000000000000000001111100000000000000000000000,1,0
1748,0,TypeA,52200,000000001111111111000000000001111111110000000000000000011111111110000000000000111111111000000000000000000000000000000000000000000000011111111110000000000000000000000000,1,0
1749,1,TypeB,42800,000000000000000000000000000000011111110000000000000000000000000000011111111000000000000000000111111100000000000000000000000000000000011111111000000000001111111100000000,0,0
1750,2,TypeB,42800,000000000000000000000000000000011111110000000000000000000000000000011111111000000000000000000111111100000000000000000000000000000000011111111000000000001111111100000000,0,0
1751,3,TypeC,26800,000000000000000000000000000001111110000000000000000000011100000000000000000000000000000000000000011111000000000000000000000111110000000000000000000000111111000000000000,1,0
1752,4,TypeC,26800,000000000000000000000000000001111110000000000000000000011100000000000000000000000000000000000000011111000000000000000000000111110000000000000000000000111111000000000000,1,0
1753,0,TypeA,53500,000000111111111000000000000000011111111110000000000000000000000111111111100000000000000000000000000000011111111110000000000000011111111110000000000000000000000000000000,0,0
1754,3,TypeC,28500,111111000000000000000000000001111110000000000000000000000000000000000000000000000000000000000000011111000000000000000000111100000000000000000000000000111111000000000000,0,0
1755,4,TypeC,28500,111111000000000000000000000001111110000000000000000000000000000000000000000000000000000000000000011111000000000000000000111100000000000000000000000000111111000000000000,0,0
1756,0,TypeA,54700,000000001111111111000000000001111111110000000000000000011111111110000000000000000000000000000000000000000000000000000000000011111111110000000000001111111111000000000000,1,0
1757,3,TypeC,31700,111111000000000000000000000001111110000000000000000000000000011111100000000000000000000000000000011111000000000000000000000000000000000000000000000000111111000000000000,1,0
1758,4,TypeC,31700,111111000000000000000000000001111110000000000000000000000000011111100000000000000000000000000000011111000000000000000000000000000000000000000000000000111111000000000000,1,0
1759,0,TypeA,53500,000000001111111111000000000000011111111110000000000000011111111110000000000000111111111000000000000000000000000000000000000000000000000000000000001111111111000000000000,1,0
1760,1,TypeB,42400,000000000000000000000000000000000000011111111000000000000000011111111000000000111111110000000000000000000111111110000000000000000000000000000000011111111000000000000000,0,0
1761,2,TypeB,42400,000000000000000000000000000000000000011111111000000000000000011111111000000000111111110000000000000000000111111110000000000000000000000000000000011111111000000000000000,0,0
1762,3,TypeC,28700,111111000000000000000000000001111110000000000000000000000000011111000000000000000000000000000000011111000000000000000000000000000000000000000000000000001111000000000000,0,0
1763,4,TypeC,28700,111111000000000000000000000001111110000000000000000000000000011111000000000000000000000000000000011111000000000000000000000000000000000000000000000000001111000000000000,0,0
1764,0,TypeA,55100,000000001111111111000000000000011111111110000000000000011111111110000000000000000000000000000000000000000000000000000000000011111111110000000000001111111111000000000000,1,0
1765,3,TypeC,26900,111111000000000000000000000001110000000000001111110000000000000000000000000000000000000000000000011111000000000000000000000000000000000000000000000000111111000000000000,0,0
1766,4,TypeC,26900,111111000000000000000000000001110000000000001111110000000000000000000000000000000000000000000000011111000000000000000000000000000000000000000000000000111111000000000000,0,0
1767,0,TypeA,51300,000000001111111111000000000001111111110000000000000000011111111100000000000000000000000000000000000000000111111111100000000000000000011111111110000000000000000000000000,1,0
1768,3,TypeC,30700,111111000000000000000000000001111110000000000000000000000000011111000000000000000000000000000000011111000000000000000000000000000000000000000000000000111111000000000000,0,0
1769,4,TypeC,30700,111111000000000000000000000001111110000000000000000000000000011111000000000000000000000000000000011111000000000000000000000000000000000000000000000000111111000000000000,0,0
1770,0,TypeA,54300,000011111111110000000000000001111111110000000000011111111100000000000000000000000000000000000000000000000111111111100000000000000000011111111110000000000000000000000000,1,0
1771,3,TypeC,25800,111111000000000000000000000001111110000000000000000000011100000000000000000000000000000000000000011111000000000000000000000000000000000000000000000000001111000000000000,1,0
1772,4,TypeC,25800,111111000000000000000000000001111110000000000000000000011100000000000000000000000000000000000000011111000000000000000000000000000000000000000000000000001111000000000000,1,0
1773,0,TypeA,54300,000000000000011111111100000000000000000011111111110000000000000111111111100000000000000000000000000000000000000000000000000000111111111100000000000000011111111100000000,0,0
1774,1,TypeB,42500,111111110000000000000000000000000000000000000000000000011111110000000000000000000001111111100000000000000000000000000000000000011111111000000000000001111111000000000000,1,0
1775,2,TypeB,42500,111111110000000000000000000000000000000000000000000000011111110000000000000000000001111111100000000000000000000000000000000000011111111000000000000001111111000000000000,1,0
1776,3,TypeC,28700,000000000000000000000000000001111110000000000000000011111100000000000000000000000000000000000000011111000000000000000000000000000000011100000000000000111111000000000000,0,0
1777,4,TypeC,28700,000000000000000000000000000001111110000000000000000011111100000000000000000000000000000000000000011111000000000000000000000000000000011100000000000000111111000000000000,0,0
1778,0,TypeA,53300,000000001111111111000000000000011111111110000000000000011111111110000000000000000000000000000000000000000000000000000000000000000000011111111110000000000001111111111000,1,0
1779,3,TypeC,29300,000000000000000000000000000001111110000000000000000000011100000000000000000000000000000000000000011111000000000000000000000000000000111111000000000000111111000000000000,1,0
1780,4,TypeC,29300,000000000000000000000000000001111110000000000000000000011100000000000000000000000000000000000000011111000000000000000000000000000000111111000000000000111111000000000000,1,0
1781,0,TypeA,52200,000000111111111000000000000000011111111110000000000000011111111110000000000000000000011111111100000000000000000000000000000000000000011111111110000000000000000000000000,0,0
1782,1,TypeB,41400,000011111111000000000000000000000000011111111000000000011111110000000000000000000001111111100000000000000000000000000000000000000000000000000000011111111000000000000000,0,0
1783,2,TypeB,41400,000011111111000000000000000000000000011111111000000000011111110000000000000000000001111111100000000000000000000000000000000000000000000000000000011111111000000000000000,0,0
1784,3,TypeC,27800,111111000000000000000000000001111110000000000000000000011100000000000000000000000000000000000000011111000000000000000000000000000000000000000000000000111111000000000000,1,0
1785,4,TypeC,27800,111111000000000000000000000001111110000000000000000000011100000000000000000000000000000000000000011111000000000000000000000000000000000000000000000000111111000000000000,1,0
1786,0,TypeA,54800,000000001111111111000000000001111111111000000000000000011111111110000000000000000000000000000000000000011111111110000000000000000000000000000000001111111111000000000000,1,0
1787,1,TypeB,43800,000000000000000000000000000000000000000000000000000000000111111110000000000000111111110000000000000000011111110000000000000000011111111000000000011111111000000000000000,0,0
1788,2,TypeB,43800,000000000000000000000000000000000000000000000000000000000111111110000000000000111111110000000000000000011111110000000000000000011111111000000000011111111000000000000000,0,0
1789,3,TypeC,30700,000000000000000000000000000001111100000000001111110000000000000000000000000000000000000000000000011111000000000000000000000000000000111111000000000000111111000000000000,0,0
1790,4,TypeC,30700,000000000000000000000000000001111100000000001111110000000000000000000000000000000000000000000000011111000000000000000000000000000000111111000000000000111111000000000000,0,0
1791,1,TypeB,43500,000000000000000000000000000000011111111000000000000000000111111110000000000000000001111111100000000000000000000000000000000000011111111000000000000001111111000000000000,0,0
1792,2,TypeB,43500,000000000000000000000000000000011111111000000000000000000111111110000000000000000001111111100000000000000000000000000000000000011111111000000000000001111111000000000000,0,0
1793,3,TypeC,30000,111111000000000000000000000001111110000000000000000000000000000000000000000000000000000000000000011111000000000000000000000000000000111111000000000000001111000000000000,1,0
1794,4,TypeC,30000,111111000000000000000000000001111110000000000000000000000000000000000000000000000000000000000000011111000000000000000000000000000000111111000000000000001111000000000000,1,0
1795,0,TypeA,50000,000000001111111111000000000000011111111110000000000000011111111100000000000000000000011111111100000000000000000000000000000000000000000000000000000000011111111100000000,0,0
1796,1,TypeB,39100,000000000000000000000000000000011111110000000000000000000000011111111000000000000001111111100000000000011111110000000000000000000000000000000000000001111111000000000000,1,0
1797,2,TypeB,39100,000000000000000000000000000000011111110000000000000000000000011111111000000000000001111111100000000000011111110000000000000000000000000000000000000001111111000000000000,1,0
1798,3,TypeC,29500,111111000000000000000000000001111110000000000000000000000000000000000000000000000000000000000000011111000000000000000000000111110000000000000000000000111111000000000000,1,0
1799,4,TypeC,29500,111111000000000000000000000001111110000000000000000000000000000000000000000000000000000000000000011111000000000000000000000111110000000000000000000000111111000000000000,1,0
1800,0,TypeA,51700,000000111111111000000000000001111111110000000000000000011111111100000000000000000000000000000000000000000000000000000000000000111111111000000000001111111111000000000000,0,0
1801,1,TypeB,39100,000011111111000000000000000000011111110000000000000000000000011111111000000000000001111111000000000000000000000000000000000000000000000000000000000001111111000000000000,0,0
1802,2,TypeB,39100,000011111111000000000000000000011111110000000000000000000000011111111000000000000001111111000000000000000000000000000000000000000000000000000000000001111111000000000000,0,0
1803,3,TypeC,32000,111111000000000000000000000001111110000000000000000000000000000000000000000000000000000000000000011111000000000000000000000000000000111111000000000000111111000000000000,1,0
1804,4,TypeC,32000,111111000000000000000000000001111110000000000000000000000000000000000000000000000000000000000000011111000000000000000000000000000000111111000000000000111111000000000000,1,0
1805,0,TypeA,53400,000011111111110000000000000000011111111110000000000000011111111110000000000000000000000000000000000000000000000000000000000000011111111000000000001111111111000000000000,0,0
1806,1,TypeB,43500,000000000000000000000000000000011111111000000000000000000111111110000000000000000001111111100000000000000000000000000000111111110000000000000000000001111111000000000000,0,0
1807,2,TypeB,43500,000000000000000000000000000000011111111000000000000000000111111110000000000000000001111111100000000000000000000000000000111111110000000000000000000001111111000000000000,0,0
1808,3,TypeC,28100,111111000000000001111100000000000000011110000000000000000000000000000000000000000000000000000000011111000000000000000000000000000000000000000000000000111111000000000000,1,0
1809,4,TypeC,28100,111111000000000001111100000000000000011110000000000000000000000000000000000000000000000000000000011111000000000000000000000000000000000000000000000000111111000000000000,1,0
1810,0,TypeA,53700,000011111111110000000000000000011111111110000000000000011111111100000000000000111111111000000000000000000000000000000000000000000000000000000000001111111111000000000000,1,0
1811,1,TypeB,42400,000011111111000000000000000000000000011111111000000000000000011111111000000000111111110000000000000000000000000000000000000000000000000000000000011111111000000000000000,0,0
1812,2,TypeB,42400,000011111111000000000000000000000000011111111000000000000000011111111000000000111111110000000000000000000000000000000000000000000000000000000000011111111000000000000000,0,0
1813,3,TypeC,28000,111111000000000001111100000000000000000000001111110000000000000000000000000000000000000000000000011111000000000000000000000000000000000000000000011111100000000000000000,0,0
1814,4,TypeC,28000,111111000000000001111100000000000000000000001111110000000000000000000000000000000000000000000000011111000000000000000000000000000000000000000000011111100000000000000000,0,0
1815,0,TypeA,51300,000000001111111111000000000000011111111110000000000000011111111100000000000000000000011111111100000000000000000000000000000000000000000000000000000000111111111100000000,0,0
1816,3,TypeC,28500,111111000000000001111100000000000000000000001111110000000000000000000000000000000000000000000000011111000000000000000000000000000000000000000000000000000001111100000000,0,0
1817,4,TypeC,28500,111111000000000001111100000000000000000000001111110000000000000000000000000000000000000000000000011111000000000000000000000000000000000000000000000000000001111100000000,0,0
1818,0,TypeA,50300,000000111111111000000000000000011111111110000000000000011111111110000000000000000001111111100000000000000000000000000000000000000000011111111110000000000000000000000000,0,0
1819,1,TypeB,42400,000011111111000000000000000000000111111110000000000000000000011111111000000000000001111111100000000000000000000000000000000000000000000000001111111100000000000000000000,0,0
1820,2,TypeB,42400,000011111111000000000000000000000111111110000000000000000000011111111000000000000001111111100000000000000000000000000000000000000000000000001111111100000000000000000000,0,0
1821,3,TypeC,30800,111111000000000000000000000001111110000000000000000011111100000000000000000000000000000000000000011111000000000000000000000000000000000000000000000000111111000000000000,1,0
1822,4,TypeC,30800,111111000000000000000000000001111110000000000000000011111100000000000000000000000000000000000000011111000000000000000000000000000000000000000000000000111111000000000000,1,0
1823,0,TypeA,52600,000000000000011111111100000000000011111111110000000000011111111110000000000000000000000000000000000000011111111110000000000000000000011111111110000000000000000000000000,0,0
1824,1,TypeB,40400,000000000000000000000000000000000000011111111000000000011111110000000001111111100000000000000000000000011111110000000000000000000000000000001111111100000000000000000000,0,0
1825,2,TypeB,40400,000000000000000000000000000000000000011111111000000000011111110000000001111111100000000000000000000000011111110000000000000000000000000000001111111100000000000000000000,0,0
1826,3,TypeC,28100,000000000000000001111100000000000000000000000000000000011100000000000000000000000000000000000000000000000000011111100000000000000000000000000111111000000000000111111000,0,0
1827,4,TypeC,28100,000000000000000001111100000000000000000000000000000000011100000000000000000000000000000000000000000000000000011111100000000000000000000000000111111000000000000111111000,0,0
1828,0,TypeA,51900,000000000000011111111100000000000011111111110000000000011111111100000000000001111111111000000000000000000000000000000000000000000000111111111100000000000000000000000000,0,0
1829,1,TypeB,42400,000000000000000000000000000000000000011111111000000000000000011111111000000000111111110000000000000000000111111110000000000000000000011111111000000000000000000000000000,1,0
1830,2,TypeB,42400,000000000000000000000000000000000000011111111000000000000000011111111000000000111111110000000000000000000111111110000000000000000000011111111000000000000000000000000000,1,0
1831,3,TypeC,32200,000000000000000001111100000000000000000000000000000000000000011111100000000000000000000000000000000000000000011111100000000000000000011111000000000000000000000111111000,1,0
1832,4,TypeC,32200,000000000000000001111100000000000000000000000000000000000000011111100000000000000000000000000000000000000000011111100000000000000000011111000000000000000000000111111000,1,0
1833,0,TypeA,52500,000011111111110000000000000001111111111000000000000000011111111110000000000000000001111111100000000000000000000000000000000000000000011111111110000000000000000000000000,1,0
1834,1,TypeB,39000,000011111111000000000000000000000011111111000000000000011111110000000000000000111111110000000000000000000111111110000000000000000000000000000000000000000000000000000000,0,0
1835,2,TypeB,39000,000011111111000000000000000000000011111111000000000000011111110000000000000000111111110000000000000000000111111110000000000000000000000000000000000000000000000000000000,0,0
1836,3,TypeC,28300,000000000000000000000000000000000000000000000000000000011100000000000000000000000000000001111100000000000000011111100000000000000000011111000000000000000000000111111000,0,0
1837,4,TypeC,28300,000000000000000000000000000000000000000000000000000000011100000000000000000000000000000001111100000000000000011111100000000000000000011111000000000000000000000111111000,0,0
1838,0,TypeA,54400,000011111111110000000000000001111111110000000000011111111100000000000001111111100000000000000000000000000000000000000000000000000000111111111100000000000000000000000000,0,0
1839,1,TypeB,42400,111111110000000000000000000000000000011111111000000000000000011111111000000000111111110000000000000000000000000000000000000000000000011111111000000000000000000000000000,1,0
1840,2,TypeB,42400,111111110000000000000000000000000000011111111000000000000000011111111000000000111111110000000000000000000000000000000000000000000000011111111000000000000000000000000000,1,0
1841,3,TypeC,31300,000000000000000000000000000000000000000000000000000011111100000000000000000000000000000001111100000000000000011111100000000000000000011111000000000000000000000111111000,0,0
1842,4,TypeC,31300,000000000000000000000000000000000000000000000000000011111100000000000000000000000000000001111100000000000000011111100000000000000000011111000000000000000000000111111000,0,0
1843,0,TypeA,53800,000011111111110000000000000001111111111000000000000000011111111100000000000000000000000000000000000000011111111110000000000000000000000000000000000000111111111100000000,0,0
1844,3,TypeC,27700,000000000000000000000000000000000000011111000000000000011100000000001111100000000000000000000000000000000000011111100000000000000000000000000000011111100000000000000000,0,0
1845,4,TypeC,27700,000000000000000000000000000000000000011111000000000000011100000000001111100000000000000000000000000000000000011111100000000000000000000000000000011111100000000000000000,0,0
1846,3,TypeC,28300,000000000000000000000000000000000000000000000000000000011100000000001111100000000000000000000000000000000000011111100000000000000000011111000000000000000000000111111000,0,0
1847,4,TypeC,28300,000000000000000000000000000000000000000000000000000000011100000000001111100000000000000000000000000000000000011111100000000000000000011111000000000000000000000111111000,0,0
1848,0,TypeA,56900,000011111111110000000000000001111111111000000000000000011111111110000000000000000000000000000000000000011111111110000000000000000000000000000111111111100000000000000000,0,0
1849,1,TypeB,42400,000000000000000000000000000000011111111000000000000000000000011111111000000000111111110000000000000000000111111110000000000000000000000000000000011111111000000000000000,0,0
1850,2,TypeB,42400,000000000000000000000000000000011111111000000000000000000000011111111000000000111111110000000000000000000111111110000000000000000000000000000000011111111000000000000000,0,0
1851,3,TypeC,28300,000000000000000001111100000000000000000000000000000000011100000000000000000000000000000000000000000000000000011111100000000000000000011111000000000000000000000111111000,1,0
1852,4,TypeC,28300,000000000000000001111100000000000000000000000000000000011100000000000000000000000000000000000000000000000000011111100000000000000000011111000000000000000000000111111000,1,0
1853,0,TypeA,54400,000011111111110000000000000001111111111000000000000000011111111110000000000000111111111000000000000000000000000000000000000000000000011111111110000000000000000000000000,1,0
1854,1,TypeB,42400,000000000000000000000000000000000000011111111000000000000111111110000000000000111111110000000000000000000111111110000000000000011111111000000000000000000000000000000000,0,0
1855,2,TypeB,42400,000000000000000000000000000000000000011111111000000000000111111110000000000000111111110000000000000000000111111110000000000000011111111000000000000000000000000000000000,0,0
1856,3,TypeC,31000,000000000000000000000000000000000000000000001111110000000000000000001111100000000000000000000000000000000000011111100000000000000000011111000000000000000000000111111000,0,0
1857,4,TypeC,31000,000000000000000000000000000000000000000000001111110000000000000000001111100000000000000000000000000000000000011111100000000000000000011111000000000000000000000111111000,0,0
1858,0,TypeA,54700,000000000000011111111100000000000000000000000000011111111110000000000000000001111111111000000000000000000111111111100000000000000000011111111110000000000000000000000000,0,0
1859,1,TypeB,39400,000000000000000000000000000000000000011111111000000000011111110000000000111111100000000000000111111100000000000000000000000000011111111000000000000000000000000000000000,0,0
1860,2,TypeB,39400,000000000000000000000000000000000000011111111000000000011111110000000000111111100000000000000111111100000000000000000000000000011111111000000000000000000000000000000000,0,0
1861,3,TypeC,32500,000000000000000000000000000000000000011111000000000011111100000000000000000000000000000000000000000000000000011111100000000000000000011111000000000000000000000111111000,1,0
1862,4,TypeC,32500,000000000000000000000000000000000000011111000000000011111100000000000000000000000000000000000000000000000000011111100000000000000000011111000000000000000000000111111000,1,0
1863,0,TypeA,54600,000011111111110000000000000001111111110000000000011111111110000000000000000000111111111000000000000000011111111110000000000000000000000000000000000000000000000000000000,0,0
1864,1,TypeB,40400,000000000000000000000000000000011111110000000000011111110000000000000000000000111111110000000000000000000011111111000000000000000000011111111000000000000000000000000000,0,0
1865,2,TypeB,40400,000000000000000000000000000000011111110000000000011111110000000000000000000000111111110000000000000000000011111111000000000000000000011111111000000000000000000000000000,0,0
1866,3,TypeC,31300,000000000000000001111100000000000000000000000000000011111100000000000000000000000000000000000000000000000000011111100000000000000000011111000000000000000000000111111000,1,1
1867,4,TypeC,31300,000000000000000001111100000000000000000000000000000011111100000000000000000000000000000000000000000000000000011111100000000000000000011111000000000000000000000111111000,1,0
1868,0,TypeA,53300,000000001111111111000000000000011111111110000000000000011111111110000000000000000000000000000000000000011111111110000000000000000000011111111110000000000000000000000000,1,0
1869,1,TypeB,42400,000000000000000000000000000000000000011111111000000000000000011111111000000000000001111111100000000000000111111110000000000000000000011111111000000000000000000000000000,1,0
1870,2,TypeB,42400,000000000000000000000000000000000000011111111000000000000000011111111000000000000001111111100000000000000111111110000000000000000000011111111000000000000000000000000000,1,0
1871,3,TypeC,32100,000000000000000000000000000000000000000000001111110000000000000000000000000000000000000011111100000000000000011111100000000000000000000000001111110000000000000111111000,0,0
1872,4,TypeC,32100,000000000000000000000000000000000000000000001111110000000000000000000000000000000000000011111100000000000000011111100000000000000000000000001111110000000000000111111000,0,0
1873,0,TypeA,52000,000000001111111111000000000000011111111110000000000000011111111100000000000000000000000000000000000000011111111110000000000000000000000000000000000000111111111100000000,0,0
1874,1,TypeB,43500,000000000000000000000000000000000000011111111000000000000000000000000000000000000001111111100000000000000111111110000000000000011111111000000000000001111111000000000000,1,0
1875,2,TypeB,43500,000000000000000000000000000000000000011111111000000000000000000000000000000000000001111111100000000000000111111110000000000000011111111000000000000001111111000000000000,1,0
1876,3,TypeC,28600,000000000000000000000000000000000000011110000000000000000000000000000000000000000000000011111100000000000000011111100000000000000000111000000000000111111000000000000000,1,0
1877,4,TypeC,28600,000000000000000000000000000000000000011110000000000000000000000000000000000000000000000011111100000000000000011111100000000000000000111000000000000111111000000000000000,1,0
1878,0,TypeA,52700,000000001111111111000000000000011111111110000000000000011111111110000000000000000000000000000000000000000111111111100000000000000000011111111110000000000000000000000000,1,0
1879,1,TypeB,44800,000000000000000000000000000000000000011111111000000000000000000000000001111111100000000000000000000000000011111111000000000000011111111000000000011111111000000000000000,0,0
1880,2,TypeB,44800,000000000000000000000000000000000000011111111000000000000000000000000001111111100000000000000000000000000011111111000000000000011111111000000000011111111000000000000000,0,0
1881,3,TypeC,29400,000000000000000000000000000000000000000000001111110000000000000000000001111100000000000000000000000000000000011111100000000000000000011110000000000111111000000000000000,0,0
1882,4,TypeC,29400,000000000000000000000000000000000000000000001111110000000000000000000001111100000000000000000000000000000000011111100000000000000000011110000000000111111000000000000000,0,0
1883,0,TypeA,51000,000000000000011111111100000000000011111111110000000000011111111110000000000000000000000000000000000000011111111110000000000000000000111111111000000000000000000000000000,0,0
1884,3,TypeC,29000,000000000000000000000000000000000000011110000000000000000000000000000000000000000000000011111100000000000111110000000000111110000000000000000000000111111000000000000000,1,0
1885,4,TypeC,29000,000000000000000000000000000000000000011110000000000000000000000000000000000000000000000011111100000000000111110000000000111110000000000000000000000111111000000000000000,1,0
1886,0,TypeA,52500,000000000000011111111100000000000011111111110000000000011111111110000000000000000000000000000000000000000111111111100000000000000000000000000000111111111000000000000000,0,0
1887,1,TypeB,43800,000000000000000000000000000000000000000000000000000000000000000000111111100000000001111111100000000000000011111111000000000000011111111000000000011111111000000000000000,0,0
1888,2,TypeB,43800,000000000000000000000000000000000000000000000000000000000000000000111111100000000001111111100000000000000011111111000000000000011111111000000000011111111000000000000000,0,0
1889,3,TypeC,30100,000000000000000000000000000000000000000000000000000000000000000000000001111000000000000011111100000000000000011111100000000000000000000000000011111100000000000111111000,0,0
1890,4,TypeC,30100,000000000000000000000000000000000000000000000000000000000000000000000001111000000000000011111100000000000000011111100000000000000000000000000011111100000000000111111000,0,0
1891,0,TypeA,52000,000000000000011111111100000000000011111111110000000000011111111110000000000000000000000000000000000000011111111110000000000000011111111110000000000000000000000000000000,0,0
1892,1,TypeB,39000,000000000001111111000000000000000000011111111000000000000000011111111000000000000001111111100000000000000111111110000000000000000000000000000000000000000000000000000000,1,0
1893,2,TypeB,39000,000000000001111111000000000000000000011111111000000000000000011111111000000000000001111111100000000000000111111110000000000000000000000000000000000000000000000000000000,1,0
1894,3,TypeC,32000,000000000000000000000000000000000000000000000000000000000000011111100000000000000000000001111100000000000001111110000000000111111000000000000000000111111000000000000000,0,0
1895,4,TypeC,32000,000000000000000000000000000000000000000000000000000000000000011111100000000000000000000001111100000000000001111110000000000111111000000000000000000111111000000000000000,0,0
1896,0,TypeA,54100,000000001111111111000000000001111111110000000000011111111110000000000000000000000000000000000000000000011111111110000000000000000000000000000000000000000001111111111000,1,0
1897,1,TypeB,44800,000000000000000000000000000000011111111000000000000000000000000000000000000000000001111111100000000000000111111110000000000000011111111000000000000000000001111111100000,0,0
1898,2,TypeB,44800,000000000000000000000000000000011111111000000000000000000000000000000000000000000001111111100000000000000111111110000000000000011111111000000000000000000001111111100000,0,0
1899,3,TypeC,32600,000000000000000001111100000000000001111110000000000000000000000000000000000000000000000000000000000000000000011111100000000000000000000000000111111000000000000111111000,0,0
1900,4,TypeC,32600,000000000000000001111100000000000001111110000000000000000000000000000000000000000000000000000000000000000000011111100000000000000000000000000111111000000000000111111000,0,0
1901,0,TypeA,53900,000000001111111111000000000000011111111110000000000000011111111100000000000000000000000000000000000000000000000000000000111111111000000000000000111111111000000000000000,0,0
1902,3,TypeC,29600,000000000000000000000000000000000001111110000000000000000000000111111000000000000000000000000000000000000011110000000000111100000000000000000000111111000000000000000000,0,0
1903,4,TypeC,29600,000000000000000000000000000000000001111110000000000000000000000111111000000000000000000000000000000000000011110000000000111100000000000000000000111111000000000000000000,0,0
1904,1,TypeB,41400,000000000001111111000000000000000000011111111000000000000000000000000000000000000001111111100000000000000111111110000000000000000000011111111000000000000000000000000000,1,0
1905,2,TypeB,41400,000000000001111111000000000000000000011111111000000000000000000000000000000000000001111111100000000000000111111110000000000000000000011111111000000000000000000000000000,1,0
1906,3,TypeC,30000,000000000000000000000000000000000000011110000000000000000000000000000000000000000000000001111100000000000001111110000000000111111000000000000000111111000000000000000000,0,0
1907,4,TypeC,30000,000000000000000000000000000000000000011110000000000000000000000000000000000000000000000001111100000000000001111110000000000111111000000000000000111111000000000000000000,0,0
1908,1,TypeB,40400,000000111111110000000000000000000000011111111000000000000000000000000000111111100000000000000000000000011111110000000000111111110000000000000000000000000000000000000000,0,0
1909,2,TypeB,40400,000000111111110000000000000000000000011111111000000000000000000000000000111111100000000000000000000000011111110000000000111111110000000000000000000000000000000000000000,0,0
1910,3,TypeC,25800,000000000000000000000000000000000000000000000000000000000000000000000000111100000000000000000000000000000011110000000000111110000000000000000011111000000000000111111000,0,0
1911,4,TypeC,25800,000000000000000000000000000000000000000000000000000000000000000000000000111100000000000000000000000000000011110000000000111110000000000000000011111000000000000111111000,0,0
1912,0,TypeA,53800,000000001111111111000000000000011111111110000000000000011111111110000000000000000000000000000000000000011111111110000000000000000000000000000000111111111000000000000000,1,0
1913,3,TypeC,31600,000000000000000000000000000000000001111110000000000000000000000000000000111100000000000000000000000000000000011111100000000000000000000000000111111000000000000111111000,0,0
1914,4,TypeC,31600,000000000000000000000000000000000001111110000000000000000000000000000000111100000000000000000000000000000000011111100000000000000000000000000111111000000000000111111000,0,0
1915,3,TypeC,30400,000000000000000000000000000000000000000000001111110000000000011111000000000000000000000001111100000000000000011111100000000000000000000000000000111111000000000000000000,0,0
1916,4,TypeC,30400,000000000000000000000000000000000000000000001111110000000000011111000000000000000000000001111100000000000000011111100000000000000000000000000000111111000000000000000000,0,0
1917,3,TypeC,32700,000000000000000000000000000000000000000000000000000000000000000000000000000000000000000011111100000000000001111110000000000111111000000000001111110000000000000111111000,1,0
1918,4,TypeC,32700,000000000000000000000000000000000000000000000000000000000000000000000000000000000000000011111100000000000001111110000000000111111000000000001111110000000000000111111000,1,0
1919,3,TypeC,29000,000000000000000000000000000000000000011111000000000000000000000000000000111100000000000000000000000000000000011111100000000000000000000000000011111000000000000111111000,0,0
1920,4,TypeC,29000,000000000000000000000000000000000000011111000000000000000000000000000000111100000000000000000000000000000000011111100000000000000000000000000011111000000000000111111000,0,0
1921,0,TypeA,52300,000000001111111111000000000000011111111110000000000000011111111100000000000000000000000000000000000000011111111110000000000000000000011111111110000000000000000000000000,1,0
1922,1,TypeB,42800,000000000000000000000000000000000000000000000000000000000000000000111111100000000001111111100000000000011111110000000000111111110000000000001111111100000000000000000000,0,0
1923,2,TypeB,42800,000000000000000000000000000000000000000000000000000000000000000000111111100000000001111111100000000000011111110000000000111111110000000000001111111100000000000000000000,0,0
1924,3,TypeC,27500,000000000000000000000000000000000000000000000000000000000000000000000000111100000000000001111100000000000111110000000000000111111000000000000000111111000000000000000000,0,0
1925,4,TypeC,27500,000000000000000000000000000000000000000000000000000000000000000000000000111100000000000001111100000000000111110000000000000111111000000000000000111111000000000000000000,0,0
1926,0,TypeA,49100,000000001111111111000000000000011111111110000000000000011111111100000000000000000111111111100000000000000000000000000000000000011111111000000000000000000000000000000000,0,0
1927,1,TypeB,43800,000000000000000000000000000000011111111000000000000000000000000000000000000000000001111111100000000000011111110000000000111111110000000000001111111100000000000000000000,0,0
1928,2,TypeB,43800,000000000000000000000000000000011111111000000000000000000000000000000000000000000001111111100000000000011111110000000000111111110000000000001111111100000000000000000000,0,0
1929,3,TypeC,33800,000000000000000001111100000000000001111110000000000000000000000000000000000000000111111000000000000000000000011111100000000000000000000000000000111111000000000000000000,0,0
1930,4,TypeC,33800,000000000000000001111100000000000001111110000000000000000000000000000000000000000111111000000000000000000000011111100000000000000000000000000000111111000000000000000000,0,0
1931,1,TypeB,41400,000000011111111000000000000000000000011111111000000000000000000000000001111111100000000000000000000000011111110000000000111111110000000000000000000000000000000000000000,0,0
1932,2,TypeB,41400,000000011111111000000000000000000000011111111000000000000000000000000001111111100000000000000000000000011111110000000000111111110000000000000000000000000000000000000000,0,0
1933,3,TypeC,30000,000000000000000000000000000000000000011111000000000000000000000000000001111000000000000000000000000000000000011111100000000000000000000000001111110000000000000111111000,0,0
1934,4,TypeC,30000,000000000000000000000000000000000000011111000000000000000000000000000001111000000000000000000000000000000000011111100000000000000000000000001111110000000000000111111000,0,0
1935,0,TypeA,53500,000000000000011111111100000000000011111111110000000000011111111110000000000000000000000000000000000000011111111110000000000000000000000000000000001111111111000000000000,0,0
1936,1,TypeB,40400,000000000001111111000000000000000000011111111000000000000000000000000000111111100000000000000000000000000111111110000000000000011111111000000000000000000000000000000000,0,0
1937,2,TypeB,40400,000000000001111111000000000000000000011111111000000000000000000000000000111111100000000000000000000000000111111110000000000000011111111000000000000000000000000000000000,0,0
1938,3,TypeC,29200,000000000000000000000000000000000000011110000000000000000000000000000000111100000000000000000000000000000000011111100000000000000000011111000000000000000000000111111000,0,0
1939,4,TypeC,29200,000000000000000000000000000000000000011110000000000000000000000000000000111100000000000000000000000000000000011111100000000000000000011111000000000000000000000111111000,0,0
1940,3,TypeC,27400,000000000000000000000000000000000000011111000000000000000000000000000000111000000000000001111100000000000000011111100000000000000000000000000000111111000000000000000000,0,0
1941,4,TypeC,27400,000000000000000000000000000000000000011111000000000000000000000000000000111000000000000001111100000000000000011111100000000000000000000000000000111111000000000000000000,0,0
1942,0,TypeA,51400,000000001111111111000000000000011111111110000000000000011111111100000000000000000000000000000000000000000111111111100000000000000000111111111100000000000000000000000000,1,0
1943,3,TypeC,31000,000000000000000000000000000000000000000000000000000000000000011111100000000000000000000011111100000000000111110000000000111110000000000000000000111111000000000000000000,1,0
1944,4,TypeC,31000,000000000000000000000000000000000000000000000000000000000000011111100000000000000000000011111100000000000111110000000000111110000000000000000000111111000000000000000000,1,0
1945,0,TypeA,52200,000000001111111111000000000000011111111110000000000000011111111100000000000000000111111111100000000000000000000000000000000000000000000000000000111111111000000000000000,0,0
1946,1,TypeB,39000,000000111111110000000000000000000000011111111000000000000000000000111111100000000001111111100000000000000011111111000000000000000000000000000000000000000000000000000000,0,0
1947,2,TypeB,39000,000000111111110000000000000000000000011111111000000000000000000000111111100000000001111111100000000000000011111111000000000000000000000000000000000000000000000000000000,0,0
1948,3,TypeC,29800,000000000000000000000000000000000000000000000000000000000000000000111111000000000000000001111100000000000000011111100000000000000000000000000011111000000000000111111000,0,0
1949,4,TypeC,29800,000000000000000000000000000000000000000000000000000000000000000000111111000000000000000001111100000000000000011111100000000000000000000000000011111000000000000111111000,0,0
1950,0,TypeA,53200,000000001111111111000000000000011111111110000000000000011111111110000000000000000000000000000000000000000111111111100000000000000000000000000000111111111000000000000000,1,0
1951,1,TypeB,42400,000000111111110000000000000000000000011111111000000000000000000000000000000000000001111111100000000000000111111110000000000000000000000000000000011111111000000000000000,0,0
1952,2,TypeB,42400,000000111111110000000000000000000000011111111000000000000000000000000000000000000001111111100000000000000111111110000000000000000000000000000000011111111000000000000000,0,0
1953,3,TypeC,27300,000000000000000001111100000000000000011110000000000000000000000000000000000000000000000000000000000000000000011111100000000000000000011100000000000111111000000000000000,0,0
1954,4,TypeC,27300,000000000000000001111100000000000000011110000000000000000000000000000000000000000000000000000000000000000000011111100000000000000000011100000000000111111000000000000000,0,0
1955,1,TypeB,41400,000000111111110000000000000000000000011111111000000000000000000000000001111111100000000000000000000000011111110000000000111111110000000000000000000000000000000000000000,1,0
1956,2,TypeB,41400,000000111111110000000000000000000000011111111000000000000000000000000001111111100000000000000000000000011111110000000000111111110000000000000000000000000000000000000000,1,1
1957,3,TypeC,28100,000000000000000000000000000000000000000000000000000000000000000000000001111100000000000000000000000000000111110000000000111110000000000000000011111000000000000111111000,0,0
1958,4,TypeC,28100,000000000000000000000000000000000000000000000000000000000000000000000001111100000000000000000000000000000111110000000000111110000000000000000011111000000000000111111000,0,0
1959,0,TypeA,51000,000000001111111111000000000000011111111110000000000000011111111100000000000000000000000000000000000000000000000000000000000000111111111100000000000000011111111100000000,0,0
1960,1,TypeB,41400,000000000000000000000000000000000000011111111000000000000000011111111000000000000001111111100000000000011111110000000000111111110000000000000000000000000000000000000000,1,0
1961,2,TypeB,41400,000000000000000000000000000000000000011111111000000000000000011111111000000000000001111111100000000000011111110000000000111111110000000000000000000000000000000000000000,1,0
1962,3,TypeC,30800,000000000000000000000000000000000000000000000000000000000000000000111111000000000000000001111100000000000000011111100000000000000000000000001111110000000000000111111000,0,0
1963,4,TypeC,30800,000000000000000000000000000000000000000000000000000000000000000000111111000000000000000001111100000000000000011111100000000000000000000000001111110000000000000111111000,0,0
1964,1,TypeB,44800,000000000000000000000000000000000000000000000000000000000000011111111000000000000001111111100000000000000111111110000000000000011111111000000000000000000001111111100000,0,0
1965,2,TypeB,44800,000000000000000000000000000000000000000000000000000000000000011111111000000000000001111111100000000000000111111110000000000000011111111000000000000000000001111111100000,0,0
1966,3,TypeC,30400,000000000000000000000000000000000000000000000000000000000000000111111000000000000000000001111100000000000000011111100000000000000000000000000011111000000000000111111000,0,0
1967,4,TypeC,30400,000000000000000000000000000000000000000000000000000000000000000111111000000000000000000001111100000000000000011111100000000000000000000000000011111000000000000111111000,0,0
1968,0,TypeA,52000,000000001111111111000000000000011111111110000000000000011111111100000000000000000000000000000000000000011111111110000000000000000000111111111100000000000000000000000000,1,0
1969,1,TypeB,44800,000000000000000000000000000000000000011111111000000000000000000000001111111100000000000000000000000000000111111110000000000000011111111000000000011111111000000000000000,0,0
1970,2,TypeB,44800,000000000000000000000000000000000000011111111000000000000000000000001111111100000000000000000000000000000111111110000000000000011111111000000000011111111000000000000000,0,0
1971,3,TypeC,27500,000000000000000000000000000001111100000000001111110000000000000000000000000000000000000000000000000000000011110000000000111110000000000000000000111111000000000000000000,0,0
1972,4,TypeC,27500,000000000000000000000000000001111100000000001111110000000000000000000000000000000000000000000000000000000011110000000000111110000000000000000000111111000000000000000000,0,0
1973,0,TypeA,51700,000000001111111111000000000000011111111110000000000000011111111110000000000000000000000000000000000000011111111110000000000000000000000000000000000000011111111100000000,0,0
1974,1,TypeB,43800,000000000000000000000000000000000000011111111000000000000000000000000000111111100000000000000000000000000011111111000000000000011111111000000000011111111000000000000000,0,0
1975,2,TypeB,43800,000000000000000000000000000000000000011111111000000000000000000000000000111111100000000000000000000000000011111111000000000000011111111000000000011111111000000000000000,0,0
1976,3,TypeC,30900,000000000000000000000000000000000001111110000000000000000000000000000000000000000000000000000000000000000111110000000000111100000000000000000011111100000000000111111000,0,0
1977,4,TypeC,30900,000000000000000000000000000000000001111110000000000000000000000000000000000000000000000000000000000000000111110000000000111100000000000000000011111100000000000111111000,0,0
1978,1,TypeB,43800,000000000000000000000000000000000000011111111000000000000000000000000000111111100000000000000000000000000111111110000000000000011111111000000000011111111000000000000000,0,0
1979,2,TypeB,43800,000000000000000000000000000000000000011111111000000000000000000000000000111111100000000000000000000000000111111110000000000000011111111000000000011111111000000000000000,0,0
1980,3,TypeC,30500,000000000000000000000000000000000000011111000000000000000000000000001111100000000000000000000000000000000000011111100000000000000000011110000000000000111111000000000000,0,0
1981,4,TypeC,30500,000000000000000000000000000000000000011111000000000000000000000000001111100000000000000000000000000000000000011111100000000000000000011110000000000000111111000000000000,0,0
1982,1,TypeB,40400,000000000001111111000000000000000111111110000000000000000000000000000000000000000001111111100000000000011111110000000000111111110000000000000000000000000000000000000000,0,0
1983,2,TypeB,40400,000000000001111111000000000000000111111110000000000000000000000000000000000000000001111111100000000000011111110000000000111111110000000000000000000000000000000000000000,0,0
1984,3,TypeC,30300,000000000000000000000000000000000000000000000000000000000000000000001111100000000000000011111100000000000000011111100000000000000000011110000000000000000000000111111000,0,0
1985,4,TypeC,30300,000000000000000000000000000000000000000000000000000000000000000000001111100000000000000011111100000000000000011111100000000000000000011110000000000000000000000111111000,0,0
1986,0,TypeA,53700,000000001111111111000000000000011111111110000000000000000000000111111111000000000000000000000000000000011111111110000000000000000000000000000000111111111000000000000000,0,0
1987,1,TypeB,41100,000000111111110000000000000000000000011111111000000000000000000000000001111111100000000000000000000000000111111110000000000000000000000000001111111000000000000000000000,0,0
1988,2,TypeB,41100,000000111111110000000000000000000000011111111000000000000000000000000001111111100000000000000000000000000111111110000000000000000000000000001111111000000000000000000000,0,0
1989,3,TypeC,29800,000000000000000000000000000000000000000000001111110000000000000000000001111100000000000000000000000000000000011111100000000000000000000000000011111000000000000111111000,0,0
1990,4,TypeC,29800,000000000000000000000000000000000000000000001111110000000000000000000001111100000000000000000000000000000000011111100000000000000000000000000011111000000000000111111000,0,0
1991,0,TypeA,50700,000000001111111111000000000000011111111110000000000000011111111100000000000000000000000000000000000000011111111110000000000000000000000000000000000000011111111100000000,0,0
1992,1,TypeB,42400,000000000000000000000000000000000000011111111000000000000000011111111000000000000001111111100000000000000111111110000000000000011111111000000000000000000000000000000000,1,0
1993,2,TypeB,42400,000000000000000000000000000000000000011111111000000000000000011111111000000000000001111111100000000000000111111110000000000000011111111000000000000000000000000000000000,1,0
1994,3,TypeC,33300,000000000000000000000000000000000000000000000000000000000000011111100000000000000000000011111100000000000000011111100000000000000000000000000011111100000000000111111000,0,0
1995,4,TypeC,33300,000000000000000000000000000000000000000000000000000000000000011111100000000000000000000011111100000000000000011111100000000000000000000000000011111100000000000111111000,0,0
1996,1,TypeB,44800,000000000000000000000000000000000000011111111000000000000000000000011111111000000000000000000000000000000111111110000000000000011111111000000000011111111000000000000000,0,0
1997,2,TypeB,44800,000000000000000000000000000000000000011111111000000000000000000000011111111000000000000000000000000000000111111110000000000000011111111000000000011111111000000000000000,0,0
1998,3,TypeC,29800,000000000000000000000000000000000000000000001111110000000000000000000000000000000000000001111100000000000000011111100000000000000000000000000011111000000000000111111000,0,0
1999,4,TypeC,29800,000000000000000000000000000000000000000000001111110000000000000000000000000000000000000001111100000000000000011111100000000000000000000000000011111000000000000111111000,0,0
2000,0,TypeA,52400,000000111111111000000000000000011111111110000000000000011111111100000000000000000000000000000000000000011111111110000000000000000000000000000000111111111000000000000000,0,0
2001,1,TypeB,43800,000000000000000000000000000000000000000000000000000000000000011111111000000000000001111111100000000000011111110000000000111111110000000000000000011111111000000000000000,0,0
2002,2,TypeB,43800,000000000000000000000000000000000000000000000000000000000000011111111000000000000001111111100000000000011111110000000000111111110000000000000000011111111000000000000000,0,0
2003,3,TypeC,31000,000000000000000000000000000000000000000000000000000000000000011111100000000000000000000001111100000000000000011111100000000000000000000000000011111000000000000111111000,0,0
2004,4,TypeC,31000,000000000000000000000000000000000000000000000000000000000000011111100000000000000000000001111100000000000000011111100000000000000000000000000011111000000000000111111000,0,0
2005,3,TypeC,28800,000000000000000000000000000000000000000000001111110000000000000111111000000000000000000000000000000000000011110000000000111110000000000000000000000111111000000000000000,0,0
2006,4,TypeC,28800,000000000000000000000000000000000000000000001111110000000000000111111000000000000000000000000000000000000011110000000000111110000000000000000000000111111000000000000000,0,0
2007,0,TypeA,54200,000000000000011111111100000000000011111111110000000000011111111110000000000000000000000000000000000000000000000000000000111111111000000000000000111111111000000000000000,0,0
2008,3,TypeC,31000,000000000000000000000000000000000000000000000000000000000000011111000000000000000000000001111100000000000001111110000000000111111000000000000000111111000000000000000000,0,0
2009,4,TypeC,31000,000000000000000000000000000000000000000000000000000000000000011111000000000000000000000001111100000000000001111110000000000111111000000000000000111111000000000000000000,0,0
2010,1,TypeB,40000,000000011111111000000000000000000011111111000000000000000000011111111000000000000001111111100000000000000111111110000000000000000000000000000000000000000000000000000000,0,0
2011,2,TypeB,40000,000000011111111000000000000000000011111111000000000000000000011111111000000000000001111111100000000000000111111110000000000000000000000000000000000000000000000000000000,0,0
2012,3,TypeC,28100,000000000000000000000000000000000000000000000000000000000000000000000000111000000000000011111100000000000000011111100000000000000000000000000011111000000000000111111000,0,0
2013,4,TypeC,28100,000000000000000000000000000000000000000000000000000000000000000000000000111000000000000011111100000000000000011111100000000000000000000000000011111000000000000111111000,0,0
2014,0,TypeA,54300,000000000000011111111100000000000000000011111111110000000000000111111111100000000000000000000000000000011111111110000000000000111111111000000000000000000000000000000000,0,0
2015,3,TypeC,29100,000000000000000000000000000000000000000000000000000000000000000000000000000000000000000011111100000000000011110000000000000111111000000000000011111000000000000111111000,0,0
2016,4,TypeC,29100,000000000000000000000000000000000000000000000000000000000000000000000000000000000000000011111100000000000011110000000000000111111000000000000011111000000000000111111000,0,0
2017,1,TypeB,41400,000000000000000111111100000000011111111000000000000000000000000000000001111111100000000000000000000000000111111110000000000000011111111000000000000000000000000000000000,1,0
2018,2,TypeB,41400,000000000000000111111100000000011111111000000000000000000000000000000001111111100000000000000000000000000111111110000000000000011111111000000000000000000000000000000000,1,0
2019,3,TypeC,29400,000000000000000000000000000000000000000000000000000000000000000000000001111100000000000000000000000000000001111110000000000111110000000000000011111000000000000111111000,0,0
2020,4,TypeC,29400,000000000000000000000000000000000000000000000000000000000000000000000001111100000000000000000000000000000001111110000000000111110000000000000011111000000000000111111000,0,0
2021,1,TypeB,44800,000000000000000000000000000000000000011111111000000000000000000000000000000000000001111111100000000000000111111110000000000000011111111000000000000000000001111111100000,0,0
2022,2,TypeB,44800,000000000000000000000000000000000000011111111000000000000000000000000000000000000001111111100000000000000111111110000000000000011111111000000000000000000001111111100000,0,0
2023,3,TypeC,32300,000000000000000000000000000000000000011111000000000000000000000000000000000000000000000011111100000000000000011111100000000000000000000000000011111100000000000111111000,0,0
2024,4,TypeC,32300,000000000000000000000000000000000000011111000000000000000000000000000000000000000000000011111100000000000000011111100000000000000000000000000011111100000000000111111000,0,0
2025,0,TypeA,56100,000000000000011111111100000000000000000011111111110000000000000111111111100000000000000000000000000000011111111110000000000000000000000000000000111111111000000000000000,0,0
2026,1,TypeB,43800,000000111111110000000000000000000000000000000000000000000000000000000000111111100000000000000000000000000011111111000000000000011111111000000000011111111000000000000000,0,0
2027,2,TypeB,43800,000000111111110000000000000000000000000000000000000000000000000000000000111111100000000000000000000000000011111111000000000000011111111000000000011111111000000000000000,0,0
2028,3,TypeC,30400,000000000000000000000000000001111110000000000000000000000000000000000000111100000000000000000000000000000000011111100000000000000000000000000011111100000000000111111000,0,0
2029,4,TypeC,30400,000000000000000000000000000001111110000000000000000000000000000000000000111100000000000000000000000000000000011111100000000000000000000000000011111100000000000111111000,0,0
2030,1,TypeB,42400,000000111111110000000000000000000000011111111000000000000000000000000000000000000001111111100000000000000111111110000000000000000000011111111000000000000000000000000000,1,0
2031,2,TypeB,42400,000000111111110000000000000000000000011111111000000000000000000000000000000000000001111111100000000000000111111110000000000000000000011111111000000000000000000000000000,1,0
2032,3,TypeC,28000,000000000000000000000000000000000000011110000000000000000000000000000000000000000000000000000000000000000011110000000000111110000000000000001111110000000000000111111000,0,0
2033,4,TypeC,28000,000000000000000000000000000000000000011110000000000000000000000000000000000000000000000000000000000000000011110000000000111110000000000000001111110000000000000111111000,0,0
2034,3,TypeC,30300,000000000000000000000000000000000000000000000000000000000000000000000001111100000000000011111100000000000000011111100000000000000000011110000000000000000000000111111000,0,0
2035,4,TypeC,30300,000000000000000000000000000000000000000000000000000000000000000000000001111100000000000011111100000000000000011111100000000000000000011110000000000000000000000111111000,0,0
2036,0,TypeA,53800,000000000000011111111100000000000011111111110000000000011111111110000000000000000000000000000000000000000111111111100000000000000000000000000111111111100000000000000000,0,0
2037,3,TypeC,30400,000000000000000000000000000000000000000000000000000000000000000111111000000000000000000011111100000000000111110000000000111110000000000000000000000111111000000000000000,0,0
2038,4,TypeC,30400,000000000000000000000000000000000000000000000000000000000000000111111000000000000000000011111100000000000111110000000000111110000000000000000000000111111000000000000000,0,0
2039,0,TypeA,51700,000000001111111111000000000000011111111110000000000000011111111100000000000000000000000000000000000000000111111111100000000000000000011111111110000000000000000000000000,1,0
2040,1,TypeB,42400,000000111111110000000000000000000000011111111000000000000000000000000000000000000001111111100000000000000111111110000000000000000000000000001111111100000000000000000000,0,0
2041,2,TypeB,42400,000000111111110000000000000000000000011111111000000000000000000000000000000000000001111111100000000000000111111110000000000000000000000000001111111100000000000000000000,0,0
2042,3,TypeC,31100,000000000000000000000000000001111100000000001111110000000000000000000000000000000000000000000000000000000000011111100000000000000000000000001111110000000000000111111000,0,0
2043,4,TypeC,31100,000000000000000000000000000001111100000000001111110000000000000000000000000000000000000000000000000000000000011111100000000000000000000000001111110000000000000111111000,0,0
2044,3,TypeC,30100,000000000000000000000000000000000000000000001111110000000000000000000000000000000000000000000000000000000111110000000000000111110000000000001111110000000000000111111000,0,0
2045,4,TypeC,30100,000000000000000000000000000000000000000000001111110000000000000000000000000000000000000000000000000000000111110000000000000111110000000000001111110000000000000111111000,0,0
2046,0,TypeA,54500,000000001111111111000000000000011111111110000000000000011111111110000000000000000000000000000000000000000111111111100000000000000000000000000111111111100000000000000000,0,0
2047,3,TypeC,30600,000000000000000000000000000000000000000000000000000000000000011111100000000000000000000011111100000000000000011111100000000000000000011100000000000111111000000000000000,0,0
2048,4,TypeC,30600,000000000000000000000000000000000000000000000000000000000000011111100000000000000000000011111100000000000000011111100000000000000000011100000000000111111000000000000000,0,0
2049,0,TypeA,52800,000000001111111111000000000000011111111110000000000000011111111100000000000000000000000000000000000000011111111110000000000000000000000000000000111111111000000000000000,1,0
2050,1,TypeB,41400,000000111111110000000000000000000000011111111000000000000000000000000000000000000001111111000000000000000111111110000000000000000000011111111000000000000000000000000000,0,0
2051,2,TypeB,41400,000000111111110000000000000000000000011111111000000000000000000000000000000000000001111111000000000000000111111110000000000000000000011111111000000000000000000000000000,0,0
2052,3,TypeC,30400,111111000000000001111100000000000000011111000000000000000000000000000000000000000000000000000000000000000000011111100000000000000000000000000000111111000000000000000000,1,0
2053,4,TypeC,30400,111111000000000001111100000000000000011111000000000000000000000000000000000000000000000000000000000000000000011111100000000000000000000000000000111111000000000000000000,1,0
2054,0,TypeA,53600,000000001111111111000000000000011111111110000000000000011111111110000000000000000000000000000000000000000111111111100000000000000000000000000000001111111111000000000000,1,0
2055,1,TypeB,41400,000000000000000111111100000000000000011111111000000000000000000000000001111111100000000000000000000000000011111111000000000000011111111000000000000000000000000000000000,0,0
2056,2,TypeB,41400,000000000000000111111100000000000000011111111000000000000000000000000001111111100000000000000000000000000011111111000000000000011111111000000000000000000000000000000000,0,0
2057,3,TypeC,30000,000000000000000000000000000000000000000000001111110000000000000000000001111000000000000000000000000000000000011111100000000000000000011111000000000000000000000111111000,0,0
2058,4,TypeC,30000,000000000000000000000000000000000000000000001111110000000000000000000001111000000000000000000000000000000000011111100000000000000000011111000000000000000000000111111000,0,0
2059,3,TypeC,31200,000000000000000000000000000000000000011110000000000000000000011111000000000000000000000000000000000000000000011111100000000000000000000000000011111100000000000111111000,0,0
2060,4,TypeC,31200,000000000000000000000000000000000000011110000000000000000000011111000000000000000000000000000000000000000000011111100000000000000000000000000011111100000000000111111000,0,0
2061,0,TypeA,54400,000000000000011111111100000000000011111111110000000000011111111110000000000000000000000000000000000000011111111110000000000000000000000000000111111111100000000000000000,0,0
2062,1,TypeB,44800,000000000000000000000000000000000011111111000000000000000000000000000001111111100000000000000000000000000111111110000000000000011111111000000000011111111000000000000000,0,0
2063,2,TypeB,44800,000000000000000000000000000000000011111111000000000000000000000000000001111111100000000000000000000000000111111110000000000000011111111000000000011111111000000000000000,0,0
2064,3,TypeC,29300,000000000000000000000000000000000001111110000000000000000000000000000001111000000000000000000000000000000111110000000000111110000000000000000000000111111000000000000000,0,0
2065,4,TypeC,29300,000000000000000000000000000000000001111110000000000000000000000000000001111000000000000000000000000000000111110000000000111110000000000000000000000111111000000000000000,0,0
2066,3,TypeC,30500,000000000000000000000000000000000000011110000000000000000000000000000000000000000000000011111100000000000000011111100000000000000000011110000000000000000000000111111000,0,0
2067,4,TypeC,30500,000000000000000000000000000000000000011110000000000000000000000000000000000000000000000011111100000000000000011111100000000000000000011110000000000000000000000111111000,0,0
2068,1,TypeB,44800,000000000000000000000000000000000000011111111000000000000000000000000000000000000001111111100000000000000011111111000000000000011111111000000000011111111000000000000000,0,0
2069,2,TypeB,44800,000000000000000000000000000000000000011111111000000000000000000000000000000000000001111111100000000000000011111111000000000000011111111000000000011111111000000000000000,0,0
2070,3,TypeC,32100,000000000000000000000000000000000000000000001111110000000000000000000000000000000000000011111100000000000000011111100000000000000000000000000011111100000000000111111000,0,0
2071,4,TypeC,32100,000000000000000000000000000000000000000000001111110000000000000000000000000000000000000011111100000000000000011111100000000000000000000000000011111100000000000111111000,0,0
2072,1,TypeB,43800,000000000000000000000000000000000000011111111000000000000000000000000000000000000001111111100000000000011111110000000000111111110000000000000000011111111000000000000000,0,0
2073,2,TypeB,43800,000000000000000000000000000000000000011111111000000000000000000000000000000000000001111111100000000000011111110000000000111111110000000000000000011111111000000000000000,0,0
2074,3,TypeC,29800,000000000000000000000000000001111100000000001111110000000000000000000000000000000000000000000000000000000111110000000000000111111000000000000000111111000000000000000000,0,0
2075,4,TypeC,29800,000000000000000000000000000001111100000000001111110000000000000000000000000000000000000000000000000000000111110000000000000111111000000000000000111111000000000000000000,0,0
2076,3,TypeC,26500,000000000000000000000000000000000000000000000000000000000000000000000000111100000000000001111100000000000111110000000000111110000000000000000000011111100000000000000000,0,0
2077,4,TypeC,26500,000000000000000000000000000000000000000000000000000000000000000000000000111100000000000001111100000000000111110000000000111110000000000000000000011111100000000000000000,0,0
2078,3,TypeC,27200,000000000000000000000000000000000000000000001111110000000000000000000000111000000000000001111100000000000000011111100000000000000000000000000000111111000000000000000000,0,0
2079,4,TypeC,27200,000000000000000000000000000000000000000000001111110000000000000000000000111000000000000001111100000000000000011111100000000000000000000000000000111111000000000000000000,0,0
2080,3,TypeC,30000,000000000000000001111100000000000000011110000000000000000000000000000000000000000000000000000000000000000000011111100000000000000000000000000011111100000000000111111000,0,0
2081,4,TypeC,30000,000000000000000001111100000000000000011110000000000000000000000000000000000000000000000000000000000000000000011111100000000000000000000000000011111100000000000111111000,0,0
2082,3,TypeC,30700,000000000000000001111100000000000000011111000000000000000000000000000000000000000000000011111100000000000000011111100000000000000000000000000000111111000000000000000000,1,0
2083,4,TypeC,30700,000000000000000001111100000000000000011111000000000000000000000000000000000000000000000011111100000000000000011111100000000000000000000000000000111111000000000000000000,1,0
2084,0,TypeA,54100,000000001111111111000000000000011111111110000000000000011111111100000000000000000000000000000000000000011111111110000000000000000000000000000111111111100000000000000000,0,0
2085,3,TypeC,28100,000000000000000000000000000000000000000000001111110000000000000000000001111100000000000000000000000000000000011111100000000000000000111000000000011111100000000000000000,0,0
2086,4,TypeC,28100,000000000000000000000000000000000000000000001111110000000000000000000001111100000000000000000000000000000000011111100000000000000000111000000000011111100000000000000000,0,0
2087,3,TypeC,32200,000000000000000000000000000000000000011110000000000000000000011111100000000000000000000000000000000000000001111110000000000111111000000000000000011111100000000000000000,0,0
2088,4,TypeC,32200,000000000000000000000000000000000000011110000000000000000000011111100000000000000000000000000000000000000001111110000000000111111000000000000000011111100000000000000000,0,0
2089,0,TypeA,53500,000000001111111111000000000001111111110000000000011111111100000000000001111111100000000000000000000000000000000000000000000000000000011111111110000000000000000000000000,0,0
2090,1,TypeB,42800,000000000000000000000000000000000000011111111000000000000000000000000000111111100000000000000000000000011111110000000000111111110000000000001111111100000000000000000000,0,0
2091,2,TypeB,42800,000000000000000000000000000000000000011111111000000000000000000000000000111111100000000000000000000000011111110000000000111111110000000000001111111100000000000000000000,0,0
2092,3,TypeC,27300,000000000000000000000000000000000000011111000000000000000000000000000000111100000000000000000000000000000000011111100000000000000000111000000000011111100000000000000000,0,0
2093,4,TypeC,27300,000000000000000000000000000000000000011111000000000000000000000000000000111100000000000000000000000000000000011111100000000000000000111000000000011111100000000000000000,0,0
2094,1,TypeB,42400,000000111111110000000000000000000000011111111000000000000000000000000001111111100000000000000000000000000111111110000000000000000000011111111000000000000000000000000000,1,0
2095,2,TypeB,42400,000000111111110000000000000000000000011111111000000000000000000000000001111111100000000000000000000000000111111110000000000000000000011111111000000000000000000000000000,1,0
2096,3,TypeC,32600,000000000000000001111100000000000001111110000000000000000000000000000000000000000000000000000000000000000000011111100000000000000000000000000011111100000000000111111000,0,0
2097,4,TypeC,32600,000000000000000001111100000000000001111110000000000000000000000000000000000000000000000000000000000000000000011111100000000000000000000000000011111100000000000111111000,0,0
2098,1,TypeB,42400,000000011111111000000000000000000000011111111000000000000000000000000001111111100000000000000000000000000111111110000000000000000000011111111000000000000000000000000000,0,0
2099,2,TypeB,42400,000000011111111000000000000000000000011111111000000000000000000000000001111111100000000000000000000000000111111110000000000000000000011111111000000000000000000000000000,0,0
2100,3,TypeC,31000,000000000000000000000000000000000000011111000000000000000000000000000001111100000000000000000000000000000000011111100000000000000000000000001111110000000000000111111000,0,0
2101,4,TypeC,31000,000000000000000000000000000000000000011111000000000000000000000000000001111100000000000000000000000000000000011111100000000000000000000000001111110000000000000111111000,0,0
2102,0,TypeA,53100,000000000000011111111100000000000011111111110000000000011111111110000000000000000000000000000000000000011111111110000000000000000000000000000000111111111000000000000000,0,0
2103,3,TypeC,29700,000000000000000000000000000000000000011110000000000000000000000000001111100000000000000011111100000000000000011111100000000000000000000000000000111111000000000000000000,0,0
2104,4,TypeC,29700,000000000000000000000000000000000000011110000000000000000000000000001111100000000000000011111100000000000000011111100000000000000000000000000000111111000000000000000000,0,0
2105,1,TypeB,41400,000000000000000000000000000000011111111000000000000000000000011111111000000000000001111111100000000000011111110000000000111111110000000000000000000000000000000000000000,1,0
2106,2,TypeB,41400,000000000000000000000000000000011111111000000000000000000000011111111000000000000001111111100000000000011111110000000000111111110000000000000000000000000000000000000000,1,0
2107,3,TypeC,32300,000000000000000000000000000000000001111110000000000000000000000000000001111100000000000011111100000000000000011111100000000000000000000000000000111111000000000000000000,0,0
2108,4,TypeC,32300,000000000000000000000000000000000001111110000000000000000000000000000001111100000000000011111100000000000000011111100000000000000000000000000000111111000000000000000000,0,0
2109,0,TypeA,54900,000000001111111111000000000000011111111110000000000000011111111110000000000000000000000000000000000000000000000000000000111111111000000000000000111111111000000000000000,0,0
2110,3,TypeC,30300,000000000000000000000000000000000001111110000000000000000000000000000000000000000000000001111100000000000111110000000000111110000000000000000000111111000000000000000000,0,0
2111,4,TypeC,30300,000000000000000000000000000000000001111110000000000000000000000000000000000000000000000001111100000000000111110000000000111110000000000000000000111111000000000000000000,0,0
2112,1,TypeB,44800,000000000000000000000000000000000000011111111000000000000000000000000000000000000001111111100000000000000111111110000000000000011111111000000000011111111000000000000000,0,0
2113,2,TypeB,44800,000000000000000000000000000000000000011111111000000000000000000000000000000000000001111111100000000000000111111110000000000000011111111000000000011111111000000000000000,0,0
2114,3,TypeC,32100,000000000000000000000000000000000000000000001111110000000000000000000000000000000000000011111100000000000001111110000000000111111000000000000000111111000000000000000000,0,0
2115,4,TypeC,32100,000000000000000000000000000000000000000000001111110000000000000000000000000000000000000011111100000000000001111110000000000111111000000000000000111111000000000000000000,0,0
