col_id,emp_id,emp_type,cost,schedule_pattern,in_final_mip,is_selected
0,0,TypeA,0,000000000000000000000000000000000000000000000000000000000000000000000000000000000000000000000000000000000000000000000000000000000000000000000000000000000000000000000000,0,0
1,0,TypeA,8000,000000000011111111000000000000000000000000000000000000000000000000000000000000000000000000000000000000000000000000000000000000000000000000000000000000000000000000000000,0,0
2,1,TypeB,0,000000000000000000000000000000000000000000000000000000000000000000000000000000000000000000000000000000000000000000000000000000000000000000000000000000000000000000000000,0,0
3,1,TypeB,4000,000000000011110000000000000000000000000000000000000000000000000000000000000000000000000000000000000000000000000000000000000000000000000000000000000000000000000000000000,0,0
4,2,TypeB,0,000000000000000000000000000000000000000000000000000000000000000000000000000000000000000000000000000000000000000000000000000000000000000000000000000000000000000000000000,0,0
5,2,TypeB,4000,000000000011110000000000000000000000000000000000000000000000000000000000000000000000000000000000000000000000000000000000000000000000000000000000000000000000000000000000,0,0
6,3,TypeC,0,000000000000000000000000000000000000000000000000000000000000000000000000000000000000000000000000000000000000000000000000000000000000000000000000000000000000000000000000,0,0
7,3,TypeC,3900,000000000011100000000000000000000000000000000000000000000000000000000000000000000000000000000000000000000000000000000000000000000000000000000000000000000000000000000000,0,0
8,4,TypeC,0,000000000000000000000000000000000000000000000000000000000000000000000000000000000000000000000000000000000000000000000000000000000000000000000000000000000000000000000000,0,0
9,4,TypeC,3900,000000000011100000000000000000000000000000000000000000000000000000000000000000000000000000000000000000000000000000000000000000000000000000000000000000000000000000000000,0,0
10,0,TypeA,51600,000000000000000000000000000000011111111000000000000000011111111110000000000000000011111111110000000000000000000000000000000011111111110000000000000000011111111110000000,0,0
11,1,TypeB,41100,000000000000000000000000000000011111111000000000000000000001111111100000000000000011111111000000000000000000111111110000000000011111110000000000000000000000000000000000,1,0
12,2,TypeB,41100,000000000000000000000000000000011111111000000000000000000001111111100000000000000011111111000000000000000000111111110000000000011111110000000000000000000000000000000000,1,0
13,3,TypeC,34200,000001111110000000000000000000011111100000000000000000000001111110000000000000000000000000000000000000000000000000000000000011111100000000000000000011111100000000000000,1,0
14,4,TypeC,34200,000001111110000000000000000000011111100000000000000000000001111110000000000000000000000000000000000000000000000000000000000011111100000000000000000011111100000000000000,1,0
15,0,TypeA,50900,000000000000111111111100000000000000000000000000011111111000000000000000000000000000000000000000000111111110000000000000000000000000011111111100000000000000011111111100,0,0
16,1,TypeB,38900,000000000000111111100000000000000000000000000000011111111000000000000000000000000000000000000000000111111100000000000000000000000000000011111100000000000000000111111100,1,0
17,2,TypeB,38900,000000000000111111100000000000000000000000000000011111111000000000000000000000000000000000000000000111111100000000000000000000000000000011111100000000000000000111111100,1,0
18,3,TypeC,26400,000000000000111110000000000000000000000000000000000000111000000000000000000000000000000000000000000111110000000000000000000000000000000011111100000000000000000111110000,0,0
19,4,TypeC,26400,000000000000111110000000000000000000000000000000000000111000000000000000000000000000000000000000000111110000000000000000000000000000000011111100000000000000000111110000,0,0
20,0,TypeA,47400,000001111111100000000000111111110000000000000000000000000000000000000000000000111111110000000000000000111111111100000000000000000000000000000000000000000001111111100000,0,0
21,1,TypeB,30000,000000011111100000000001111000000000000000000000000000000000000000000000011111111000000000011111000000000111111100000000000000000000000000000000000000000000000000000000,0,0
22,2,TypeB,30000,000000011111100000000001111000000000000000000000000000000000000000000000011111111000000000011111000000000111111100000000000000000000000000000000000000000000000000000000,0,0
23,3,TypeC,23100,000000011111100000000001111000000000000000000000000000000000000000000000000000111000000000011111000000000000000000000000000000000000000000000000000000000001110000000000,0,0
24,4,TypeC,23100,000000011111100000000001111000000000000000000000000000000000000000000000000000111000000000011111000000000000000000000000000000000000000000000000000000000001110000000000,0,0
25,0,TypeA,49600,000000011111111110000000000000000000000000000000000000011111111000000000000000000000000000000000000000111111111100000000000000000111111110000000000011111111110000000000,0,0
26,1,TypeB,37900,000000000011111110000000000000000000000000000000000000011111110000000000000000000000000000000000000000000111111100000000000000000000111110000000000011111111000000000000,1,0
27,2,TypeB,37900,000000000011111110000000000000000000000000000000000000011111110000000000000000000000000000000000000000000111111100000000000000000000111110000000000011111111000000000000,1,0
28,3,TypeC,28100,000000111110000000000000000000000000000000000000000000011100000000000000000000000000011110000000000000000000000000000000000000000000111110000000000000001111110000000000,0,0
29,4,TypeC,28100,000000111110000000000000000000000000000000000000000000011100000000000000000000000000011110000000000000000000000000000000000000000000111110000000000000001111110000000000,0,0
30,0,TypeA,52700,000000000000001111111111000000000000000000000000000000000000000000000000000000111111110000000000000000111111111100000000000011111111110000000000000000000000011111111100,1,0
31,1,TypeB,34700,000000000000001111111100000000000000000000000000000000000000000000000000000000000000000011111111000000000111111100000000000011111000000000000000000000000000011110000000,1,0
32,2,TypeB,34700,000000000000001111111100000000000000000000000000000000000000000000000000000000000000000011111111000000000111111100000000000011111000000000000000000000000000011110000000,1,0
33,3,TypeC,23000,000000000000001111100000000000000000000000000000000000000000000000000000000000000000000000000111000000000000011100000000000011111000000000000000000000000000011110000000,1,0
34,4,TypeC,23000,000000000000001111100000000000000000000000000000000000000000000000000000000000000000000000000111000000000000011100000000000011111000000000000000000000000000011110000000,1,0
35,0,TypeA,48000,000001111111111000000000000000011111111000000000000000001111111110000000000000000000000000000000000000111111111100000000000000000000000000000000000000000001111111100000,0,0
36,1,TypeB,31200,000001111000000000000111111000000000000000000000000000000111111110000000000000000000000000000000000000111111110000000000000000000000000000000000000000000000011110000000,1,0
37,2,TypeB,31200,000001111000000000000111111000000000000000000000000000000111111110000000000000000000000000000000000000111111110000000000000000000000000000000000000000000000011110000000,1,0
38,3,TypeC,22400,000001110000000000000111111000000000000000000000111000000000011110000000000000000000000000000000000000000000000000000000000000000000000000000000000000000000011110000000,1,0
39,4,TypeC,22400,000001110000000000000111111000000000000000000000111000000000011110000000000000000000000000000000000000000000000000000000000000000000000000000000000000000000011110000000,1,0
40,0,TypeA,49300,000000000000000000000000111111111100000000000000000000111111110000000000000000111111110000000000000000111111110000000000000000000000000000000000000000000000011111111100,0,0
41,1,TypeB,39000,000000000000000111111100000000011111111000000000000000111111110000000000000000111111110000000000000000111111110000000000000000000000000000000000000000000000000000000000,0,0
42,2,TypeB,39000,000000000000000111111100000000011111111000000000000000111111110000000000000000111111110000000000000000111111110000000000000000000000000000000000000000000000000000000000,0,0
43,3,TypeC,23800,000000000000000000000000000000011100000000000000000000111100000000000000011111100000000000011111000000000000000000000000000000000000011110000000000000000000000000000000,0,0
44,4,TypeC,23800,000000000000000000000000000000011100000000000000000000111100000000000000011111100000000000011111000000000000000000000000000000000000011110000000000000000000000000000000,0,0
45,0,TypeA,52500,000000001111111100000000000000000000000000000000000000000000000000000000011111111000000000000111111111100000000000000000000000000000111111111100000000000000011111111100,0,0
46,1,TypeB,37600,000000001111111100000000000000000000000000000000000000000000011111100000000000000000000011111111000000000000000000000000000000000000111111110000000000000000011110000000,1,0
47,2,TypeB,37600,000000001111111100000000000000000000000000000000000000000000011111100000000000000000000011111111000000000000000000000000000000000000111111110000000000000000011110000000,1,0
48,3,TypeC,30300,000001111110000000000000000000000000000000000000000000000000011111100000000000000000000000011111000000000000000000000000000000000000000011111100000000000000011110000000,1,0
49,4,TypeC,30300,000001111110000000000000000000000000000000000000000000000000011111100000000000000000000000011111000000000000000000000000000000000000000011111100000000000000011110000000,1,0
50,0,TypeA,46400,000000001111111110000000000000000111111111100000000000000000000000000000000000000000000000000000000111111110000000000000000000001111111110000000000000000001111111100000,0,0
51,1,TypeB,33200,000000000011111110000000000000001111111000000000011111110000000000000000000000000000000000000000000111111100000000000000000000000000000000000000000000000000011110000000,0,0
52,2,TypeB,33200,000000000011111110000000000000001111111000000000011111110000000000000000000000000000000000000000000111111100000000000000000000000000000000000000000000000000011110000000,0,0
53,3,TypeC,28300,000001111110000000000111111000000000000000000000000000000000000000000000000000000000000000000000000111100000000000000000000000000000111110000000000000000000011110000000,1,0
54,4,TypeC,28300,000001111110000000000111111000000000000000000000000000000000000000000000000000000000000000000000000111100000000000000000000000000000111110000000000000000000011110000000,1,0
55,0,TypeA,51800,000000000000000000000000111111111000000000000000011111111000000000000000000000111111110000000000000000111111111100000000000000000000011111111100000000000000000000000000,0,0
56,1,TypeB,37800,000000001111111000000000111111110000000000000000011111111000000000000000000000000000000000000000000000000111111100000000000000000000000011111100000000000000000000000000,0,0
57,2,TypeB,37800,000000001111111000000000111111110000000000000000011111111000000000000000000000000000000000000000000000000111111100000000000000000000000011111100000000000000000000000000,0,0
58,3,TypeC,24400,000000000000000000000111111000000000000000000000011100000000000000000000000000000000011110000000000000000000011100000000000000000000000011111100000000000000000000000000,1,0
59,4,TypeC,24400,000000000000000000000111111000000000000000000000011100000000000000000000000000000000011110000000000000000000011100000000000000000000000011111100000000000000000000000000,1,0
60,0,TypeA,47500,000000001111111110000000000000000000000000000000011111111000000000000000000000000000011111111100000000000111111110000000000000000000000000000000000000000000011111111100,0,0
61,1,TypeB,35200,000000001111111000000000000000000000000000000000011111111000000000000000000000000000011111110000000000000111111110000000000000000000000000000000000000000000011110000000,0,0
62,2,TypeB,35200,000000001111111000000000000000000000000000000000011111111000000000000000000000000000011111110000000000000111111110000000000000000000000000000000000000000000011110000000,0,0
63,3,TypeC,29100,000000000000111110000000000000000000001111100000000000000000000000000000000000000000000011111100000000000000011110000000000000000000000000000000000000000000011110000000,1,0
64,4,TypeC,29100,000000000000111110000000000000000000001111100000000000000000000000000000000000000000000011111100000000000000011110000000000000000000000000000000000000000000011110000000,1,0
65,0,TypeA,53100,000000011111111110000000000000000000000000000000000000011111111110000000000000111111110000000000000011111111110000000000000011111111110000000000000000000000000000000000,0,0
66,1,TypeB,38500,000000011111111000000000000000000000000000000000011111111000000000000000011111111000000000000111111110000000000000000000000011111000000000000000000000000000000000000000,1,0
67,2,TypeB,38500,000000011111111000000000000000000000000000000000011111111000000000000000011111111000000000000111111110000000000000000000000011111000000000000000000000000000000000000000,1,0
68,3,TypeC,28100,000000000000000000000111111000000000001111100000000000000000011110000000000000000000000000000001111110000000000000000000000011111000000000000000000000000000000000000000,1,0
69,4,TypeC,28100,000000000000000000000111111000000000001111100000000000000000011110000000000000000000000000000001111110000000000000000000000011111000000000000000000000000000000000000000,1,0
70,0,TypeA,48400,000000011111111110000000000000011111111000000000000000011111111100000000000000000000000000000000000000000000000000000000000000001111111111000000000000000001111111110000,0,0
71,1,TypeB,41100,000000011111111000000000000000011111111000000000011111111000000000000000000000000000000011111111000000000000000000000000000000000000000000000000000000000000011111110000,1,0
72,2,TypeB,41100,000000011111111000000000000000011111111000000000011111111000000000000000000000000000000011111111000000000000000000000000000000000000000000000000000000000000011111110000,1,0
73,3,TypeC,31000,000000011111100000000000000000011100000000000000000000000000000000000000000000000000011110000000000000000000000000000000000000000000111111000000000000000001111110000000,0,0
74,4,TypeC,31000,000000011111100000000000000000011100000000000000000000000000000000000000000000000000011110000000000000000000000000000000000000000000111111000000000000000001111110000000,0,0
75,0,TypeA,50500,000001111111111000000000000000000111111111100000000000000000000000000000000000111111110000000000000000111111110000000000000000000000000000000000000011111111110000000000,0,0
76,1,TypeB,40100,000001111111100000000000000000000000000000000000011111110000000000000000000000111111110000000000000000111111110000000000000000000000000000000000000000011111110000000000,1,0
77,2,TypeB,40100,000001111111100000000000000000000000000000000000011111110000000000000000000000111111110000000000000000111111110000000000000000000000000000000000000000011111110000000000,1,0
78,3,TypeC,26800,000000000000000000000000000000000000001111100000000000000000000000000000000000000000011110000000000000111100000000000000000000001111110000000000000000000001110000000000,0,0
79,4,TypeC,26800,000000000000000000000000000000000000001111100000000000000000000000000000000000000000011110000000000000111100000000000000000000001111110000000000000000000001110000000000,0,0
80,0,TypeA,52700,000000000000000000000000111111111100000000000000000000001111111110000000000000000000011111111100000000000000000000000000000000001111111110000000000011111111110000000000,0,0
81,1,TypeB,36600,000000000000001111100000000000000000000000000000000000001111111100000000000000000000000011111111000000000000000000000000000000000000011110000000000011111111000000000000,0,0
82,2,TypeB,36600,000000000000001111100000000000000000000000000000000000001111111100000000000000000000000011111111000000000000000000000000000000000000011110000000000011111111000000000000,0,0
83,3,TypeC,29100,000000000000001111100000000000000000000000000000000000000000011110000000000000000000000011111100000000000000000000000000000000000000011110000000000000000001111100000000,1,0
84,4,TypeC,29100,000000000000001111100000000000000000000000000000000000000000011110000000000000000000000011111100000000000000000000000000000000000000011110000000000000000001111100000000,1,0
85,0,TypeA,49500,000001111111111000000000000000000000000000000000000000011111111100000000000000111111110000000000000000000000111111110000000000000000000000000000000011111111110000000000,0,0
86,1,TypeB,38000,000001111111100000000000111111110000000000000000000000011111110000000000000000111111110000000000000000000000011111110000000000000000000000000000000000000000000000000000,1,0
87,2,TypeB,38000,000001111111100000000000111111110000000000000000000000011111110000000000000000111111110000000000000000000000011111110000000000000000000000000000000000000000000000000000,1,0
88,3,TypeC,30000,000000000000001111100000000000000000000000000000000000000000000000000000011111100000000000000001111100000000000111110000000000001111110000000000000000000000000000000000,0,0
89,4,TypeC,30000,000000000000001111100000000000000000000000000000000000000000000000000000011111100000000000000001111100000000000111110000000000001111110000000000000000000000000000000000,0,0
90,0,TypeA,51900,000000011111111110000000000000000000000000000000000000011111111110000000000000000000000000000000000000111111111100000000000000000000011111111100000000000000011111111100,1,1
91,1,TypeB,41400,000001111111100000000000001111111100000000000000000000000000000000000000000000000000011111110000000000111111110000000000000000000000000000000000000000000001111111100000,1,0
92,2,TypeB,41400,000001111111100000000000001111111100000000000000000000000000000000000000000000000000011111110000000000111111110000000000000000000000000000000000000000000001111111100000,1,0
93,3,TypeC,23700,000000000000000000000001111000000000000000000000000000000000011110000000000000000000011110000000000000000000000000000000000000000000000000000000000111000000000011111100,1,0
94,4,TypeC,23700,000000000000000000000001111000000000000000000000000000000000011110000000000000000000011110000000000000000000000000000000000000000000000000000000000111000000000011111100,1,0
95,0,TypeA,56000,000000000000000000000000111111111100000000000000011111111000000000000000000000000000011111111100000000000000000000000000000011111111110000000000000011111111110000000000,0,0
96,1,TypeB,36200,000000000000000000000000000000000000000000000000011111111000000000111111110000000000011111110000000000111111110000000000000000000000000000000000000011110000000000000000,0,0
97,2,TypeB,36200,000000000000000000000000000000000000000000000000011111111000000000111111110000000000011111110000000000111111110000000000000000000000000000000000000011110000000000000000,0,0
98,3,TypeC,28100,000000000000000000000000000000000000000000000000000000000000011111100000000000000000011110000000000000000111110000000000000000000000011110000000000011110000000000000000,1,0
99,4,TypeC,28100,000000000000000000000000000000000000000000000000000000000000011111100000000000000000011110000000000000000111110000000000000000000000011110000000000011110000000000000000,1,0
100,0,TypeA,56400,000000000000000000000001111111111000000000000000000000000000000000000000000000111111110000000000000011111111110000000000000011111111110000000000000011111111110000000000,1,0
101,1,TypeB,41400,000000011111111000000000000000011111111000000000000000000000000000000000000000111111110000000000000111111100000000000000000000000000000000000000000011111111000000000000,1,0
102,2,TypeB,41400,000000011111111000000000000000011111111000000000000000000000000000000000000000111111110000000000000111111100000000000000000000000000000000000000000011111111000000000000,1,0
103,3,TypeC,29000,000000000000000000000001111000000000000000000000000000000000011111100000000000000000011110000000000011111100000000000000000000000000000000000000000011111100000000000000,1,0
104,4,TypeC,29000,000000000000000000000001111000000000000000000000000000000000011111100000000000000000011110000000000011111100000000000000000000000000000000000000000011111100000000000000,1,0
105,0,TypeA,54800,000001111111111000000000000000000111111111100000000000011111111110000000000000000000000000000000000000000000000000000000000011111111110000000000000011111111110000000000,0,0
106,1,TypeB,35500,000000000000111110000000000000000000000000000000011111111000000000000000000000111111110000000001111111100000000000000000000011111000000000000000000000000000000000000000,1,0
107,2,TypeB,35500,000000000000111110000000000000000000000000000000011111111000000000000000000000111111110000000001111111100000000000000000000011111000000000000000000000000000000000000000,1,0
108,3,TypeC,30900,000000000000111110000000000000000000001111100000000000001111110000000000011111100000000000000000000000000000000000000000000011111000000000000000000000000000000000000000,0,0
109,4,TypeC,30900,000000000000111110000000000000000000001111100000000000001111110000000000011111100000000000000000000000000000000000000000000011111000000000000000000000000000000000000000,0,0
110,0,TypeA,56000,000000000000000111111111100000000000000000000000011111111000000000000000000000000000000000011111111110000000000000000000000000001111111110000000000011111111110000000000,0,0
111,1,TypeB,37000,000001111111100000000000000000001111111000000000011111111000000000000000000000000000011111110000000000000000011111110000000000000000000000000000000000000000000000000000,0,0
112,2,TypeB,37000,000001111111100000000000000000001111111000000000011111111000000000000000000000000000011111110000000000000000011111110000000000000000000000000000000000000000000000000000,0,0
113,3,TypeC,28600,000001111000000000000000000000000000000000000000000000000000000000000000000000000000000000000001111110000000000111110000000000000000011110000000000000000001111110000000,1,0
114,4,TypeC,28600,000001111000000000000000000000000000000000000000000000000000000000000000000000000000000000000001111110000000000111110000000000000000011110000000000000000001111110000000,1,0
115,0,TypeA,52800,000000000000001111111111000000000000000000000000000000011111111110000000000000000000011111111100000000000000000000000000000000001111111110000000000011111111110000000000,0,0
116,1,TypeB,41400,000000000000111111100000000000011111111000000000000000000000000000000000011111111000000000000111111110000000000000000000000000000000000000000000000000000111111110000000,1,0
117,2,TypeB,41400,000000000000111111100000000000011111111000000000000000000000000000000000011111111000000000000111111110000000000000000000000000000000000000000000000000000111111110000000,1,0
118,3,TypeC,32300,000000000000111110000000000000000000000000000000000000000000000000000000000000000000011110000000000000000111110000000000000000000000000011111100000000000001111110000000,1,0
119,4,TypeC,32300,000000000000111110000000000000000000000000000000000000000000000000000000000000000000011110000000000000000111110000000000000000000000000011111100000000000001111110000000,1,0
120,0,TypeA,54500,000000000000000000000000000000000111111111100000000000011111111110000000000000000000000000000000000000111111111100000000000011111111110000000000000011111111110000000000,1,0
121,1,TypeB,41400,000000000000000000000000000000011111111000000000011111111000000000000000000000000000000011111111000000000000011111110000000000000000111111110000000000000000000000000000,1,1
122,2,TypeB,41400,000000000000000000000000000000011111111000000000011111111000000000000000000000000000000011111111000000000000011111110000000000000000111111110000000000000000000000000000,1,0
123,3,TypeC,28400,000000000000000000000000000000000000001111100000000000000000000000000000011111100000000000011111000000000000000000000000000000000000111110000000000011111000000000000000,1,0
124,4,TypeC,28400,000000000000000000000000000000000000001111100000000000000000000000000000011111100000000000011111000000000000000000000000000000000000111110000000000011111000000000000000,1,0
125,0,TypeA,55300,000000000000000111111111100000000000000000000000000000011111111100000000000000000000000000000000000000111111111100000000000011111111110000000000000011111111110000000000,0,0
126,1,TypeB,35800,000000000000111111100000000000000000000000000000011111110000000000000000000000000000011111110000000000000111111100000000000000001111110000000000000000000000000000000000,1,0
127,2,TypeB,35800,000000000000111111100000000000000000000000000000011111110000000000000000000000000000011111110000000000000111111100000000000000001111110000000000000000000000000000000000,1,0
128,3,TypeC,32300,000000000000001111100000000000000000000000000000000000000000011111100000000000000000000000000000000000000000011100000000000000001111110000000000000000000001111110000000,1,0
129,4,TypeC,32300,000000000000001111100000000000000000000000000000000000000000011111100000000000000000000000000000000000000000011100000000000000001111110000000000000000000001111110000000,1,0
130,0,TypeA,51100,000000000000000011111111100000000000000000000000000000011111111110000000000000000000111111110000000000000000000000000000000011111111110000000000000000000000011111111100,0,0
131,1,TypeB,39200,000000000000000000000000000000000000000000000000000000011111110000000000000000000000011111110000000000000000011111110000000000001111110000000000000000001111111100000000,1,0
132,2,TypeB,39200,000000000000000000000000000000000000000000000000000000011111110000000000000000000000011111110000000000000000011111110000000000001111110000000000000000001111111100000000,1,0
133,3,TypeC,31500,000000000000000000000001110000000000000000000000000000001111110000000000011111100000000000000000000000000000000000000000000000001111110000000000000000001111110000000000,0,0
134,4,TypeC,31500,000000000000000000000001110000000000000000000000000000001111110000000000011111100000000000000000000000000000000000000000000000001111110000000000000000001111110000000000,0,0
135,0,TypeA,51900,000000011111111110000000000000000111111111100000000000000000000000000000000000000000011111111100000000000000000000000000000011111111110000000000000000000000011111111100,1,0
136,1,TypeB,36300,000000000011111110000000000000000000000000111111110000000000000000000000000000000000011111110000000000000000000000000000000011111000000000000000000000000000000011111100,0,0
137,2,TypeB,36300,000000000011111110000000000000000000000000111111110000000000000000000000000000000000011111110000000000000000000000000000000011111000000000000000000000000000000011111100,0,0
138,3,TypeC,28300,000000000000000111100000000000000000000000000000000000000000011111100000000000000000011110000000000000000000000000000000000011111000000000000000000000000000000011111100,0,0
139,4,TypeC,28300,000000000000000111100000000000000000000000000000000000000000011111100000000000000000011110000000000000000000000000000000000011111000000000000000000000000000000011111100,0,0
140,0,TypeA,48500,000000000011111111100000000000000000000000111111111000000000000000000000000000111111110000000000000000000000000000000000000000001111111110000000000000000000011111111100,0,0
141,1,TypeB,38800,000000000000000000111111100000000000000000111111110000000000000000000000000000111111110000000000000000111111110000000000000000001111110000000000000000000000000000000000,1,0
142,2,TypeB,38800,000000000000000000111111100000000000000000111111110000000000000000000000000000111111110000000000000000111111110000000000000000001111110000000000000000000000000000000000,1,0
143,3,TypeC,32900,000000000011111100000000000000000000001111100000000000000000111110000000000000000000011110000000000000000000000000000000000000001111110000000000000000000000000000000000,1,0
144,4,TypeC,32900,000000000011111100000000000000000000001111100000000000000000111110000000000000000000011110000000000000000000000000000000000000001111110000000000000000000000000000000000,1,0
145,0,TypeA,55500,000000000000000000000000111111111100000000000000000000011111111110000000000000000000000000000111111111100000000000000000000000001111111110000000000000000000011111111100,0,0
146,1,TypeB,37800,000000000000000000111111100000000000000000000000000000011111110000000000000000111111110000000001111111100000000000000000000000000000000011111100000000000000000000000000,1,0
147,2,TypeB,37800,000000000000000000111111100000000000000000000000000000011111110000000000000000111111110000000001111111100000000000000000000000000000000011111100000000000000000000000000,1,0
148,3,TypeC,29400,000000000000001111100000000000000000000000000000001111110000000000000000011111100000000000000000000000000000011110000000000000000000000011111100000000000000000000000000,1,0
149,4,TypeC,29400,000000000000001111100000000000000000000000000000001111110000000000000000011111100000000000000000000000000000011110000000000000000000000011111100000000000000000000000000,1,0
150,0,TypeA,54100,000000000000000000111111111000000000000000111111111000000000000000000000000000000000011111111100000000000000000000000000000011111111110000000000000000000000011111111100,0,0
151,1,TypeB,39000,000000001111111100000000000000011111111000000000011111111000000000000000000000111111110000000000000111111100000000000000000000000000000000000000000000000000000000000000,1,0
152,2,TypeB,39000,000000001111111100000000000000011111111000000000011111111000000000000000000000111111110000000000000111111100000000000000000000000000000000000000000000000000000000000000,1,0
153,3,TypeC,32500,000001111110000000000000000000000000001111100000000000000000000000000000011111100000000000000000000000000111110000000000000000001111110000000000000000000000000000000000,1,0
154,4,TypeC,32500,000001111110000000000000000000000000001111100000000000000000000000000000011111100000000000000000000000000111110000000000000000001111110000000000000000000000000000000000,1,0
155,0,TypeA,49700,000000000000000000000001111111111000000000000000000000000001111111100000000000111111110000000000000000000000000000000000000000000000011111111100000000000000011111111100,0,0
156,1,TypeB,39000,000000011111111000000000001111111100000000000000000000000001111111100000000000111111110000000000000000000000011111110000000000000000000000000000000000000000000000000000,1,0
157,2,TypeB,39000,000000011111111000000000001111111100000000000000000000000001111111100000000000111111110000000000000000000000011111110000000000000000000000000000000000000000000000000000,1,0
158,3,TypeC,33500,000000000000000000000111111000000000000000000000000000000000011111100000000000000000000000000000000000000111110000000000000000001111110000000000000011111100000000000000,1,0
159,4,TypeC,33500,000000000000000000000111111000000000000000000000000000000000011111100000000000000000000000000000000000000111110000000000000000001111110000000000000011111100000000000000,1,0
160,0,TypeA,50200,000000111111111000000000000000000000000000000000000000011111111110000000000000000000011111111100000000000000000000000000000000000000011111111100000000000000011111111100,0,0
161,1,TypeB,40400,000000000000111111100000000000000000000000000000011111110000000000000000000000111111110000000001111111100000000000000000000000000000000000000111111110000000000000000000,1,0
162,2,TypeB,40400,000000000000111111100000000000000000000000000000011111110000000000000000000000111111110000000001111111100000000000000000000000000000000000000111111110000000000000000000,1,0
163,3,TypeC,26200,000000000000111110000000000000011100000000000000000000000000011111100000000000000000011110000000000111100000000000000000000000000000000000000000000000000000000000000000,1,0
164,4,TypeC,26200,000000000000111110000000000000011100000000000000000000000000011111100000000000000000011110000000000111100000000000000000000000000000000000000000000000000000000000000000,1,0
165,0,TypeA,53900,000000000000000000000001111111111000000000000000000000011111111100000000000000000000011111111100000000000000000000000000000011111111110000000000000000000000011111111100,0,0
166,1,TypeB,40100,000000000000000000000000000000011111111000000000011111110000000000000000000000111111110000000000000000111111110000000000000000000000000000000000000000000000000111111100,1,0
167,2,TypeB,40100,000000000000000000000000000000011111111000000000011111110000000000000000000000111111110000000000000000111111110000000000000000000000000000000000000000000000000111111100,1,0
168,3,TypeC,28500,000000000000000000000000000000000000001111100000000000000000011111100000000000000000011110000000000000000000000000000000000011111000000000000000000000000000011110000000,1,0
169,4,TypeC,28500,000000000000000000000000000000000000001111100000000000000000011111100000000000000000011110000000000000000000000000000000000011111000000000000000000000000000011110000000,1,0
170,0,TypeA,56100,000000000000000111111111100000000000000000111111111000000000000000000000000000000000011111111100000000000000000000000000000011111111110000000000000011111111110000000000,1,0
171,1,TypeB,34500,000000000011111110000000000000000000000000000000000000000000000000000000011111100000000011111111000000000000011111110000000000000000000000000000000011111000000000000000,1,0
172,2,TypeB,34500,000000000011111110000000000000000000000000000000000000000000000000000000011111100000000011111111000000000000011111110000000000000000000000000000000011111000000000000000,1,0
173,3,TypeC,30100,000000000000001111100000000000000000000000000000000000000000111110000000000000000000011110000000000000000000000000000000000000001111110000000000000011111000000000000000,1,0
174,4,TypeC,30100,000000000000001111100000000000000000000000000000000000000000111110000000000000000000011110000000000000000000000000000000000000001111110000000000000011111000000000000000,1,0
175,0,TypeA,55700,000000000000000000000001111111111000000000000000000000111111110000000000000000000000000000000111111111100000000000000000000000001111111110000000000011111111110000000000,0,0
176,1,TypeB,41100,000001111111100000000000000000000000000000000000000000111111110000000000011111111000000000000111111110000000000000000000000000000000000000000000000000000000011111110000,1,0
177,2,TypeB,41100,000001111111100000000000000000000000000000000000000000111111110000000000011111111000000000000111111110000000000000000000000000000000000000000000000000000000011111110000,1,0
178,3,TypeC,27600,000000000000000000000111111000000000000000000000000000000000000000000000000000000000011110000000000000000000011100000000000000001111110000000000000011111000000000000000,1,0
179,4,TypeC,27600,000000000000000000000111111000000000000000000000000000000000000000000000000000000000011110000000000000000000011100000000000000001111110000000000000011111000000000000000,1,0
180,0,TypeA,53100,000001111111111000000000000000000000000000000000000000000000000000000000000000000011111111000000000000111111111100000000000011111111110000000000000011111111110000000000,1,0
181,1,TypeB,41400,000000000000111111100000000000000000000000000000000000111111110000000000000000111111110000000001111111100000000000000000000000000000000000000000000011111111000000000000,1,0
182,2,TypeB,41400,000000000000111111100000000000000000000000000000000000111111110000000000000000111111110000000001111111100000000000000000000000000000000000000000000011111111000000000000,1,0
183,3,TypeC,26600,000000000000001111100000000000000000000000000000000000000000000000000000000000000000011110000000000111100000000000000000000000000000011110000000000011111100000000000000,1,0
184,4,TypeC,26600,000000000000001111100000000000000000000000000000000000000000000000000000000000000000011110000000000111100000000000000000000000000000011110000000000011111100000000000000,1,0
185,0,TypeA,55600,000000000000000000000000111111111100000000000000000000011111111110000000000000000000000000000000000000111111111100000000000011111111110000000000000000000000011111111100,1,0
186,1,TypeB,36200,000000000000000000000000001111111100000000000000011111111000000000000000000000111111110000000000000000000111111100000000000000000000011110000000000000000000000000000000,1,0
187,2,TypeB,36200,000000000000000000000000001111111100000000000000011111111000000000000000000000111111110000000000000000000111111100000000000000000000011110000000000000000000000000000000,1,0
188,3,TypeC,24600,000000111000000000000001111000000000000000000000000000000000011111100000000000000000011110000000000000000000000000000000000000000000011110000000000000000000000000000000,0,0
189,4,TypeC,24600,000000111000000000000001111000000000000000000000000000000000011111100000000000000000011110000000000000000000000000000000000000000000011110000000000000000000000000000000,0,0
190,0,TypeA,52700,000000000000000011111111100000000000000000000000000000011111111110000000000000000000011111111100000000000000000000000000000011111111110000000000000000000000011111111100,0,0
191,1,TypeB,38500,000000000000000011111111000000000000000000000000000000111111110000000000000000111111110000000000000000111111110000000000000011111000000000000000000000000000000000000000,0,0
192,2,TypeB,38500,000000000000000011111111000000000000000000000000000000111111110000000000000000111111110000000000000000111111110000000000000011111000000000000000000000000000000000000000,0,0
193,3,TypeC,28100,000001111110000000000001111000000000000000000000000000000000000000000000011111100000000000000000000000000000000000000000000011111000000000000000000000000001111100000000,1,0
194,4,TypeC,28100,000001111110000000000001111000000000000000000000000000000000000000000000011111100000000000000000000000000000000000000000000011111000000000000000000000000001111100000000,1,0
195,0,TypeA,54100,000000000000000111111111100000000000000000000000000000011111111110000000000000000000000000000000000000111111111100000000000000001111111110000000000011111111110000000000,0,0
196,1,TypeB,38800,000001111111100000000000000000000000000000000000000000000001111111100000000000111111110000000000000111111100000000000000000000001111110000000000000000000000000000000000,1,0
197,2,TypeB,38800,000001111111100000000000000000000000000000000000000000000001111111100000000000111111110000000000000111111100000000000000000000001111110000000000000000000000000000000000,1,0
198,3,TypeC,32100,000000000000111110000000000000000000000000000000000000000000000000000000011111100000000000000000000000111100000000000000000000001111110000000000000000000001111110000000,1,0
199,4,TypeC,32100,000000000000111110000000000000000000000000000000000000000000000000000000011111100000000000000000000000111100000000000000000000001111110000000000000000000001111110000000,1,0
200,0,TypeA,51100,000000000000000111111111100000000000000000000000000000000000000000000000000000000000011111111100000000000111111110000000000011111111110000000000000000000000011111111100,1,0
201,1,TypeB,38000,000000000000111111100000000000011111111000000000000000111111110000000000000000000000011111110000000000000111111110000000000000000000000000000000000000000000000000000000,1,0
202,2,TypeB,38000,000000000000111111100000000000011111111000000000000000111111110000000000000000000000011111110000000000000111111110000000000000000000000000000000000000000000000000000000,1,0
203,3,TypeC,26700,000000000000001111100000000000011100000000000000000000000000000000000000011111100000000000000000000000000000011110000000000000000000000000000000000000000000000011111100,1,0
204,4,TypeC,26700,000000000000001111100000000000011100000000000000000000000000000000000000011111100000000000000000000000000000011110000000000000000000000000000000000000000000000011111100,1,0
205,0,TypeA,54900,000000000000000000000001111111111000000000000000000000011111111110000000000000000000011111111100000000000000000000000000000011111111110000000000000000000000011111111100,1,0
206,1,TypeB,37000,000001111111100000000000000000011111111000000000011111111000000000000000011111100000000000000000000000000000011111110000000000000000000000000000000000000000000000000000,1,0
207,2,TypeB,37000,000001111111100000000000000000011111111000000000011111111000000000000000011111100000000000000000000000000000011111110000000000000000000000000000000000000000000000000000,1,0
208,3,TypeC,26300,000001110000000000000111111000000000000000000000000000000000000000000000011111100000000000000000000000000000000000000000000011111000000000000000000000000000000011111100,1,0
209,4,TypeC,26300,000001110000000000000111111000000000000000000000000000000000000000000000011111100000000000000000000000000000000000000000000011111000000000000000000000000000000011111100,1,0
210,0,TypeA,55600,000000011111111110000000000000000000000000000000000000011111111110000000000000000000000000000111111111100000000000000000000011111111110000000000000000000000011111111100,1,0
211,1,TypeB,36500,000000000000001111111100000000011111111000000000000000000000000000000000011111100000000000000001111111100000000000000000000011111000000000000000000000000000000000000000,1,0
212,2,TypeB,36500,000000000000001111111100000000011111111000000000000000000000000000000000011111100000000000000001111111100000000000000000000011111000000000000000000000000000000000000000,1,0
213,3,TypeC,31400,000001111110000000000111111000000000000000000000000000000000000000000000011111100000000000000000000000000000000000000000000011111000000000000000000000000001111110000000,1,1
214,4,TypeC,31400,000001111110000000000111111000000000000000000000000000000000000000000000011111100000000000000000000000000000000000000000000011111000000000000000000000000001111110000000,1,0
215,0,TypeA,56700,000000000000001111111111000000000000000000111111111000000000000000000000000000000000000000000111111111100000000000000000000000000000111111111100000000000000011111111100,1,0
216,1,TypeB,40100,000000000000000000000000000000011111111000000000000000001111111100000000000000111111110000000000000111111100000000000000000000000000000000000000000000000000011111110000,1,0
217,2,TypeB,40100,000000000000000000000000000000011111111000000000000000001111111100000000000000111111110000000000000111111100000000000000000000000000000000000000000000000000011111110000,1,0
218,3,TypeC,26000,000000000000000000000000000000011100000000000000000000001111110000000000011111100000000000000000000111100000000000000000000000000000000000000000000000000000011110000000,1,0
219,4,TypeC,26000,000000000000000000000000000000011100000000000000000000001111110000000000011111100000000000000000000111100000000000000000000000000000000000000000000000000000011110000000,1,0
220,0,TypeA,54700,000000111111111100000000000000000111111111100000000000000000000000000000000000000000000000000111111111100000000000000000000000000000111111111100000000000000011111111100,1,0
221,1,TypeB,38800,000000000000111111100000000000011111111000000000000000000000000000000000000000111111110000000000000000111111110000000000000000001111110000000000000000000000000000000000,1,0
222,2,TypeB,38800,000000000000111111100000000000011111111000000000000000000000000000000000000000111111110000000000000000111111110000000000000000001111110000000000000000000000000000000000,1,0
223,3,TypeC,28500,000000000000111110000000000000011100000000000000000000000000000000000000011111100000000000000000000000000000000000000000000000001111110000000000000000000000011110000000,1,0
224,4,TypeC,28500,000000000000111110000000000000011100000000000000000000000000000000000000011111100000000000000000000000000000000000000000000000001111110000000000000000000000011110000000,1,0
225,0,TypeA,54000,000000000000000000000000111111111100000000000000000000011111111110000000000000000000011111111100000000000000000000000000000000000000111111111100000000000000011111111100,1,0
226,1,TypeB,40400,000000000000000000000000000000000000000000111111110000000001111110000000000000111111110000000000000000111111110000000000000000000000000000000111111110000000000000000000,1,0
227,2,TypeB,40400,000000000000000000000000000000000000000000111111110000000001111110000000000000111111110000000000000000111111110000000000000000000000000000000111111110000000000000000000,1,0
228,3,TypeC,31800,000000000000000000000111111000000000000000000000000000000001111110000000000000000000011110000000000000000000000000000000000000000000111110000000000011111100000000000000,1,0
229,4,TypeC,31800,000000000000000000000111111000000000000000000000000000000001111110000000000000000000011110000000000000000000000000000000000000000000111110000000000011111100000000000000,1,0
230,0,TypeA,51000,000000000000000000000001111111111000000000000000000000000000000000000000000000000000011111111100000000000000111111110000000000000000011111111100000000000000011111111100,1,0
231,1,TypeB,35800,000000000000000000000000000000000000000000111111110000000000000000000000011111100000000000000111111100000000011111110000000000000000000011111100000000000000000000000000,1,0
232,2,TypeB,35800,000000000000000000000000000000000000000000111111110000000000000000000000011111100000000000000111111100000000011111110000000000000000000011111100000000000000000000000000,1,0
233,3,TypeC,25900,000000000000000000000000000000011100000000000000000000000000000000000000011111100000000000000000000111100000000000000000000000000000000011111100000000000000000011111100,1,0
234,4,TypeC,25900,000000000000000000000000000000011100000000000000000000000000000000000000011111100000000000000000000111100000000000000000000000000000000011111100000000000000000011111100,1,0
235,0,TypeA,53400,000000011111111110000000000000000111111111100000000000000000000000000000000000000000000000000111111111100000000000000000000000000000011111111100000000000000011111111100,1,0
236,1,TypeB,40400,000000000011111110000000000000011111111000000000000000000000000000000000000000111111110000000000000000000000011111110000000000000000000000000111111110000000000000000000,1,0
237,2,TypeB,40400,000000000011111110000000000000011111111000000000000000000000000000000000000000111111110000000000000000000000011111110000000000000000000000000111111110000000000000000000,1,0
238,3,TypeC,28100,000000000000000000000111111000000000001111100000000000000000000000000000011111100000000000000000000000000000011100000000000000000000000011111100000000000000000000000000,1,0
239,4,TypeC,28100,000000000000000000000111111000000000001111100000000000000000000000000000011111100000000000000000000000000000011100000000000000000000000011111100000000000000000000000000,1,0
240,0,TypeA,56200,000000000000000111111111100000000000000000000000000000011111111110000000000000000000000000000111111111100000000000000000000000000000111111111100000000000000011111111100,1,0
241,1,TypeB,41400,000000000000000000000000000000011111111000000000000000000001111111100000000000111111110000000000000000000111111100000000000000000000000000000000000000001111111100000000,1,0
242,2,TypeB,41400,000000000000000000000000000000011111111000000000000000000001111111100000000000111111110000000000000000000111111100000000000000000000000000000000000000001111111100000000,1,0
243,3,TypeC,29200,000000000000000000000000000000011100000000000000000000000000011111100000000000000000011110000000000000000000000000000000000000000000000011111100000000000000011111100000,1,0
244,4,TypeC,29200,000000000000000000000000000000011100000000000000000000000000011111100000000000000000011110000000000000000000000000000000000000000000000011111100000000000000011111100000,1,0
245,0,TypeA,59300,000000000000000000000000111111111100000000000000000000011111111110000000000000000000000000000111111111100000000000000000000011111111110000000000000011111111110000000000,1,0
246,1,TypeB,40400,000000000000000000000000000000011111111000000000000000011111110000000000000000111111110000000000000000000000011111110000000000000000000000000000000000000111111110000000,1,0
247,2,TypeB,40400,000000000000000000000000000000011111111000000000000000011111110000000000000000111111110000000000000000000000011111110000000000000000000000000000000000000111111110000000,1,0
248,3,TypeC,29500,000000000000000000000000000000000000000000000000000000000000111110000000000000000000011110000000000111100000000000000000000000001111110000000000000011111100000000000000,1,0
249,4,TypeC,29500,000000000000000000000000000000000000000000000000000000000000111110000000000000000000011110000000000111100000000000000000000000001111110000000000000011111100000000000000,1,0
250,0,TypeA,58000,000000011111111110000000000000000000000000111111111000000000000000000000000000000000000000000111111111100000000000000000000011111111110000000000000011111111110000000000,1,0
251,1,TypeB,42400,000000000000000000000000000000011111111000000000000000000001111111100000000000111111110000000001111111100000000000000000000000000000000000000000000011111111000000000000,1,0
252,2,TypeB,42400,000000000000000000000000000000011111111000000000000000000001111111100000000000111111110000000001111111100000000000000000000000000000000000000000000011111111000000000000,1,0
253,3,TypeC,32300,000000000000111110000000000000000000000000000000000000000000000000000000011111100000000000000001111110000000000000000000000000001111110000000000000011111100000000000000,1,0
254,4,TypeC,32300,000000000000111110000000000000000000000000000000000000000000000000000000011111100000000000000001111110000000000000000000000000001111110000000000000011111100000000000000,1,0
255,0,TypeA,54900,000001111111111000000000000000000000000000111111111000000000000000000000000000000000000000000000000000111111111100000000000011111111110000000000000000000000011111111100,1,0
256,1,TypeB,42400,000000000000001111111100000000000000000000000000000000000001111111100000000000111111110000000000000000111111110000000000000000000000000000000111111110000000000000000000,1,0
257,2,TypeB,42400,000000000000001111111100000000000000000000000000000000000001111111100000000000111111110000000000000000111111110000000000000000000000000000000111111110000000000000000000,1,0
258,3,TypeC,29500,000001111000000000000000000000000000000000000000000000001111110000000000000000000000011110000000000000000111110000000000000000000000000000000000000000000000000011111100,1,0
259,4,TypeC,29500,000001111000000000000000000000000000000000000000000000001111110000000000000000000000011110000000000000000111110000000000000000000000000000000000000000000000000011111100,1,0
260,0,TypeA,51100,000000011111111110000000000000000000000000111111111000000000000000000000000000000000011111111100000000000000000000000000000000001111111110000000000000000000011111111100,0,0
261,1,TypeB,36000,000000000000001111111100000000000000000000000000011111111000000000000000011111100000000000000111111100000000011111110000000000000000000000000000000000000000000000000000,1,0
262,2,TypeB,36000,000000000000001111111100000000000000000000000000011111111000000000000000011111100000000000000111111100000000011111110000000000000000000000000000000000000000000000000000,1,0
263,3,TypeC,32300,000000000000001111100000000000000000000000000000000000000000011111100000000000000000011110000000000000000111110000000000000000001111110000000000000000000000000000000000,1,0
264,4,TypeC,32300,000000000000001111100000000000000000000000000000000000000000011111100000000000000000011110000000000000000111110000000000000000001111110000000000000000000000000000000000,1,0
265,0,TypeA,51700,000000011111111110000000000000000000000000111111111000000000000000000000000000000000011111111100000000000000000000000000000000000000011111111100000000000000011111111100,1,0
266,1,TypeB,39100,000000111111100000000000000000000000000000000000000000000001111111100000000000000000000011111111000000000000011111110000000000000000000000000000000000000000000111111100,0,0
267,2,TypeB,39100,000000111111100000000000000000000000000000000000000000000001111111100000000000000000000011111111000000000000011111110000000000000000000000000000000000000000000111111100,0,0
268,3,TypeC,24300,000000111000000000000000000000000000000000000000000000000000011111100000000000000000011111000000000000000000011100000000000000000000000000000000000001111000000000000000,0,0
269,4,TypeC,24300,000000111000000000000000000000000000000000000000000000000000011111100000000000000000011111000000000000000000011100000000000000000000000000000000000001111000000000000000,0,0
270,0,TypeA,53200,000001111111111000000000000000000000000000000000000000000000000000000000000000001111111111000000000000111111111100000000000000001111111110000000000011111111110000000000,0,0
271,1,TypeB,36000,000001111111100000000000000000000000000000000000000000011111110000000000011111100000000011111111000000000000011111110000000000000000000000000000000000000000000000000000,1,0
272,2,TypeB,36000,000001111111100000000000000000000000000000000000000000011111110000000000011111100000000011111111000000000000011111110000000000000000000000000000000000000000000000000000,1,0
273,3,TypeC,29900,000000000000000000000000000000000000000000000000000000000000011111100000000000000000011111000000000000000111110000000000000011111000000000000000000011111000000000000000,1,0
274,4,TypeC,29900,000000000000000000000000000000000000000000000000000000000000011111100000000000000000011111000000000000000111110000000000000011111000000000000000000011111000000000000000,1,0
275,0,TypeA,53600,000000111111111100000000000000000000000000111111111000000000000000000000000000000000000000000000000011111111110000000000000000000000011111111100000000000000011111111100,1,0
276,1,TypeB,39100,000000000000000000000000000000011111111000000000000000111111110000000000000000000000011111110000000000000000011111110000000000000000000000000000000000011111110000000000,1,0
277,2,TypeB,39100,000000000000000000000000000000011111111000000000000000111111110000000000000000000000011111110000000000000000011111110000000000000000000000000000000000011111110000000000,1,0
278,3,TypeC,31100,000001111110000000000000000000000000000000000000000000000001111110000000000000000000011110000000000111100000000000000000000000001111110000000000000000000000000000000000,1,0
279,4,TypeC,31100,000001111110000000000000000000000000000000000000000000000001111110000000000000000000011110000000000111100000000000000000000000001111110000000000000000000000000000000000,1,0
280,0,TypeA,56100,000000000000000111111111100000000000000000111111111000000000000000000000000000000000000000000000000011111111110000000000000011111111110000000000000000000000011111111100,1,0
281,1,TypeB,40100,000000001111111100000000000000000000000000000000000000111111110000000000000000111111110000000000000000000000011111110000000000000000000000000000000000000000000111111100,1,0
282,2,TypeB,40100,000000001111111100000000000000000000000000000000000000111111110000000000000000111111110000000000000000000000011111110000000000000000000000000000000000000000000111111100,1,0
283,3,TypeC,29000,000001111000000000000000000000000000000000000000000000001111110000000000011111100000000000000000000011111100000000000000000000000000011110000000000000000000000000000000,1,0
284,4,TypeC,29000,000001111000000000000000000000000000000000000000000000001111110000000000011111100000000000000000000011111100000000000000000000000000011110000000000000000000000000000000,1,0
285,0,TypeA,55500,000000000000000111111111100000000000000000111111111000000000000000000000000000000000000000000000000000111111111100000000000011111111110000000000000000000000011111111100,1,0
286,1,TypeB,39100,000000000011111110000000000000000000000000000000000000111111110000000000000000111111110000000000000000000000011111110000000000000000000000000000000000000000011111110000,1,0
287,2,TypeB,39100,000000000011111110000000000000000000000000000000000000111111110000000000000000111111110000000000000000000000011111110000000000000000000000000000000000000000011111110000,1,0
288,3,TypeC,26600,000000000000000000000111100000000000000000000000000000001111110000000000011111100000000000000000000000000000011100000000000000000000011110000000000000000000000000000000,0,0
289,4,TypeC,26600,000000000000000000000111100000000000000000000000000000001111110000000000011111100000000000000000000000000000011100000000000000000000011110000000000000000000000000000000,0,0
290,0,TypeA,55500,000000011111111110000000000000000000000000111111111000000000000000000000000000000000000000000111111111100000000000000000000000011111111110000000000000000000011111111100,0,0
291,1,TypeB,36200,000000000000000000000000000000011111111000000000000000000001111111100000000000000000011111110000000000111111110000000000000000000000011110000000000000000000000000000000,1,0
292,2,TypeB,36200,000000000000000000000000000000011111111000000000000000000001111111100000000000000000011111110000000000111111110000000000000000000000011110000000000000000000000000000000,1,0
293,3,TypeC,29500,000000000000111110000000000000000000000000000000000000000000000000000000011111100000000000000000000111100000000000000000000000000000011110000000000000000001111110000000,1,0
294,4,TypeC,29500,000000000000111110000000000000000000000000000000000000000000000000000000011111100000000000000000000111100000000000000000000000000000011110000000000000000001111110000000,1,0
295,0,TypeA,54800,000000011111111110000000000000000000000000111111111000000000000000000000000000000000000000000111111111100000000000000000000000000000011111111100000000000000011111111100,1,0
296,1,TypeB,41400,000000000000000000000000000000011111111000000000000000011111110000000000000000111111110000000000000000111111110000000000000000000000000000000111111110000000000000000000,1,0
297,2,TypeB,41400,000000000000000000000000000000011111111000000000000000011111110000000000000000111111110000000000000000111111110000000000000000000000000000000111111110000000000000000000,1,0
298,3,TypeC,30000,000000000000000000000000000000000000000000000000000000001111110000000000011111100000000000000000000111100000000000000000000000001111110000000000000011111000000000000000,1,0
299,4,TypeC,30000,000000000000000000000000000000000000000000000000000000001111110000000000011111100000000000000000000111100000000000000000000000001111110000000000000011111000000000000000,1,0
300,0,TypeA,53800,000000011111111110000000000000000000000000000000000000111111111100000000000000000000000000000000000000111111111100000000000011111111110000000000000000000000011111111100,1,0
301,1,TypeB,40000,000001111111100000000000000000011111111000000000000000111111110000000000000000111111110000000000000000111111110000000000000000000000000000000000000000000000000000000000,1,0
302,2,TypeB,40000,000001111111100000000000000000011111111000000000000000111111110000000000000000111111110000000000000000111111110000000000000000000000000000000000000000000000000000000000,1,0
303,3,TypeC,25500,000001111000000000000000000000000000000000000000000000000000011111100000000000000000011110000000000000000000011100000000000000000000011110000000000000000000000000000000,1,0
304,4,TypeC,25500,000001111000000000000000000000000000000000000000000000000000011111100000000000000000011110000000000000000000011100000000000000000000011110000000000000000000000000000000,1,0
305,0,TypeA,49900,000000111111111100000000000000000000000000000000000000000000000000000000000000000000011111111100000000000000111111110000000000000000111111111100000000000000011111111100,1,0
306,1,TypeB,39000,000000000000001111111100000000011111111000000000000000000001111111100000000000111111110000000000000000000000011111110000000000000000000000000000000000000000000000000000,1,0
307,2,TypeB,39000,000000000000001111111100000000011111111000000000000000000001111111100000000000111111110000000000000000000000011111110000000000000000000000000000000000000000000000000000,1,0
308,3,TypeC,25400,000000000000001111100000000000000000000000000000000000000000000000000000011111100000000000000000000111100000000000000000000000000000111110000000000011100000000000000000,1,0
309,4,TypeC,25400,000000000000001111100000000000000000000000000000000000000000000000000000011111100000000000000000000111100000000000000000000000000000111110000000000011100000000000000000,1,0
310,0,TypeA,52400,000000001111111110000000000000000000000000111111111000000000000000000000000000000000000000000000000000111111111100000000000000000000111111111100000000000000011111111100,0,0
311,1,TypeB,38800,000000000000000000000000000000000000000000111111110000000001111111100000000000111111110000000000000000000000011111110000000000001111110000000000000000000000000000000000,1,0
312,2,TypeB,38800,000000000000000000000000000000000000000000111111110000000001111111100000000000111111110000000000000000000000011111110000000000001111110000000000000000000000000000000000,1,0
313,3,TypeC,29400,000000000000000000000000000000011100000000000000000000000000000000000000011111100000000000000000000011111100000000000000000000001111110000000000000011111100000000000000,1,0
314,4,TypeC,29400,000000000000000000000000000000011100000000000000000000000000000000000000011111100000000000000000000011111100000000000000000000001111110000000000000011111100000000000000,1,0
315,0,TypeA,53700,000000011111111110000000000000000000000000111111111000000000000000000000000000000000000000000000000000111111111100000000000000000000111111111100000000000000011111111100,1,0
316,1,TypeB,35000,000000000000000000000000000000011111111000000000000000011111110000000000011111100000000000000111111100000000011111110000000000000000000000000000000000000000000000000000,1,0
317,2,TypeB,35000,000000000000000000000000000000011111111000000000000000011111110000000000011111100000000000000111111100000000011111110000000000000000000000000000000000000000000000000000,1,0
318,3,TypeC,27100,000000000000000000000000000000011100000000000000000000000000000000000000011111100000000000000000000111100000000000000000000000001111110000000000000011111100000000000000,1,0
319,4,TypeC,27100,000000000000000000000000000000011100000000000000000000000000000000000000011111100000000000000000000111100000000000000000000000001111110000000000000011111100000000000000,1,0
320,0,TypeA,49600,000000011111111110000000000000000000000000000000000000000000000000000000000000000000011111111100000000000000111111110000000000001111111110000000000011111111110000000000,0,0
321,1,TypeB,35200,000001111111100000000000000000011111111000000000000000000000000000000000000000000000011111110000000000000000011111110000000000000000011110000000000000000000000000000000,1,0
322,2,TypeB,35200,000001111111100000000000000000011111111000000000000000000000000000000000000000000000011111110000000000000000011111110000000000000000011110000000000000000000000000000000,1,0
323,3,TypeC,30600,000000000000000000000000000000000000001111100000000000000000011111100000000000000000000000000001111110000000000000000000000000000000011110000000000000000000000011111100,1,0
324,4,TypeC,30600,000000000000000000000000000000000000001111100000000000000000011111100000000000000000000000000001111110000000000000000000000000000000011110000000000000000000000011111100,1,0
325,0,TypeA,54600,000000000000000000000001111111110000000000000000000000011111111110000000000000000000000000000000000011111111110000000000000000000000111111111100000000000000011111111100,1,0
326,1,TypeB,38600,000000000000000000000000000000000000000000000000011111111000000000000000000000111111110000000000000111111100000000000000000000000000111110000000000000000000011111110000,1,0
327,2,TypeB,38600,000000000000000000000000000000000000000000000000011111111000000000000000000000111111110000000000000111111100000000000000000000000000111110000000000000000000011111110000,1,0
328,3,TypeC,29600,000000000000001111100000000000000000000000000000000000000000000000000000011111100000000000000000000111100000000000000000000000000000111110000000000000000000011111100000,1,0
329,4,TypeC,29600,000000000000001111100000000000000000000000000000000000000000000000000000011111100000000000000000000111100000000000000000000000000000111110000000000000000000011111100000,1,0
330,0,TypeA,56100,000000000000000000000001111111110000000000000000000000011111111110000000000000000000000000000111111111100000000000000000000000000000111111111100000000000000011111111100,1,0
331,1,TypeB,40400,000000000000000000000000000000011111111000000000000000000001111111100000000000000000011111110000000000000000011111110000000000000000000000000000000011111111000000000000,1,0
332,2,TypeB,40400,000000000000000000000000000000011111111000000000000000000001111111100000000000000000011111110000000000000000011111110000000000000000000000000000000011111111000000000000,1,0
333,3,TypeC,31200,000000000000000000000000000000000000001111100000000000000000011111100000000000000000000000000000000111100000000000000000000000000000000011111100000000000001111110000000,1,0
334,4,TypeC,31200,000000000000000000000000000000000000001111100000000000000000011111100000000000000000000000000000000111100000000000000000000000000000000011111100000000000001111110000000,1,0
335,0,TypeA,54600,000000000000000000000001111111110000000000000000000000011111111110000000000000000000000000000000000000111111111100000000000011111111110000000000000000000000011111111100,1,0
336,1,TypeB,38800,000000000000000000000000000000011111111000000000011111111000000000000000000000111111110000000000000000000000011111110000000000001111110000000000000000000000000000000000,1,0
337,2,TypeB,38800,000000000000000000000000000000011111111000000000011111111000000000000000000000111111110000000000000000000000011111110000000000001111110000000000000000000000000000000000,1,0
338,3,TypeC,30200,000000000000000000000001111000000000000000000000000000000000011111100000000000000000011110000000000000000000000000000000000000001111110000000000000000000000000011111100,1,0
339,4,TypeC,30200,000000000000000000000001111000000000000000000000000000000000011111100000000000000000011110000000000000000000000000000000000000001111110000000000000000000000000011111100,1,0
340,0,TypeA,52500,000000111111111100000000000000000000000000000000000000001111111110000000000000000000000000000000000000111111111100000000000011111111110000000000000000000000011111111100,1,0
341,1,TypeB,39100,000000000000111111100000000000000000000000000000011111111000000000000000000000111111110000000000000000000111111100000000000000000000000000000000000000011111110000000000,1,0
342,2,TypeB,39100,000000000000111111100000000000000000000000000000011111111000000000000000000000111111110000000000000000000111111100000000000000000000000000000000000000011111110000000000,1,0
343,3,TypeC,28700,000000000000000000000000000000000000000000000000000000001111110000000000011111100000000000000000000000000000011100000000000011111000000000000000000011111100000000000000,1,0
344,4,TypeC,28700,000000000000000000000000000000000000000000000000000000001111110000000000011111100000000000000000000000000000011100000000000011111000000000000000000011111100000000000000,1,0
345,0,TypeA,53300,000000011111111100000000000000000000000000111111111000000000000000000000000000000000000000000000000000111111111100000000000011111111110000000000000000000000011111111100,1,0
346,1,TypeB,36500,000000000000111111100000000000000000000000000000011111111000000000000000000000111111110000000000000000000111111100000000000011111000000000000000000000000000000000000000,1,0
347,2,TypeB,36500,000000000000111111100000000000000000000000000000011111111000000000000000000000111111110000000000000000000111111100000000000011111000000000000000000000000000000000000000,1,0
348,3,TypeC,30200,000000000011111100000000000000000000000000000000000000000000011111100000000000000000000000000000000000000000011100000000000011111000000000000000000011111100000000000000,1,0
349,4,TypeC,30200,000000000011111100000000000000000000000000000000000000000000011111100000000000000000000000000000000000000000011100000000000011111000000000000000000011111100000000000000,1,0
350,0,TypeA,56900,000001111111111000000000000000000000000000000000000000011111111110000000000000000000000000000111111111100000000000000000000000011111111110000000000011111111110000000000,0,0
351,1,TypeB,38100,000000000000000000000000000000011111111000000000000000000000000000000000011111100000000011111111000000000111111100000000000000011111110000000000000000000000000000000000,1,0
352,2,TypeB,38100,000000000000000000000000000000011111111000000000000000000000000000000000011111100000000011111111000000000111111100000000000000011111110000000000000000000000000000000000,1,0
353,3,TypeC,33100,000001111110000000000000000000000000000000000000000000000000011111100000000000000001111110000000000000000000000000000000000000000000011110000000000011111100000000000000,1,0
354,4,TypeC,33100,000001111110000000000000000000000000000000000000000000000000011111100000000000000001111110000000000000000000000000000000000000000000011110000000000011111100000000000000,1,0
355,0,TypeA,53000,000000000000001111111111000000000000000000111111111000000000000000000000000000000000000000000000000000111111111100000000000000001111111110000000000000000000011111111100,0,0
356,1,TypeB,36000,000000000000111111100000000000011111111000000000000000000000011111100000000000111111110000000000000111111100000000000000000000000000000000000000000000000000000000000000,1,0
357,2,TypeB,36000,000000000000111111100000000000011111111000000000000000000000011111100000000000111111110000000000000111111100000000000000000000000000000000000000000000000000000000000000,1,0
358,3,TypeC,27400,000000000000000000000111111000000000000000000000000000000000011111100000000000000000011110000000000111100000000000000000000011111000000000000000000000000000000000000000,1,0
359,4,TypeC,27400,000000000000000000000111111000000000000000000000000000000000011111100000000000000000011110000000000111100000000000000000000011111000000000000000000000000000000000000000,1,0
360,0,TypeA,55900,000000000000000000000001111111111000000000000000000000011111111110000000000000000000000000000000000000111111111100000000000011111111110000000000000000000000011111111100,1,0
361,1,TypeB,40100,000000011111111000000000000000011111111000000000000000000000000000000000000000000000000011111111000000000000011111110000000000000000000000000000000000000000011111110000,1,0
362,2,TypeB,40100,000000011111111000000000000000011111111000000000000000000000000000000000000000000000000011111111000000000000011111110000000000000000000000000000000000000000011111110000,1,0
363,3,TypeC,28200,000000000000000000000000000000000000000000000000000000000001111110000000000000000000011110000000000000000000011100000000000011111000000000000000000011111100000000000000,1,0
364,4,TypeC,28200,000000000000000000000000000000000000000000000000000000000001111110000000000000000000011110000000000000000000011100000000000011111000000000000000000011111100000000000000,1,0
365,0,TypeA,55000,000000011111111110000000000000000000000000000000000000011111111110000000000000000000000000000111111111100000000000000000000000001111111110000000000011111111110000000000,0,0
366,1,TypeB,37800,000000000000000000000000001111111100000000000000000000011111110000000000000000111111110000000000000000000000011111110000000000000000000011111100000000000000000000000000,1,0
367,2,TypeB,37800,000000000000000000000000001111111100000000000000000000011111110000000000000000111111110000000000000000000000011111110000000000000000000011111100000000000000000000000000,1,0
368,3,TypeC,31000,000000000000001111100000000000000000000000000000000000000000000000000000011111100000000000000000000011111100000000000000000000000000000011111100000000000001111100000000,1,0
369,4,TypeC,31000,000000000000001111100000000000000000000000000000000000000000000000000000011111100000000000000000000011111100000000000000000000000000000011111100000000000001111100000000,1,0
370,0,TypeA,54300,000000111111111000000000000000000000000000000000000000011111111110000000000000000000000000000111111111100000000000000000000000000000111111111100000000000000011111111100,0,0
371,1,TypeB,35500,000000000000000000000000000000001111111000000000000000011111110000000000000000111111110000000000000000000000011111110000000000000000111110000000000000000000000000000000,0,0
372,2,TypeB,35500,000000000000000000000000000000001111111000000000000000011111110000000000000000111111110000000000000000000000011111110000000000000000111110000000000000000000000000000000,0,0
373,3,TypeC,28700,000000000000001111100000000000000000000000000000000000000000000000000000011111100000000000000000000111100000000000000000000000000000111110000000000011111100000000000000,1,0
374,4,TypeC,28700,000000000000001111100000000000000000000000000000000000000000000000000000011111100000000000000000000111100000000000000000000000000000111110000000000011111100000000000000,1,0
375,0,TypeA,55600,000001111111111000000000000000000000000000000000000000011111111110000000000000000000000000000111111111100000000000000000000000000000111111111100000000000000011111111100,1,0
376,1,TypeB,39100,000000000000000000000000000000011111111000000000000000000001111111100000000000000000011111110000000000000000011111110000000000000000000000000000000000000000011111110000,1,0
377,2,TypeB,39100,000000000000000000000000000000011111111000000000000000000001111111100000000000000000011111110000000000000000011111110000000000000000000000000000000000000000011111110000,1,0
378,3,TypeC,34200,000000000000000000000000000000000000000000000000000000000000011111100000000000000000011110000000000000000111110000000000000000001111110000000000000000000001111110000000,1,0
379,4,TypeC,34200,000000000000000000000000000000000000000000000000000000000000011111100000000000000000011110000000000000000111110000000000000000001111110000000000000000000001111110000000,1,0
380,0,TypeA,56400,000000000000000000000001111111111000000000000000000000011111111100000000000000000000000000000111111111100000000000000000000000000000111111111100000000000000011111111100,1,0
381,1,TypeB,37000,000000000000000000000000000000011111111000000000000000001111111100000000011111100000000011111111000000000000011111110000000000000000000000000000000000000000000000000000,1,0
382,2,TypeB,37000,000000000000000000000000000000011111111000000000000000001111111100000000011111100000000011111111000000000000011111110000000000000000000000000000000000000000000000000000,1,0
383,3,TypeC,29400,000000000000001111100000000000000000000000000000000000000000011111100000000000000000000000011111000000000000000000000000000011111000000000000000000011111100000000000000,1,0
384,4,TypeC,29400,000000000000001111100000000000000000000000000000000000000000011111100000000000000000000000011111000000000000000000000000000011111000000000000000000011111100000000000000,1,0
385,0,TypeA,57400,000000000000000000000001111111111000000000000000000000011111111110000000000000000000000000000111111111100000000000000000000000000000111111111100000000000000011111111100,1,0
386,1,TypeB,38800,000000000000000000000000000000011111111000000000000000000001111111100000000000000000000011111111000000000000011111110000000000000000000011111100000000000000000000000000,1,0
387,2,TypeB,38800,000000000000000000000000000000011111111000000000000000000001111111100000000000000000000011111111000000000000011111110000000000000000000011111100000000000000000000000000,1,0
388,3,TypeC,33200,000000000000001111100000000000000000000000000000000000000000011111100000000000000000000000000000000011111100000000000000000000000000000011111100000000001111110000000000,1,0
389,4,TypeC,33200,000000000000001111100000000000000000000000000000000000000000011111100000000000000000000000000000000011111100000000000000000000000000000011111100000000001111110000000000,1,0
390,0,TypeA,51700,000000001111111110000000000000000000000000111111111000000000000000000000000000000000000000000000000000111111111100000000000001111111110000000000000000000000011111111100,0,0
391,1,TypeB,34200,000000000000000000000000000000000000000000000000000000011111110000000000011111111000000000000111111100000000011111110000000000000000011110000000000000000000000000000000,1,0
392,2,TypeB,34200,000000000000000000000000000000000000000000000000000000011111110000000000011111111000000000000111111100000000011111110000000000000000011110000000000000000000000000000000,1,0
393,3,TypeC,29400,000000000000000000000000000000000000000000000000000000000000011100000000000000000000011111000000000011111100000000000000000000000000011110000000000000000001111110000000,1,0
394,4,TypeC,29400,000000000000000000000000000000000000000000000000000000000000011100000000000000000000011111000000000011111100000000000000000000000000011110000000000000000001111110000000,1,0
395,0,TypeA,52400,000000111111111100000000000000000000000000111111111000000000000000000000000000000000000000000000000000111111111100000000000000001111111110000000000000000000011111111100,0,0
396,1,TypeB,35200,000000000000000000000000000000011111111000000000000000011111110000000000000000111111110000000000000000000000011111110000000000000000011110000000000000000000000000000000,1,0
397,2,TypeB,35200,000000000000000000000000000000011111111000000000000000011111110000000000000000111111110000000000000000000000011111110000000000000000011110000000000000000000000000000000,1,0
398,3,TypeC,30700,000000000000000000000000000000000000000000000000000000000000011110000000000000000000011111000000000011111100000000000000000000000000011110000000000000000001111110000000,1,0
399,4,TypeC,30700,000000000000000000000000000000000000000000000000000000000000011110000000000000000000011111000000000011111100000000000000000000000000011110000000000000000001111110000000,1,0
400,0,TypeA,52100,000000011111111110000000000000000000000000111111111000000000000000000000000000000000000000000000000000111111111100000000000000001111111110000000000000000000011111111100,0,0
401,1,TypeB,36000,000000000000111111100000000000000000000000111111110000000000000000000000011111100000000011111111000000000000011111110000000000000000000000000000000000000000000000000000,1,0
402,2,TypeB,36000,000000000000111111100000000000000000000000111111110000000000000000000000011111100000000011111111000000000000011111110000000000000000000000000000000000000000000000000000,1,0
403,3,TypeC,29600,000000000000000000000111111000000000000000000000000000000000000000000000011111100000000000000000000011111100000000000000000011111000000000000000000011111100000000000000,1,0
404,4,TypeC,29600,000000000000000000000111111000000000000000000000000000000000000000000000011111100000000000000000000011111100000000000000000011111000000000000000000011111100000000000000,1,0
405,0,TypeA,52900,000000011111111110000000000000000111111111100000000000000000000000000000000000000000000000000000000000111111111100000000000011111111110000000000000000000000011111111100,1,0
406,1,TypeB,37000,000000000000111111100000000000011111111000000000000000000000000000000000011111111000000000000111111100000000011111110000000000000000000000000000000000000000000000000000,1,0
407,2,TypeB,37000,000000000000111111100000000000011111111000000000000000000000000000000000011111111000000000000111111100000000011111110000000000000000000000000000000000000000000000000000,1,0
408,3,TypeC,27900,000000000011111100000000000000000000000000000000000000000000000000000000011111100000000000011111000000000000011100000000000000000000011110000000000000000000000000000000,1,0
409,4,TypeC,27900,000000000011111100000000000000000000000000000000000000000000000000000000011111100000000000011111000000000000011100000000000000000000011110000000000000000000000000000000,1,0
410,0,TypeA,55200,000000000000001111111111000000000000000000111111111000000000000000000000000000000000000000000000000000111111111100000000000011111111110000000000000000000000011111111100,1,0
411,1,TypeB,36000,000000000000111111100000000000011111111000000000000000000000000000000000011111100000000011111111000000000000011111110000000000000000000000000000000000000000000000000000,1,0
412,2,TypeB,36000,000000000000111111100000000000011111111000000000000000000000000000000000011111100000000011111111000000000000011111110000000000000000000000000000000000000000000000000000,1,0
413,3,TypeC,30800,000000000000000000000111111000000000000000000000000000000000011111100000000000000000011111000000000000000000011100000000000000001111110000000000000000000000000000000000,1,0
414,4,TypeC,30800,000000000000000000000111111000000000000000000000000000000000011111100000000000000000011111000000000000000000011100000000000000001111110000000000000000000000000000000000,1,0
415,0,TypeA,54600,000000111111111100000000000000000000000000111111111000000000000000000000000000000000000000000000000000111111111100000000000011111111110000000000000000000000011111111100,1,0
416,1,TypeB,36500,000000000000111111100000000000000000000000000000011111111000000000000000000000000000011111110000000000111111110000000000000011111000000000000000000000000000000000000000,1,0
417,2,TypeB,36500,000000000000111111100000000000000000000000000000011111111000000000000000000000000000011111110000000000111111110000000000000011111000000000000000000000000000000000000000,1,0
418,3,TypeC,27600,000000000000001111100000000000000000000000000000000000000000011110000000000000000000011110000000000000000000000000000000000011111000000000000000000011111100000000000000,1,0
419,4,TypeC,27600,000000000000001111100000000000000000000000000000000000000000011110000000000000000000011110000000000000000000000000000000000011111000000000000000000011111100000000000000,1,0
420,0,TypeA,53000,000000001111111110000000000000000000000000111111111000000000000000000000000000000000000000000000000000111111111100000000000011111111110000000000000000000000011111111100,0,0
421,1,TypeB,40100,000000000000000000000000111111110000000000000000000000011111110000000000000000111111110000000001111111100000000000000000000000000000000000000000000000000000011111110000,1,0
422,2,TypeB,40100,000000000000000000000000111111110000000000000000000000011111110000000000000000111111110000000001111111100000000000000000000000000000000000000000000000000000011111110000,1,0
423,3,TypeC,28600,000000000000000000000001111000000000000000000000000000000000011111100000000000000000011110000000000000000000000000000000000011111000000000000000000000000000011111100000,1,0
424,4,TypeC,28600,000000000000000000000001111000000000000000000000000000000000011111100000000000000000011110000000000000000000000000000000000011111000000000000000000000000000011111100000,1,0
425,0,TypeA,54300,000000011111111110000000000000000000000000111111111000000000000000000000000000000000000000000000000000111111111100000000000011111111110000000000000000000000011111111100,1,0
426,1,TypeB,41400,000000000000000000000000000000011111111000000000000000011111110000000000000000111111110000000000000000111111110000000000000000000000000000000000000000000001111111100000,1,0
427,2,TypeB,41400,000000000000000000000000000000011111111000000000000000011111110000000000000000111111110000000000000000111111110000000000000000000000000000000000000000000001111111100000,1,0
428,3,TypeC,30600,000000000000000000000111111000000000000000000000000000000000011111100000000000000000011110000000000000000000000000000000000011111000000000000000000000000000011111100000,1,0
429,4,TypeC,30600,000000000000000000000111111000000000000000000000000000000000011111100000000000000000011110000000000000000000000000000000000011111000000000000000000000000000011111100000,1,0
430,1,TypeB,40400,000000000000000000000000000000011111111000000000000000011111110000000000000000000000000011111111000000000111111100000000000000000000000000000000000011111111000000000000,1,0
431,2,TypeB,40400,000000000000000000000000000000011111111000000000000000011111110000000000000000000000000011111111000000000111111100000000000000000000000000000000000011111111000000000000,1,0
432,3,TypeC,30700,000000000000000000000111111000000000000000000000000000000000011111100000000000000000011111000000000000000000000000000000000011111000000000000000000011111100000000000000,1,0
433,4,TypeC,30700,000000000000000000000111111000000000000000000000000000000000011111100000000000000000011111000000000000000000000000000000000011111000000000000000000011111100000000000000,1,0
434,0,TypeA,53700,000000001111111110000000000000000000000000000000000000011111111110000000000000000000000000000111111111100000000000000000000000000000111111111100000000000000011111111100,0,0
435,1,TypeB,35000,000000000000000011111111000000000000000000111111110000000000011110000000000000000000000011111111000000000111111100000000000000000000000000000000000000000000000000000000,0,0
436,2,TypeB,35000,000000000000000011111111000000000000000000111111110000000000011110000000000000000000000011111111000000000111111100000000000000000000000000000000000000000000000000000000,0,0
437,3,TypeC,26100,000001111110000000000000000000000000000000000000000000000000011110000000000000000000000000000000000000000000011100000000000000000000111110000000000000000000011100000000,1,0
438,4,TypeC,26100,000001111110000000000000000000000000000000000000000000000000011110000000000000000000000000000000000000000000011100000000000000000000111110000000000000000000011100000000,1,0
439,0,TypeA,55000,000000011111111110000000000000000000000000000000000000011111111110000000000000000000000000000111111111100000000000000000000000000000111111111100000000000000011111111100,1,0
440,1,TypeB,38000,000000000011111110000000000000011111111000000000011111110000000000000000000000111111110000000001111111100000000000000000000000000000000000000000000000000000000000000000,1,0
441,2,TypeB,38000,000000000011111110000000000000011111111000000000011111110000000000000000000000111111110000000001111111100000000000000000000000000000000000000000000000000000000000000000,1,0
442,3,TypeC,29500,000001111110000000000000000000000000000000000000000000000000011110000000000000000000000000000001111110000000000000000000000000000000111110000000000000000000011110000000,1,0
443,4,TypeC,29500,000001111110000000000000000000000000000000000000000000000000011110000000000000000000000000000001111110000000000000000000000000000000111110000000000000000000011110000000,1,0
444,0,TypeA,52700,000000011111111110000000000000000000000000111111111000000000000000000000000000000000000000000000000000111111111100000000000000000000011111111100000000000000011111111100,1,0
445,1,TypeB,38000,000000011111111000000000000000011111111000000000011111110000000000000000000000000000000011111111000000000111111100000000000000000000000000000000000000000000000000000000,1,0
446,2,TypeB,38000,000000011111111000000000000000011111111000000000011111110000000000000000000000000000000011111111000000000111111100000000000000000000000000000000000000000000000000000000,1,0
447,3,TypeC,26900,000001110000000000000000000000000000000000000000000000000000011111100000000000000000000000000000000111100000000000000000000000001111110000000000000000000000011110000000,1,0
448,4,TypeC,26900,000001110000000000000000000000000000000000000000000000000000011111100000000000000000000000000000000111100000000000000000000000001111110000000000000000000000011110000000,1,0
449,0,TypeA,54300,000000000000000000000001111111111000000000000000000000011111111110000000000000000000000000000000000000111111111100000000000000000000011111111100000000000000011111111100,1,0
450,1,TypeB,37000,000000000011111110000000000000011111111000000000001111111000000000000000000000000000000011111111000000000111111100000000000000000000000000000000000000000000000000000000,1,0
451,2,TypeB,37000,000000000011111110000000000000011111111000000000001111111000000000000000000000000000000011111111000000000111111100000000000000000000000000000000000000000000000000000000,1,0
452,3,TypeC,30500,000001111110000000000111100000000000000000000000000000000000011111100000000000000000000000000000000000000000000000000000000000001111110000000000000000000000011110000000,1,0
453,4,TypeC,30500,000001111110000000000111100000000000000000000000000000000000011111100000000000000000000000000000000000000000000000000000000000001111110000000000000000000000011110000000,1,0
454,1,TypeB,38000,000000011111111000000000000000011111111000000000000000011111110000000000000000000000000011111111000000000111111100000000000000000000000000000000000000000000000000000000,1,0
455,2,TypeB,38000,000000011111111000000000000000011111111000000000000000011111110000000000000000000000000011111111000000000111111100000000000000000000000000000000000000000000000000000000,1,0
456,3,TypeC,30500,000001111110000000000000000000000000000000000000000000000000011111100000000000000000000000000000000111100000000000000000000000001111110000000000000000000000011110000000,1,0
457,4,TypeC,30500,000001111110000000000000000000000000000000000000000000000000011111100000000000000000000000000000000111100000000000000000000000001111110000000000000000000000011110000000,1,0
458,1,TypeB,38000,000000000000001111111100000000011111111000000000011111110000000000000000000000000000000011111111000000000111111100000000000000000000000000000000000000000000000000000000,1,0
459,2,TypeB,38000,000000000000001111111100000000011111111000000000011111110000000000000000000000000000000011111111000000000111111100000000000000000000000000000000000000000000000000000000,1,0
460,3,TypeC,33800,000001111110000000000000000000000000000000000000000000000000011111100000000000000000000000000001111110000000000000000000000000001111110000000000000000000001111100000000,1,0
461,4,TypeC,33800,000001111110000000000000000000000000000000000000000000000000011111100000000000000000000000000001111110000000000000000000000000001111110000000000000000000001111100000000,1,0
462,1,TypeB,38000,000000000000001111111100000000011111111000000000000000011111110000000000000000000000000011111111000000000111111100000000000000000000000000000000000000000000000000000000,1,0
463,2,TypeB,38000,000000000000001111111100000000011111111000000000000000011111110000000000000000000000000011111111000000000111111100000000000000000000000000000000000000000000000000000000,1,0
464,3,TypeC,33600,000001111110000000000000000000000000000000000000000000000000011111100000000000000000000000000001111110000000000000000000000000001111110000000000000000000000000011111100,1,0
465,4,TypeC,33600,000001111110000000000000000000000000000000000000000000000000011111100000000000000000000000000001111110000000000000000000000000001111110000000000000000000000000011111100,1,0
466,0,TypeA,53700,000000011111111110000000000000000000000000111111111000000000000000000000000000000000000000000000000000111111111100000000000000001111111110000000000011111111110000000000,0,0
467,1,TypeB,38000,000001111111100000000000000000011111111000000000011111110000000000000000000000000000000011111111000000000111111100000000000000000000000000000000000000000000000000000000,1,0
468,2,TypeB,38000,000001111111100000000000000000011111111000000000011111110000000000000000000000000000000011111111000000000111111100000000000000000000000000000000000000000000000000000000,1,0
469,3,TypeC,31600,000001111110000000000000000000000000000000000000000000000000011111100000000000000000000000000000000111100000000000000000000000001111110000000000000011111100000000000000,1,0
470,4,TypeC,31600,000001111110000000000000000000000000000000000000000000000000011111100000000000000000000000000000000111100000000000000000000000001111110000000000000011111100000000000000,1,0
471,0,TypeA,57500,000000000000000000000001111111111000000000000000000000011111111110000000000000000000000000000000000000111111111100000000000011111111110000000000000011111111110000000000,1,0
472,1,TypeB,36000,000000000011111110000000000000001111111000000000000000011111110000000000000000000000000011111111000000000111111100000000000000000000000000000000000000000000000000000000,0,0
473,2,TypeB,36000,000000000011111110000000000000001111111000000000000000011111110000000000000000000000000011111111000000000111111100000000000000000000000000000000000000000000000000000000,0,0
474,3,TypeC,28600,000000000000000000000001111000000000000000000000000000000001111110000000000000000000000000000000000111100000000000000000000011111000000000000000000000000001111110000000,1,0
475,4,TypeC,28600,000000000000000000000001111000000000000000000000000000000001111110000000000000000000000000000000000111100000000000000000000011111000000000000000000000000001111110000000,1,0
476,0,TypeA,55300,000000000000000000000000000000000111111111100000000000011111111110000000000000000000000000000111111111100000000000000000000001111111110000000000000011111111110000000000,1,0
477,1,TypeB,39400,000000000000000000000000000000001111111000000000000000011111110000000000000000000000000011111111000000000111111100000000000000000000000000000000000000001111111100000000,0,0
478,2,TypeB,39400,000000000000000000000000000000001111111000000000000000011111110000000000000000000000000011111111000000000111111100000000000000000000000000000000000000001111111100000000,0,0
479,3,TypeC,29800,000000000000000000000000000000000000000000000000001111110000000000000000011111100000000000000001111110000000000000000000000001111000000000000000000000000001111110000000,1,0
480,4,TypeC,29800,000000000000000000000000000000000000000000000000001111110000000000000000011111100000000000000001111110000000000000000000000001111000000000000000000000000001111110000000,1,0
481,0,TypeA,53400,000000000000000000000000000000000111111111100000000000011111111110000000000000000000000000000111111111100000000000000000000000000000011111111100000000000000011111111100,1,0
482,1,TypeB,39100,000000000000000000000000000000011111111000000000000000011111110000000000000000000000000011111111000000000111111100000000000000000000000000000000000000000111111100000000,1,0
483,2,TypeB,39100,000000000000000000000000000000011111111000000000000000011111110000000000000000000000000011111111000000000111111100000000000000000000000000000000000000000111111100000000,1,0
484,3,TypeC,27500,000000000000000000000000000000000000000000000000001111110000000000000000011111100000000000000000000111100000000000000000000011111000000000000000000000000001111100000000,1,0
485,4,TypeC,27500,000000000000000000000000000000000000000000000000001111110000000000000000011111100000000000000000000111100000000000000000000011111000000000000000000000000001111100000000,1,0
486,0,TypeA,54300,000000011111111110000000000000000000000000000000000000011111111110000000000000000000000000000111111111100000000000000000000001111111110000000000000000000000011111111100,1,0
487,1,TypeB,40400,000000000000000000000000000000011111111000000000000000011111110000000000000000000000000011111111000000000111111100000000000000000000000000000000000000001111111100000000,1,0
488,2,TypeB,40400,000000000000000000000000000000011111111000000000000000011111110000000000000000000000000011111111000000000111111100000000000000000000000000000000000000001111111100000000,1,0
489,3,TypeC,27800,000000000000000000000000000000000000000000000000001111110000000000000000011111100000000000000000000111100000000000000000000001111000000000000000000000000001111110000000,1,0
490,4,TypeC,27800,000000000000000000000000000000000000000000000000001111110000000000000000011111100000000000000000000111100000000000000000000001111000000000000000000000000001111110000000,1,0
491,0,TypeA,55000,000000000000000000000000000000000111111111100000000000011111111110000000000000000000000000000111111111100000000000000000000011111111110000000000000000000000011111111100,1,0
492,1,TypeB,36800,000000000000000000000000000000001111111000000000001111111000000000000000000000000000000011111111000000000111111100000000000000001111110000000000000000000000000000000000,0,0
493,2,TypeB,36800,000000000000000000000000000000001111111000000000001111111000000000000000000000000000000011111111000000000111111100000000000000001111110000000000000000000000000000000000,0,0
494,3,TypeC,28600,000001111000000000000000000000000000000000000000000000000001111110000000000000000000000000000000000111100000000000000000000011111000000000000000000000000001111110000000,1,0
495,4,TypeC,28600,000001111000000000000000000000000000000000000000000000000001111110000000000000000000000000000000000111100000000000000000000011111000000000000000000000000001111110000000,1,0
496,0,TypeA,57500,000000111111111100000000000000000000000000000000000000011111111110000000000000000000000000000111111111100000000000000000000011111111110000000000000011111111110000000000,1,0
497,1,TypeB,37800,000000000000000000000000000000011111111000000000001111111000000000000000000000000000000011111111000000000111111100000000000000001111110000000000000000000000000000000000,1,0
498,2,TypeB,37800,000000000000000000000000000000011111111000000000001111111000000000000000000000000000000011111111000000000111111100000000000000001111110000000000000000000000000000000000,1,0
499,3,TypeC,30600,000000000000000000000111111000000000000000000000000000000001111110000000000000000000000000000000000111100000000000000000000011111000000000000000000000000001111110000000,1,0
500,4,TypeC,30600,000000000000000000000111111000000000000000000000000000000001111110000000000000000000000000000000000111100000000000000000000011111000000000000000000000000001111110000000,1,0
501,1,TypeB,39000,000001111111100000000000000000011111111000000000011111111000000000000000000000111111110000000000000111111100000000000000000000000000000000000000000000000000000000000000,1,0
502,2,TypeB,39000,000001111111100000000000000000011111111000000000011111111000000000000000000000111111110000000000000111111100000000000000000000000000000000000000000000000000000000000000,1,0
503,3,TypeC,29700,000000000000000000000000000000000000000000000000000000000001111110000000000000000000011110000000000000000111110000000000000011111000000000000000000000000000011110000000,1,0
504,4,TypeC,29700,000000000000000000000000000000000000000000000000000000000001111110000000000000000000011110000000000000000111110000000000000011111000000000000000000000000000011110000000,1,0
505,0,TypeA,53400,000000000000000000000000111111111100000000000000000000011111111110000000000000000000000000000000000000111111111100000000000000001111111110000000000000000000011111111100,0,0
506,1,TypeB,38100,000000000000000000000000000000001111111000000000000000011111110000000000000000000000000011111111000000000111111100000000000000000000000000000000000000000000011111110000,0,0
507,2,TypeB,38100,000000000000000000000000000000001111111000000000000000011111110000000000000000000000000011111111000000000111111100000000000000000000000000000000000000000000011111110000,0,0
508,3,TypeC,35300,000000000000001111100000000000000000000000000000000000000001111110000000000000000001111110000000000000000000000000000000000000001111110000000000000011111100000000000000,1,0
509,4,TypeC,35300,000000000000001111100000000000000000000000000000000000000001111110000000000000000001111110000000000000000000000000000000000000001111110000000000000011111100000000000000,1,0
510,0,TypeA,55000,000000000000000000000000111111111100000000000000000000011111111110000000000000000000000000000000000000111111111100000000000000001111111110000000000011111111110000000000,0,0
511,1,TypeB,36800,000000000000000000000000000000001111111000000000000000011111110000000000000000000000000011111111000000000111111100000000000000001111110000000000000000000000000000000000,0,0
512,2,TypeB,36800,000000000000000000000000000000001111111000000000000000011111110000000000000000000000000011111111000000000111111100000000000000001111110000000000000000000000000000000000,0,0
513,3,TypeC,32700,000000000000001111100000000000000000000000000000000000000001111110000000000000000000011110000000000000000000000000000000000000001111110000000000000011111100000000000000,1,0
514,4,TypeC,32700,000000000000001111100000000000000000000000000000000000000001111110000000000000000000011110000000000000000000000000000000000000001111110000000000000011111100000000000000,1,0
515,1,TypeB,39100,000000000000000000000000000000011111111000000000000000011111110000000000000000000000000011111111000000000111111100000000000000000000000000000000000000000000011111110000,1,0
516,2,TypeB,39100,000000000000000000000000000000011111111000000000000000011111110000000000000000000000000011111111000000000111111100000000000000000000000000000000000000000000011111110000,1,0
517,3,TypeC,28700,000000000000000000000001111000000000000000000000000000000000000000000000011111100000000000000001111110000000000000000000000000001111110000000000000000000000011110000000,1,0
518,4,TypeC,28700,000000000000000000000001111000000000000000000000000000000000000000000000011111100000000000000001111110000000000000000000000000001111110000000000000000000000011110000000,1,0
519,1,TypeB,37800,000000000000000000000000000000011111111000000000000000011111110000000000000000000000000011111111000000000111111100000000000000001111110000000000000000000000000000000000,1,0
520,2,TypeB,37800,000000000000000000000000000000011111111000000000000000011111110000000000000000000000000011111111000000000111111100000000000000001111110000000000000000000000000000000000,1,0
521,3,TypeC,26700,000001111000000000000001111000000000000000000000000000000000000000000000011111100000000000000000000000000000000000000000000000001111110000000000000000000000011110000000,1,0
522,4,TypeC,26700,000001111000000000000001111000000000000000000000000000000000000000000000011111100000000000000000000000000000000000000000000000001111110000000000000000000000011110000000,1,0
523,0,TypeA,53300,000001111111111000000000000000000000000000111111111000000000000000000000000000000000000000000000000000111111111100000000000000000000011111111100000000000000011111111100,1,0
524,1,TypeB,38000,000000000011111110000000000000011111111000000000011111111000000000000000000000000000011111110000000000111111110000000000000000000000000000000000000000000000000000000000,1,0
525,2,TypeB,38000,000000000011111110000000000000011111111000000000011111111000000000000000000000000000011111110000000000111111110000000000000000000000000000000000000000000000000000000000,1,0
526,3,TypeC,27100,000000000000000000000000000000000000000000000000000000000000011110000000000000000000000000011111000000000000011100000000000000000000011110000000000000000001111110000000,1,0
527,4,TypeC,27100,000000000000000000000000000000000000000000000000000000000000011110000000000000000000000000011111000000000000011100000000000000000000011110000000000000000001111110000000,1,0
528,0,TypeA,59200,000000000000000111111111100000000000000000111111111000000000000000000000000000000000000000000111111111100000000000000000000011111111110000000000000011111111110000000000,1,0
529,1,TypeB,38800,000000000000000011111111000000000000000000000000011111111000000000000000000000000000011111110000000000111111110000000000000000000000000000000000000000000001111110000000,0,0
530,2,TypeB,38800,000000000000000011111111000000000000000000000000011111111000000000000000000000000000011111110000000000111111110000000000000000000000000000000000000000000001111110000000,0,0
531,3,TypeC,29200,000000000000000000000111111000000000000000000000000000000000011110000000000000000000000000000000000000000000011100000000000000000000000011111100000000000001111110000000,1,0
532,4,TypeC,29200,000000000000000000000111111000000000000000000000000000000000011110000000000000000000000000000000000000000000011100000000000000000000000011111100000000000001111110000000,1,0
533,1,TypeB,39000,000001111111100000000000000000011111111000000000011111111000000000000000000000000000011111110000000000111111110000000000000000000000000000000000000000000000000000000000,1,0
534,2,TypeB,39000,000001111111100000000000000000011111111000000000011111111000000000000000000000000000011111110000000000111111110000000000000000000000000000000000000000000000000000000000,1,0
535,3,TypeC,28100,000000000000000000000111111000000000000000000000000000000000011110000000000000000000000000000000000000000000011100000000000000000000011110000000000000000001111110000000,1,0
536,4,TypeC,28100,000000000000000000000111111000000000000000000000000000000000011110000000000000000000000000000000000000000000011100000000000000000000011110000000000000000001111110000000,1,0
537,0,TypeA,53500,000000011111111100000000000000000000000000111111111000000000000000000000000000000000000000000111111111100000000000000000000000001111111110000000000001111111110000000000,0,0
538,1,TypeB,35200,000000000000000000111111100000000000000000000000000000111111110000000000000000000000000011111111000000000000011111110000000000000000011110000000000000000000000000000000,1,0
539,2,TypeB,35200,000000000000000000111111100000000000000000000000000000111111110000000000000000000000000011111111000000000000011111110000000000000000011110000000000000000000000000000000,1,0
540,3,TypeC,26900,000000000000001111100000000000011100000000000000000000000000011111100000000000000000000000000000000000000000000000000000000000000000011110000000000001111100000000000000,1,0
541,4,TypeC,26900,000000000000001111100000000000011100000000000000000000000000011111100000000000000000000000000000000000000000000000000000000000000000011110000000000001111100000000000000,1,0
542,0,TypeA,53400,000000011111111100000000000000000111111111100000000000000000000000000000000000000000000000000111111111100000000000000000000000001111111110000000000011111111110000000000,0,0
543,1,TypeB,35200,000000000000111111100000000000000000000000000000000000111111110000000000000000000000000011111111000000000000011111110000000000000000011110000000000000000000000000000000,1,0
544,2,TypeB,35200,000000000000111111100000000000000000000000000000000000111111110000000000000000000000000011111111000000000000011111110000000000000000011110000000000000000000000000000000,1,0
545,3,TypeC,28200,000001110000000000000000000000000000000000000000000000000000011111100000000000000000000000000000000000000111110000000000000000000000011110000000000011111100000000000000,1,0
546,4,TypeC,28200,000001110000000000000000000000000000000000000000000000000000011111100000000000000000000000000000000000000111110000000000000000000000011110000000000011111100000000000000,1,0
547,0,TypeA,55100,000001111111111000000000000000000000000000111111111000000000000000000000000000000000000000000111111111100000000000000000000000001111111110000000000001111111110000000000,0,0
548,1,TypeB,36200,000000000000000000000000000000011111111000000000000000111111110000000000000000000000000011111111000000000000011111110000000000000000011110000000000000000000000000000000,1,0
549,2,TypeB,36200,000000000000000000000000000000011111111000000000000000111111110000000000000000000000000011111111000000000000011111110000000000000000011110000000000000000000000000000000,1,0
550,3,TypeC,30100,000000000000001111100000000000000000000000000000000000000000011111100000000000000000000000000000000000000111110000000000000000000000011110000000000001111100000000000000,1,0
551,4,TypeC,30100,000000000000001111100000000000000000000000000000000000000000011111100000000000000000000000000000000000000111110000000000000000000000011110000000000001111100000000000000,1,0
552,0,TypeA,54100,000000000000000000000000000000000111111111100000000000011111111110000000000000000000000000000111111111100000000000000000000000001111111111000000000001111111110000000000,0,0
553,1,TypeB,34700,000000000000000000000000000000000000000000000000000000111111110000000000000000000000011111110000000000111111110000000000000000000000011111000000000000000000011110000000,1,0
554,2,TypeB,34700,000000000000000000000000000000000000000000000000000000111111110000000000000000000000011111110000000000111111110000000000000000000000011111000000000000000000011110000000,1,0
555,3,TypeC,26400,000000000000000000000001111000000000000000000000000000000000000000000000011111100000000000011111000000000000000000000000000000000000011111000000000000000000011110000000,1,0
556,4,TypeC,26400,000000000000000000000001111000000000000000000000000000000000000000000000011111100000000000011111000000000000000000000000000000000000011111000000000000000000011110000000,1,0
557,0,TypeA,54900,000000011111111100000000000000000000000000000000000000011111111110000000000000000000000000000111111111100000000000000000000001111111110000000000000011111111110000000000,1,0
558,1,TypeB,40100,000000000000000000000000001111111100000000000000000000111111110000000000000000000000011111110000000000111111110000000000000000000000011111110000000000000000000000000000,1,0
559,2,TypeB,40100,000000000000000000000000001111111100000000000000000000111111110000000000000000000000011111110000000000111111110000000000000000000000011111110000000000000000000000000000,1,0
560,3,TypeC,27500,000000000000000000000111111000000000000000000000000000000000000000000000011111100000000000011111000000000000000000000000000001111000000000000000000000000001111100000000,1,0
561,4,TypeC,27500,000000000000000000000111111000000000000000000000000000000000000000000000011111100000000000011111000000000000000000000000000001111000000000000000000000000001111100000000,1,0
562,0,TypeA,55400,000000011111111110000000000000000000000000111111111000000000000000000000000000000000000000000111111111100000000000000000000001111111110000000000000001111111110000000000,1,0
563,1,TypeB,40100,000000000000111111100000000000000000000000000000000000111111110000000000000000111111110000000001111111100000000000000000000000011111110000000000000000000000000000000000,1,0
564,2,TypeB,40100,000000000000111111100000000000000000000000000000000000111111110000000000000000111111110000000001111111100000000000000000000000011111110000000000000000000000000000000000,1,0
565,3,TypeC,26300,000000000000000000000111111000000000000000000000000000000000000000000000011111100000000000011111000000000000000000000000000001111000000000000000000001111100000000000000,1,0
566,4,TypeC,26300,000000000000000000000111111000000000000000000000000000000000000000000000011111100000000000011111000000000000000000000000000001111000000000000000000001111100000000000000,1,0
567,0,TypeA,55100,000000000000000011111111100000000000000000000000000000011111111100000000000000000000000000000111111111100000000000000000000001111111110000000000000011111111110000000000,0,0
568,1,TypeB,34000,000000000000111111100000000000001111111000000000000000000001111100000000000000000000011111110000000000111111110000000000000000000000000000000000000000000000000000000000,0,0
569,2,TypeB,34000,000000000000111111100000000000001111111000000000000000000001111100000000000000000000011111110000000000111111110000000000000000000000000000000000000000000000000000000000,0,0
570,3,TypeC,23400,000000000000000000000001111000000000000000000000000000000000011100000000000000000000011110000000000000000000000000000000000001111000000000000000000011111100000000000000,1,0
571,4,TypeC,23400,000000000000000000000001111000000000000000000000000000000000011100000000000000000000011110000000000000000000000000000000000001111000000000000000000011111100000000000000,1,0
572,0,TypeA,53200,000000000000000011111111100000000000000000000000000000011111111100000000000000000000000000000111111111100000000000000000000000000000011111111100000000000000011111111100,0,0
573,1,TypeB,36200,000000000000000000000000000000011111111000000000000000111111110000000000000000000000011111110000000000111111110000000000000000000000000000000000000000000000011110000000,1,0
574,2,TypeB,36200,000000000000000000000000000000011111111000000000000000111111110000000000000000000000011111110000000000111111110000000000000000000000000000000000000000000000011110000000,1,0
575,3,TypeC,30700,000000000000000000000111111000000000000000000000001111110000000000000000011111100000000000000000000000000000000000000000000000001111110000000000000000000000011110000000,1,0
576,4,TypeC,30700,000000000000000000000111111000000000000000000000001111110000000000000000011111100000000000000000000000000000000000000000000000001111110000000000000000000000011110000000,1,0
577,1,TypeB,38000,000000000000111111100000000000011111111000000000000000111111110000000000000000000000011111110000000000111111110000000000000000000000000000000000000000000000000000000000,1,0
578,2,TypeB,38000,000000000000111111100000000000011111111000000000000000111111110000000000000000000000011111110000000000111111110000000000000000000000000000000000000000000000000000000000,1,0
579,3,TypeC,31000,000000000000000000000111111000000000000000000000000000000000000000000000011111100000000000011111000000000000000000000000000000001111110000000000000000000001111100000000,1,0
580,4,TypeC,31000,000000000000000000000111111000000000000000000000000000000000000000000000011111100000000000011111000000000000000000000000000000001111110000000000000000000001111100000000,1,0
581,1,TypeB,35000,000000000011111110000000000000011111111000000000000000000000011111100000000000000000011111110000000000000111111100000000000000000000000000000000000000000000000000000000,1,0
582,2,TypeB,35000,000000000011111110000000000000011111111000000000000000000000011111100000000000000000011111110000000000000111111100000000000000000000000000000000000000000000000000000000,1,0
583,3,TypeC,28700,000000000000000000000000000000000000000000000000000000000000000000000000011111100000000000011111000000000000011100000000000000001111110000000000000011111100000000000000,1,0
584,4,TypeC,28700,000000000000000000000000000000000000000000000000000000000000000000000000011111100000000000011111000000000000011100000000000000001111110000000000000011111100000000000000,1,0
585,0,TypeA,51800,000000000000001111111111000000000000000000000000000000011111111100000000000000000000000000000000000000111111111100000000000000000000011111111100000000000000011111111100,0,0
586,1,TypeB,34400,000000000000000000000000000000000000001111100000000000000001111100000000000000000000011111110000000000000111111100000000000000000000000000000111111110000000000000000000,0,0
587,2,TypeB,34400,000000000000000000000000000000000000001111100000000000000001111100000000000000000000011111110000000000000111111100000000000000000000000000000111111110000000000000000000,0,0
588,3,TypeC,26800,000000000000000000000000000000000000000000000000000000000000011100000000000000000000011110000000000000000000011100000000000000001111110000000000000011111100000000000000,1,0
589,4,TypeC,26800,000000000000000000000000000000000000000000000000000000000000011100000000000000000000011110000000000000000000011100000000000000001111110000000000000011111100000000000000,1,1
590,0,TypeA,50900,000000011111111100000000000000000000000000000000000000011111111110000000000000000000000000000000000000111111111100000000000000000000011111111100000000000000011111111100,1,0
591,1,TypeB,38400,000000000000000000000000000000011111111000000000000000000000011111100000000000000000011111110000000000000111111100000000000000000000000000000111111110000000000000000000,1,0
592,2,TypeB,38400,000000000000000000000000000000011111111000000000000000000000011111100000000000000000011111110000000000000111111100000000000000000000000000000111111110000000000000000000,1,0
593,3,TypeC,30100,000000000000000000000000000000000000000000000000000000000000011111100000000000000000011110000000000000000000011100000000000000001111110000000000000011111100000000000000,1,0
594,4,TypeC,30100,000000000000000000000000000000000000000000000000000000000000011111100000000000000000011110000000000000000000011100000000000000001111110000000000000011111100000000000000,1,0
595,0,TypeA,56600,000000000000000000000001111111111000000000000000000000011111111110000000000000000000000000000000000000111111111100000000000000011111111110000000000011111111110000000000,0,0
596,1,TypeB,38000,000000000000111111100000000000011111111000000000011111111000000000000000000000111111110000000000000000000111111100000000000000000000000000000000000000000000000000000000,1,0
597,2,TypeB,38000,000000000000111111100000000000011111111000000000011111111000000000000000000000111111110000000000000000000111111100000000000000000000000000000000000000000000000000000000,1,0
598,3,TypeC,29900,000000000000001111100000000000000000000000000000000000000000000000000000011111100000000000000000000000000111110000000000000000000000011110000000000011111100000000000000,1,0
599,4,TypeC,29900,000000000000001111100000000000000000000000000000000000000000000000000000011111100000000000000000000000000111110000000000000000000000011110000000000011111100000000000000,1,0
600,0,TypeA,53900,000000000000000111111111000000000000000000111111111000000000000000000000000000000000011111111100000000000000000000000000000000011111111110000000000011111111110000000000,0,0
601,1,TypeB,37100,000000000000000000000000001111111100000000000000000000000001111110000000000000000000011111110000000000000000011111110000000000011111110000000000000000000000000000000000,1,0
602,2,TypeB,37100,000000000000000000000000001111111100000000000000000000000001111110000000000000000000011111110000000000000000011111110000000000011111110000000000000000000000000000000000,1,0
603,3,TypeC,26500,000000000000000000111111000000000000000000000000000000000000000000000000011111100000000000000000000111100000000000000000000000001111110000000000000011100000000000000000,0,0
604,4,TypeC,26500,000000000000000000111111000000000000000000000000000000000000000000000000011111100000000000000000000111100000000000000000000000001111110000000000000011100000000000000000,0,0
605,1,TypeB,33000,000000000000001111100000000000000000000000111111110000000001111110000000000000000000011111110000000000000000011111110000000000000000000000000000000000000000000000000000,1,0
606,2,TypeB,33000,000000000000001111100000000000000000000000111111110000000001111110000000000000000000011111110000000000000000011111110000000000000000000000000000000000000000000000000000,1,0
607,3,TypeC,24500,000000000000000000000001111000000000000000000000000000000000000000000000011111100000000000000000000111100000000000000000000000001111110000000000000011100000000000000000,1,0
608,4,TypeC,24500,000000000000000000000001111000000000000000000000000000000000000000000000011111100000000000000000000111100000000000000000000000001111110000000000000011100000000000000000,1,0
609,0,TypeA,57600,000000000000001111111111000000000000000000111111111000000000000000000000000000000000000000000111111111100000000000000000000011111111110000000000000001111111110000000000,1,0
610,1,TypeB,33000,000000000000001111100000000000011111111000000000000000000001111110000000000000000000011111110000000000000000011111110000000000000000000000000000000000000000000000000000,1,0
611,2,TypeB,33000,000000000000001111100000000000011111111000000000000000000001111110000000000000000000011111110000000000000000011111110000000000000000000000000000000000000000000000000000,1,0
612,3,TypeC,26800,000000000000000000000001111000000000000000000000000000000000000000000000011111100000000000000000000111100000000000000000000000001111110000000000000001111100000000000000,1,0
613,4,TypeC,26800,000000000000000000000001111000000000000000000000000000000000000000000000011111100000000000000000000111100000000000000000000000001111110000000000000001111100000000000000,1,0
614,0,TypeA,48300,000000000000000000000000000000000000000000000000000000011111111110000000000000000000011111111100000000000111111110000000000000000000011111111100000000000000011111111100,1,0
615,1,TypeB,37100,000000000000000000000000001111111100000000000000000000000001111110000000000000000000000000000111111100000000011111110000000000000000000000000000000000011111110000000000,1,0
616,2,TypeB,37100,000000000000000000000000001111111100000000000000000000000001111110000000000000000000000000000111111100000000011111110000000000000000000000000000000000011111110000000000,1,0
617,3,TypeC,27800,000000000000000000000001111000000000000000000000000000000000000000000000011111100000000000000000000111100000000000000000000000001111110000000000000011111100000000000000,1,0
618,4,TypeC,27800,000000000000000000000001111000000000000000000000000000000000000000000000011111100000000000000000000111100000000000000000000000001111110000000000000011111100000000000000,1,0
619,1,TypeB,35000,000000000000000000111111100000000000000000111111110000000001111110000000000000000000000000000111111100000000011111110000000000000000000000000000000000000000000000000000,1,0
620,2,TypeB,35000,000000000000000000111111100000000000000000111111110000000001111110000000000000000000000000000111111100000000011111110000000000000000000000000000000000000000000000000000,1,0
621,3,TypeC,29800,000001111000000000000111111000000000000000000000000000000000000000000000011111100000000000000000000000000000000000000000000000001111110000000000000011111100000000000000,1,0
622,4,TypeC,29800,000001111000000000000111111000000000000000000000000000000000000000000000011111100000000000000000000000000000000000000000000000001111110000000000000011111100000000000000,1,0
623,0,TypeA,55700,000000000000001111111111000000000000000000111111111000000000000000000000000000000000000000000111111111100000000000000000000000000000011111111100000000000000011111111100,1,0
624,1,TypeB,33000,000000000000000011111111000000000000001111100000000000000001111110000000000000000000000000000111111100000000011111110000000000000000000000000000000000000000000000000000,0,0
625,2,TypeB,33000,000000000000000011111111000000000000001111100000000000000001111110000000000000000000000000000111111100000000011111110000000000000000000000000000000000000000000000000000,0,0
626,3,TypeC,28700,000000000000000000000000000000000000001111100000000000000000000000000000011111100000000000000000000000000000000000000000000000001111110000000000000111000000000011111100,1,0
627,4,TypeC,28700,000000000000000000000000000000000000001111100000000000000000000000000000011111100000000000000000000000000000000000000000000000001111110000000000000111000000000011111100,1,0
628,1,TypeB,35000,000000000000111111100000000000011111111000000000000000000001111110000000000000000000000000000111111100000000011111110000000000000000000000000000000000000000000000000000,1,0
629,2,TypeB,35000,000000000000111111100000000000011111111000000000000000000001111110000000000000000000000000000111111100000000011111110000000000000000000000000000000000000000000000000000,1,0
630,3,TypeC,33000,000000000000000000000111111000000000000000000000000000000000000000000000011111100000000000000001111110000000000000000000000000001111110000000000000000001111110000000000,1,0
631,4,TypeC,33000,000000000000000000000111111000000000000000000000000000000000000000000000011111100000000000000001111110000000000000000000000000001111110000000000000000001111110000000000,1,0
632,0,TypeA,52100,000000000000000011111111100000000000000000000000000000011111111110000000000000000000000000000000000000111111111100000000000000000000011111111100000000000000011111111100,0,0
633,1,TypeB,39400,000000000000000000000000001111111100000000000000000000000001111110000000000000000000000011111111000000000000011111110000000000000000000000000111111110000000000000000000,1,0
634,2,TypeB,39400,000000000000000000000000001111111100000000000000000000000001111110000000000000000000000011111111000000000000011111110000000000000000000000000111111110000000000000000000,1,0
635,3,TypeC,29800,000000000000000000000111111000000000000000000000000000000000000000000000011111100000000000000000000111100000000000000000000000001111110000000000000011111100000000000000,1,0
636,4,TypeC,29800,000000000000000000000111111000000000000000000000000000000000000000000000011111100000000000000000000111100000000000000000000000001111110000000000000011111100000000000000,1,0
637,0,TypeA,51500,000001111111111000000000000000000000000000000000000000011111111110000000000000000000011111111100000000000000000000000000000000000000011111111100000000000000011111111100,1,0
638,1,TypeB,36000,000001111111100000000000001111111100000000000000000000000001111110000000000000000000011111110000000000000000011111110000000000000000000000000000000000000000000000000000,1,0
639,2,TypeB,36000,000001111111100000000000001111111100000000000000000000000001111110000000000000000000011111110000000000000000011111110000000000000000000000000000000000000000000000000000,1,0
640,3,TypeC,26900,000000000000000000000111111000000000000000000000000000000000011110000000000000000000011110000000000000000000000000000000000000001111110000000000000011100000000000000000,1,0
641,4,TypeC,26900,000000000000000000000111111000000000000000000000000000000000011110000000000000000000011110000000000000000000000000000000000000001111110000000000000011100000000000000000,1,0
642,0,TypeA,58600,000001111111111000000000000000000000000000111111111000000000000000000000000000000000000000000111111111100000000000000000000011111111110000000000000011111111110000000000,1,0
643,1,TypeB,37000,000000001111111100000000000000011111111000000000000000000001111110000000000000000000000011111111000000000000011111110000000000000000000000000000000000000000000000000000,1,0
644,2,TypeB,37000,000000001111111100000000000000011111111000000000000000000001111110000000000000000000000011111111000000000000011111110000000000000000000000000000000000000000000000000000,1,0
645,3,TypeC,30900,000001111110000000000111111000000000000000000000000000000000000000000000011111100000000000000001111110000000000000000000000000000000000011111100000000000000000000000000,1,0
646,4,TypeC,30900,000001111110000000000111111000000000000000000000000000000000000000000000011111100000000000000001111110000000000000000000000000000000000011111100000000000000000000000000,1,0
647,1,TypeB,36000,000001111111100000000000000000011111111000000000000000000001111110000000000000000000011111110000000000000000011111110000000000000000000000000000000000000000000000000000,1,0
648,2,TypeB,36000,000001111111100000000000000000011111111000000000000000000001111110000000000000000000011111110000000000000000011111110000000000000000000000000000000000000000000000000000,1,0
649,3,TypeC,29200,000000000000000000000111111000000000000000000000000000000000011110000000000000000000011110000000000000000111110000000000000000000000000011111100000000000000000000000000,1,0
650,4,TypeC,29200,000000000000000000000111111000000000000000000000000000000000011110000000000000000000011110000000000000000111110000000000000000000000000011111100000000000000000000000000,1,0
651,0,TypeA,57000,000000000000000111111111100000000000000000111111111000000000000000000000000000000000000000000111111111100000000000000000000000000000111111111100000000000000011111111100,1,0
652,1,TypeB,38000,000000000000111111100000000000011111111000000000000000000001111111100000000000000000000011111111000000000000011111110000000000000000000000000000000000000000000000000000,1,0
653,2,TypeB,38000,000000000000111111100000000000011111111000000000000000000001111111100000000000000000000011111111000000000000011111110000000000000000000000000000000000000000000000000000,1,0
654,3,TypeC,23700,000000000000000000000001111000000000000000000000000000000000000000000000000000000000011110000000000000000111110000000000000011111000000000000000000011100000000000000000,1,0
655,4,TypeC,23700,000000000000000000000001111000000000000000000000000000000000000000000000000000000000011110000000000000000111110000000000000011111000000000000000000011100000000000000000,1,0
656,0,TypeA,51900,000000111111111100000000000000000000000000000000000000011111111110000000000000000000000000000000000000111111111100000000000000001111111110000000000001111111110000000000,0,0
657,1,TypeB,36000,000001111110000000000000000000011111111000000000000000111111110000000000000000000000011111110000000000000111111100000000000000000000000000000000000000000000000000000000,1,0
658,2,TypeB,36000,000001111110000000000000000000011111111000000000000000111111110000000000000000000000011111110000000000000111111100000000000000000000000000000000000000000000000000000000,1,0
659,3,TypeC,29600,000001111110000000000001111000000000000000000000000000000000000000000000000000000000011110000000000000000000000000000000000000001111110000000000000011111100000000000000,1,0
660,4,TypeC,29600,000001111110000000000001111000000000000000000000000000000000000000000000000000000000011110000000000000000000000000000000000000001111110000000000000011111100000000000000,1,0
661,0,TypeA,55200,000000011111111110000000000000000000000000111111111000000000000000000000000000000000000000000111111111100000000000000000000000001111111111000000000000000000011111111100,0,0
662,1,TypeB,37500,000000111111100000000000000000000000000000000000000000111111110000000000000000111111110000000001111111100000000000000000000000000000011111000000000000000000000000000000,0,0
663,2,TypeB,37500,000000111111100000000000000000000000000000000000000000111111110000000000000000111111110000000001111111100000000000000000000000000000011111000000000000000000000000000000,0,0
664,3,TypeC,30100,000000111110000000000000000000000000000000000000000000000000000000000000011111100000000000000001111110000000000000000000000000000000011111000000000011111100000000000000,0,0
665,4,TypeC,30100,000000111110000000000000000000000000000000000000000000000000000000000000011111100000000000000001111110000000000000000000000000000000011111000000000011111100000000000000,0,0
666,0,TypeA,52100,000000000000000000000000000000000111111111100000000000001111111110000000000000000000000000000111111111100000000000000000000000000000011111111100000000000000011111111100,0,0
667,1,TypeB,36000,000001111111100000000000000000011111111000000000000000001111110000000000000000000000011111110000000000000111111100000000000000000000000000000000000000000000000000000000,1,0
668,2,TypeB,36000,000001111111100000000000000000011111111000000000000000001111110000000000000000000000011111110000000000000111111100000000000000000000000000000000000000000000000000000000,1,0
669,3,TypeC,31400,000000000000000000000111111000000000000000000000000000001111110000000000000000000000011110000000000000000000000000000000000000001111110000000000000000000000011110000000,1,0
670,4,TypeC,31400,000000000000000000000111111000000000000000000000000000001111110000000000000000000000011110000000000000000000000000000000000000001111110000000000000000000000011110000000,1,0
671,0,TypeA,51300,000000011111111110000000000000000000000000000000000000001111111110000000000000000000000000000000000000111111111100000000000000001111111111000000000001111111110000000000,0,0
672,1,TypeB,36500,000000000000000000000000000000011111111000000000000000111111110000000000000000000000011111110000000000000111111100000000000000000000011111000000000000000000000000000000,1,0
673,2,TypeB,36500,000000000000000000000000000000011111111000000000000000111111110000000000000000000000011111110000000000000111111100000000000000000000011111000000000000000000000000000000,1,0
674,3,TypeC,30700,000000000000000000000111111000000000000000000000000000000000000000000000011111100000000000011111000000000000000000000000000000000000011111000000000000001111110000000000,1,0
675,4,TypeC,30700,000000000000000000000111111000000000000000000000000000000000000000000000011111100000000000011111000000000000000000000000000000000000011111000000000000001111110000000000,1,0
676,0,TypeA,54000,000000000000000011111111100000000000000000000000000000011111111110000000000000000000000000000000000000111111111100000000000001111111110000000000000011111111110000000000,0,0
677,1,TypeB,37000,000001111111100000000000000000011111111000000000000000000000111111100000000000000011111110000000000000000111111100000000000000000000000000000000000000000000000000000000,1,0
678,2,TypeB,37000,000001111111100000000000000000011111111000000000000000000000111111100000000000000011111110000000000000000111111100000000000000000000000000000000000000000000000000000000,1,0
679,3,TypeC,28000,000000000000000000000111111000000000000000000000000000000000111110000000000000000000011110000000000000000000000000000000000001111000000000000000000011111100000000000000,1,0
680,4,TypeC,28000,000000000000000000000111111000000000000000000000000000000000111110000000000000000000011110000000000000000000000000000000000001111000000000000000000011111100000000000000,1,0
681,0,TypeA,55500,000000000000001111111111000000000000000000111111111000000000000000000000000000000000000000000000000000111111111100000000000001111111110000000000000011111111110000000000,1,0
682,1,TypeB,36100,000000000000000000000000001111111000000000000000000000000000011111100000000000000000011111110000000000000111111100000000000000000000011111110000000000000000000000000000,0,0
683,2,TypeB,36100,000000000000000000000000001111111000000000000000000000000000011111100000000000000000011111110000000000000111111100000000000000000000011111110000000000000000000000000000,0,0
684,3,TypeC,28700,000000000000000000111111000000000000000000000000000000000000011111100000000000000000011110000000000000000000000000000000000001111000000000000000000011111100000000000000,0,0
685,4,TypeC,28700,000000000000000000111111000000000000000000000000000000000000011111100000000000000000011110000000000000000000000000000000000001111000000000000000000011111100000000000000,0,0
686,0,TypeA,51300,000000000000000000000000000000000111111111100000000000011111111110000000000000000000000000000000000000111111111100000000000000000000011111111100000000000000011111111100,1,0
687,1,TypeB,38000,000001111111100000000000000000011111111000000000000000000000011111100000000000111111110000000001111111100000000000000000000000000000000000000000000000000000000000000000,1,0
688,2,TypeB,38000,000001111111100000000000000000011111111000000000000000000000011111100000000000111111110000000001111111100000000000000000000000000000000000000000000000000000000000000000,1,0
689,3,TypeC,31800,000000000000000000000111111000000000000000000000000000000000000000000000011111100000000000000001111110000000000000000000000000001111110000000000000011111100000000000000,1,0
690,4,TypeC,31800,000000000000000000000111111000000000000000000000000000000000000000000000011111100000000000000001111110000000000000000000000000001111110000000000000011111100000000000000,1,0
691,0,TypeA,53100,000000000000000011111111100000000000000000000000000000011111111110000000000000000000000000000000000000111111111100000000000000001111111110000000000011111111110000000000,0,0
692,1,TypeB,38000,000001111111100000000000000000011111111000000000000000111111110000000000000000000000011111110000000000000111111100000000000000000000000000000000000000000000000000000000,1,0
693,2,TypeB,38000,000001111111100000000000000000011111111000000000000000111111110000000000000000000000011111110000000000000111111100000000000000000000000000000000000000000000000000000000,1,0
694,3,TypeC,30800,000000000000000000000111111000000000000000000000000000000000000000000000011111100000000000011111000000000000000000000000000000001111110000000000000011111100000000000000,1,0
695,4,TypeC,30800,000000000000000000000111111000000000000000000000000000000000000000000000011111100000000000011111000000000000000000000000000000001111110000000000000011111100000000000000,1,0
696,0,TypeA,56400,000001111111111000000000000000000000000000111111111000000000000000000000000000000000000000000111111111100000000000000000000000000000111111111100000000000000011111111100,1,0
697,1,TypeB,31500,000000000000000000000111100000000000001111100000000000000000000000000000000000000000000011111111000000000111111110000000000000000000111110000000000000000000000000000000,1,0
698,2,TypeB,31500,000000000000000000000111100000000000001111100000000000000000000000000000000000000000000011111111000000000111111110000000000000000000111110000000000000000000000000000000,1,0
699,3,TypeC,27000,000000000000000000000111100000000000000000000000000000000000000000000000000000000000011110000000000000000111110000000000000011111000000000000000000000000000000011111100,1,0
700,4,TypeC,27000,000000000000000000000111100000000000000000000000000000000000000000000000000000000000011110000000000000000111110000000000000011111000000000000000000000000000000011111100,1,0
701,0,TypeA,56000,000000000000000011111111100000000000000000111111111000000000000000000000000000000000000000000111111111100000000000000000000000000000111111111100000000000000011111111100,0,0
702,1,TypeB,33500,000000000000000000111111100000000000001111100000000000000000000000000000000000000000000011111111000000000111111100000000000000000000111110000000000000000000000000000000,1,0
703,2,TypeB,33500,000000000000000000111111100000000000001111100000000000000000000000000000000000000000000011111111000000000111111100000000000000000000111110000000000000000000000000000000,1,0
704,3,TypeC,26000,000001110000000000000000000000000000000000000000000000000000000000000000000000000000011110000000000000000111110000000000000011111000000000000000000011111100000000000000,1,0
705,4,TypeC,26000,000001110000000000000000000000000000000000000000000000000000000000000000000000000000011110000000000000000111110000000000000011111000000000000000000011111100000000000000,1,0
706,0,TypeA,55400,000000001111111110000000000000000000000000111111111000000000000000000000000000000000000000000111111111100000000000000000000001111111110000000000000011111111110000000000,0,0
707,1,TypeB,35500,000000111111100000000000000000000000000000000000000000000001111111100000000000000000000000000111111100000000011111110000000000000000111110000000000000000000000000000000,0,0
708,2,TypeB,35500,000000111111100000000000000000000000000000000000000000000001111111100000000000000000000000000111111100000000011111110000000000000000111110000000000000000000000000000000,0,0
709,3,TypeC,28000,000000000000000000000111111000000000000000000000000000000000000000000000000000000000011110000000000000000111110000000000000001111000000000000000000000000000000011111100,1,0
710,4,TypeC,28000,000000000000000000000111111000000000000000000000000000000000000000000000000000000000011110000000000000000111110000000000000001111000000000000000000000000000000011111100,1,0
711,0,TypeA,51700,000000000000000000000001111111111000000000000000000000000000000000000000000000000000011111111100000000000111111110000000000000000000111111111100000000000000011111111100,1,0
712,1,TypeB,33500,000000000000000000000000000000000000001111100000000000000000011111100000000000000000000011111111000000000111111110000000000000000000111110000000000000000000000000000000,1,0
713,2,TypeB,33500,000000000000000000000000000000000000001111100000000000000000011111100000000000000000000011111111000000000111111110000000000000000000111110000000000000000000000000000000,1,0
714,3,TypeC,28000,000000000000000000000111111000000000000000000000000000000000000000000000000000000000011110000000000000000111110000000000000001111000000000000000000011111100000000000000,1,0
715,4,TypeC,28000,000000000000000000000111111000000000000000000000000000000000000000000000000000000000011110000000000000000111110000000000000001111000000000000000000011111100000000000000,1,0
716,1,TypeB,37100,000000000011111110000000000000000000000000000000000000000000111111100000000000000000000000000111111100000000011111110000000000000000011111110000000000000000000000000000,1,0
717,2,TypeB,37100,000000000011111110000000000000000000000000000000000000000000111111100000000000000000000000000111111100000000011111110000000000000000011111110000000000000000000000000000,1,0
718,3,TypeC,28800,000000000000000000000000000000011100000000000000000000000000000000000000000000000000011110000000000000000111110000000000000000001111110000000000000000000000000011111100,1,0
719,4,TypeC,28800,000000000000000000000000000000011100000000000000000000000000000000000000000000000000011110000000000000000111110000000000000000001111110000000000000000000000000011111100,1,0
720,0,TypeA,48700,000000000000000000000000000000000111111111100000000000000000000000000000000000000000011111111100000000000111111110000000000000000000111111111100000000000000011111111100,1,0
721,1,TypeB,33500,000000000000000000000000000000000000001111100000000000000001111111100000000000000000000000000111111100000000011111110000000000000000111110000000000000000000000000000000,1,0
722,2,TypeB,33500,000000000000000000000000000000000000001111100000000000000001111111100000000000000000000000000111111100000000011111110000000000000000111110000000000000000000000000000000,1,0
723,3,TypeC,29000,000000000000000000000111111000000000000000000000000000000000000000000000000000000000011110000000000000000111110000000000000011111000000000000000000000000000000011111100,1,0
724,4,TypeC,29000,000000000000000000000111111000000000000000000000000000000000000000000000000000000000011110000000000000000111110000000000000011111000000000000000000000000000000011111100,1,0
725,0,TypeA,54500,000000001111111110000000000000000000000000111111111000000000000000000000000000000000000000000111111111100000000000000000000000000000111111111100000000000000011111111100,0,0
726,1,TypeB,36800,000001111111100000000000000000000000000000000000000000000000111111100000000000000000000000000111111100000000011111110000000000000000000000000000000000001111110000000000,1,0
727,2,TypeB,36800,000001111111100000000000000000000000000000000000000000000000111111100000000000000000000000000111111100000000011111110000000000000000000000000000000000001111110000000000,1,0
728,3,TypeC,30200,000000000000000000000111111000000000000000000000000000000000000000000000000000000000011110000000000000000111110000000000000011111000000000000000000000001111110000000000,1,0
729,4,TypeC,30200,000000000000000000000111111000000000000000000000000000000000000000000000000000000000011110000000000000000111110000000000000011111000000000000000000000001111110000000000,1,0
730,0,TypeA,52700,000000011111111110000000000000000000000000111111111000000000000000000000000000000000011111111100000000000000000000000000000000000000111111111100000000000000011111111100,1,0
731,1,TypeB,38000,000001111111100000000000000000011111111000000000000000000000111111100000000000000000000011111111000000000111111100000000000000000000000000000000000000000000000000000000,1,0
732,2,TypeB,38000,000001111111100000000000000000011111111000000000000000000000111111100000000000000000000011111111000000000111111100000000000000000000000000000000000000000000000000000000,1,0
733,3,TypeC,29100,000000000000000000111111000000000000000000000000000000000000111110000000000000000000011110000000000000000000000000000000000000001111110000000000000000000000011100000000,0,0
734,4,TypeC,29100,000000000000000000111111000000000000000000000000000000000000111110000000000000000000011110000000000000000000000000000000000000001111110000000000000000000000011100000000,0,0
735,0,TypeA,55800,000000011111111110000000000000000000000000111111111000000000000000000000000000000000000000000111111111100000000000000000000000001111111110000000000011111111110000000000,0,0
736,1,TypeB,40100,000000000000000011111111000000000000000000000000000000000001111111100000000000000000000011111111000000000111111100000000000000000000000000000000000000011111110000000000,0,0
737,2,TypeB,40100,000000000000000011111111000000000000000000000000000000000001111111100000000000000000000011111111000000000111111100000000000000000000000000000000000000011111110000000000,0,0
738,3,TypeC,26600,000000000000000000000111111000000000000000000000000000000000000000000000000000000000011110000000000000000111110000000000000011111000000000000000000000000000011100000000,1,0
739,4,TypeC,26600,000000000000000000000111111000000000000000000000000000000000000000000000000000000000011110000000000000000111110000000000000011111000000000000000000000000000011100000000,1,0
740,0,TypeA,56400,000000011111111110000000000000000000000000111111111000000000000000000000000000000000000000000111111111100000000000000000000011111111110000000000000000000000011111111100,1,0
741,1,TypeB,37500,000001111111100000000000000000000000000000000000000000000001111111100000000000000000000011111111000000000111111100000000000000000000111110000000000000000000000000000000,1,0
742,2,TypeB,37500,000001111111100000000000000000000000000000000000000000000001111111100000000000000000000011111111000000000111111100000000000000000000111110000000000000000000000000000000,1,0
743,3,TypeC,29000,000000000000000000000111111000000000000000000000000000000000000000000000000000000000011110000000000000000111110000000000000011111000000000000000000011111100000000000000,1,0
744,4,TypeC,29000,000000000000000000000111111000000000000000000000000000000000000000000000000000000000011110000000000000000111110000000000000011111000000000000000000011111100000000000000,1,0
745,0,TypeA,55800,000000000000000000000000111111111100000000000000000000011111111110000000000000000000000000000111111111100000000000000000000000001111111110000000000001111111110000000000,0,0
746,1,TypeB,39100,000000000000000000000000000000011111111000000000000000000000011111100000000000000000000011111111000000000111111110000000000000000000000000000000000000011111110000000000,1,0
747,2,TypeB,39100,000000000000000000000000000000011111111000000000000000000000011111100000000000000000000011111111000000000111111110000000000000000000000000000000000000011111110000000000,1,0
748,3,TypeC,30300,000000000000000000000001111000000000000000000000000000001111110000000000011111100000000000000000000000000000000000000000000000001111110000000000000001111100000000000000,0,0
749,4,TypeC,30300,000000000000000000000001111000000000000000000000000000001111110000000000011111100000000000000000000000000000000000000000000000001111110000000000000001111100000000000000,0,0
750,0,TypeA,53900,000000000000000011111111100000000000000000111111111000000000000000000000000000000000000000000000000000111111111100000000000000001111111110000000000011111111110000000000,0,0
751,1,TypeB,39100,000000000000000000000000000000011111111000000000000000000000011111100000000000000000000011111111000000000111111110000000000000000000011111110000000000000000000000000000,1,0
752,2,TypeB,39100,000000000000000000000000000000011111111000000000000000000000011111100000000000000000000011111111000000000111111110000000000000000000011111110000000000000000000000000000,1,0
753,3,TypeC,30900,000000000000000000000111111000000000000000000000000000000000011111100000000000000000011110000000000000000000000000000000000000001111110000000000000011111000000000000000,1,0
754,4,TypeC,30900,000000000000000000000111111000000000000000000000000000000000011111100000000000000000011110000000000000000000000000000000000000001111110000000000000011111000000000000000,1,0
755,1,TypeB,38100,000000000000000000000000000000011111111000000000000000000000011111100000000000000000000011111111000000000111111100000000000000000000011111110000000000000000000000000000,1,0
756,2,TypeB,38100,000000000000000000000000000000011111111000000000000000000000011111100000000000000000000011111111000000000111111100000000000000000000011111110000000000000000000000000000,1,0
757,3,TypeC,32200,000000000000000000000111111000000000000000000000000000000000011111100000000000000000011110000000000000000000000000000000000000001111110000000000000011111100000000000000,1,0
758,4,TypeC,32200,000000000000000000000111111000000000000000000000000000000000011111100000000000000000011110000000000000000000000000000000000000001111110000000000000011111100000000000000,1,0
759,0,TypeA,54800,000000011111111100000000000000000000000000111111111000000000000000000000000000000000000000000111111111100000000000000000000000000000111111111100000000000000011111111100,1,0
760,1,TypeB,33500,000000000000000000111111100000000000000000000000000000000000011111100000000000000000000000000111111100000000011111110000000000000000111110000000000000000000000000000000,1,0
761,2,TypeB,33500,000000000000000000111111100000000000000000000000000000000000011111100000000000000000000000000111111100000000011111110000000000000000111110000000000000000000000000000000,1,0
762,3,TypeC,26800,000000000000000000000000000000000000000000000000000000000000000000000000011111100000000000000000000000000111110000000000000011111000000000000000000111000000000011111100,1,0
763,4,TypeC,26800,000000000000000000000000000000000000000000000000000000000000000000000000011111100000000000000000000000000111110000000000000011111000000000000000000111000000000011111100,1,0
764,0,TypeA,55800,000000011111111110000000000000000000000000111111111000000000000000000000000000000000000000000111111111100000000000000000000000000000111111111100000000000000011111111100,1,0
765,1,TypeB,36500,000000000000000011111111000000000000000000000000000000000000011111100000000000000000000011111111000000000111111110000000000000000000111110000000000000000000000000000000,0,0
766,2,TypeB,36500,000000000000000011111111000000000000000000000000000000000000011111100000000000000000000011111111000000000111111110000000000000000000111110000000000000000000000000000000,0,0
767,3,TypeC,27800,000000000000000000000001111000000000000000000000000000000000000000000000011111100000000000000000000000000111110000000000000011111000000000000000000011111100000000000000,1,0
768,4,TypeC,27800,000000000000000000000001111000000000000000000000000000000000000000000000011111100000000000000000000000000111110000000000000011111000000000000000000011111100000000000000,1,0
769,0,TypeA,51600,000000001111111110000000000000000000000000000000000000011111111110000000000000000000000000000000000000111111111100000000000000001111111110000000000011111111110000000000,0,0
770,1,TypeB,33200,000001111111100000000000000000000000000000000000000000000000011111100000000000000000000000000111111100000000011111110000000000000000011110000000000000000000000000000000,1,0
771,2,TypeB,33200,000001111111100000000000000000000000000000000000000000000000011111100000000000000000000000000111111100000000011111110000000000000000011110000000000000000000000000000000,1,0
772,3,TypeC,29800,000000000000000000000111111000000000000000000000000000000000000000000000011111100000000000000000000000000111110000000000000011111000000000000000000011111100000000000000,1,0
773,4,TypeC,29800,000000000000000000000111111000000000000000000000000000000000000000000000011111100000000000000000000000000111110000000000000011111000000000000000000011111100000000000000,1,0
774,0,TypeA,54900,000000000000000111111111100000000000000000000000000000011111111110000000000000000000000000000111111111100000000000000000000000001111111110000000000001111111110000000000,0,0
775,1,TypeB,36000,000000000000000000000000111111110000000000111111110000000000011110000000000000000000000011111111000000000111111110000000000000000000000000000000000000000000000000000000,1,0
776,2,TypeB,36000,000000000000000000000000111111110000000000111111110000000000011110000000000000000000000011111111000000000111111110000000000000000000000000000000000000000000000000000000,1,0
777,3,TypeC,26900,000000000000000000000111111000000000000000000000000000000000011110000000000000000000011110000000000000000000000000000000000000000000011110000000000001111100000000000000,1,0
778,4,TypeC,26900,000000000000000000000111111000000000000000000000000000000000011110000000000000000000011110000000000000000000000000000000000000000000011110000000000001111100000000000000,1,0
779,0,TypeA,56100,000000111111111100000000000000000000000000111111111000000000000000000000000000000000000000000111111111100000000000000000000000001111111110000000000011111111110000000000,0,0
780,1,TypeB,37000,000000000000000000000000000000011111111000000000000000011111110000000000011111100000000011111111000000000111111110000000000000000000000000000000000000000000000000000000,1,0
781,2,TypeB,37000,000000000000000000000000000000011111111000000000000000011111110000000000011111100000000011111111000000000111111110000000000000000000000000000000000000000000000000000000,1,0
782,3,TypeC,25700,000000000000000000000000000000000000000000000000000000000000011110000000000000000000011110000000000000000000011100000000000000000000011111000000000000000000011110000000,1,0
783,4,TypeC,25700,000000000000000000000000000000000000000000000000000000000000011110000000000000000000011110000000000000000000011100000000000000000000011111000000000000000000011110000000,1,0
784,1,TypeB,36000,000000000000000000000000000000011111111000000000000000011111110000000000011111100000000011111111000000000111111100000000000000000000000000000000000000000000000000000000,1,0
785,2,TypeB,36000,000000000000000000000000000000011111111000000000000000011111110000000000011111100000000011111111000000000111111100000000000000000000000000000000000000000000000000000000,1,0
786,3,TypeC,24800,000000000000000000000001111000000000000000000000000000000000011110000000000000000000011110000000000000000000000000000000000000000000011110000000000000000000011110000000,1,0
787,4,TypeC,24800,000000000000000000000001111000000000000000000000000000000000011110000000000000000000011110000000000000000000000000000000000000000000011110000000000000000000011110000000,1,0
788,0,TypeA,58000,000000000000000000000000111111111100000000000000000000011111111110000000000000000000000000000111111111100000000000000000000001111111110000000000000011111111110000000000,1,0
789,1,TypeB,34200,000000000000000000000000000000001111111000000000000000000001111110000000000000000000000011111111000000000111111110000000000000000000011110000000000000000000000000000000,0,0
790,2,TypeB,34200,000000000000000000000000000000001111111000000000000000000001111110000000000000000000000011111111000000000111111110000000000000000000011110000000000000000000000000000000,0,0
791,3,TypeC,24700,000000000000000000000000000000000000000000000000000000000000011110000000000000000000011110000000000000000000011100000000000000000000011110000000000000000000011110000000,1,0
792,4,TypeC,24700,000000000000000000000000000000000000000000000000000000000000011110000000000000000000011110000000000000000000011100000000000000000000011110000000000000000000011110000000,1,0
793,0,TypeA,57400,000000000000000000000001111111111000000000000000000000011111111110000000000000000000000000000111111111100000000000000000000000001111111110000000000011111111110000000000,0,0
794,1,TypeB,35200,000000000000000000000000000000011111111000000000000000000001111110000000000000000000000011111111000000000111111110000000000000000000011110000000000000000000000000000000,1,0
795,2,TypeB,35200,000000000000000000000000000000011111111000000000000000000001111110000000000000000000000011111111000000000111111110000000000000000000011110000000000000000000000000000000,1,0
796,3,TypeC,23500,000000000000000000000001111000000000000000000000000000000000011110000000000000000000011110000000000000000000011100000000000000000000011110000000000000000000000000000000,1,0
797,4,TypeC,23500,000000000000000000000001111000000000000000000000000000000000011110000000000000000000011110000000000000000000011100000000000000000000011110000000000000000000000000000000,1,0
798,1,TypeB,37100,000000000000000000111111100000000000000000000000000000000001111110000000000000000000000011111111000000000111111100000000000000000000000000000000000000011111110000000000,1,0
799,2,TypeB,37100,000000000000000000111111100000000000000000000000000000000001111110000000000000000000000011111111000000000111111100000000000000000000000000000000000000011111110000000000,1,0
800,3,TypeC,27500,000000000000000000000111111000000000001111100000000000000000011110000000000000000000011110000000000000000000000000000000000000000000011110000000000000000000000000000000,1,0
801,4,TypeC,27500,000000000000000000000111111000000000001111100000000000000000011110000000000000000000011110000000000000000000000000000000000000000000011110000000000000000000000000000000,1,0
802,0,TypeA,55300,000000000000000000000001111111111000000000000000000000011111111110000000000000000000000000000000000000111111111100000000000000001111111110000000000011111111110000000000,0,0
803,1,TypeB,36200,000000000000000000000000000000011111111000000000000000001111111100000000000000000000000011111111000000000111111100000000000000000000011110000000000000000000000000000000,1,0
804,2,TypeB,36200,000000000000000000000000000000011111111000000000000000001111111100000000000000000000000011111111000000000111111100000000000000000000011110000000000000000000000000000000,1,0
805,3,TypeC,26500,000000000000000000000111111000000000000000000000000000000000011110000000000000000000011110000000000000000000011100000000000000000000011111000000000000000000000000000000,1,0
806,4,TypeC,26500,000000000000000000000111111000000000000000000000000000000000011110000000000000000000011110000000000000000000011100000000000000000000011111000000000000000000000000000000,1,0
807,1,TypeB,35000,000000000000111111100000000000001111111000000000000000000001111110000000000000000000000011111111000000000111111100000000000000000000000000000000000000000000000000000000,0,0
808,2,TypeB,35000,000000000000111111100000000000001111111000000000000000000001111110000000000000000000000011111111000000000111111100000000000000000000000000000000000000000000000000000000,0,0
809,3,TypeC,24600,000001110000000000000111111000000000000000000000000000000000011110000000000000000000011110000000000000000000000000000000000000000000011110000000000000000000000000000000,1,0
810,4,TypeC,24600,000001110000000000000111111000000000000000000000000000000000011110000000000000000000011110000000000000000000000000000000000000000000011110000000000000000000000000000000,1,0
811,0,TypeA,53800,000000000000000000000001111111110000000000000000000000001111111110000000000000000000000000000111111111100000000000000000000000000000011111111100000000000000011111111100,1,0
812,1,TypeB,34200,000000000000000000000000000000011111111000000000000000000001111110000000000000000000000011111111000000000111111100000000000000000000011110000000000000000000000000000000,1,0
813,2,TypeB,34200,000000000000000000000000000000011111111000000000000000000001111110000000000000000000000011111111000000000111111100000000000000000000011110000000000000000000000000000000,1,0
814,3,TypeC,25500,000000000000000000000111111000000000000000000000000000000000011110000000000000000000011110000000000000000000011100000000000000000000011110000000000000000000000000000000,1,0
815,4,TypeC,25500,000000000000000000000111111000000000000000000000000000000000011110000000000000000000011110000000000000000000011100000000000000000000011110000000000000000000000000000000,1,0
816,0,TypeA,54900,000000000000000000000000111111111000000000000000000000011111111110000000000000000000000000000000000000111111111100000000000011111111110000000000000001111111110000000000,0,0
817,1,TypeB,35000,000000000000000000000000001111111000000000000000011111110000000000000000011111100000000011111111000000000000011111110000000000000000000000000000000000000000000000000000,0,0
818,2,TypeB,35000,000000000000000000000000001111111000000000000000011111110000000000000000011111100000000011111111000000000000011111110000000000000000000000000000000000000000000000000000,0,0
819,3,TypeC,30000,000000000000000111100000000000000000000000000000000000000000000000000000000000000000011111000000000000000111110000000000000000001111110000000000000000000000011110000000,0,0
820,4,TypeC,30000,000000000000000111100000000000000000000000000000000000000000000000000000000000000000011111000000000000000111110000000000000000001111110000000000000000000000011110000000,0,0
821,0,TypeA,51900,000001111111111000000000000000000000000000000000000000011111111110000000000000000000000000000000000000111111111100000000000000001111111110000000000000000000011111111100,0,0
822,1,TypeB,38100,000000000000000000000000000000000000000000000000011111111000000000000000011111100000000011111111000000000000011111110000000000000000011111110000000000000000000000000000,1,0
823,2,TypeB,38100,000000000000000000000000000000000000000000000000011111111000000000000000011111100000000011111111000000000000011111110000000000000000011111110000000000000000000000000000,1,0
824,3,TypeC,34000,000001111110000000000000000000000000000000000000000000000000000000000000000000000000011111000000000000000111110000000000000000001111110000000000000000000000011111100000,1,0
825,4,TypeC,34000,000001111110000000000000000000000000000000000000000000000000000000000000000000000000011111000000000000000111110000000000000000001111110000000000000000000000011111100000,1,0
826,0,TypeA,52700,000000000000000000000001111111110000000000000000000000011111111110000000000000000000000000000000000000111111111100000000000000001111111110000000000001111111110000000000,0,0
827,1,TypeB,36000,000000000000111111100000000000011111111000000000000000000000111110000000000000111111110000000000000000111111110000000000000000000000000000000000000000000000000000000000,1,0
828,2,TypeB,36000,000000000000111111100000000000011111111000000000000000000000111110000000000000111111110000000000000000111111110000000000000000000000000000000000000000000000000000000000,1,0
829,3,TypeC,32000,000001111110000000000000000000000000000000000000000000000000000000000000000000000000011111000000000000000111110000000000000000001111110000000000000000000000011110000000,1,0
830,4,TypeC,32000,000001111110000000000000000000000000000000000000000000000000000000000000000000000000011111000000000000000111110000000000000000001111110000000000000000000000011110000000,1,0
831,1,TypeB,34500,000000000000000000000000000000000000000000000000011111110000000000000000011111100000000011111111000000000000011111110000000000000000111110000000000000000000000000000000,1,0
832,2,TypeB,34500,000000000000000000000000000000000000000000000000011111110000000000000000011111100000000011111111000000000000011111110000000000000000111110000000000000000000000000000000,1,0
833,3,TypeC,30800,000001111110000000000000000000000000000000000000000000000000000000000000000000000000011111000000000000000111110000000000000000001111110000000000000011110000000000000000,1,0
834,4,TypeC,30800,000001111110000000000000000000000000000000000000000000000000000000000000000000000000011111000000000000000111110000000000000000001111110000000000000011110000000000000000,1,0
835,0,TypeA,54400,000001111111111000000000000000000000000000000000000000011111111110000000000000000000000000000000000000111111111100000000000011111111110000000000000001111111110000000000,1,0
836,1,TypeB,36900,000000000000000000000000000000000000000000000000000000000000011110000000000000111111110000000000000000111111110000000000000000000000111110000000000000001111111100000000,1,0
837,2,TypeB,36900,000000000000000000000000000000000000000000000000000000000000011110000000000000111111110000000000000000111111110000000000000000000000111110000000000000001111111100000000,1,0
838,3,TypeC,32100,000001111110000000000000000000000000000000000000000000000000000000000000000000000000011111000000000000000111110000000000000000001111110000000000000001111100000000000000,1,0
839,4,TypeC,32100,000001111110000000000000000000000000000000000000000000000000000000000000000000000000011111000000000000000111110000000000000000001111110000000000000001111100000000000000,1,0
840,0,TypeA,53600,000000000000000011111111100000000000000000000000000000011111111110000000000000000000000000000111111111100000000000000000000000001111111110000000000000000000011111111100,0,0
841,1,TypeB,36000,000000000000000000111111100000000000000000000000011111111000000000000000011111100000000011111111000000000000011111110000000000000000000000000000000000000000000000000000,1,0
842,2,TypeB,36000,000000000000000000111111100000000000000000000000011111111000000000000000011111100000000011111111000000000000011111110000000000000000000000000000000000000000000000000000,1,0
843,3,TypeC,33100,000001111110000000000000000000000000000000000000000000000000000000000000000000000000011111000000000000000111110000000000000000001111110000000000000000000000000011111100,1,0
844,4,TypeC,33100,000001111110000000000000000000000000000000000000000000000000000000000000000000000000011111000000000000000111110000000000000000001111110000000000000000000000000011111100,1,0
845,0,TypeA,58300,000000000000000000000001111111111000000000000000000000001111111110000000000000000000000000000111111111100000000000000000000011111111110000000000000011111111110000000000,1,0
846,1,TypeB,35000,000000000000000000000000000000011111111000000000000000001111110000000000011111100000000011111111000000000000011111110000000000000000000000000000000000000000000000000000,1,0
847,2,TypeB,35000,000000000000000000000000000000011111111000000000000000001111110000000000011111100000000011111111000000000000011111110000000000000000000000000000000000000000000000000000,1,0
848,3,TypeC,34300,000001111110000000000000000000000000000000000000000000000000000000000000000000000000011111000000000000000111110000000000000000001111110000000000000000001111110000000000,1,0
849,4,TypeC,34300,000001111110000000000000000000000000000000000000000000000000000000000000000000000000011111000000000000000111110000000000000000001111110000000000000000001111110000000000,1,0
850,1,TypeB,37000,000000000000000011111111000000000000000000000000011111111000000000000000011111100000000011111111000000000000011111110000000000000000000000000000000000000000000000000000,0,0
851,2,TypeB,37000,000000000000000011111111000000000000000000000000011111111000000000000000011111100000000011111111000000000000011111110000000000000000000000000000000000000000000000000000,0,0
852,3,TypeC,33100,000001111110000000000000000000000000000000000000000000000000000000000000000000000000011111000000000000000111110000000000000000001111110000000000000011111100000000000000,1,0
853,4,TypeC,33100,000001111110000000000000000000000000000000000000000000000000000000000000000000000000011111000000000000000111110000000000000000001111110000000000000011111100000000000000,1,0
854,1,TypeB,35000,000000000000000000000000000000001111111000000000011111110000000000000000011111100000000011111111000000000000011111110000000000000000000000000000000000000000000000000000,0,0
855,2,TypeB,35000,000000000000000000000000000000001111111000000000011111110000000000000000011111100000000011111111000000000000011111110000000000000000000000000000000000000000000000000000,0,0
856,3,TypeC,32100,000001111110000000000000000000000000000000000000000000000000000000000000000000000000011110000000000000000111110000000000000000001111110000000000000011111100000000000000,1,0
857,4,TypeC,32100,000001111110000000000000000000000000000000000000000000000000000000000000000000000000011110000000000000000111110000000000000000001111110000000000000011111100000000000000,1,0
858,0,TypeA,49300,000000000000000000000000000000000000000000000000000000011111111110000000000000000000011111111100000000000111111110000000000000001111111110000000000011111111110000000000,0,0
859,1,TypeB,36000,000000000000000000000000000000011111111000000000011111110000000000000000011111100000000011111111000000000000011111110000000000000000000000000000000000000000000000000000,1,0
860,2,TypeB,36000,000000000000000000000000000000011111111000000000011111110000000000000000011111100000000011111111000000000000011111110000000000000000000000000000000000000000000000000000,1,0
861,3,TypeC,32900,000001111110000000000000000000000000000000000000000000000000000000000000011111100000000000000000000000000111110000000000000000001111110000000000000011111100000000000000,1,0
862,4,TypeC,32900,000001111110000000000000000000000000000000000000000000000000000000000000011111100000000000000000000000000111110000000000000000001111110000000000000011111100000000000000,1,0
863,1,TypeB,36000,000000000000000000000000000000001111111000000000011111111000000000000000011111100000000011111111000000000000011111110000000000000000000000000000000000000000000000000000,0,0
864,2,TypeB,36000,000000000000000000000000000000001111111000000000011111111000000000000000011111100000000011111111000000000000011111110000000000000000000000000000000000000000000000000000,0,0
865,3,TypeC,25700,000000000000000000000000000000000000000000000000000000000000011110000000000000000000011110000000000111100000000000000000000011111000000000000000000011111100000000000000,1,0
866,4,TypeC,25700,000000000000000000000000000000000000000000000000000000000000011110000000000000000000011110000000000111100000000000000000000011111000000000000000000011111100000000000000,1,0
867,1,TypeB,38000,000000011111111000000000000000011111111000000000000000000001111110000000000000111111110000000000000000111111110000000000000000000000000000000000000000000000000000000000,1,0
868,2,TypeB,38000,000000011111111000000000000000011111111000000000000000000001111110000000000000111111110000000000000000111111110000000000000000000000000000000000000000000000000000000000,1,0
869,3,TypeC,32000,000000000000000000000000000000000000000000000000000000000000011110000000000000000000011110000000000011111100000000000000000000001111110000000000000000000001111110000000,1,0
870,4,TypeC,32000,000000000000000000000000000000000000000000000000000000000000011110000000000000000000011110000000000011111100000000000000000000001111110000000000000000000001111110000000,1,0
871,0,TypeA,52900,000000000000000011111111100000000000000000111111111000000000000000000000000000000000011111111100000000000000000000000000000000001111111110000000000011111111110000000000,0,0
872,1,TypeB,37000,000000000000000000000000000000011111111000000000011111111000000000000000011111100000000011111111000000000000011111110000000000000000000000000000000000000000000000000000,1,0
873,2,TypeB,37000,000000000000000000000000000000011111111000000000011111111000000000000000011111100000000011111111000000000000011111110000000000000000000000000000000000000000000000000000,1,0
874,3,TypeC,32100,000001111110000000000000000000000000000000000000000000000000011110000000000000000000011111000000000000000000000000000000000000000000000011111100000000000001111110000000,1,0
875,4,TypeC,32100,000001111110000000000000000000000000000000000000000000000000011110000000000000000000011111000000000000000000000000000000000000000000000011111100000000000001111110000000,1,0
876,0,TypeA,54900,000000000000000000000001111111110000000000000000000000011111111110000000000000000000000000000000000000111111111100000000000001111111110000000000000011111111110000000000,1,0
877,1,TypeB,37100,000000000000000000000000111111110000000000000000000000000000011110000000000000111111110000000000000000111111110000000000000000000000011111110000000000000000000000000000,1,0
878,2,TypeB,37100,000000000000000000000000111111110000000000000000000000000000011110000000000000111111110000000000000000111111110000000000000000000000011111110000000000000000000000000000,1,0
879,3,TypeC,33300,000001111110000000000000000000000000000000000000000000000000011110000000000000000000011111000000000000000000000000000000000000001111110000000000000000000001111110000000,1,0
880,4,TypeC,33300,000001111110000000000000000000000000000000000000000000000000011110000000000000000000011111000000000000000000000000000000000000001111110000000000000000000001111110000000,1,0
881,0,TypeA,50800,000000000000000011111111100000000000000000000000000000011111111110000000000000000000011111111100000000000000000000000000000000001111111110000000000001111111110000000000,0,0
882,1,TypeB,35000,000000111111100000000000111111110000000000000000000000000000011110000000000000111111110000000000000000111111110000000000000000000000000000000000000000000000000000000000,0,0
883,2,TypeB,35000,000000111111100000000000111111110000000000000000000000000000011110000000000000111111110000000000000000111111110000000000000000000000000000000000000000000000000000000000,0,0
884,3,TypeC,31000,000000111110000000000000000000000000000000000000000000000000011110000000000000000000011110000000000000000000000000000000000000001111110000000000000000001111110000000000,0,0
885,4,TypeC,31000,000000111110000000000000000000000000000000000000000000000000011110000000000000000000011110000000000000000000000000000000000000001111110000000000000000001111110000000000,0,0
886,0,TypeA,54000,000000111111111100000000000000000000000000111111111000000000000000000000000000000000000000000000000000111111111100000000000000000000111111111100000000000000011111111100,1,0
887,1,TypeB,40400,000000000000000000000000000000000000000000111111110000000001111110000000000000111111110000000000000000111111110000000000000000000000000000000000000000000111111110000000,1,0
888,2,TypeB,40400,000000000000000000000000000000000000000000111111110000000001111110000000000000111111110000000000000000111111110000000000000000000000000000000000000000000111111110000000,1,0
889,3,TypeC,31300,000000111110000000000000000000000000000000000000000000000000011110000000000000000000011110000000000000000000000000000000000000001111110000000000000000000001111110000000,0,0
890,4,TypeC,31300,000000111110000000000000000000000000000000000000000000000000011110000000000000000000011110000000000000000000000000000000000000001111110000000000000000000001111110000000,0,0
891,1,TypeB,36300,000000000000000000000000000000000000000000000000000000000001111110000000000000111111110000000000000000111111110000000000000000000000011110000000000000000000011111110000,1,0
892,2,TypeB,36300,000000000000000000000000000000000000000000000000000000000001111110000000000000111111110000000000000000111111110000000000000000000000011110000000000000000000011111110000,1,0
893,3,TypeC,30800,000001111110000000000000000000000000000000000000000000000000011110000000000000000000011110000000000000000000000000000000000000001111110000000000000000000000000011111100,1,0
894,4,TypeC,30800,000001111110000000000000000000000000000000000000000000000000011110000000000000000000011110000000000000000000000000000000000000001111110000000000000000000000000011111100,1,0
895,0,TypeA,52500,000000000000001111111111000000000000000000000000000000001111111110000000000000000000000000000000000000111111111100000000000000000000111111111100000000000000011111111100,1,0
896,1,TypeB,37400,000000000000000000111111100000000000000000000000000000000000011110000000000000111111110000000000000000111111110000000000000000000000000000000000000000000111111110000000,1,0
897,2,TypeB,37400,000000000000000000111111100000000000000000000000000000000000011110000000000000111111110000000000000000111111110000000000000000000000000000000000000000000111111110000000,1,0
898,3,TypeC,32300,000001111110000000000000000000000000000000000000000000000000011110000000000000000000011110000000000000000000000000000000000000001111110000000000000000000001111110000000,1,0
899,4,TypeC,32300,000001111110000000000000000000000000000000000000000000000000011110000000000000000000011110000000000000000000000000000000000000001111110000000000000000000001111110000000,1,0
900,0,TypeA,53700,000000000000000000000000111111111100000000000000000000001111111110000000000000000000000000000000000000111111111100000000000000000000111111111100000000000000011111111100,0,0
901,1,TypeB,39100,000000000000000000000000111111110000000000000000001111111000000000000000000000111111110000000000000000000000011111110000000000000000011111110000000000000000000000000000,1,0
902,2,TypeB,39100,000000000000000000000000111111110000000000000000001111111000000000000000000000111111110000000000000000000000011111110000000000000000011111110000000000000000000000000000,1,0
903,3,TypeC,26400,000001110000000000000000000000000000001111100000000000000000000000000000011111100000000000000000000000000000000000000000000000001111110000000000000011110000000000000000,1,0
904,4,TypeC,26400,000001110000000000000000000000000000001111100000000000000000000000000000011111100000000000000000000000000000000000000000000000001111110000000000000011110000000000000000,1,0
905,1,TypeB,41400,000000000000000000000000111111110000000000000000000000000001111111100000000000111111110000000000000000000000011111110000000000000000000000000111111110000000000000000000,1,0
906,2,TypeB,41400,000000000000000000000000111111110000000000000000000000000001111111100000000000111111110000000000000000000000011111110000000000000000000000000111111110000000000000000000,1,0
907,3,TypeC,31200,000000000000000000000000000000000000000000000000000000000000011111100000000000000000011111000000000011111100000000000000000000000000000011111100000000000000011110000000,1,0
908,4,TypeC,31200,000000000000000000000000000000000000000000000000000000000000011111100000000000000000011111000000000011111100000000000000000000000000000011111100000000000000011110000000,1,0
909,0,TypeA,48900,000000000000000000000000000000000000000000000000000000001111111110000000000000000000011111111100000000000111111110000000000001111111110000000000000011111111110000000000,0,0
910,1,TypeB,40400,000000000000000000000000000000001111111000000000000000000001111111100000000000111111110000000000000111111100000000000000000000000000000000000111111110000000000000000000,0,0
911,2,TypeB,40400,000000000000000000000000000000001111111000000000000000000001111111100000000000111111110000000000000111111100000000000000000000000000000000000111111110000000000000000000,0,0
912,3,TypeC,29200,000001111110000000000000000000000000000000000000000000000000011111100000000000000000011111000000000000000000000000000000000001111000000000000000000000000000011110000000,1,0
913,4,TypeC,29200,000001111110000000000000000000000000000000000000000000000000011111100000000000000000011111000000000000000000000000000000000001111000000000000000000000000000011110000000,1,0
914,1,TypeB,41400,000000000000000000000000000000011111111000000000000000000001111111100000000000111111110000000000000000000000011111110000000000000000000000000111111110000000000000000000,1,0
915,2,TypeB,41400,000000000000000000000000000000011111111000000000000000000001111111100000000000111111110000000000000000000000011111110000000000000000000000000111111110000000000000000000,1,0
916,3,TypeC,27900,000000000000000000000000000000000000000000000000000000000000011111100000000000000000011111000000000011111100000000000000000000000000011110000000000011100000000000000000,1,0
917,4,TypeC,27900,000000000000000000000000000000000000000000000000000000000000011111100000000000000000011111000000000011111100000000000000000000000000011110000000000011100000000000000000,1,0
918,1,TypeB,40100,000000000000000000000000000000011111111000000000000000000001111111100000000000111111110000000000000111111100000000000000000000000000011111110000000000000000000000000000,1,0
919,2,TypeB,40100,000000000000000000000000000000011111111000000000000000000001111111100000000000111111110000000000000111111100000000000000000000000000011111110000000000000000000000000000,1,0
920,3,TypeC,30100,000000000000000000000000000000000000000000000000000000000000011111100000000000000000011111000000000011111100000000000000000000000000011110000000000000000000011110000000,1,0
921,4,TypeC,30100,000000000000000000000000000000000000000000000000000000000000011111100000000000000000011111000000000011111100000000000000000000000000011110000000000000000000011110000000,1,0
922,0,TypeA,51800,000000000000000111111111100000000000000000000000000000001111111110000000000000000000000000000000000000111111111100000000000000000000011111111100000000000000011111111100,0,0
923,1,TypeB,35200,000000000000000000000000000000001111111000000000000000000001111111100000000000111111110000000000000000000000011111110000000000000000011110000000000000000000000000000000,0,0
924,2,TypeB,35200,000000000000000000000000000000001111111000000000000000000001111111100000000000111111110000000000000000000000011111110000000000000000011110000000000000000000000000000000,0,0
925,3,TypeC,27900,000001110000000000000000000000000000000000000000000000000000011111100000000000000000011111000000000011111100000000000000000000000000011110000000000000000000000000000000,1,0
926,4,TypeC,27900,000001110000000000000000000000000000000000000000000000000000011111100000000000000000011111000000000011111100000000000000000000000000011110000000000000000000000000000000,1,0
927,1,TypeB,38000,000000000000111111100000000000011111111000000000000000000001111111100000000000111111110000000000000111111100000000000000000000000000000000000000000000000000000000000000,1,0
928,2,TypeB,38000,000000000000111111100000000000011111111000000000000000000001111111100000000000111111110000000000000111111100000000000000000000000000000000000000000000000000000000000000,1,1
929,3,TypeC,34400,000001111110000000000000000000000000000000000000000000000000000000000000000000000000011111000000000011111100000000000000000000001111110000000000000000000001111110000000,1,0
930,4,TypeC,34400,000001111110000000000000000000000000000000000000000000000000000000000000000000000000011111000000000011111100000000000000000000001111110000000000000000000001111110000000,1,0
931,0,TypeA,49400,000000000000000000000001111111110000000000000000000000000000000000000000000000000000011111111100000000000111111110000000000000000000011111111100000000000000011111111100,1,0
932,1,TypeB,39000,000000011111111000000000000000011111111000000000000000001111111100000000000000000011111111000000000000000000011111110000000000000000000000000000000000000000000000000000,0,0
933,2,TypeB,39000,000000011111111000000000000000011111111000000000000000001111111100000000000000000011111111000000000000000000011111110000000000000000000000000000000000000000000000000000,0,0
934,1,TypeB,34200,000000000000000000000000000000000000000000111111110000000000111111100000000000000000011111110000000000000000011111110000000000000000011110000000000000000000000000000000,1,0
935,2,TypeB,34200,000000000000000000000000000000000000000000111111110000000000111111100000000000000000011111110000000000000000011111110000000000000000011110000000000000000000000000000000,1,0
936,3,TypeC,31100,000001111110000000000000000000000000001111100000000000000000000000000000011111100000000000000000000011111100000000000000000000000000000011111100000000000000000000000000,1,0
937,4,TypeC,31100,000001111110000000000000000000000000001111100000000000000000000000000000011111100000000000000000000011111100000000000000000000000000000011111100000000000000000000000000,1,0
938,1,TypeB,36600,000000000000000000000000000000000000000000000000001111111000000000000000000000000000011111110000000000000000011111110000000000000000011110000000000000001111111100000000,1,0
939,2,TypeB,36600,000000000000000000000000000000000000000000000000001111111000000000000000000000000000011111110000000000000000011111110000000000000000011110000000000000001111111100000000,1,0
940,0,TypeA,52700,000000011111111110000000000000000000000000000000000000001111111110000000000000000000000000000111111111100000000000000000000000000000011111111100000000000000011111111100,1,0
941,1,TypeB,40400,000000000000000000000000000000011111111000000000000000001111111100000000000000000000011111110000000000000000011111110000000000000000000000000000000000000001111111100000,1,0
942,2,TypeB,40400,000000000000000000000000000000011111111000000000000000001111111100000000000000000000011111110000000000000000011111110000000000000000000000000000000000000001111111100000,1,0
943,3,TypeC,33500,000000000000000000000000000000000000000000000000000000000000011111100000000000000000011111000000000011111100000000000000000000000000000011111100000000001111110000000000,1,0
944,4,TypeC,33500,000000000000000000000000000000000000000000000000000000000000011111100000000000000000011111000000000011111100000000000000000000000000000011111100000000001111110000000000,1,0
945,0,TypeA,55000,000000000000000000000001111111111000000000000000000000011111111110000000000000000000000000000000000000111111111100000000000000001111111111000000000001111111110000000000,0,0
946,1,TypeB,40500,000000000000000000000000000000000000000000000000001111111000000000000000000000000000011111110000000000000000011111110000000000000000011111110000000000000111111110000000,1,0
947,2,TypeB,40500,000000000000000000000000000000000000000000000000001111111000000000000000000000000000011111110000000000000000011111110000000000000000011111110000000000000111111110000000,1,0
948,3,TypeC,29600,000000000000000000000000000000000000000000000000001111110000000000000000000000000000011111000000000000000000011100000000000000000000000011111100000000000000011111100000,1,0
949,4,TypeC,29600,000000000000000000000000000000000000000000000000001111110000000000000000000000000000011111000000000000000000011100000000000000000000000011111100000000000000011111100000,1,0
950,1,TypeB,38100,000000000000000000000000000000011111111000000000000000000000111111100000000000000000011111110000000000000000011111110000000000000000011111110000000000000000000000000000,1,0
951,2,TypeB,38100,000000000000000000000000000000011111111000000000000000000000111111100000000000000000011111110000000000000000011111110000000000000000011111110000000000000000000000000000,1,0
952,1,TypeB,38100,000000000000000000000000000000011111111000000000001111111000000000000000000000000000011111110000000000000000011111110000000000000000011111110000000000000000000000000000,1,0
953,2,TypeB,38100,000000000000000000000000000000011111111000000000001111111000000000000000000000000000011111110000000000000000011111110000000000000000011111110000000000000000000000000000,1,0
954,0,TypeA,53000,000000000000000000000001111111110000000000000000000000011111111110000000000000000000000000000000000000111111111100000000000000000000011111111100000000000000011111111100,1,0
955,1,TypeB,41500,000000000000000000000000000000000000000000000000011111111000000000000000000000000000011111110000000000000000011111110000000000000000011111110000000000000111111110000000,1,0
956,2,TypeB,41500,000000000000000000000000000000000000000000000000011111111000000000000000000000000000011111110000000000000000011111110000000000000000011111110000000000000111111110000000,1,0
957,0,TypeA,54000,000000000000000000000001111111110000000000000000000000011111111110000000000000000000000000000000000000111111111100000000000000000000111111111100000000000000011111111100,1,0
958,1,TypeB,34200,000000000000000000000000111111110000000000000000001111111000000000000000000000000000011111110000000000000000011111110000000000000000011110000000000000000000000000000000,1,0
959,2,TypeB,34200,000000000000000000000000111111110000000000000000001111111000000000000000000000000000011111110000000000000000011111110000000000000000011110000000000000000000000000000000,1,0
