col_id,emp_id,emp_type,cost,schedule_pattern,in_final_mip,is_selected
0,0,TypeA,0,000000000000000000000000000000000000000000000000000000000000000000000000000000000000000000000000000000000000000000000000000000000000000000000000000000000000000000000000,1,0
1,0,TypeA,8000,000000000011111111000000000000000000000000000000000000000000000000000000000000000000000000000000000000000000000000000000000000000000000000000000000000000000000000000000,1,0
2,1,TypeB,0,000000000000000000000000000000000000000000000000000000000000000000000000000000000000000000000000000000000000000000000000000000000000000000000000000000000000000000000000,1,0
3,1,TypeB,4000,000000000011110000000000000000000000000000000000000000000000000000000000000000000000000000000000000000000000000000000000000000000000000000000000000000000000000000000000,1,0
4,2,TypeC,0,000000000000000000000000000000000000000000000000000000000000000000000000000000000000000000000000000000000000000000000000000000000000000000000000000000000000000000000000,1,0
5,2,TypeC,3900,000000000011100000000000000000000000000000000000000000000000000000000000000000000000000000000000000000000000000000000000000000000000000000000000000000000000000000000000,1,0
6,0,TypeA,57400,000000000000111111111000000000000000000000000000000000000000001111111111000000000000000000000000011111111110000000000000111111111100000000000000000001111111111000000000,1,0
7,1,TypeB,41100,011111111000000000000111111110000000000000000000000000000000000000000000000000011111111000000000000000001111111100000000000000001111111000000000000000000000000000000000,1,0
8,2,TypeC,31300,000000000111100000000000000000000011111100000000000000001110000000000000000000000000011111100000000000000000000000000000000000000000111111000000000000000000000000000000,1,0
9,0,TypeA,8300,000000000000000000000000000000000000000000000000000000001111111100000000000000000000000000000000000000000000000000000000000000000000000000000000000000000000000000000000,1,0
10,0,TypeA,17800,000000000000000000000000000000000000000000000000000000001111111100000000000000000000000000000000000000000000000000000000000000000000000000000000000000000000000011111111,1,0
11,0,TypeA,28200,000000000000000000000000111111110000000000000000000000001111111100000000000000000000000000000000000000000000000000000000000000000000000000000000000000000000000011111111,1,0
12,0,TypeA,36500,000000000000000000000000111111110000000000000000000000001111111100000000000000000000000000000000000000001111111100000000000000000000000000000000000000000000000011111111,1,0
13,0,TypeA,46000,000000000000000000000000111111110000000000000000000000001111111100000000000000000000000000000000000000001111111100000000000000000000000011111111000000000000000011111111,1,0
14,0,TypeA,45700,000000000000000000000000111111110000000000000000000000001111111100000000000000000000000000000000000000000111111110000000000000000000000011111111000000000000000011111111,1,0
15,0,TypeA,45700,000000000000000000000000011111111000000000000000000000001111111100000000000000000000000000000000000000000111111110000000000000000000000011111111000000000000000011111111,1,0
16,0,TypeA,45400,000000000000000000000000001111111100000000000000000000001111111100000000000000000000000000000000000000000111111110000000000000000000000011111111000000000000000011111111,1,0
17,0,TypeA,45100,000000000000000000000000000111111110000000000000000000001111111100000000000000000000000000000000000000000111111110000000000000000000000011111111000000000000000011111111,1,0
18,0,TypeA,44800,000000000000000000000000000011111111000000000000000000001111111100000000000000000000000000000000000000000111111110000000000000000000000011111111000000000000000011111111,1,0
19,0,TypeA,44500,000000000000000000000000000001111111100000000000000000001111111100000000000000000000000000000000000000000111111110000000000000000000000011111111000000000000000011111111,1,0
20,0,TypeA,44500,000000000000000000000000000001111111100000000000000000001111111100000000000000000000000000000000000000000011111111000000000000000000000011111111000000000000000011111111,1,0
21,0,TypeA,44500,000000000000000000000000000001111111100000000000000000001111111100000000000000000000000000000000000000000001111111100000000000000000000011111111000000000000000011111111,1,0
22,0,TypeA,44800,000000000000000000000000000001111111100000000000000000001111111100000000000000000000000000000000000000000000111111110000000000000000000011111111000000000000000011111111,1,0
23,0,TypeA,45100,000000000000000000000000000001111111100000000000000000001111111100000000000000000000000000000000000000000000111111110000000000000000000001111111100000000000000011111111,1,0
24,0,TypeA,45100,000000000000000000000000000001111111100000000000000000011111111000000000000000000000000000000000000000000000111111110000000000000000000011111111000000000000000011111111,1,0
25,0,TypeA,45100,000000000000000000000000000011111111000000000000000000001111111100000000000000000000000000000000000000000000111111110000000000000000000011111111000000000000000011111111,1,0
26,0,TypeA,45400,000000000000000000000000000001111111100000000000000000001111111100000000000000000000000000000000000000000000111111110000000000000000000000111111110000000000000011111111,1,0
27,0,TypeA,45400,000000000000000000000000000001111111100000000000000000011111111000000000000000000000000000000000000000000000111111110000000000000000000001111111100000000000000011111111,1,0
28,0,TypeA,45400,000000000000000000000000000001111111100000000000000000111111110000000000000000000000000000000000000000000000111111110000000000000000000011111111000000000000000011111111,1,0
29,0,TypeA,45400,000000000000000000000000000011111111000000000000000000001111111100000000000000000000000000000000000000000000111111110000000000000000000001111111100000000000000011111111,1,0
30,0,TypeA,45400,000000000000000000000000000011111111000000000000000000011111111000000000000000000000000000000000000000000000111111110000000000000000000011111111000000000000000011111111,1,0
31,0,TypeA,45400,000000000000000000000000000111111110000000000000000000001111111100000000000000000000000000000000000000000000111111110000000000000000000011111111000000000000000011111111,1,0
32,0,TypeA,45700,000000000000000000000000000001111111100000000000000000001111111100000000000000000000000000000000000000000000111111110000000000000000000000011111111000000000000011111111,1,0
33,0,TypeA,45700,000000000000000000000000000001111111100000000000000000001111111100000000000000000000000000000000000000000000111111110000000000000000000000001111111100000000000011111111,1,0
34,0,TypeA,45700,000000000000000000000000000001111111100000000000000000001111111100000000000000000000000000000000000000000000111111110000000000000000000000000111111110000000000011111111,1,0
35,0,TypeA,46000,000000000000000000000000000001111111100000000000000000011111111000000000000000000000000000000000000000000000111111110000000000000000000000000111111110000000000011111111,1,0
36,0,TypeA,46000,000000000000000000000000000001111111100000000000000000011111111000000000000000000000000000000000000000000000111111110000000000000000000000001111111100000000000011111111,1,0
37,0,TypeA,46000,000000000000000000000000000011111111000000000000000000001111111100000000000000000000000000000000000000000000111111110000000000000000000000000111111110000000000011111111,1,0
38,0,TypeA,46000,000000000000000000000000000011111111000000000000000000001111111100000000000000000000000000000000000000000000111111110000000000000000000000001111111100000000000011111111,1,0
39,0,TypeA,46300,000000000000000000000000000001111111100000000000000000111111110000000000000000000000000000000000000000000000111111110000000000000000000000000111111110000000000011111111,1,0
40,0,TypeA,46300,000000000000000000000000000001111111100000000000000000111111110000000000000000000000000000000000000000000000111111110000000000000000000000001111111100000000000011111111,1,0
41,0,TypeA,46300,000000000000000000000000000011111111000000000000000000011111111000000000000000000000000000000000000000000000111111110000000000000000000000000111111110000000000011111111,1,0
42,0,TypeA,46300,000000000000000000000000000011111111000000000000000000011111111000000000000000000000000000000000000000000000111111110000000000000000000000001111111100000000000011111111,1,0
43,0,TypeA,46300,000000000000000000000000000111111110000000000000000000001111111100000000000000000000000000000000000000000000111111110000000000000000000000000111111110000000000011111111,1,0
44,0,TypeA,46300,000000000000000000000000000111111110000000000000000000001111111100000000000000000000000000000000000000000000111111110000000000000000000000001111111100000000000011111111,1,0
45,0,TypeA,46600,000000000000000000000000000001111111100000000000000001111111100000000000000000000000000000000000000000000000111111110000000000000000000000000111111110000000000011111111,1,0
46,0,TypeA,46600,000000000000000000000000000001111111100000000000000001111111100000000000000000000000000000000000000000000000111111110000000000000000000000001111111100000000000011111111,1,0
47,0,TypeA,46600,000000000000000000000000000011111111000000000000000000111111110000000000000000000000000000000000000000000000111111110000000000000000000000000111111110000000000011111111,1,0
48,0,TypeA,46600,000000000000000000000000000011111111000000000000000000111111110000000000000000000000000000000000000000000000111111110000000000000000000000001111111100000000000011111111,1,0
49,0,TypeA,46600,000000000000000000000000000111111110000000000000000000011111111000000000000000000000000000000000000000000000111111110000000000000000000000000111111110000000000011111111,1,0
50,0,TypeA,46600,000000000000000000000000000111111110000000000000000000011111111000000000000000000000000000000000000000000000111111110000000000000000000000001111111100000000000011111111,1,0
51,0,TypeA,46700,000000000000000000000000000001111111100000000000000000001111111100000000000000000000000000000000000000000000111111110000000000000000000000001111111100000000000111111111,1,0
52,0,TypeA,46700,000000000000000000000000000001111111100000000000000000001111111100000000000000000000000000000000000000000001111111110000000000000000000000000111111110000000000011111111,1,0
53,0,TypeA,46700,000000000000000000000000000001111111100000000000000000001111111100000000000000000000000000000000000000000001111111110000000000000000000000001111111100000000000011111111,1,0
54,0,TypeA,46700,000000000000000000000000000001111111100000000000000000001111111110000000000000000000000000000000000000000000111111110000000000000000000000000111111110000000000011111111,1,0
55,0,TypeA,46700,000000000000000000000000000001111111100000000000000000001111111110000000000000000000000000000000000000000000111111110000000000000000000000001111111100000000000011111111,1,0
56,0,TypeA,46700,000000000000000000000000000001111111110000000000000000001111111100000000000000000000000000000000000000000000111111110000000000000000000000000111111110000000000011111111,1,0
57,0,TypeA,46700,000000000000000000000000000001111111110000000000000000001111111100000000000000000000000000000000000000000000111111110000000000000000000000001111111100000000000011111111,1,0
58,0,TypeA,46900,000000000000000000000000000001111111100000000000000011111111000000000000000000000000000000000000000000000000111111110000000000000000000000000111111110000000000011111111,1,0
59,0,TypeA,46900,000000000000000000000000000001111111100000000000000011111111000000000000000000000000000000000000000000000000111111110000000000000000000000001111111100000000000011111111,1,0
60,0,TypeA,46900,000000000000000000000000000011111111000000000000000001111111100000000000000000000000000000000000000000000000111111110000000000000000000000000111111110000000000011111111,1,0
61,0,TypeA,46900,000000000000000000000000000011111111000000000000000001111111100000000000000000000000000000000000000000000000111111110000000000000000000000001111111100000000000011111111,1,0
62,0,TypeA,46900,000000000000000000000000000111111110000000000000000000111111110000000000000000000000000000000000000000000000111111110000000000000000000000000111111110000000000011111111,1,0
63,0,TypeA,46900,000000000000000000000000000111111110000000000000000000111111110000000000000000000000000000000000000000000000111111110000000000000000000000001111111100000000000011111111,1,0
64,0,TypeA,47000,000000000000000000000000000001111111100000000000000000001111111100000000000000000000000000000000000000000000111111110000000000000000000000001111111110000000000011111111,1,0
65,0,TypeA,47000,000000000000000000000000000001111111100000000000000000001111111100000000000000000000000000000000000000000000111111110000000000000000000000011111111100000000000011111111,1,0
66,0,TypeA,47000,000000000000000000000000000001111111100000000000000000001111111100000000000000000000000000000000000000000000111111111000000000000000000000000111111110000000000011111111,1,0
67,0,TypeA,47000,000000000000000000000000000001111111100000000000000000001111111100000000000000000000000000000000000000000000111111111000000000000000000000001111111100000000000011111111,1,0
68,0,TypeA,47000,000000000000000000000000000001111111100000000000000000011111111000000000000000000000000000000000000000000000111111110000000000000000000000001111111100000000000111111111,1,0
69,0,TypeA,47000,000000000000000000000000000001111111100000000000000000011111111000000000000000000000000000000000000000000001111111110000000000000000000000000111111110000000000011111111,1,0
70,0,TypeA,47000,000000000000000000000000000001111111100000000000000000011111111000000000000000000000000000000000000000000001111111110000000000000000000000001111111100000000000011111111,1,0
71,0,TypeA,47000,000000000000000000000000000001111111100000000000000000011111111100000000000000000000000000000000000000000000111111110000000000000000000000000111111110000000000011111111,1,0
72,0,TypeA,47000,000000000000000000000000000001111111100000000000000000011111111100000000000000000000000000000000000000000000111111110000000000000000000000001111111100000000000011111111,1,0
73,0,TypeA,47000,000000000000000000000000000001111111110000000000000000011111111000000000000000000000000000000000000000000000111111110000000000000000000000000111111110000000000011111111,1,0
74,0,TypeA,47000,000000000000000000000000000001111111110000000000000000011111111000000000000000000000000000000000000000000000111111110000000000000000000000001111111100000000000011111111,1,0
75,0,TypeA,47000,000000000000000000000000000011111111000000000000000000001111111100000000000000000000000000000000000000000000111111110000000000000000000000001111111100000000000111111111,1,0
76,0,TypeA,47000,000000000000000000000000000011111111000000000000000000001111111100000000000000000000000000000000000000000001111111110000000000000000000000000111111110000000000011111111,1,0
77,0,TypeA,47000,000000000000000000000000000011111111000000000000000000001111111100000000000000000000000000000000000000000001111111110000000000000000000000001111111100000000000011111111,1,0
78,0,TypeA,47000,000000000000000000000000000011111111000000000000000000001111111110000000000000000000000000000000000000000000111111110000000000000000000000000111111110000000000011111111,1,0
79,0,TypeA,47000,000000000000000000000000000011111111000000000000000000001111111110000000000000000000000000000000000000000000111111110000000000000000000000001111111100000000000011111111,1,0
80,0,TypeA,47000,000000000000000000000000000011111111100000000000000000001111111100000000000000000000000000000000000000000000111111110000000000000000000000000111111110000000000011111111,1,0
81,0,TypeA,47000,000000000000000000000000000011111111100000000000000000001111111100000000000000000000000000000000000000000000111111110000000000000000000000001111111100000000000011111111,1,0
82,0,TypeA,47200,000000000000000000000000000001111111100000000000000111111110000000000000000000000000000000000000000000000000111111110000000000000000000000000111111110000000000011111111,1,0
83,0,TypeA,47200,000000000000000000000000000001111111100000000000000111111110000000000000000000000000000000000000000000000000111111110000000000000000000000001111111100000000000011111111,1,0
84,0,TypeA,47200,000000000000000000000000000011111111000000000000000011111111000000000000000000000000000000000000000000000000111111110000000000000000000000000111111110000000000011111111,1,0
85,0,TypeA,47200,000000000000000000000000000011111111000000000000000011111111000000000000000000000000000000000000000000000000111111110000000000000000000000001111111100000000000011111111,1,0
86,0,TypeA,47200,000000000000000000000000000111111110000000000000000001111111100000000000000000000000000000000000000000000000111111110000000000000000000000000111111110000000000011111111,1,0
87,0,TypeA,47200,000000000000000000000000000111111110000000000000000001111111100000000000000000000000000000000000000000000000111111110000000000000000000000001111111100000000000011111111,1,0
88,0,TypeA,47300,000000000000000000000000000001111111100000000000000000011111111000000000000000000000000000000000000000000000111111110000000000000000000000001111111110000000000011111111,1,0
89,0,TypeA,47300,000000000000000000000000000001111111100000000000000000011111111000000000000000000000000000000000000000000000111111110000000000000000000000011111111100000000000011111111,1,0
90,0,TypeA,47300,000000000000000000000000000001111111100000000000000000011111111000000000000000000000000000000000000000000000111111111000000000000000000000000111111110000000000011111111,1,0
91,0,TypeA,47300,000000000000000000000000000001111111100000000000000000011111111000000000000000000000000000000000000000000000111111111000000000000000000000001111111100000000000011111111,1,0
92,0,TypeA,47300,000000000000000000000000000001111111100000000000000000111111110000000000000000000000000000000000000000000000111111110000000000000000000000001111111100000000000111111111,1,0
93,0,TypeA,47300,000000000000000000000000000001111111100000000000000000111111110000000000000000000000000000000000000000000001111111110000000000000000000000000111111110000000000011111111,1,0
94,0,TypeA,47300,000000000000000000000000000001111111100000000000000000111111110000000000000000000000000000000000000000000001111111110000000000000000000000001111111100000000000011111111,1,0
95,0,TypeA,47300,000000000000000000000000000001111111100000000000000000111111111000000000000000000000000000000000000000000000111111110000000000000000000000000111111110000000000011111111,1,0
96,0,TypeA,47300,000000000000000000000000000001111111100000000000000000111111111000000000000000000000000000000000000000000000111111110000000000000000000000001111111100000000000011111111,1,0
97,0,TypeA,47300,000000000000000000000000000001111111110000000000000000111111110000000000000000000000000000000000000000000000111111110000000000000000000000000111111110000000000011111111,1,0
98,0,TypeA,47300,000000000000000000000000000001111111110000000000000000111111110000000000000000000000000000000000000000000000111111110000000000000000000000001111111100000000000011111111,1,0
99,0,TypeA,47300,000000000000000000000000000011111111000000000000000000001111111100000000000000000000000000000000000000000000111111110000000000000000000000001111111110000000000011111111,1,0
100,0,TypeA,47300,000000000000000000000000000011111111000000000000000000001111111100000000000000000000000000000000000000000000111111110000000000000000000000011111111100000000000011111111,1,0
101,0,TypeA,47300,000000000000000000000000000011111111000000000000000000001111111100000000000000000000000000000000000000000000111111111000000000000000000000000111111110000000000011111111,1,0
102,0,TypeA,47300,000000000000000000000000000011111111000000000000000000001111111100000000000000000000000000000000000000000000111111111000000000000000000000001111111100000000000011111111,1,0
103,0,TypeA,47300,000000000000000000000000000011111111000000000000000000011111111000000000000000000000000000000000000000000000111111110000000000000000000000001111111100000000000111111111,1,0
104,0,TypeA,47300,000000000000000000000000000011111111000000000000000000011111111000000000000000000000000000000000000000000001111111110000000000000000000000000111111110000000000011111111,1,0
105,0,TypeA,47300,000000000000000000000000000011111111000000000000000000011111111000000000000000000000000000000000000000000001111111110000000000000000000000001111111100000000000011111111,1,0
106,0,TypeA,47300,000000000000000000000000000011111111000000000000000000011111111100000000000000000000000000000000000000000000111111110000000000000000000000000111111110000000000011111111,1,0
107,0,TypeA,47300,000000000000000000000000000011111111000000000000000000011111111100000000000000000000000000000000000000000000111111110000000000000000000000001111111100000000000011111111,1,0
108,0,TypeA,47300,000000000000000000000000000011111111100000000000000000011111111000000000000000000000000000000000000000000000111111110000000000000000000000000111111110000000000011111111,1,0
109,0,TypeA,47300,000000000000000000000000000011111111100000000000000000011111111000000000000000000000000000000000000000000000111111110000000000000000000000001111111100000000000011111111,1,0
110,0,TypeA,47300,000000000000000000000000000111111110000000000000000000001111111100000000000000000000000000000000000000000000111111110000000000000000000000001111111100000000000111111111,1,0
111,0,TypeA,47300,000000000000000000000000000111111110000000000000000000001111111100000000000000000000000000000000000000000001111111110000000000000000000000000111111110000000000011111111,1,0
112,0,TypeA,47300,000000000000000000000000000111111110000000000000000000001111111100000000000000000000000000000000000000000001111111110000000000000000000000001111111100000000000011111111,1,0
113,0,TypeA,47300,000000000000000000000000000111111110000000000000000000001111111110000000000000000000000000000000000000000000111111110000000000000000000000000111111110000000000011111111,1,0
114,0,TypeA,47300,000000000000000000000000000111111110000000000000000000001111111110000000000000000000000000000000000000000000111111110000000000000000000000001111111100000000000011111111,1,0
115,0,TypeA,47300,000000000000000000000000000111111111000000000000000000001111111100000000000000000000000000000000000000000000111111110000000000000000000000000111111110000000000011111111,1,0
116,0,TypeA,47300,000000000000000000000000000111111111000000000000000000001111111100000000000000000000000000000000000000000000111111110000000000000000000000001111111100000000000011111111,1,0
117,0,TypeA,47500,000000000000000000000000000001111111100000000000001111111100000000000000000000000000000000000000000000000000111111110000000000000000000000000111111110000000000011111111,1,0
118,0,TypeA,48800,000000000000000000000000000001111111100000000000011111111100000000000000000000000000000000000000000000000000111111110000000000000000000000000111111110000000000011111111,1,0
119,0,TypeA,48800,000000000000000000000000000001111111100000000000011111111100000000000000000000000000000000000000000000000000111111110000000000000000000000001111111100000000000011111111,1,0
120,0,TypeA,49100,000000000000000000000000000011111111000000000000011111111100000000000000000000000000000000000000000000000000111111110000000000000000000000000111111110000000000011111111,1,0
121,0,TypeA,49100,000000000000000000000000000011111111000000000000011111111100000000000000000000000000000000000000000000000000111111110000000000000000000000001111111100000000000011111111,1,0
122,0,TypeA,49400,000000000000000000000000000111111110000000000000011111111100000000000000000000000000000000000000000000000000111111110000000000000000000000000111111110000000000011111111,1,0
123,0,TypeA,49400,000000000000000000000000000111111110000000000000011111111100000000000000000000000000000000000000000000000000111111110000000000000000000000001111111100000000000011111111,1,0
124,0,TypeA,49800,000000000000000000000000000001111111100000000000011111111100000000000000000000000000000000000000000000000000111111110000000000000000000000001111111100000000000111111111,1,0
125,0,TypeA,49800,000000000000000000000000000001111111100000000000011111111100000000000000000000000000000000000000000000000001111111110000000000000000000000000111111110000000000011111111,1,0
126,0,TypeA,49800,000000000000000000000000000001111111100000000000011111111100000000000000000000000000000000000000000000000001111111110000000000000000000000001111111100000000000011111111,1,0
127,0,TypeA,49800,000000000000000000000000000001111111100000000000011111111110000000000000000000000000000000000000000000000000111111110000000000000000000000000111111110000000000011111111,1,0
128,0,TypeA,49800,000000000000000000000000000001111111100000000000011111111110000000000000000000000000000000000000000000000000111111110000000000000000000000001111111100000000000011111111,1,0
129,0,TypeA,49800,000000000000000000000000000001111111110000000000011111111100000000000000000000000000000000000000000000000000111111110000000000000000000000000111111110000000000011111111,1,0
130,0,TypeA,49800,000000000000000000000000000001111111110000000000011111111100000000000000000000000000000000000000000000000000111111110000000000000000000000001111111100000000000011111111,1,0
131,0,TypeA,50100,000000000000000000000000000001111111100000000000011111111100000000000000000000000000000000000000000000000000111111110000000000000000000000001111111110000000000011111111,1,0
132,0,TypeA,50100,000000000000000000000000000001111111100000000000011111111100000000000000000000000000000000000000000000000000111111110000000000000000000000011111111100000000000011111111,1,0
133,0,TypeA,50100,000000000000000000000000000001111111100000000000011111111100000000000000000000000000000000000000000000000000111111111000000000000000000000000111111110000000000011111111,1,0
134,0,TypeA,50100,000000000000000000000000000001111111100000000000011111111100000000000000000000000000000000000000000000000000111111111000000000000000000000001111111100000000000011111111,1,0
135,0,TypeA,50100,000000000000000000000000000001111111100000000000111111111100000000000000000000000000000000000000000000000000111111110000000000000000000000000111111110000000000011111111,1,0
136,0,TypeA,50100,000000000000000000000000000001111111100000000000111111111100000000000000000000000000000000000000000000000000111111110000000000000000000000001111111100000000000011111111,1,0
137,0,TypeA,50100,000000000000000000000000000011111111000000000000011111111100000000000000000000000000000000000000000000000000111111110000000000000000000000001111111100000000000111111111,1,0
138,0,TypeA,50100,000000000000000000000000000011111111000000000000011111111100000000000000000000000000000000000000000000000001111111110000000000000000000000000111111110000000000011111111,1,0
139,0,TypeA,50100,000000000000000000000000000011111111000000000000011111111100000000000000000000000000000000000000000000000001111111110000000000000000000000001111111100000000000011111111,1,0
140,0,TypeA,50100,000000000000000000000000000011111111000000000000011111111110000000000000000000000000000000000000000000000000111111110000000000000000000000000111111110000000000011111111,1,0
141,0,TypeA,50100,000000000000000000000000000011111111000000000000011111111110000000000000000000000000000000000000000000000000111111110000000000000000000000001111111100000000000011111111,1,0
142,0,TypeA,50100,000000000000000000000000000011111111100000000000011111111100000000000000000000000000000000000000000000000000111111110000000000000000000000000111111110000000000011111111,1,0
143,0,TypeA,50100,000000000000000000000000000011111111100000000000011111111100000000000000000000000000000000000000000000000000111111110000000000000000000000001111111100000000000011111111,1,0
144,0,TypeA,50400,000000000000000000000000000011111111000000000000011111111100000000000000000000000000000000000000000000000000111111110000000000000000000000001111111110000000000011111111,1,0
145,0,TypeA,50400,000000000000000000000000000011111111000000000000011111111100000000000000000000000000000000000000000000000000111111110000000000000000000000011111111100000000000011111111,1,0
146,0,TypeA,50400,000000000000000000000000000011111111000000000000011111111100000000000000000000000000000000000000000000000000111111111000000000000000000000000111111110000000000011111111,1,0
147,0,TypeA,50400,000000000000000000000000000011111111000000000000011111111100000000000000000000000000000000000000000000000000111111111000000000000000000000001111111100000000000011111111,1,0
148,0,TypeA,50400,000000000000000000000000000011111111000000000000111111111100000000000000000000000000000000000000000000000000111111110000000000000000000000000111111110000000000011111111,1,0
149,0,TypeA,50400,000000000000000000000000000011111111000000000000111111111100000000000000000000000000000000000000000000000000111111110000000000000000000000001111111100000000000011111111,1,0
150,0,TypeA,50400,000000000000000000000000000111111110000000000000011111111100000000000000000000000000000000000000000000000000111111110000000000000000000000001111111100000000000111111111,1,0
151,0,TypeA,50400,000000000000000000000000000111111110000000000000011111111100000000000000000000000000000000000000000000000001111111110000000000000000000000000111111110000000000011111111,1,0
152,0,TypeA,50400,000000000000000000000000000111111110000000000000011111111100000000000000000000000000000000000000000000000001111111110000000000000000000000001111111100000000000011111111,1,0
153,0,TypeA,50400,000000000000000000000000000111111110000000000000011111111110000000000000000000000000000000000000000000000000111111110000000000000000000000000111111110000000000011111111,1,0
154,0,TypeA,50400,000000000000000000000000000111111110000000000000011111111110000000000000000000000000000000000000000000000000111111110000000000000000000000001111111100000000000011111111,1,0
155,0,TypeA,50400,000000000000000000000000000111111111000000000000011111111100000000000000000000000000000000000000000000000000111111110000000000000000000000000111111110000000000011111111,1,0
156,0,TypeA,50400,000000000000000000000000000111111111000000000000011111111100000000000000000000000000000000000000000000000000111111110000000000000000000000001111111100000000000011111111,1,0
157,0,TypeA,50700,000000000000000000000000000111111110000000000000011111111100000000000000000000000000000000000000000000000000111111110000000000000000000000001111111110000000000011111111,1,0
158,0,TypeA,50700,000000000000000000000000000111111110000000000000011111111100000000000000000000000000000000000000000000000000111111110000000000000000000000011111111100000000000011111111,1,0
159,0,TypeA,50700,000000000000000000000000000111111110000000000000011111111100000000000000000000000000000000000000000000000000111111111000000000000000000000000111111110000000000011111111,1,0
160,0,TypeA,50700,000000000000000000000000000111111110000000000000011111111100000000000000000000000000000000000000000000000000111111111000000000000000000000001111111100000000000011111111,1,0
161,0,TypeA,50700,000000000000000000000000000111111110000000000000111111111100000000000000000000000000000000000000000000000000111111110000000000000000000000000111111110000000000011111111,1,0
162,0,TypeA,50700,000000000000000000000000000111111110000000000000111111111100000000000000000000000000000000000000000000000000111111110000000000000000000000001111111100000000000011111111,1,0
163,0,TypeA,50700,000000000000000000000000001111111110000000000000011111111100000000000000000000000000000000000000000000000000111111110000000000000000000000000111111110000000000011111111,1,0
164,0,TypeA,50700,000000000000000000000000001111111110000000000000011111111100000000000000000000000000000000000000000000000000111111110000000000000000000000001111111100000000000011111111,1,0
165,0,TypeA,50800,000000000000000000000000000001111111100000000000011111111100000000000000000000000000000000000000000000000001111111110000000000000000000000001111111100000000000111111111,1,0
166,0,TypeA,50800,000000000000000000000000000001111111100000000000011111111100000000000000000000000000000000000000000000000011111111110000000000000000000000000111111110000000000011111111,1,0
167,0,TypeA,50800,000000000000000000000000000001111111100000000000011111111100000000000000000000000000000000000000000000000011111111110000000000000000000000001111111100000000000011111111,1,0
168,0,TypeA,50800,000000000000000000000000000001111111100000000000011111111110000000000000000000000000000000000000000000000000111111110000000000000000000000001111111100000000000111111111,1,0
169,0,TypeA,50800,000000000000000000000000000001111111100000000000011111111110000000000000000000000000000000000000000000000001111111110000000000000000000000000111111110000000000011111111,1,0
170,0,TypeA,50800,000000000000000000000000000001111111100000000000011111111110000000000000000000000000000000000000000000000001111111110000000000000000000000001111111100000000000011111111,1,0
171,0,TypeA,50800,000000000000000000000000000001111111110000000000011111111100000000000000000000000000000000000000000000000000111111110000000000000000000000001111111100000000000111111111,1,0
172,0,TypeA,50800,000000000000000000000000000001111111110000000000011111111100000000000000000000000000000000000000000000000001111111110000000000000000000000000111111110000000000011111111,1,0
173,0,TypeA,50800,000000000000000000000000000001111111110000000000011111111100000000000000000000000000000000000000000000000001111111110000000000000000000000001111111100000000000011111111,1,0
174,0,TypeA,50800,000000000000000000000000000001111111110000000000011111111110000000000000000000000000000000000000000000000000111111110000000000000000000000000111111110000000000011111111,1,0
175,0,TypeA,50800,000000000000000000000000000001111111110000000000011111111110000000000000000000000000000000000000000000000000111111110000000000000000000000001111111100000000000011111111,1,0
176,0,TypeA,51100,000000000000000000000000000001111111100000000000011111111100000000000000000000000000000000000000000000000000111111110000000000000000000000011111111100000000000111111111,1,0
177,0,TypeA,51100,000000000000000000000000000001111111100000000000011111111100000000000000000000000000000000000000000000000000111111110000000000000000000000111111111100000000000011111111,1,0
178,0,TypeA,51100,000000000000000000000000000001111111100000000000011111111100000000000000000000000000000000000000000000000000111111111000000000000000000000001111111100000000000111111111,1,0
179,0,TypeA,51100,000000000000000000000000000001111111100000000000011111111100000000000000000000000000000000000000000000000001111111110000000000000000000000001111111110000000000011111111,1,0
180,0,TypeA,51100,000000000000000000000000000001111111100000000000011111111100000000000000000000000000000000000000000000000001111111110000000000000000000000011111111100000000000011111111,1,0
181,0,TypeA,51100,000000000000000000000000000001111111100000000000011111111100000000000000000000000000000000000000000000000001111111111000000000000000000000000111111110000000000011111111,1,0
182,0,TypeA,51100,000000000000000000000000000001111111100000000000011111111100000000000000000000000000000000000000000000000001111111111000000000000000000000001111111100000000000011111111,1,0
183,0,TypeA,51100,000000000000000000000000000001111111100000000000011111111110000000000000000000000000000000000000000000000000111111110000000000000000000000001111111110000000000011111111,1,0
184,0,TypeA,51100,000000000000000000000000000001111111100000000000011111111110000000000000000000000000000000000000000000000000111111110000000000000000000000011111111100000000000011111111,1,0
185,0,TypeA,51100,000000000000000000000000000001111111100000000000011111111110000000000000000000000000000000000000000000000000111111111000000000000000000000000111111110000000000011111111,1,0
186,0,TypeA,51100,000000000000000000000000000001111111100000000000011111111110000000000000000000000000000000000000000000000000111111111000000000000000000000001111111100000000000011111111,1,0
187,0,TypeA,51100,000000000000000000000000000001111111100000000000111111111100000000000000000000000000000000000000000000000000111111110000000000000000000000001111111100000000000111111111,1,0
188,0,TypeA,51100,000000000000000000000000000001111111100000000000111111111100000000000000000000000000000000000000000000000001111111110000000000000000000000000111111110000000000011111111,1,0
189,0,TypeA,51100,000000000000000000000000000001111111100000000000111111111100000000000000000000000000000000000000000000000001111111110000000000000000000000001111111100000000000011111111,1,0
190,0,TypeA,51100,000000000000000000000000000001111111110000000000011111111100000000000000000000000000000000000000000000000000111111110000000000000000000000001111111110000000000011111111,1,0
191,0,TypeA,51100,000000000000000000000000000001111111110000000000011111111100000000000000000000000000000000000000000000000000111111110000000000000000000000011111111100000000000011111111,1,0
192,0,TypeA,51100,000000000000000000000000000001111111110000000000011111111100000000000000000000000000000000000000000000000000111111111000000000000000000000000111111110000000000011111111,1,0
193,0,TypeA,51100,000000000000000000000000000001111111110000000000011111111100000000000000000000000000000000000000000000000000111111111000000000000000000000001111111100000000000011111111,1,0
194,0,TypeA,51100,000000000000000000000000000011111111000000000000011111111100000000000000000000000000000000000000000000000001111111110000000000000000000000001111111100000000000111111111,1,0
195,0,TypeA,51100,000000000000000000000000000011111111000000000000011111111100000000000000000000000000000000000000000000000011111111110000000000000000000000000111111110000000000011111111,1,0
196,0,TypeA,51100,000000000000000000000000000011111111000000000000011111111100000000000000000000000000000000000000000000000011111111110000000000000000000000001111111100000000000011111111,1,0
197,0,TypeA,51100,000000000000000000000000000011111111000000000000011111111110000000000000000000000000000000000000000000000000111111110000000000000000000000001111111100000000000111111111,1,0
198,0,TypeA,51100,000000000000000000000000000011111111000000000000011111111110000000000000000000000000000000000000000000000001111111110000000000000000000000000111111110000000000011111111,1,0
199,0,TypeA,51100,000000000000000000000000000011111111000000000000011111111110000000000000000000000000000000000000000000000001111111110000000000000000000000001111111100000000000011111111,1,0
200,0,TypeA,51100,000000000000000000000000000011111111100000000000011111111100000000000000000000000000000000000000000000000000111111110000000000000000000000001111111100000000000111111111,1,0
201,0,TypeA,51100,000000000000000000000000000011111111100000000000011111111100000000000000000000000000000000000000000000000001111111110000000000000000000000000111111110000000000011111111,1,0
202,0,TypeA,51100,000000000000000000000000000011111111100000000000011111111100000000000000000000000000000000000000000000000001111111110000000000000000000000001111111100000000000011111111,1,0
203,0,TypeA,51100,000000000000000000000000000011111111100000000000011111111110000000000000000000000000000000000000000000000000111111110000000000000000000000000111111110000000000011111111,1,0
204,0,TypeA,51100,000000000000000000000000000011111111100000000000011111111110000000000000000000000000000000000000000000000000111111110000000000000000000000001111111100000000000011111111,1,0
205,0,TypeA,51100,000000000000000000000000000011111111110000000000011111111100000000000000000000000000000000000000000000000000111111110000000000000000000000000111111110000000000011111111,1,0
206,0,TypeA,51100,000000000000000000000000000011111111110000000000011111111100000000000000000000000000000000000000000000000000111111110000000000000000000000001111111100000000000011111111,1,0
207,0,TypeA,51400,000000000000000000000000000001111111100000000000011111111100000000000000000000000000000000000000000000000000111111110000000000000000000000011111111110000000000011111111,1,0
208,0,TypeA,51400,000000000000000000000000000001111111100000000000011111111100000000000000000000000000000000000000000000000000111111111000000000000000000000001111111110000000000011111111,1,0
209,0,TypeA,51400,000000000000000000000000000001111111100000000000011111111100000000000000000000000000000000000000000000000000111111111000000000000000000000011111111100000000000011111111,1,0
210,0,TypeA,51400,000000000000000000000000000001111111100000000000011111111100000000000000000000000000000000000000000000000000111111111100000000000000000000000111111110000000000011111111,1,0
211,0,TypeA,51400,000000000000000000000000000001111111100000000000011111111100000000000000000000000000000000000000000000000000111111111100000000000000000000001111111100000000000011111111,1,0
212,0,TypeA,51400,000000000000000000000000000001111111100000000000111111111100000000000000000000000000000000000000000000000000111111110000000000000000000000001111111110000000000011111111,1,0
213,0,TypeA,51400,000000000000000000000000000001111111100000000000111111111100000000000000000000000000000000000000000000000000111111110000000000000000000000011111111100000000000011111111,1,0
214,0,TypeA,51400,000000000000000000000000000001111111100000000000111111111100000000000000000000000000000000000000000000000000111111111000000000000000000000000111111110000000000011111111,1,0
215,0,TypeA,51400,000000000000000000000000000001111111100000000000111111111100000000000000000000000000000000000000000000000000111111111000000000000000000000001111111100000000000011111111,1,0
216,0,TypeA,51400,000000000000000000000000000011111111000000000000011111111100000000000000000000000000000000000000000000000000111111110000000000000000000000011111111100000000000111111111,1,0
217,0,TypeA,51400,000000000000000000000000000011111111000000000000011111111100000000000000000000000000000000000000000000000000111111110000000000000000000000111111111100000000000011111111,1,0
218,0,TypeA,51400,000000000000000000000000000011111111000000000000011111111100000000000000000000000000000000000000000000000000111111111000000000000000000000001111111100000000000111111111,1,0
219,0,TypeA,51400,000000000000000000000000000011111111000000000000011111111100000000000000000000000000000000000000000000000001111111110000000000000000000000001111111110000000000011111111,1,0
220,0,TypeA,51400,000000000000000000000000000011111111000000000000011111111100000000000000000000000000000000000000000000000001111111110000000000000000000000011111111100000000000011111111,1,0
221,0,TypeA,51400,000000000000000000000000000011111111000000000000011111111100000000000000000000000000000000000000000000000001111111111000000000000000000000000111111110000000000011111111,1,0
222,0,TypeA,51400,000000000000000000000000000011111111000000000000011111111100000000000000000000000000000000000000000000000001111111111000000000000000000000001111111100000000000011111111,1,0
223,0,TypeA,51400,000000000000000000000000000011111111000000000000011111111110000000000000000000000000000000000000000000000000111111110000000000000000000000001111111110000000000011111111,1,0
224,0,TypeA,51400,000000000000000000000000000011111111000000000000011111111110000000000000000000000000000000000000000000000000111111110000000000000000000000011111111100000000000011111111,1,0
225,0,TypeA,51400,000000000000000000000000000011111111000000000000011111111110000000000000000000000000000000000000000000000000111111111000000000000000000000000111111110000000000011111111,1,0
226,0,TypeA,51400,000000000000000000000000000011111111000000000000011111111110000000000000000000000000000000000000000000000000111111111000000000000000000000001111111100000000000011111111,1,0
227,0,TypeA,51400,000000000000000000000000000011111111000000000000111111111100000000000000000000000000000000000000000000000000111111110000000000000000000000001111111100000000000111111111,1,0
228,0,TypeA,51400,000000000000000000000000000011111111000000000000111111111100000000000000000000000000000000000000000000000001111111110000000000000000000000000111111110000000000011111111,1,0
229,0,TypeA,51400,000000000000000000000000000011111111000000000000111111111100000000000000000000000000000000000000000000000001111111110000000000000000000000001111111100000000000011111111,1,0
230,0,TypeA,51400,000000000000000000000000000011111111100000000000011111111100000000000000000000000000000000000000000000000000111111110000000000000000000000001111111110000000000011111111,1,0
231,0,TypeA,51400,000000000000000000000000000011111111100000000000011111111100000000000000000000000000000000000000000000000000111111110000000000000000000000011111111100000000000011111111,1,0
232,0,TypeA,51400,000000000000000000000000000011111111100000000000011111111100000000000000000000000000000000000000000000000000111111111000000000000000000000000111111110000000000011111111,1,0
233,0,TypeA,51400,000000000000000000000000000011111111100000000000011111111100000000000000000000000000000000000000000000000000111111111000000000000000000000001111111100000000000011111111,1,0
234,0,TypeA,51400,000000000000000000000000000011111111100000000000111111111100000000000000000000000000000000000000000000000000111111110000000000000000000000000111111110000000000011111111,1,0
235,0,TypeA,51400,000000000000000000000000000011111111100000000000111111111100000000000000000000000000000000000000000000000000111111110000000000000000000000001111111100000000000011111111,1,0
236,0,TypeA,51400,000000000000000000000000000111111110000000000000011111111100000000000000000000000000000000000000000000000001111111110000000000000000000000001111111100000000000111111111,1,0
237,0,TypeA,51400,000000000000000000000000000111111110000000000000011111111100000000000000000000000000000000000000000000000011111111110000000000000000000000000111111110000000000011111111,1,0
238,0,TypeA,51400,000000000000000000000000000111111110000000000000011111111100000000000000000000000000000000000000000000000011111111110000000000000000000000001111111100000000000011111111,1,0
239,0,TypeA,51400,000000000000000000000000000111111110000000000000011111111110000000000000000000000000000000000000000000000000111111110000000000000000000000001111111100000000000111111111,1,0
240,0,TypeA,51400,000000000000000000000000000111111110000000000000011111111110000000000000000000000000000000000000000000000001111111110000000000000000000000000111111110000000000011111111,1,0
241,0,TypeA,51400,000000000000000000000000000111111110000000000000011111111110000000000000000000000000000000000000000000000001111111110000000000000000000000001111111100000000000011111111,1,0
242,0,TypeA,51400,000000000000000000000000000111111111000000000000011111111100000000000000000000000000000000000000000000000000111111110000000000000000000000001111111100000000000111111111,1,0
243,0,TypeA,51400,000000000000000000000000000111111111000000000000011111111100000000000000000000000000000000000000000000000001111111110000000000000000000000000111111110000000000011111111,1,0
244,0,TypeA,51400,000000000000000000000000000111111111000000000000011111111100000000000000000000000000000000000000000000000001111111110000000000000000000000001111111100000000000011111111,1,0
245,0,TypeA,51400,000000000000000000000000000111111111000000000000011111111110000000000000000000000000000000000000000000000000111111110000000000000000000000000111111110000000000011111111,1,0
246,0,TypeA,51400,000000000000000000000000000111111111000000000000011111111110000000000000000000000000000000000000000000000000111111110000000000000000000000001111111100000000000011111111,1,0
247,0,TypeA,51400,000000000000000000000000000111111111100000000000011111111100000000000000000000000000000000000000000000000000111111110000000000000000000000000111111110000000000011111111,1,0
248,0,TypeA,51400,000000000000000000000000000111111111100000000000011111111100000000000000000000000000000000000000000000000000111111110000000000000000000000001111111100000000000011111111,1,0
249,0,TypeA,51700,000000000000000000000000000011111111000000000000011111111100000000000000000000000000000000000000000000000000111111110000000000000000000000011111111110000000000011111111,1,0
250,0,TypeA,51700,000000000000000000000000000011111111000000000000011111111100000000000000000000000000000000000000000000000000111111111000000000000000000000001111111110000000000011111111,1,0
251,0,TypeA,51700,000000000000000000000000000011111111000000000000011111111100000000000000000000000000000000000000000000000000111111111000000000000000000000011111111100000000000011111111,1,0
252,0,TypeA,51700,000000000000000000000000000011111111000000000000011111111100000000000000000000000000000000000000000000000000111111111100000000000000000000000111111110000000000011111111,1,0
253,0,TypeA,51700,000000000000000000000000000011111111000000000000011111111100000000000000000000000000000000000000000000000000111111111100000000000000000000001111111100000000000011111111,1,0
254,0,TypeA,51700,000000000000000000000000000011111111000000000000111111111100000000000000000000000000000000000000000000000000111111110000000000000000000000001111111110000000000011111111,1,0
255,0,TypeA,51700,000000000000000000000000000011111111000000000000111111111100000000000000000000000000000000000000000000000000111111110000000000000000000000011111111100000000000011111111,1,0
256,0,TypeA,51700,000000000000000000000000000011111111000000000000111111111100000000000000000000000000000000000000000000000000111111111000000000000000000000000111111110000000000011111111,1,0
257,0,TypeA,51700,000000000000000000000000000011111111000000000000111111111100000000000000000000000000000000000000000000000000111111111000000000000000000000001111111100000000000011111111,1,0
258,0,TypeA,51700,000000000000000000000000000111111110000000000000011111111100000000000000000000000000000000000000000000000000111111110000000000000000000000011111111100000000000111111111,1,0
259,0,TypeA,51700,000000000000000000000000000111111110000000000000011111111100000000000000000000000000000000000000000000000000111111110000000000000000000000111111111100000000000011111111,1,0
260,0,TypeA,51700,000000000000000000000000000111111110000000000000011111111100000000000000000000000000000000000000000000000000111111111000000000000000000000001111111100000000000111111111,1,0
261,0,TypeA,51700,000000000000000000000000000111111110000000000000011111111100000000000000000000000000000000000000000000000001111111110000000000000000000000001111111110000000000011111111,1,0
262,0,TypeA,51700,000000000000000000000000000111111110000000000000011111111100000000000000000000000000000000000000000000000001111111110000000000000000000000011111111100000000000011111111,1,0
263,0,TypeA,51700,000000000000000000000000000111111110000000000000011111111100000000000000000000000000000000000000000000000001111111111000000000000000000000000111111110000000000011111111,1,0
264,0,TypeA,51700,000000000000000000000000000111111110000000000000011111111100000000000000000000000000000000000000000000000001111111111000000000000000000000001111111100000000000011111111,1,0
265,0,TypeA,51700,000000000000000000000000000111111110000000000000011111111110000000000000000000000000000000000000000000000000111111110000000000000000000000001111111110000000000011111111,1,0
266,0,TypeA,51700,000000000000000000000000000111111110000000000000011111111110000000000000000000000000000000000000000000000000111111110000000000000000000000011111111100000000000011111111,1,0
267,0,TypeA,51700,000000000000000000000000000111111110000000000000011111111110000000000000000000000000000000000000000000000000111111111000000000000000000000000111111110000000000011111111,1,0
268,0,TypeA,51700,000000000000000000000000000111111110000000000000011111111110000000000000000000000000000000000000000000000000111111111000000000000000000000001111111100000000000011111111,1,0
269,0,TypeA,51700,000000000000000000000000000111111110000000000000111111111100000000000000000000000000000000000000000000000000111111110000000000000000000000001111111100000000000111111111,1,0
270,0,TypeA,51700,000000000000000000000000000111111110000000000000111111111100000000000000000000000000000000000000000000000001111111110000000000000000000000000111111110000000000011111111,1,0
271,0,TypeA,51700,000000000000000000000000000111111110000000000000111111111100000000000000000000000000000000000000000000000001111111110000000000000000000000001111111100000000000011111111,1,0
272,0,TypeA,51700,000000000000000000000000000111111111000000000000011111111100000000000000000000000000000000000000000000000000111111110000000000000000000000001111111110000000000011111111,1,0
273,0,TypeA,51700,000000000000000000000000000111111111000000000000011111111100000000000000000000000000000000000000000000000000111111110000000000000000000000011111111100000000000011111111,1,0
274,0,TypeA,51700,000000000000000000000000000111111111000000000000011111111100000000000000000000000000000000000000000000000000111111111000000000000000000000000111111110000000000011111111,1,0
275,0,TypeA,51700,000000000000000000000000000111111111000000000000011111111100000000000000000000000000000000000000000000000000111111111000000000000000000000001111111100000000000011111111,1,0
276,0,TypeA,51700,000000000000000000000000000111111111000000000000111111111100000000000000000000000000000000000000000000000000111111110000000000000000000000000111111110000000000011111111,1,0
277,0,TypeA,51700,000000000000000000000000000111111111000000000000111111111100000000000000000000000000000000000000000000000000111111110000000000000000000000001111111100000000000011111111,1,0
278,0,TypeA,51700,000000000000000000000000001111111110000000000000011111111100000000000000000000000000000000000000000000000000111111110000000000000000000000001111111100000000000111111111,1,0
279,0,TypeA,51700,000000000000000000000000001111111110000000000000011111111100000000000000000000000000000000000000000000000001111111110000000000000000000000000111111110000000000011111111,1,0
280,0,TypeA,51700,000000000000000000000000001111111110000000000000011111111100000000000000000000000000000000000000000000000001111111110000000000000000000000001111111100000000000011111111,1,0
281,0,TypeA,51700,000000000000000000000000001111111110000000000000011111111110000000000000000000000000000000000000000000000000111111110000000000000000000000000111111110000000000011111111,1,0
282,0,TypeA,51700,000000000000000000000000001111111110000000000000011111111110000000000000000000000000000000000000000000000000111111110000000000000000000000001111111100000000000011111111,1,0
283,0,TypeA,51700,000000000000000000000000001111111111000000000000011111111100000000000000000000000000000000000000000000000000111111110000000000000000000000000111111110000000000011111111,1,0
284,0,TypeA,51700,000000000000000000000000001111111111000000000000011111111100000000000000000000000000000000000000000000000000111111110000000000000000000000001111111100000000000011111111,1,0
285,0,TypeA,51800,000000000000000000000000000001111111100000000000011111111100000000000000000000000000000000000000000000000011111111110000000000000000000000001111111100000000000111111111,1,0
286,0,TypeA,51800,000000000000000000000000000001111111100000000000011111111110000000000000000000000000000000000000000000000001111111110000000000000000000000001111111100000000000111111111,1,0
287,0,TypeA,51800,000000000000000000000000000001111111100000000000011111111110000000000000000000000000000000000000000000000011111111110000000000000000000000000111111110000000000011111111,1,0
288,0,TypeA,51800,000000000000000000000000000001111111100000000000011111111110000000000000000000000000000000000000000000000011111111110000000000000000000000001111111100000000000011111111,1,0
289,0,TypeA,51800,000000000000000000000000000001111111110000000000011111111100000000000000000000000000000000000000000000000001111111110000000000000000000000001111111100000000000111111111,1,0
290,0,TypeA,51800,000000000000000000000000000001111111110000000000011111111100000000000000000000000000000000000000000000000011111111110000000000000000000000000111111110000000000011111111,1,0
291,0,TypeA,51800,000000000000000000000000000001111111110000000000011111111100000000000000000000000000000000000000000000000011111111110000000000000000000000001111111100000000000011111111,1,0
292,0,TypeA,51800,000000000000000000000000000001111111110000000000011111111110000000000000000000000000000000000000000000000000111111110000000000000000000000001111111100000000000111111111,1,0
293,0,TypeA,51800,000000000000000000000000000001111111110000000000011111111110000000000000000000000000000000000000000000000001111111110000000000000000000000000111111110000000000011111111,1,0
294,0,TypeA,51800,000000000000000000000000000001111111110000000000011111111110000000000000000000000000000000000000000000000001111111110000000000000000000000001111111100000000000011111111,1,0
295,0,TypeA,52000,000000000000000000000000000111111110000000000000011111111100000000000000000000000000000000000000000000000000111111110000000000000000000000011111111110000000000011111111,1,0
296,0,TypeA,52000,000000000000000000000000000111111110000000000000011111111100000000000000000000000000000000000000000000000000111111111000000000000000000000001111111110000000000011111111,1,0
297,0,TypeA,52000,000000000000000000000000000111111110000000000000011111111100000000000000000000000000000000000000000000000000111111111000000000000000000000011111111100000000000011111111,1,0
298,0,TypeA,52000,000000000000000000000000000111111110000000000000011111111100000000000000000000000000000000000000000000000000111111111100000000000000000000000111111110000000000011111111,1,0
299,0,TypeA,52000,000000000000000000000000000111111110000000000000011111111100000000000000000000000000000000000000000000000000111111111100000000000000000000001111111100000000000011111111,1,0
300,0,TypeA,52000,000000000000000000000000000111111110000000000000111111111100000000000000000000000000000000000000000000000000111111110000000000000000000000001111111110000000000011111111,1,0
301,0,TypeA,52000,000000000000000000000000000111111110000000000000111111111100000000000000000000000000000000000000000000000000111111110000000000000000000000011111111100000000000011111111,1,0
302,0,TypeA,52000,000000000000000000000000000111111110000000000000111111111100000000000000000000000000000000000000000000000000111111111000000000000000000000000111111110000000000011111111,1,0
303,0,TypeA,52000,000000000000000000000000000111111110000000000000111111111100000000000000000000000000000000000000000000000000111111111000000000000000000000001111111100000000000011111111,1,0
304,0,TypeA,52000,000000000000000000000000001111111110000000000000011111111100000000000000000000000000000000000000000000000000111111110000000000000000000000001111111110000000000011111111,1,0
305,0,TypeA,52000,000000000000000000000000001111111110000000000000011111111100000000000000000000000000000000000000000000000000111111110000000000000000000000011111111100000000000011111111,1,0
306,0,TypeA,52000,000000000000000000000000001111111110000000000000011111111100000000000000000000000000000000000000000000000000111111111000000000000000000000000111111110000000000011111111,1,0
307,0,TypeA,52000,000000000000000000000000001111111110000000000000011111111100000000000000000000000000000000000000000000000000111111111000000000000000000000001111111100000000000011111111,1,0
308,0,TypeA,52000,000000000000000000000000001111111110000000000000111111111100000000000000000000000000000000000000000000000000111111110000000000000000000000000111111110000000000011111111,1,0
309,0,TypeA,52000,000000000000000000000000001111111110000000000000111111111100000000000000000000000000000000000000000000000000111111110000000000000000000000001111111100000000000011111111,1,0
310,0,TypeA,52000,000000000000000000000000011111111110000000000000011111111100000000000000000000000000000000000000000000000000111111110000000000000000000000000111111110000000000011111111,1,0
311,0,TypeA,52000,000000000000000000000000011111111110000000000000011111111100000000000000000000000000000000000000000000000000111111110000000000000000000000001111111100000000000011111111,1,0
312,0,TypeA,52100,000000000000000000000000000001111111100000000000011111111100000000000000000000000000000000000000000000000000111111110000000000000000000000111111111100000000000111111111,1,0
313,0,TypeA,52100,000000000000000000000000000001111111100000000000011111111100000000000000000000000000000000000000000000000001111111110000000000000000000000011111111100000000000111111111,1,0
314,0,TypeA,52100,000000000000000000000000000001111111100000000000011111111100000000000000000000000000000000000000000000000001111111110000000000000000000000111111111100000000000011111111,1,0
315,0,TypeA,52100,000000000000000000000000000001111111100000000000011111111100000000000000000000000000000000000000000000000001111111111000000000000000000000001111111100000000000111111111,1,0
316,0,TypeA,52100,000000000000000000000000000001111111100000000000011111111100000000000000000000000000000000000000000000000011111111110000000000000000000000001111111110000000000011111111,1,0
317,0,TypeA,52100,000000000000000000000000000001111111100000000000011111111100000000000000000000000000000000000000000000000011111111110000000000000000000000011111111100000000000011111111,1,0
318,0,TypeA,52100,000000000000000000000000000001111111100000000000011111111110000000000000000000000000000000000000000000000000111111110000000000000000000000011111111100000000000111111111,1,0
319,0,TypeA,52100,000000000000000000000000000001111111100000000000011111111110000000000000000000000000000000000000000000000000111111110000000000000000000000111111111100000000000011111111,1,0
320,0,TypeA,52100,000000000000000000000000000001111111100000000000011111111110000000000000000000000000000000000000000000000000111111111000000000000000000000001111111100000000000111111111,1,0
321,0,TypeA,52100,000000000000000000000000000001111111100000000000011111111110000000000000000000000000000000000000000000000001111111110000000000000000000000001111111110000000000011111111,1,0
322,0,TypeA,52100,000000000000000000000000000001111111100000000000011111111110000000000000000000000000000000000000000000000001111111110000000000000000000000011111111100000000000011111111,1,0
323,0,TypeA,52100,000000000000000000000000000001111111100000000000011111111110000000000000000000000000000000000000000000000001111111111000000000000000000000000111111110000000000011111111,1,0
324,0,TypeA,52100,000000000000000000000000000001111111100000000000011111111110000000000000000000000000000000000000000000000001111111111000000000000000000000001111111100000000000011111111,1,0
325,0,TypeA,52100,000000000000000000000000000001111111100000000000111111111100000000000000000000000000000000000000000000000001111111110000000000000000000000001111111100000000000111111111,1,0
326,0,TypeA,52100,000000000000000000000000000001111111100000000000111111111100000000000000000000000000000000000000000000000011111111110000000000000000000000000111111110000000000011111111,1,0
327,0,TypeA,52100,000000000000000000000000000001111111100000000000111111111100000000000000000000000000000000000000000000000011111111110000000000000000000000001111111100000000000011111111,1,0
328,0,TypeA,52100,000000000000000000000000000001111111110000000000011111111100000000000000000000000000000000000000000000000000111111110000000000000000000000011111111100000000000111111111,1,0
329,0,TypeA,52100,000000000000000000000000000001111111110000000000011111111100000000000000000000000000000000000000000000000000111111110000000000000000000000111111111100000000000011111111,1,0
330,0,TypeA,52100,000000000000000000000000000001111111110000000000011111111100000000000000000000000000000000000000000000000000111111111000000000000000000000001111111100000000000111111111,1,0
331,0,TypeA,52100,000000000000000000000000000001111111110000000000011111111100000000000000000000000000000000000000000000000001111111110000000000000000000000001111111110000000000011111111,1,0
332,0,TypeA,52100,000000000000000000000000000001111111110000000000011111111100000000000000000000000000000000000000000000000001111111110000000000000000000000011111111100000000000011111111,1,0
333,0,TypeA,52100,000000000000000000000000000001111111110000000000011111111100000000000000000000000000000000000000000000000001111111111000000000000000000000000111111110000000000011111111,1,0
334,0,TypeA,52100,000000000000000000000000000001111111110000000000011111111100000000000000000000000000000000000000000000000001111111111000000000000000000000001111111100000000000011111111,1,0
335,0,TypeA,52100,000000000000000000000000000001111111110000000000011111111110000000000000000000000000000000000000000000000000111111110000000000000000000000001111111110000000000011111111,1,0
336,0,TypeA,52100,000000000000000000000000000001111111110000000000011111111110000000000000000000000000000000000000000000000000111111110000000000000000000000011111111100000000000011111111,1,0
337,0,TypeA,52100,000000000000000000000000000001111111110000000000011111111110000000000000000000000000000000000000000000000000111111111000000000000000000000000111111110000000000011111111,1,0
338,0,TypeA,52100,000000000000000000000000000001111111110000000000011111111110000000000000000000000000000000000000000000000000111111111000000000000000000000001111111100000000000011111111,1,0
339,0,TypeA,52100,000000000000000000000000000011111111000000000000011111111100000000000000000000000000000000000000000000000011111111110000000000000000000000001111111100000000000111111111,1,0
340,0,TypeA,52100,000000000000000000000000000011111111000000000000011111111110000000000000000000000000000000000000000000000001111111110000000000000000000000001111111100000000000111111111,1,0
341,0,TypeA,52100,000000000000000000000000000011111111000000000000011111111110000000000000000000000000000000000000000000000011111111110000000000000000000000000111111110000000000011111111,1,0
342,0,TypeA,52100,000000000000000000000000000011111111000000000000011111111110000000000000000000000000000000000000000000000011111111110000000000000000000000001111111100000000000011111111,1,0
343,0,TypeA,52100,000000000000000000000000000011111111100000000000011111111100000000000000000000000000000000000000000000000001111111110000000000000000000000001111111100000000000111111111,1,0
344,0,TypeA,52100,000000000000000000000000000011111111100000000000011111111100000000000000000000000000000000000000000000000011111111110000000000000000000000000111111110000000000011111111,1,0
345,0,TypeA,52100,000000000000000000000000000011111111100000000000011111111100000000000000000000000000000000000000000000000011111111110000000000000000000000001111111100000000000011111111,1,0
346,0,TypeA,52100,000000000000000000000000000011111111100000000000011111111110000000000000000000000000000000000000000000000000111111110000000000000000000000001111111100000000000111111111,1,0
347,0,TypeA,52100,000000000000000000000000000011111111100000000000011111111110000000000000000000000000000000000000000000000001111111110000000000000000000000000111111110000000000011111111,1,0
348,0,TypeA,52100,000000000000000000000000000011111111100000000000011111111110000000000000000000000000000000000000000000000001111111110000000000000000000000001111111100000000000011111111,1,0
349,0,TypeA,52100,000000000000000000000000000011111111110000000000011111111100000000000000000000000000000000000000000000000000111111110000000000000000000000001111111100000000000111111111,1,0
350,0,TypeA,52100,000000000000000000000000000011111111110000000000011111111100000000000000000000000000000000000000000000000001111111110000000000000000000000000111111110000000000011111111,1,0
351,0,TypeA,52100,000000000000000000000000000011111111110000000000011111111100000000000000000000000000000000000000000000000001111111110000000000000000000000001111111100000000000011111111,1,0
352,0,TypeA,52100,000000000000000000000000000011111111110000000000011111111110000000000000000000000000000000000000000000000000111111110000000000000000000000000111111110000000000011111111,1,0
353,0,TypeA,52100,000000000000000000000000000011111111110000000000011111111110000000000000000000000000000000000000000000000000111111110000000000000000000000001111111100000000000011111111,1,0
354,0,TypeA,52400,000000000000000000000000000001111111100000000000011111111100000000000000000000000000000000000000000000000000111111111000000000000000000000011111111100000000000111111111,1,0
355,0,TypeA,52400,000000000000000000000000000001111111100000000000011111111100000000000000000000000000000000000000000000000000111111111000000000000000000000111111111100000000000011111111,1,0
356,0,TypeA,52400,000000000000000000000000000001111111100000000000011111111100000000000000000000000000000000000000000000000000111111111100000000000000000000001111111100000000000111111111,1,0
357,0,TypeA,52400,000000000000000000000000000001111111100000000000011111111100000000000000000000000000000000000000000000000001111111110000000000000000000000011111111110000000000011111111,1,0
358,0,TypeA,52400,000000000000000000000000000001111111100000000000011111111100000000000000000000000000000000000000000000000001111111111000000000000000000000001111111110000000000011111111,1,0
359,0,TypeA,52400,000000000000000000000000000001111111100000000000011111111100000000000000000000000000000000000000000000000001111111111000000000000000000000011111111100000000000011111111,1,0
360,0,TypeA,52400,000000000000000000000000000001111111100000000000011111111110000000000000000000000000000000000000000000000000111111110000000000000000000000011111111110000000000011111111,1,0
361,0,TypeA,52400,000000000000000000000000000001111111100000000000011111111110000000000000000000000000000000000000000000000000111111111000000000000000000000001111111110000000000011111111,1,0
362,0,TypeA,52400,000000000000000000000000000001111111100000000000011111111110000000000000000000000000000000000000000000000000111111111000000000000000000000011111111100000000000011111111,1,0
363,0,TypeA,52400,000000000000000000000000000001111111100000000000011111111110000000000000000000000000000000000000000000000000111111111100000000000000000000000111111110000000000011111111,1,0
364,0,TypeA,52400,000000000000000000000000000001111111100000000000011111111110000000000000000000000000000000000000000000000000111111111100000000000000000000001111111100000000000011111111,1,0
365,0,TypeA,52400,000000000000000000000000000001111111100000000000111111111100000000000000000000000000000000000000000000000000111111110000000000000000000000011111111100000000000111111111,1,0
366,0,TypeA,52400,000000000000000000000000000001111111100000000000111111111100000000000000000000000000000000000000000000000000111111110000000000000000000000111111111100000000000011111111,1,0
367,0,TypeA,52400,000000000000000000000000000001111111100000000000111111111100000000000000000000000000000000000000000000000000111111111000000000000000000000001111111100000000000111111111,1,0
368,0,TypeA,52400,000000000000000000000000000001111111100000000000111111111100000000000000000000000000000000000000000000000001111111110000000000000000000000001111111110000000000011111111,1,0
369,0,TypeA,52400,000000000000000000000000000001111111100000000000111111111100000000000000000000000000000000000000000000000001111111110000000000000000000000011111111100000000000011111111,1,0
370,0,TypeA,52400,000000000000000000000000000001111111100000000000111111111100000000000000000000000000000000000000000000000001111111111000000000000000000000000111111110000000000011111111,1,0
371,0,TypeA,52400,000000000000000000000000000001111111100000000000111111111100000000000000000000000000000000000000000000000001111111111000000000000000000000001111111100000000000011111111,1,0
372,0,TypeA,52400,000000000000000000000000000001111111110000000000011111111100000000000000000000000000000000000000000000000000111111110000000000000000000000011111111110000000000011111111,1,0
373,0,TypeA,52400,000000000000000000000000000001111111110000000000011111111100000000000000000000000000000000000000000000000000111111111000000000000000000000001111111110000000000011111111,1,0
374,0,TypeA,52400,000000000000000000000000000001111111110000000000011111111100000000000000000000000000000000000000000000000000111111111000000000000000000000011111111100000000000011111111,1,0
375,0,TypeA,52400,000000000000000000000000000001111111110000000000011111111100000000000000000000000000000000000000000000000000111111111100000000000000000000000111111110000000000011111111,1,0
376,0,TypeA,52400,000000000000000000000000000001111111110000000000011111111100000000000000000000000000000000000000000000000000111111111100000000000000000000001111111100000000000011111111,1,0
377,0,TypeA,52400,000000000000000000000000000011111111000000000000011111111100000000000000000000000000000000000000000000000000111111110000000000000000000000111111111100000000000111111111,1,0
378,0,TypeA,52400,000000000000000000000000000011111111000000000000011111111100000000000000000000000000000000000000000000000001111111110000000000000000000000011111111100000000000111111111,1,0
379,0,TypeA,52400,000000000000000000000000000011111111000000000000011111111100000000000000000000000000000000000000000000000001111111110000000000000000000000111111111100000000000011111111,1,0
380,0,TypeA,52400,000000000000000000000000000011111111000000000000011111111100000000000000000000000000000000000000000000000001111111111000000000000000000000001111111100000000000111111111,1,0
381,0,TypeA,52400,000000000000000000000000000011111111000000000000011111111100000000000000000000000000000000000000000000000011111111110000000000000000000000001111111110000000000011111111,1,0
382,0,TypeA,52400,000000000000000000000000000011111111000000000000011111111100000000000000000000000000000000000000000000000011111111110000000000000000000000011111111100000000000011111111,1,0
383,0,TypeA,52400,000000000000000000000000000011111111000000000000011111111110000000000000000000000000000000000000000000000000111111110000000000000000000000011111111100000000000111111111,1,0
384,0,TypeA,52400,000000000000000000000000000011111111000000000000011111111110000000000000000000000000000000000000000000000000111111110000000000000000000000111111111100000000000011111111,1,0
385,0,TypeA,52400,000000000000000000000000000011111111000000000000011111111110000000000000000000000000000000000000000000000000111111111000000000000000000000001111111100000000000111111111,1,0
386,0,TypeA,52400,000000000000000000000000000011111111000000000000011111111110000000000000000000000000000000000000000000000001111111110000000000000000000000001111111110000000000011111111,1,0
387,0,TypeA,52400,000000000000000000000000000011111111000000000000011111111110000000000000000000000000000000000000000000000001111111110000000000000000000000011111111100000000000011111111,1,0
388,0,TypeA,52400,000000000000000000000000000011111111000000000000011111111110000000000000000000000000000000000000000000000001111111111000000000000000000000000111111110000000000011111111,1,0
389,0,TypeA,52400,000000000000000000000000000011111111000000000000011111111110000000000000000000000000000000000000000000000001111111111000000000000000000000001111111100000000000011111111,1,0
390,0,TypeA,52400,000000000000000000000000000011111111000000000000111111111100000000000000000000000000000000000000000000000001111111110000000000000000000000001111111100000000000111111111,1,0
391,0,TypeA,52400,000000000000000000000000000011111111000000000000111111111100000000000000000000000000000000000000000000000011111111110000000000000000000000000111111110000000000011111111,1,0
392,0,TypeA,52400,000000000000000000000000000011111111000000000000111111111100000000000000000000000000000000000000000000000011111111110000000000000000000000001111111100000000000011111111,1,0
393,0,TypeA,52400,000000000000000000000000000011111111100000000000011111111100000000000000000000000000000000000000000000000000111111110000000000000000000000011111111100000000000111111111,1,0
394,0,TypeA,52400,000000000000000000000000000011111111100000000000011111111100000000000000000000000000000000000000000000000000111111110000000000000000000000111111111100000000000011111111,1,0
395,0,TypeA,52400,000000000000000000000000000011111111100000000000011111111100000000000000000000000000000000000000000000000000111111111000000000000000000000001111111100000000000111111111,1,0
396,0,TypeA,52400,000000000000000000000000000011111111100000000000011111111100000000000000000000000000000000000000000000000001111111110000000000000000000000001111111110000000000011111111,1,0
397,0,TypeA,52400,000000000000000000000000000011111111100000000000011111111100000000000000000000000000000000000000000000000001111111110000000000000000000000011111111100000000000011111111,1,0
398,0,TypeA,52400,000000000000000000000000000011111111100000000000011111111100000000000000000000000000000000000000000000000001111111111000000000000000000000000111111110000000000011111111,1,0
399,0,TypeA,52400,000000000000000000000000000011111111100000000000011111111100000000000000000000000000000000000000000000000001111111111000000000000000000000001111111100000000000011111111,1,0
400,0,TypeA,52400,000000000000000000000000000011111111100000000000011111111110000000000000000000000000000000000000000000000000111111110000000000000000000000001111111110000000000011111111,1,0
401,0,TypeA,52400,000000000000000000000000000011111111100000000000011111111110000000000000000000000000000000000000000000000000111111110000000000000000000000011111111100000000000011111111,1,0
402,0,TypeA,52400,000000000000000000000000000011111111100000000000011111111110000000000000000000000000000000000000000000000000111111111000000000000000000000000111111110000000000011111111,1,0
403,0,TypeA,52400,000000000000000000000000000011111111100000000000011111111110000000000000000000000000000000000000000000000000111111111000000000000000000000001111111100000000000011111111,1,0
404,0,TypeA,52400,000000000000000000000000000011111111100000000000111111111100000000000000000000000000000000000000000000000000111111110000000000000000000000001111111100000000000111111111,1,0
405,0,TypeA,52400,000000000000000000000000000011111111100000000000111111111100000000000000000000000000000000000000000000000001111111110000000000000000000000000111111110000000000011111111,1,0
406,0,TypeA,52400,000000000000000000000000000011111111100000000000111111111100000000000000000000000000000000000000000000000001111111110000000000000000000000001111111100000000000011111111,1,0
407,0,TypeA,52400,000000000000000000000000000011111111110000000000011111111100000000000000000000000000000000000000000000000000111111110000000000000000000000001111111110000000000011111111,1,0
408,0,TypeA,52400,000000000000000000000000000011111111110000000000011111111100000000000000000000000000000000000000000000000000111111110000000000000000000000011111111100000000000011111111,1,0
409,0,TypeA,52400,000000000000000000000000000011111111110000000000011111111100000000000000000000000000000000000000000000000000111111111000000000000000000000000111111110000000000011111111,1,0
410,0,TypeA,52400,000000000000000000000000000011111111110000000000011111111100000000000000000000000000000000000000000000000000111111111000000000000000000000001111111100000000000011111111,1,0
411,0,TypeA,52400,000000000000000000000000000111111110000000000000011111111100000000000000000000000000000000000000000000000011111111110000000000000000000000001111111100000000000111111111,1,0
412,0,TypeA,52400,000000000000000000000000000111111110000000000000011111111110000000000000000000000000000000000000000000000001111111110000000000000000000000001111111100000000000111111111,1,0
413,0,TypeA,52400,000000000000000000000000000111111110000000000000011111111110000000000000000000000000000000000000000000000011111111110000000000000000000000000111111110000000000011111111,1,0
414,0,TypeA,52400,000000000000000000000000000111111110000000000000011111111110000000000000000000000000000000000000000000000011111111110000000000000000000000001111111100000000000011111111,1,0
415,0,TypeA,52400,000000000000000000000000000111111111000000000000011111111100000000000000000000000000000000000000000000000001111111110000000000000000000000001111111100000000000111111111,1,0
416,0,TypeA,52400,000000000000000000000000000111111111000000000000011111111100000000000000000000000000000000000000000000000011111111110000000000000000000000000111111110000000000011111111,1,0
417,0,TypeA,52400,000000000000000000000000000111111111000000000000011111111100000000000000000000000000000000000000000000000011111111110000000000000000000000001111111100000000000011111111,1,0
418,0,TypeA,52400,000000000000000000000000000111111111000000000000011111111110000000000000000000000000000000000000000000000000111111110000000000000000000000001111111100000000000111111111,1,0
419,0,TypeA,52400,000000000000000000000000000111111111000000000000011111111110000000000000000000000000000000000000000000000001111111110000000000000000000000000111111110000000000011111111,1,0
420,0,TypeA,52400,000000000000000000000000000111111111000000000000011111111110000000000000000000000000000000000000000000000001111111110000000000000000000000001111111100000000000011111111,1,0
421,0,TypeA,52400,000000000000000000000000000111111111100000000000011111111100000000000000000000000000000000000000000000000000111111110000000000000000000000001111111100000000000111111111,1,0
422,0,TypeA,52400,000000000000000000000000000111111111100000000000011111111100000000000000000000000000000000000000000000000001111111110000000000000000000000000111111110000000000011111111,1,0
423,0,TypeA,52400,000000000000000000000000000111111111100000000000011111111100000000000000000000000000000000000000000000000001111111110000000000000000000000001111111100000000000011111111,1,0
424,0,TypeA,52400,000000000000000000000000000111111111100000000000011111111110000000000000000000000000000000000000000000000000111111110000000000000000000000000111111110000000000011111111,1,0
425,0,TypeA,52400,000000000000000000000000000111111111100000000000011111111110000000000000000000000000000000000000000000000000111111110000000000000000000000001111111100000000000011111111,1,0
426,0,TypeA,52700,000000000000000000000000000001111111100000000000011111111100000000000000000000000000000000000000000000000000111111111000000000000000000000011111111110000000000011111111,1,0
427,0,TypeA,52700,000000000000000000000000000001111111100000000000011111111100000000000000000000000000000000000000000000000000111111111100000000000000000000001111111110000000000011111111,1,0
428,0,TypeA,52700,000000000000000000000000000001111111100000000000011111111100000000000000000000000000000000000000000000000000111111111100000000000000000000011111111100000000000011111111,1,0
429,0,TypeA,52700,000000000000000000000000000001111111100000000000111111111100000000000000000000000000000000000000000000000000111111110000000000000000000000011111111110000000000011111111,1,0
430,0,TypeA,52700,000000000000000000000000000001111111100000000000111111111100000000000000000000000000000000000000000000000000111111111000000000000000000000001111111110000000000011111111,1,0
431,0,TypeA,52700,000000000000000000000000000001111111100000000000111111111100000000000000000000000000000000000000000000000000111111111000000000000000000000011111111100000000000011111111,1,0
432,0,TypeA,52700,000000000000000000000000000001111111100000000000111111111100000000000000000000000000000000000000000000000000111111111100000000000000000000000111111110000000000011111111,1,0
433,0,TypeA,52700,000000000000000000000000000001111111100000000000111111111100000000000000000000000000000000000000000000000000111111111100000000000000000000001111111100000000000011111111,1,0
434,0,TypeA,52700,000000000000000000000000000011111111000000000000011111111100000000000000000000000000000000000000000000000000111111111000000000000000000000011111111100000000000111111111,1,0
435,0,TypeA,52700,000000000000000000000000000011111111000000000000011111111100000000000000000000000000000000000000000000000000111111111000000000000000000000111111111100000000000011111111,1,0
436,0,TypeA,52700,000000000000000000000000000011111111000000000000011111111100000000000000000000000000000000000000000000000000111111111100000000000000000000001111111100000000000111111111,1,0
437,0,TypeA,52700,000000000000000000000000000011111111000000000000011111111100000000000000000000000000000000000000000000000001111111110000000000000000000000011111111110000000000011111111,1,0
438,0,TypeA,52700,000000000000000000000000000011111111000000000000011111111100000000000000000000000000000000000000000000000001111111111000000000000000000000001111111110000000000011111111,1,0
439,0,TypeA,52700,000000000000000000000000000011111111000000000000011111111100000000000000000000000000000000000000000000000001111111111000000000000000000000011111111100000000000011111111,1,0
440,0,TypeA,52700,000000000000000000000000000011111111000000000000011111111110000000000000000000000000000000000000000000000000111111110000000000000000000000011111111110000000000011111111,1,0
441,0,TypeA,52700,000000000000000000000000000011111111000000000000011111111110000000000000000000000000000000000000000000000000111111111000000000000000000000001111111110000000000011111111,1,0
442,0,TypeA,52700,000000000000000000000000000011111111000000000000011111111110000000000000000000000000000000000000000000000000111111111000000000000000000000011111111100000000000011111111,1,0
443,0,TypeA,52700,000000000000000000000000000011111111000000000000011111111110000000000000000000000000000000000000000000000000111111111100000000000000000000000111111110000000000011111111,1,0
444,0,TypeA,52700,000000000000000000000000000011111111000000000000011111111110000000000000000000000000000000000000000000000000111111111100000000000000000000001111111100000000000011111111,1,0
445,0,TypeA,52700,000000000000000000000000000011111111000000000000111111111100000000000000000000000000000000000000000000000000111111110000000000000000000000011111111100000000000111111111,1,0
446,0,TypeA,52700,000000000000000000000000000011111111000000000000111111111100000000000000000000000000000000000000000000000000111111110000000000000000000000111111111100000000000011111111,1,0
447,0,TypeA,52700,000000000000000000000000000011111111000000000000111111111100000000000000000000000000000000000000000000000000111111111000000000000000000000001111111100000000000111111111,1,0
448,0,TypeA,52700,000000000000000000000000000011111111000000000000111111111100000000000000000000000000000000000000000000000001111111110000000000000000000000001111111110000000000011111111,1,0
449,0,TypeA,52700,000000000000000000000000000011111111000000000000111111111100000000000000000000000000000000000000000000000001111111110000000000000000000000011111111100000000000011111111,1,0
450,0,TypeA,52700,000000000000000000000000000011111111000000000000111111111100000000000000000000000000000000000000000000000001111111111000000000000000000000000111111110000000000011111111,1,0
451,0,TypeA,52700,000000000000000000000000000011111111000000000000111111111100000000000000000000000000000000000000000000000001111111111000000000000000000000001111111100000000000011111111,1,0
452,0,TypeA,52700,000000000000000000000000000011111111100000000000011111111100000000000000000000000000000000000000000000000000111111110000000000000000000000011111111110000000000011111111,1,0
453,0,TypeA,52700,000000000000000000000000000011111111100000000000011111111100000000000000000000000000000000000000000000000000111111111000000000000000000000001111111110000000000011111111,1,0
454,0,TypeA,52700,000000000000000000000000000011111111100000000000011111111100000000000000000000000000000000000000000000000000111111111000000000000000000000011111111100000000000011111111,1,0
455,0,TypeA,52700,000000000000000000000000000011111111100000000000011111111100000000000000000000000000000000000000000000000000111111111100000000000000000000000111111110000000000011111111,1,0
456,0,TypeA,52700,000000000000000000000000000011111111100000000000011111111100000000000000000000000000000000000000000000000000111111111100000000000000000000001111111100000000000011111111,1,0
457,0,TypeA,52700,000000000000000000000000000011111111100000000000111111111100000000000000000000000000000000000000000000000000111111110000000000000000000000001111111110000000000011111111,1,0
458,0,TypeA,52700,000000000000000000000000000011111111100000000000111111111100000000000000000000000000000000000000000000000000111111110000000000000000000000011111111100000000000011111111,1,0
459,0,TypeA,52700,000000000000000000000000000011111111100000000000111111111100000000000000000000000000000000000000000000000000111111111000000000000000000000000111111110000000000011111111,1,0
460,0,TypeA,52700,000000000000000000000000000011111111100000000000111111111100000000000000000000000000000000000000000000000000111111111000000000000000000000001111111100000000000011111111,1,0
461,0,TypeA,52700,000000000000000000000000000111111110000000000000011111111100000000000000000000000000000000000000000000000000111111110000000000000000000000111111111100000000000111111111,1,0
462,0,TypeA,52700,000000000000000000000000000111111110000000000000011111111100000000000000000000000000000000000000000000000001111111110000000000000000000000011111111100000000000111111111,1,0
463,0,TypeA,52700,000000000000000000000000000111111110000000000000011111111100000000000000000000000000000000000000000000000001111111110000000000000000000000111111111100000000000011111111,1,0
464,0,TypeA,52700,000000000000000000000000000111111110000000000000011111111100000000000000000000000000000000000000000000000001111111111000000000000000000000001111111100000000000111111111,1,0
465,0,TypeA,52700,000000000000000000000000000111111110000000000000011111111100000000000000000000000000000000000000000000000011111111110000000000000000000000001111111110000000000011111111,1,0
466,0,TypeA,52700,000000000000000000000000000111111110000000000000011111111100000000000000000000000000000000000000000000000011111111110000000000000000000000011111111100000000000011111111,1,0
467,0,TypeA,52700,000000000000000000000000000111111110000000000000011111111110000000000000000000000000000000000000000000000000111111110000000000000000000000011111111100000000000111111111,1,0
468,0,TypeA,52700,000000000000000000000000000111111110000000000000011111111110000000000000000000000000000000000000000000000000111111110000000000000000000000111111111100000000000011111111,1,0
469,0,TypeA,52700,000000000000000000000000000111111110000000000000011111111110000000000000000000000000000000000000000000000000111111111000000000000000000000001111111100000000000111111111,1,0
470,0,TypeA,52700,000000000000000000000000000111111110000000000000011111111110000000000000000000000000000000000000000000000001111111110000000000000000000000001111111110000000000011111111,1,0
471,0,TypeA,52700,000000000000000000000000000111111110000000000000011111111110000000000000000000000000000000000000000000000001111111110000000000000000000000011111111100000000000011111111,1,0
472,0,TypeA,52700,000000000000000000000000000111111110000000000000011111111110000000000000000000000000000000000000000000000001111111111000000000000000000000000111111110000000000011111111,1,0
473,0,TypeA,52700,000000000000000000000000000111111110000000000000011111111110000000000000000000000000000000000000000000000001111111111000000000000000000000001111111100000000000011111111,1,0
474,0,TypeA,52700,000000000000000000000000000111111110000000000000111111111100000000000000000000000000000000000000000000000001111111110000000000000000000000001111111100000000000111111111,1,0
475,0,TypeA,52700,000000000000000000000000000111111110000000000000111111111100000000000000000000000000000000000000000000000011111111110000000000000000000000000111111110000000000011111111,1,0
476,0,TypeA,52700,000000000000000000000000000111111110000000000000111111111100000000000000000000000000000000000000000000000011111111110000000000000000000000001111111100000000000011111111,1,0
477,0,TypeA,52700,000000000000000000000000000111111111000000000000011111111100000000000000000000000000000000000000000000000000111111110000000000000000000000011111111100000000000111111111,1,0
478,0,TypeA,52700,000000000000000000000000000111111111000000000000011111111100000000000000000000000000000000000000000000000000111111110000000000000000000000111111111100000000000011111111,1,0
479,0,TypeA,52700,000000000000000000000000000111111111000000000000011111111100000000000000000000000000000000000000000000000000111111111000000000000000000000001111111100000000000111111111,1,0
480,0,TypeA,52700,000000000000000000000000000111111111000000000000011111111100000000000000000000000000000000000000000000000001111111110000000000000000000000001111111110000000000011111111,1,0
481,0,TypeA,52700,000000000000000000000000000111111111000000000000011111111100000000000000000000000000000000000000000000000001111111110000000000000000000000011111111100000000000011111111,1,0
482,0,TypeA,52700,000000000000000000000000000111111111000000000000011111111100000000000000000000000000000000000000000000000001111111111000000000000000000000000111111110000000000011111111,1,0
483,0,TypeA,52700,000000000000000000000000000111111111000000000000011111111100000000000000000000000000000000000000000000000001111111111000000000000000000000001111111100000000000011111111,1,0
484,0,TypeA,52700,000000000000000000000000000111111111000000000000011111111110000000000000000000000000000000000000000000000000111111110000000000000000000000001111111110000000000011111111,1,0
485,0,TypeA,52700,000000000000000000000000000111111111000000000000011111111110000000000000000000000000000000000000000000000000111111110000000000000000000000011111111100000000000011111111,1,0
486,0,TypeA,52700,000000000000000000000000000111111111000000000000011111111110000000000000000000000000000000000000000000000000111111111000000000000000000000000111111110000000000011111111,1,0
487,0,TypeA,52700,000000000000000000000000000111111111000000000000011111111110000000000000000000000000000000000000000000000000111111111000000000000000000000001111111100000000000011111111,1,0
488,0,TypeA,52700,000000000000000000000000000111111111000000000000111111111100000000000000000000000000000000000000000000000000111111110000000000000000000000001111111100000000000111111111,1,0
489,0,TypeA,52700,000000000000000000000000000111111111000000000000111111111100000000000000000000000000000000000000000000000001111111110000000000000000000000000111111110000000000011111111,1,0
490,0,TypeA,52700,000000000000000000000000000111111111000000000000111111111100000000000000000000000000000000000000000000000001111111110000000000000000000000001111111100000000000011111111,1,0
491,0,TypeA,52700,000000000000000000000000000111111111100000000000011111111100000000000000000000000000000000000000000000000000111111110000000000000000000000001111111110000000000011111111,1,0
492,0,TypeA,52700,000000000000000000000000000111111111100000000000011111111100000000000000000000000000000000000000000000000000111111110000000000000000000000011111111100000000000011111111,1,0
493,0,TypeA,52700,000000000000000000000000000111111111100000000000011111111100000000000000000000000000000000000000000000000000111111111000000000000000000000000111111110000000000011111111,1,0
494,0,TypeA,52700,000000000000000000000000000111111111100000000000011111111100000000000000000000000000000000000000000000000000111111111000000000000000000000001111111100000000000011111111,1,0
495,0,TypeA,52700,000000000000000000000000000111111111100000000000111111111100000000000000000000000000000000000000000000000000111111110000000000000000000000000111111110000000000011111111,1,0
496,0,TypeA,52700,000000000000000000000000000111111111100000000000111111111100000000000000000000000000000000000000000000000000111111110000000000000000000000001111111100000000000011111111,1,0
497,0,TypeA,52700,000000000000000000000000001111111110000000000000011111111100000000000000000000000000000000000000000000000001111111110000000000000000000000001111111100000000000111111111,1,0
498,0,TypeA,52700,000000000000000000000000001111111110000000000000011111111100000000000000000000000000000000000000000000000011111111110000000000000000000000000111111110000000000011111111,1,0
499,0,TypeA,52700,000000000000000000000000001111111110000000000000011111111100000000000000000000000000000000000000000000000011111111110000000000000000000000001111111100000000000011111111,1,0
500,0,TypeA,52700,000000000000000000000000001111111110000000000000011111111110000000000000000000000000000000000000000000000000111111110000000000000000000000001111111100000000000111111111,1,0
501,0,TypeA,52700,000000000000000000000000001111111110000000000000011111111110000000000000000000000000000000000000000000000001111111110000000000000000000000000111111110000000000011111111,1,0
502,0,TypeA,52700,000000000000000000000000001111111110000000000000011111111110000000000000000000000000000000000000000000000001111111110000000000000000000000001111111100000000000011111111,1,0
503,0,TypeA,52700,000000000000000000000000001111111111000000000000011111111100000000000000000000000000000000000000000000000000111111110000000000000000000000001111111100000000000111111111,1,0
504,0,TypeA,52700,000000000000000000000000001111111111000000000000011111111100000000000000000000000000000000000000000000000001111111110000000000000000000000000111111110000000000011111111,1,0
505,0,TypeA,52700,000000000000000000000000001111111111000000000000011111111100000000000000000000000000000000000000000000000001111111110000000000000000000000001111111100000000000011111111,1,0
506,0,TypeA,52700,000000000000000000000000001111111111000000000000011111111110000000000000000000000000000000000000000000000000111111110000000000000000000000000111111110000000000011111111,1,0
507,0,TypeA,52700,000000000000000000000000001111111111000000000000011111111110000000000000000000000000000000000000000000000000111111110000000000000000000000001111111100000000000011111111,1,0
508,0,TypeA,52800,000000000000000000000000000001111111100000000000011111111110000000000000000000000000000000000000000000000011111111110000000000000000000000001111111100000000000111111111,1,0
509,0,TypeA,52800,000000000000000000000000000001111111110000000000011111111100000000000000000000000000000000000000000000000011111111110000000000000000000000001111111100000000000111111111,1,0
510,0,TypeA,52800,000000000000000000000000000001111111110000000000011111111110000000000000000000000000000000000000000000000001111111110000000000000000000000001111111100000000000111111111,1,0
511,0,TypeA,52800,000000000000000000000000000001111111110000000000011111111110000000000000000000000000000000000000000000000011111111110000000000000000000000000111111110000000000011111111,1,0
512,1,TypeB,4000,000000000000000000000000000000000000000000000000000000001111000000000000000000000000000000000000000000000000000000000000000000000000000000000000000000000000000000000000,1,0
513,1,TypeB,8000,000000000000000000000000000011110000000000000000000000001111000000000000000000000000000000000000000000000000000000000000000000000000000000000000000000000000000000000000,1,0
514,1,TypeB,12000,000000000000000000000000000011110000000000000000000000001111000000000000000000000000000000000000000000000000000011110000000000000000000000000000000000000000000000000000,1,0
515,1,TypeB,16000,000000000000000000000000000011110000000000000000000000001111000000000000000000000000000000000000000000000000111111110000000000000000000000000000000000000000000000000000,1,0
516,1,TypeB,20000,000000000000000000000000000011110000000000000000000000001111000000000000111100000000000000000000000000000000111111110000000000000000000000000000000000000000000000000000,1,0
517,1,TypeB,24000,000000000000000000000000000011111111000000000000000000001111000000000000111100000000000000000000000000000000111111110000000000000000000000000000000000000000000000000000,1,0
518,1,TypeB,29200,000000000000000000000000000011111111000000000000000000001111000000000000111100000000000000000000000000000000111111110000000000000000000000000000000000000000000000001111,1,0
519,1,TypeB,34400,000000000000000000000000000011111111000000000000000000001111000000000000111100000000000000000000000000000000111111110000000000000000000000000000000000000000000011111111,1,0
520,1,TypeB,33100,000000000000000000000000000011111111000000000000000000001111000000000000111100000000000000000000000000000000111111110000000000000000000000000000000000000000000001111111,1,0
521,1,TypeB,32100,000000000000000000000000000001111111000000000000000000001111000000000000111100000000000000000000000000000000111111110000000000000000000000000000000000000000000001111111,1,0
522,1,TypeB,31100,000000000000000000000000000001111110000000000000000000001111000000000000111100000000000000000000000000000000111111110000000000000000000000000000000000000000000001111111,1,0
523,1,TypeB,31100,000000000000000000000000000001111110000000000000000000001111000000000000011110000000000000000000000000000000111111110000000000000000000000000000000000000000000001111111,1,0
524,1,TypeB,31100,000000000000000000000000000001111110000000000000000000001111000000000001111000000000000000000000000000000000111111110000000000000000000000000000000000000000000001111111,1,0
525,1,TypeB,31100,000000000000000000000000000001111110000000000000000000001111000000000011110000000000000000000000000000000000111111110000000000000000000000000000000000000000000001111111,1,0
526,1,TypeB,31100,000000000000000000000000000001111110000000000000000000011110000000000000011110000000000000000000000000000000111111110000000000000000000000000000000000000000000001111111,1,0
527,1,TypeB,31100,000000000000000000000000000001111110000000000000000000011110000000000000111100000000000000000000000000000000111111110000000000000000000000000000000000000000000001111111,1,0
528,1,TypeB,31100,000000000000000000000000000001111110000000000000000000011110000000000001111000000000000000000000000000000000111111110000000000000000000000000000000000000000000001111111,1,0
529,1,TypeB,31100,000000000000000000000000000001111110000000000000000000011110000000000011110000000000000000000000000000000000111111110000000000000000000000000000000000000000000001111111,1,0
530,1,TypeB,31100,000000000000000000000000000001111110000000000000000000111100000000000000011110000000000000000000000000000000111111110000000000000000000000000000000000000000000001111111,1,0
531,1,TypeB,31100,000000000000000000000000000001111110000000000000000000111100000000000000111100000000000000000000000000000000111111110000000000000000000000000000000000000000000001111111,1,0
532,1,TypeB,31100,000000000000000000000000000001111110000000000000000000111100000000000001111000000000000000000000000000000000111111110000000000000000000000000000000000000000000001111111,1,0
533,1,TypeB,31100,000000000000000000000000000001111110000000000000000000111100000000000011110000000000000000000000000000000000111111110000000000000000000000000000000000000000000001111111,1,0
534,1,TypeB,32100,000000000000000000000000000001111110000000000000000000001111000000000000011111000000000000000000000000000000111111110000000000000000000000000000000000000000000001111111,1,0
535,1,TypeB,32100,000000000000000000000000000001111110000000000000000000001111000000000000111110000000000000000000000000000000111111110000000000000000000000000000000000000000000001111111,1,0
536,1,TypeB,32100,000000000000000000000000000001111110000000000000000000001111000000000001111100000000000000000000000000000000111111110000000000000000000000000000000000000000000001111111,1,0
537,1,TypeB,32100,000000000000000000000000000001111110000000000000000000001111000000000011111000000000000000000000000000000000111111110000000000000000000000000000000000000000000001111111,1,0
538,1,TypeB,32100,000000000000000000000000000001111110000000000000000000001111000000000111110000000000000000000000000000000000111111110000000000000000000000000000000000000000000001111111,1,0
539,1,TypeB,32100,000000000000000000000000000001111110000000000000000000001111100000000000011110000000000000000000000000000000111111110000000000000000000000000000000000000000000001111111,1,0
540,1,TypeB,32100,000000000000000000000000000001111110000000000000000000001111100000000000111100000000000000000000000000000000111111110000000000000000000000000000000000000000000001111111,1,0
541,1,TypeB,32100,000000000000000000000000000001111110000000000000000000001111100000000001111000000000000000000000000000000000111111110000000000000000000000000000000000000000000001111111,1,0
542,1,TypeB,32100,000000000000000000000000000001111110000000000000000000001111100000000011110000000000000000000000000000000000111111110000000000000000000000000000000000000000000001111111,1,0
543,1,TypeB,32100,000000000000000000000000000001111110000000000000000000011110000000000000011111000000000000000000000000000000111111110000000000000000000000000000000000000000000001111111,1,0
544,1,TypeB,32100,000000000000000000000000000001111110000000000000000000011110000000000000111110000000000000000000000000000000111111110000000000000000000000000000000000000000000001111111,1,0
545,1,TypeB,32100,000000000000000000000000000001111110000000000000000000011110000000000001111100000000000000000000000000000000111111110000000000000000000000000000000000000000000001111111,1,0
546,1,TypeB,32100,000000000000000000000000000001111110000000000000000000011110000000000011111000000000000000000000000000000000111111110000000000000000000000000000000000000000000001111111,1,0
547,1,TypeB,32100,000000000000000000000000000001111110000000000000000000011110000000000111110000000000000000000000000000000000111111110000000000000000000000000000000000000000000001111111,1,0
548,1,TypeB,32100,000000000000000000000000000001111110000000000000000000011111000000000000011110000000000000000000000000000000111111110000000000000000000000000000000000000000000001111111,1,0
549,1,TypeB,32100,000000000000000000000000000001111110000000000000000000011111000000000000111100000000000000000000000000000000111111110000000000000000000000000000000000000000000001111111,1,0
550,1,TypeB,32100,000000000000000000000000000001111110000000000000000000011111000000000001111000000000000000000000000000000000111111110000000000000000000000000000000000000000000001111111,1,0
551,1,TypeB,32100,000000000000000000000000000001111110000000000000000000011111000000000011110000000000000000000000000000000000111111110000000000000000000000000000000000000000000001111111,1,0
552,1,TypeB,32100,000000000000000000000000000001111110000000000000000000111100000000000000011111000000000000000000000000000000111111110000000000000000000000000000000000000000000001111111,1,0
553,1,TypeB,32100,000000000000000000000000000001111110000000000000000000111100000000000000111110000000000000000000000000000000111111110000000000000000000000000000000000000000000001111111,1,0
554,1,TypeB,32100,000000000000000000000000000001111110000000000000000000111100000000000001111100000000000000000000000000000000111111110000000000000000000000000000000000000000000001111111,1,0
555,1,TypeB,32100,000000000000000000000000000001111110000000000000000000111100000000000011111000000000000000000000000000000000111111110000000000000000000000000000000000000000000001111111,1,0
556,1,TypeB,32100,000000000000000000000000000001111110000000000000000000111100000000000111110000000000000000000000000000000000111111110000000000000000000000000000000000000000000001111111,1,0
557,1,TypeB,32100,000000000000000000000000000001111110000000000000000000111110000000000000011110000000000000000000000000000000111111110000000000000000000000000000000000000000000001111111,1,0
558,1,TypeB,32100,000000000000000000000000000001111110000000000000000000111110000000000000111100000000000000000000000000000000111111110000000000000000000000000000000000000000000001111111,1,0
559,1,TypeB,32100,000000000000000000000000000001111110000000000000000000111110000000000001111000000000000000000000000000000000111111110000000000000000000000000000000000000000000001111111,1,0
560,1,TypeB,32100,000000000000000000000000000001111110000000000000000000111110000000000011110000000000000000000000000000000000111111110000000000000000000000000000000000000000000001111111,1,0
561,1,TypeB,32100,000000000000000000000000000001111110000000000000000001111100000000000000011110000000000000000000000000000000111111110000000000000000000000000000000000000000000001111111,1,0
562,1,TypeB,32100,000000000000000000000000000001111110000000000000000001111100000000000000111100000000000000000000000000000000111111110000000000000000000000000000000000000000000001111111,1,0
563,1,TypeB,32100,000000000000000000000000000001111110000000000000000001111100000000000001111000000000000000000000000000000000111111110000000000000000000000000000000000000000000001111111,1,0
564,1,TypeB,32100,000000000000000000000000000001111110000000000000000001111100000000000011110000000000000000000000000000000000111111110000000000000000000000000000000000000000000001111111,1,0
565,1,TypeB,32100,000000000000000000000000000001111111000000000000000000001111000000000000011110000000000000000000000000000000111111110000000000000000000000000000000000000000000001111111,1,0
566,1,TypeB,32100,000000000000000000000000000001111111000000000000000000001111000000000001111000000000000000000000000000000000111111110000000000000000000000000000000000000000000001111111,1,0
567,1,TypeB,32100,000000000000000000000000000001111111000000000000000000001111000000000011110000000000000000000000000000000000111111110000000000000000000000000000000000000000000001111111,1,0
568,1,TypeB,32100,000000000000000000000000000001111111000000000000000000011110000000000000011110000000000000000000000000000000111111110000000000000000000000000000000000000000000001111111,1,0
569,1,TypeB,32100,000000000000000000000000000001111111000000000000000000011110000000000000111100000000000000000000000000000000111111110000000000000000000000000000000000000000000001111111,1,0
570,1,TypeB,32100,000000000000000000000000000001111111000000000000000000011110000000000001111000000000000000000000000000000000111111110000000000000000000000000000000000000000000001111111,1,0
571,1,TypeB,32100,000000000000000000000000000001111111000000000000000000011110000000000011110000000000000000000000000000000000111111110000000000000000000000000000000000000000000001111111,1,0
572,1,TypeB,32100,000000000000000000000000000001111111000000000000000000111100000000000000011110000000000000000000000000000000111111110000000000000000000000000000000000000000000001111111,1,0
573,1,TypeB,32100,000000000000000000000000000001111111000000000000000000111100000000000000111100000000000000000000000000000000111111110000000000000000000000000000000000000000000001111111,1,0
574,1,TypeB,32100,000000000000000000000000000001111111000000000000000000111100000000000001111000000000000000000000000000000000111111110000000000000000000000000000000000000000000001111111,1,0
575,1,TypeB,32100,000000000000000000000000000001111111000000000000000000111100000000000011110000000000000000000000000000000000111111110000000000000000000000000000000000000000000001111111,1,0
576,1,TypeB,32100,000000000000000000000000000011111110000000000000000000001111000000000000011110000000000000000000000000000000111111110000000000000000000000000000000000000000000001111111,1,0
577,1,TypeB,32100,000000000000000000000000000011111110000000000000000000001111000000000000111100000000000000000000000000000000111111110000000000000000000000000000000000000000000001111111,1,0
578,1,TypeB,32100,000000000000000000000000000011111110000000000000000000001111000000000001111000000000000000000000000000000000111111110000000000000000000000000000000000000000000001111111,1,0
579,1,TypeB,32100,000000000000000000000000000011111110000000000000000000001111000000000011110000000000000000000000000000000000111111110000000000000000000000000000000000000000000001111111,1,0
580,1,TypeB,32100,000000000000000000000000000011111110000000000000000000011110000000000000011110000000000000000000000000000000111111110000000000000000000000000000000000000000000001111111,1,0
581,1,TypeB,32100,000000000000000000000000000011111110000000000000000000011110000000000000111100000000000000000000000000000000111111110000000000000000000000000000000000000000000001111111,1,0
582,1,TypeB,32100,000000000000000000000000000011111110000000000000000000011110000000000001111000000000000000000000000000000000111111110000000000000000000000000000000000000000000001111111,1,0
583,1,TypeB,32100,000000000000000000000000000011111110000000000000000000011110000000000011110000000000000000000000000000000000111111110000000000000000000000000000000000000000000001111111,1,0
584,1,TypeB,32100,000000000000000000000000000011111110000000000000000000111100000000000000011110000000000000000000000000000000111111110000000000000000000000000000000000000000000001111111,1,0
585,1,TypeB,32100,000000000000000000000000000011111110000000000000000000111100000000000000111100000000000000000000000000000000111111110000000000000000000000000000000000000000000001111111,1,0
586,1,TypeB,32100,000000000000000000000000000011111110000000000000000000111100000000000001111000000000000000000000000000000000111111110000000000000000000000000000000000000000000001111111,1,0
587,1,TypeB,32100,000000000000000000000000000011111110000000000000000000111100000000000011110000000000000000000000000000000000111111110000000000000000000000000000000000000000000001111111,1,0
588,1,TypeB,32400,000000000000000000000000000001111110000000000000000000001111000000000000011110000000000000000000000000000000111111110000000000000000000000000000000000000000000011111111,1,0
589,1,TypeB,32400,000000000000000000000000000001111110000000000000000000001111000000000000111100000000000000000000000000000000111111110000000000000000000000000000000000000000000011111111,1,0
590,1,TypeB,32400,000000000000000000000000000001111110000000000000000000001111000000000001111000000000000000000000000000000000111111110000000000000000000000000000000000000000000011111111,1,0
591,1,TypeB,32400,000000000000000000000000000001111110000000000000000000001111000000000011110000000000000000000000000000000000111111110000000000000000000000000000000000000000000011111111,1,0
592,1,TypeB,32400,000000000000000000000000000001111110000000000000000000011110000000000000011110000000000000000000000000000000111111110000000000000000000000000000000000000000000011111111,1,0
593,1,TypeB,32400,000000000000000000000000000001111110000000000000000000011110000000000000111100000000000000000000000000000000111111110000000000000000000000000000000000000000000011111111,1,0
594,1,TypeB,32400,000000000000000000000000000001111110000000000000000000011110000000000001111000000000000000000000000000000000111111110000000000000000000000000000000000000000000011111111,1,0
595,1,TypeB,32400,000000000000000000000000000001111110000000000000000000011110000000000011110000000000000000000000000000000000111111110000000000000000000000000000000000000000000011111111,1,0
596,1,TypeB,32400,000000000000000000000000000001111110000000000000000000111100000000000000011110000000000000000000000000000000111111110000000000000000000000000000000000000000000011111111,1,0
597,1,TypeB,32400,000000000000000000000000000001111110000000000000000000111100000000000000111100000000000000000000000000000000111111110000000000000000000000000000000000000000000011111111,1,0
598,1,TypeB,32400,000000000000000000000000000001111110000000000000000000111100000000000001111000000000000000000000000000000000111111110000000000000000000000000000000000000000000011111111,1,0
599,1,TypeB,32400,000000000000000000000000000001111110000000000000000000111100000000000011110000000000000000000000000000000000111111110000000000000000000000000000000000000000000011111111,1,0
600,1,TypeB,33100,000000000000000000000000000001111110000000000000000000001111000000000000011111100000000000000000000000000000111111110000000000000000000000000000000000000000000001111111,1,0
601,1,TypeB,33100,000000000000000000000000000001111110000000000000000000001111000000000000111111000000000000000000000000000000111111110000000000000000000000000000000000000000000001111111,1,0
602,1,TypeB,33100,000000000000000000000000000001111110000000000000000000001111000000000001111110000000000000000000000000000000111111110000000000000000000000000000000000000000000001111111,1,0
603,1,TypeB,33100,000000000000000000000000000001111110000000000000000000001111000000000011111100000000000000000000000000000000111111110000000000000000000000000000000000000000000001111111,1,0
604,1,TypeB,33100,000000000000000000000000000001111110000000000000000000001111000000000111111000000000000000000000000000000000111111110000000000000000000000000000000000000000000001111111,1,0
605,1,TypeB,33100,000000000000000000000000000001111110000000000000000000001111100000000000011111000000000000000000000000000000111111110000000000000000000000000000000000000000000001111111,1,0
606,1,TypeB,33100,000000000000000000000000000001111110000000000000000000001111100000000000111110000000000000000000000000000000111111110000000000000000000000000000000000000000000001111111,1,0
607,1,TypeB,33100,000000000000000000000000000001111110000000000000000000001111100000000001111100000000000000000000000000000000111111110000000000000000000000000000000000000000000001111111,1,0
608,1,TypeB,33100,000000000000000000000000000001111110000000000000000000001111100000000011111000000000000000000000000000000000111111110000000000000000000000000000000000000000000001111111,1,0
609,1,TypeB,33100,000000000000000000000000000001111110000000000000000000001111110000000000011110000000000000000000000000000000111111110000000000000000000000000000000000000000000001111111,1,0
610,1,TypeB,33100,000000000000000000000000000001111110000000000000000000001111110000000000111100000000000000000000000000000000111111110000000000000000000000000000000000000000000001111111,1,0
611,1,TypeB,33100,000000000000000000000000000001111110000000000000000000001111110000000001111000000000000000000000000000000000111111110000000000000000000000000000000000000000000001111111,1,0
612,1,TypeB,33100,000000000000000000000000000001111110000000000000000000011110000000000000011111100000000000000000000000000000111111110000000000000000000000000000000000000000000001111111,1,0
613,1,TypeB,33100,000000000000000000000000000001111110000000000000000000011110000000000000111111000000000000000000000000000000111111110000000000000000000000000000000000000000000001111111,1,0
614,1,TypeB,33100,000000000000000000000000000001111110000000000000000000011110000000000001111110000000000000000000000000000000111111110000000000000000000000000000000000000000000001111111,1,0
615,1,TypeB,33100,000000000000000000000000000001111110000000000000000000011110000000000011111100000000000000000000000000000000111111110000000000000000000000000000000000000000000001111111,1,0
616,1,TypeB,33100,000000000000000000000000000001111110000000000000000000011110000000000111111000000000000000000000000000000000111111110000000000000000000000000000000000000000000001111111,1,0
617,1,TypeB,33100,000000000000000000000000000001111110000000000000000000011110000000001111110000000000000000000000000000000000111111110000000000000000000000000000000000000000000001111111,1,0
618,1,TypeB,33100,000000000000000000000000000001111110000000000000000000011111000000000000011111000000000000000000000000000000111111110000000000000000000000000000000000000000000001111111,1,0
619,1,TypeB,33100,000000000000000000000000000001111110000000000000000000011111000000000000111110000000000000000000000000000000111111110000000000000000000000000000000000000000000001111111,1,0
620,1,TypeB,33100,000000000000000000000000000001111110000000000000000000011111000000000001111100000000000000000000000000000000111111110000000000000000000000000000000000000000000001111111,1,0
621,1,TypeB,33100,000000000000000000000000000001111110000000000000000000011111000000000011111000000000000000000000000000000000111111110000000000000000000000000000000000000000000001111111,1,0
622,1,TypeB,33100,000000000000000000000000000001111110000000000000000000011111000000000111110000000000000000000000000000000000111111110000000000000000000000000000000000000000000001111111,1,0
623,1,TypeB,33100,000000000000000000000000000001111110000000000000000000011111100000000000011110000000000000000000000000000000111111110000000000000000000000000000000000000000000001111111,1,0
624,1,TypeB,33100,000000000000000000000000000001111110000000000000000000011111100000000000111100000000000000000000000000000000111111110000000000000000000000000000000000000000000001111111,1,0
625,1,TypeB,33100,000000000000000000000000000001111110000000000000000000011111100000000001111000000000000000000000000000000000111111110000000000000000000000000000000000000000000001111111,1,0
626,1,TypeB,33100,000000000000000000000000000001111110000000000000000000011111100000000011110000000000000000000000000000000000111111110000000000000000000000000000000000000000000001111111,1,0
627,1,TypeB,33100,000000000000000000000000000001111110000000000000000000111100000000000000011111100000000000000000000000000000111111110000000000000000000000000000000000000000000001111111,1,0
628,1,TypeB,33100,000000000000000000000000000001111110000000000000000000111100000000000000111111000000000000000000000000000000111111110000000000000000000000000000000000000000000001111111,1,0
629,1,TypeB,33100,000000000000000000000000000001111110000000000000000000111100000000000001111110000000000000000000000000000000111111110000000000000000000000000000000000000000000001111111,1,0
630,1,TypeB,33100,000000000000000000000000000001111110000000000000000000111100000000000011111100000000000000000000000000000000111111110000000000000000000000000000000000000000000001111111,1,0
631,1,TypeB,33100,000000000000000000000000000001111110000000000000000000111100000000000111111000000000000000000000000000000000111111110000000000000000000000000000000000000000000001111111,1,0
632,1,TypeB,33100,000000000000000000000000000001111110000000000000000000111100000000001111110000000000000000000000000000000000111111110000000000000000000000000000000000000000000001111111,1,0
633,1,TypeB,33100,000000000000000000000000000001111110000000000000000000111110000000000000011111000000000000000000000000000000111111110000000000000000000000000000000000000000000001111111,1,0
634,1,TypeB,33100,000000000000000000000000000001111110000000000000000000111110000000000000111110000000000000000000000000000000111111110000000000000000000000000000000000000000000001111111,1,0
635,1,TypeB,33100,000000000000000000000000000001111110000000000000000000111110000000000001111100000000000000000000000000000000111111110000000000000000000000000000000000000000000001111111,1,0
636,1,TypeB,33100,000000000000000000000000000001111110000000000000000000111110000000000011111000000000000000000000000000000000111111110000000000000000000000000000000000000000000001111111,1,0
637,1,TypeB,33100,000000000000000000000000000001111110000000000000000000111110000000000111110000000000000000000000000000000000111111110000000000000000000000000000000000000000000001111111,1,0
638,1,TypeB,33100,000000000000000000000000000001111110000000000000000000111111000000000000011110000000000000000000000000000000111111110000000000000000000000000000000000000000000001111111,1,0
639,1,TypeB,33100,000000000000000000000000000001111110000000000000000000111111000000000000111100000000000000000000000000000000111111110000000000000000000000000000000000000000000001111111,1,0
640,1,TypeB,33100,000000000000000000000000000001111110000000000000000000111111000000000001111000000000000000000000000000000000111111110000000000000000000000000000000000000000000001111111,1,0
641,1,TypeB,33100,000000000000000000000000000001111110000000000000000000111111000000000011110000000000000000000000000000000000111111110000000000000000000000000000000000000000000001111111,1,0
642,1,TypeB,33100,000000000000000000000000000001111110000000000000000001111100000000000000011111000000000000000000000000000000111111110000000000000000000000000000000000000000000001111111,1,0
643,1,TypeB,33100,000000000000000000000000000001111110000000000000000001111100000000000000111110000000000000000000000000000000111111110000000000000000000000000000000000000000000001111111,1,0
644,1,TypeB,33100,000000000000000000000000000001111110000000000000000001111100000000000001111100000000000000000000000000000000111111110000000000000000000000000000000000000000000001111111,1,0
645,1,TypeB,33100,000000000000000000000000000001111110000000000000000001111100000000000011111000000000000000000000000000000000111111110000000000000000000000000000000000000000000001111111,1,0
646,1,TypeB,33100,000000000000000000000000000001111110000000000000000001111100000000000111110000000000000000000000000000000000111111110000000000000000000000000000000000000000000001111111,1,0
647,1,TypeB,33100,000000000000000000000000000001111110000000000000000001111110000000000000011110000000000000000000000000000000111111110000000000000000000000000000000000000000000001111111,1,0
648,1,TypeB,33100,000000000000000000000000000001111110000000000000000001111110000000000000111100000000000000000000000000000000111111110000000000000000000000000000000000000000000001111111,1,0
649,1,TypeB,33100,000000000000000000000000000001111110000000000000000001111110000000000001111000000000000000000000000000000000111111110000000000000000000000000000000000000000000001111111,1,0
650,1,TypeB,33100,000000000000000000000000000001111110000000000000000001111110000000000011110000000000000000000000000000000000111111110000000000000000000000000000000000000000000001111111,1,0
651,1,TypeB,33100,000000000000000000000000000001111110000000000000000011111100000000000000011110000000000000000000000000000000111111110000000000000000000000000000000000000000000001111111,1,0
652,1,TypeB,33100,000000000000000000000000000001111110000000000000000011111100000000000000111100000000000000000000000000000000111111110000000000000000000000000000000000000000000001111111,1,0
653,1,TypeB,33100,000000000000000000000000000001111110000000000000000011111100000000000001111000000000000000000000000000000000111111110000000000000000000000000000000000000000000001111111,1,0
654,1,TypeB,33100,000000000000000000000000000001111110000000000000000011111100000000000011110000000000000000000000000000000000111111110000000000000000000000000000000000000000000001111111,1,0
655,1,TypeB,33100,000000000000000000000000000001111111000000000000000000001111000000000000011111000000000000000000000000000000111111110000000000000000000000000000000000000000000001111111,1,0
656,1,TypeB,33100,000000000000000000000000000001111111000000000000000000001111000000000000111110000000000000000000000000000000111111110000000000000000000000000000000000000000000001111111,1,0
657,1,TypeB,33100,000000000000000000000000000001111111000000000000000000001111000000000001111100000000000000000000000000000000111111110000000000000000000000000000000000000000000001111111,1,0
658,1,TypeB,33100,000000000000000000000000000001111111000000000000000000001111000000000011111000000000000000000000000000000000111111110000000000000000000000000000000000000000000001111111,1,0
659,1,TypeB,33100,000000000000000000000000000001111111000000000000000000001111000000000111110000000000000000000000000000000000111111110000000000000000000000000000000000000000000001111111,1,0
660,1,TypeB,33100,000000000000000000000000000001111111000000000000000000001111100000000000011110000000000000000000000000000000111111110000000000000000000000000000000000000000000001111111,1,0
661,1,TypeB,33100,000000000000000000000000000001111111000000000000000000001111100000000000111100000000000000000000000000000000111111110000000000000000000000000000000000000000000001111111,1,0
662,1,TypeB,33100,000000000000000000000000000001111111000000000000000000001111100000000001111000000000000000000000000000000000111111110000000000000000000000000000000000000000000001111111,1,0
663,1,TypeB,33100,000000000000000000000000000001111111000000000000000000001111100000000011110000000000000000000000000000000000111111110000000000000000000000000000000000000000000001111111,1,0
664,1,TypeB,33100,000000000000000000000000000001111111000000000000000000011110000000000000011111000000000000000000000000000000111111110000000000000000000000000000000000000000000001111111,1,0
665,1,TypeB,33100,000000000000000000000000000001111111000000000000000000011110000000000000111110000000000000000000000000000000111111110000000000000000000000000000000000000000000001111111,1,0
666,1,TypeB,33100,000000000000000000000000000001111111000000000000000000011110000000000001111100000000000000000000000000000000111111110000000000000000000000000000000000000000000001111111,1,0
667,1,TypeB,33100,000000000000000000000000000001111111000000000000000000011110000000000011111000000000000000000000000000000000111111110000000000000000000000000000000000000000000001111111,1,0
668,1,TypeB,33100,000000000000000000000000000001111111000000000000000000011110000000000111110000000000000000000000000000000000111111110000000000000000000000000000000000000000000001111111,1,0
669,1,TypeB,33100,000000000000000000000000000001111111000000000000000000011111000000000000011110000000000000000000000000000000111111110000000000000000000000000000000000000000000001111111,1,0
670,1,TypeB,33100,000000000000000000000000000001111111000000000000000000011111000000000000111100000000000000000000000000000000111111110000000000000000000000000000000000000000000001111111,1,0
671,1,TypeB,33100,000000000000000000000000000001111111000000000000000000011111000000000001111000000000000000000000000000000000111111110000000000000000000000000000000000000000000001111111,1,0
672,1,TypeB,33100,000000000000000000000000000001111111000000000000000000011111000000000011110000000000000000000000000000000000111111110000000000000000000000000000000000000000000001111111,1,0
673,1,TypeB,33100,000000000000000000000000000001111111000000000000000000111100000000000000011111000000000000000000000000000000111111110000000000000000000000000000000000000000000001111111,1,0
674,1,TypeB,33100,000000000000000000000000000001111111000000000000000000111100000000000000111110000000000000000000000000000000111111110000000000000000000000000000000000000000000001111111,1,0
675,1,TypeB,33100,000000000000000000000000000001111111000000000000000000111100000000000001111100000000000000000000000000000000111111110000000000000000000000000000000000000000000001111111,1,0
676,1,TypeB,33100,000000000000000000000000000001111111000000000000000000111100000000000011111000000000000000000000000000000000111111110000000000000000000000000000000000000000000001111111,1,0
677,1,TypeB,33100,000000000000000000000000000001111111000000000000000000111100000000000111110000000000000000000000000000000000111111110000000000000000000000000000000000000000000001111111,1,0
678,1,TypeB,33100,000000000000000000000000000001111111000000000000000000111110000000000000011110000000000000000000000000000000111111110000000000000000000000000000000000000000000001111111,1,0
679,1,TypeB,33100,000000000000000000000000000001111111000000000000000000111110000000000000111100000000000000000000000000000000111111110000000000000000000000000000000000000000000001111111,1,0
680,1,TypeB,33100,000000000000000000000000000001111111000000000000000000111110000000000001111000000000000000000000000000000000111111110000000000000000000000000000000000000000000001111111,1,0
681,1,TypeB,33100,000000000000000000000000000001111111000000000000000000111110000000000011110000000000000000000000000000000000111111110000000000000000000000000000000000000000000001111111,1,0
682,1,TypeB,33100,000000000000000000000000000001111111000000000000000001111100000000000000011110000000000000000000000000000000111111110000000000000000000000000000000000000000000001111111,1,0
683,1,TypeB,33100,000000000000000000000000000001111111000000000000000001111100000000000000111100000000000000000000000000000000111111110000000000000000000000000000000000000000000001111111,1,0
684,1,TypeB,33100,000000000000000000000000000001111111000000000000000001111100000000000001111000000000000000000000000000000000111111110000000000000000000000000000000000000000000001111111,1,0
685,1,TypeB,33100,000000000000000000000000000001111111000000000000000001111100000000000011110000000000000000000000000000000000111111110000000000000000000000000000000000000000000001111111,1,0
686,1,TypeB,33100,000000000000000000000000000001111111100000000000000000001111000000000000011110000000000000000000000000000000111111110000000000000000000000000000000000000000000001111111,1,0
687,1,TypeB,33100,000000000000000000000000000001111111100000000000000000001111000000000000111100000000000000000000000000000000111111110000000000000000000000000000000000000000000001111111,1,0
688,1,TypeB,33100,000000000000000000000000000001111111100000000000000000001111000000000001111000000000000000000000000000000000111111110000000000000000000000000000000000000000000001111111,1,0
689,1,TypeB,33100,000000000000000000000000000001111111100000000000000000001111000000000011110000000000000000000000000000000000111111110000000000000000000000000000000000000000000001111111,1,0
690,1,TypeB,33100,000000000000000000000000000001111111100000000000000000011110000000000000011110000000000000000000000000000000111111110000000000000000000000000000000000000000000001111111,1,0
691,1,TypeB,33100,000000000000000000000000000001111111100000000000000000011110000000000000111100000000000000000000000000000000111111110000000000000000000000000000000000000000000001111111,1,0
692,1,TypeB,33100,000000000000000000000000000001111111100000000000000000011110000000000001111000000000000000000000000000000000111111110000000000000000000000000000000000000000000001111111,1,0
693,1,TypeB,33100,000000000000000000000000000001111111100000000000000000011110000000000011110000000000000000000000000000000000111111110000000000000000000000000000000000000000000001111111,1,0
694,1,TypeB,33100,000000000000000000000000000001111111100000000000000000111100000000000000011110000000000000000000000000000000111111110000000000000000000000000000000000000000000001111111,1,0
695,1,TypeB,33100,000000000000000000000000000001111111100000000000000000111100000000000000111100000000000000000000000000000000111111110000000000000000000000000000000000000000000001111111,1,0
696,1,TypeB,33100,000000000000000000000000000001111111100000000000000000111100000000000001111000000000000000000000000000000000111111110000000000000000000000000000000000000000000001111111,1,0
697,1,TypeB,33100,000000000000000000000000000001111111100000000000000000111100000000000011110000000000000000000000000000000000111111110000000000000000000000000000000000000000000001111111,1,0
698,1,TypeB,33100,000000000000000000000000000011111110000000000000000000001111000000000000011111000000000000000000000000000000111111110000000000000000000000000000000000000000000001111111,1,0
699,1,TypeB,33100,000000000000000000000000000011111110000000000000000000001111000000000000111110000000000000000000000000000000111111110000000000000000000000000000000000000000000001111111,1,0
700,1,TypeB,33100,000000000000000000000000000011111110000000000000000000001111000000000001111100000000000000000000000000000000111111110000000000000000000000000000000000000000000001111111,1,0
701,1,TypeB,33100,000000000000000000000000000011111110000000000000000000001111000000000011111000000000000000000000000000000000111111110000000000000000000000000000000000000000000001111111,1,0
702,1,TypeB,33100,000000000000000000000000000011111110000000000000000000001111000000000111110000000000000000000000000000000000111111110000000000000000000000000000000000000000000001111111,1,0
703,1,TypeB,33100,000000000000000000000000000011111110000000000000000000001111100000000000011110000000000000000000000000000000111111110000000000000000000000000000000000000000000001111111,1,0
704,1,TypeB,33100,000000000000000000000000000011111110000000000000000000001111100000000000111100000000000000000000000000000000111111110000000000000000000000000000000000000000000001111111,1,0
705,1,TypeB,33100,000000000000000000000000000011111110000000000000000000001111100000000001111000000000000000000000000000000000111111110000000000000000000000000000000000000000000001111111,1,0
706,1,TypeB,33100,000000000000000000000000000011111110000000000000000000001111100000000011110000000000000000000000000000000000111111110000000000000000000000000000000000000000000001111111,1,0
707,1,TypeB,33100,000000000000000000000000000011111110000000000000000000011110000000000000011111000000000000000000000000000000111111110000000000000000000000000000000000000000000001111111,1,0
708,1,TypeB,33100,000000000000000000000000000011111110000000000000000000011110000000000000111110000000000000000000000000000000111111110000000000000000000000000000000000000000000001111111,1,0
709,1,TypeB,33100,000000000000000000000000000011111110000000000000000000011110000000000001111100000000000000000000000000000000111111110000000000000000000000000000000000000000000001111111,1,0
710,1,TypeB,33100,000000000000000000000000000011111110000000000000000000011110000000000011111000000000000000000000000000000000111111110000000000000000000000000000000000000000000001111111,1,0
711,1,TypeB,33100,000000000000000000000000000011111110000000000000000000011110000000000111110000000000000000000000000000000000111111110000000000000000000000000000000000000000000001111111,1,0
712,1,TypeB,33100,000000000000000000000000000011111110000000000000000000011111000000000000011110000000000000000000000000000000111111110000000000000000000000000000000000000000000001111111,1,0
713,1,TypeB,33100,000000000000000000000000000011111110000000000000000000011111000000000000111100000000000000000000000000000000111111110000000000000000000000000000000000000000000001111111,1,0
714,1,TypeB,33100,000000000000000000000000000011111110000000000000000000011111000000000001111000000000000000000000000000000000111111110000000000000000000000000000000000000000000001111111,1,0
715,1,TypeB,33100,000000000000000000000000000011111110000000000000000000011111000000000011110000000000000000000000000000000000111111110000000000000000000000000000000000000000000001111111,1,0
716,1,TypeB,33100,000000000000000000000000000011111110000000000000000000111100000000000000011111000000000000000000000000000000111111110000000000000000000000000000000000000000000001111111,1,0
717,1,TypeB,33100,000000000000000000000000000011111110000000000000000000111100000000000000111110000000000000000000000000000000111111110000000000000000000000000000000000000000000001111111,1,0
718,1,TypeB,33100,000000000000000000000000000011111110000000000000000000111100000000000001111100000000000000000000000000000000111111110000000000000000000000000000000000000000000001111111,1,0
719,1,TypeB,33100,000000000000000000000000000011111110000000000000000000111100000000000011111000000000000000000000000000000000111111110000000000000000000000000000000000000000000001111111,1,0
720,1,TypeB,33100,000000000000000000000000000011111110000000000000000000111100000000000111110000000000000000000000000000000000111111110000000000000000000000000000000000000000000001111111,1,0
721,1,TypeB,33100,000000000000000000000000000011111110000000000000000000111110000000000000011110000000000000000000000000000000111111110000000000000000000000000000000000000000000001111111,1,0
722,1,TypeB,33100,000000000000000000000000000011111110000000000000000000111110000000000000111100000000000000000000000000000000111111110000000000000000000000000000000000000000000001111111,1,0
723,1,TypeB,33100,000000000000000000000000000011111110000000000000000000111110000000000001111000000000000000000000000000000000111111110000000000000000000000000000000000000000000001111111,1,0
724,1,TypeB,33100,000000000000000000000000000011111110000000000000000000111110000000000011110000000000000000000000000000000000111111110000000000000000000000000000000000000000000001111111,1,0
725,1,TypeB,33100,000000000000000000000000000011111110000000000000000001111100000000000000011110000000000000000000000000000000111111110000000000000000000000000000000000000000000001111111,1,0
726,1,TypeB,33100,000000000000000000000000000011111110000000000000000001111100000000000000111100000000000000000000000000000000111111110000000000000000000000000000000000000000000001111111,1,0
727,1,TypeB,33100,000000000000000000000000000011111110000000000000000001111100000000000001111000000000000000000000000000000000111111110000000000000000000000000000000000000000000001111111,1,0
728,1,TypeB,33100,000000000000000000000000000011111110000000000000000001111100000000000011110000000000000000000000000000000000111111110000000000000000000000000000000000000000000001111111,1,0
729,1,TypeB,33100,000000000000000000000000000011111111000000000000000000001111000000000000011110000000000000000000000000000000111111110000000000000000000000000000000000000000000001111111,1,0
730,1,TypeB,33100,000000000000000000000000000011111111000000000000000000001111000000000001111000000000000000000000000000000000111111110000000000000000000000000000000000000000000001111111,1,0
731,1,TypeB,33100,000000000000000000000000000011111111000000000000000000001111000000000011110000000000000000000000000000000000111111110000000000000000000000000000000000000000000001111111,1,0
732,1,TypeB,33100,000000000000000000000000000011111111000000000000000000011110000000000000011110000000000000000000000000000000111111110000000000000000000000000000000000000000000001111111,1,0
733,1,TypeB,33100,000000000000000000000000000011111111000000000000000000011110000000000000111100000000000000000000000000000000111111110000000000000000000000000000000000000000000001111111,1,0
734,1,TypeB,33100,000000000000000000000000000011111111000000000000000000011110000000000001111000000000000000000000000000000000111111110000000000000000000000000000000000000000000001111111,1,0
735,1,TypeB,33100,000000000000000000000000000011111111000000000000000000011110000000000011110000000000000000000000000000000000111111110000000000000000000000000000000000000000000001111111,1,0
736,1,TypeB,33100,000000000000000000000000000011111111000000000000000000111100000000000000011110000000000000000000000000000000111111110000000000000000000000000000000000000000000001111111,1,0
737,1,TypeB,33100,000000000000000000000000000011111111000000000000000000111100000000000000111100000000000000000000000000000000111111110000000000000000000000000000000000000000000001111111,1,0
738,1,TypeB,33100,000000000000000000000000000011111111000000000000000000111100000000000001111000000000000000000000000000000000111111110000000000000000000000000000000000000000000001111111,1,0
739,1,TypeB,33100,000000000000000000000000000011111111000000000000000000111100000000000011110000000000000000000000000000000000111111110000000000000000000000000000000000000000000001111111,1,0
740,1,TypeB,33100,000000000000000000000000000111111110000000000000000000001111000000000000011110000000000000000000000000000000111111110000000000000000000000000000000000000000000001111111,1,0
741,1,TypeB,33100,000000000000000000000000000111111110000000000000000000001111000000000000111100000000000000000000000000000000111111110000000000000000000000000000000000000000000001111111,1,0
742,1,TypeB,33100,000000000000000000000000000111111110000000000000000000001111000000000001111000000000000000000000000000000000111111110000000000000000000000000000000000000000000001111111,1,0
743,1,TypeB,33100,000000000000000000000000000111111110000000000000000000001111000000000011110000000000000000000000000000000000111111110000000000000000000000000000000000000000000001111111,1,0
744,1,TypeB,33100,000000000000000000000000000111111110000000000000000000011110000000000000011110000000000000000000000000000000111111110000000000000000000000000000000000000000000001111111,1,0
745,1,TypeB,33100,000000000000000000000000000111111110000000000000000000011110000000000000111100000000000000000000000000000000111111110000000000000000000000000000000000000000000001111111,1,0
746,1,TypeB,33100,000000000000000000000000000111111110000000000000000000011110000000000001111000000000000000000000000000000000111111110000000000000000000000000000000000000000000001111111,1,0
747,1,TypeB,33100,000000000000000000000000000111111110000000000000000000011110000000000011110000000000000000000000000000000000111111110000000000000000000000000000000000000000000001111111,1,0
748,1,TypeB,33100,000000000000000000000000000111111110000000000000000000111100000000000000011110000000000000000000000000000000111111110000000000000000000000000000000000000000000001111111,1,0
749,1,TypeB,33100,000000000000000000000000000111111110000000000000000000111100000000000000111100000000000000000000000000000000111111110000000000000000000000000000000000000000000001111111,1,0
750,1,TypeB,33100,000000000000000000000000000111111110000000000000000000111100000000000001111000000000000000000000000000000000111111110000000000000000000000000000000000000000000001111111,1,0
751,1,TypeB,33100,000000000000000000000000000111111110000000000000000000111100000000000011110000000000000000000000000000000000111111110000000000000000000000000000000000000000000001111111,1,0
752,1,TypeB,33400,000000000000000000000000000001111110000000000000000000001111000000000000011111000000000000000000000000000000111111110000000000000000000000000000000000000000000011111111,1,0
753,1,TypeB,33400,000000000000000000000000000001111110000000000000000000001111000000000000111110000000000000000000000000000000111111110000000000000000000000000000000000000000000011111111,1,0
754,1,TypeB,33400,000000000000000000000000000001111110000000000000000000001111000000000001111100000000000000000000000000000000111111110000000000000000000000000000000000000000000011111111,1,0
755,1,TypeB,33400,000000000000000000000000000001111110000000000000000000001111000000000011111000000000000000000000000000000000111111110000000000000000000000000000000000000000000011111111,1,0
756,1,TypeB,33400,000000000000000000000000000001111110000000000000000000001111000000000111110000000000000000000000000000000000111111110000000000000000000000000000000000000000000011111111,1,0
757,1,TypeB,33400,000000000000000000000000000001111110000000000000000000001111100000000000011110000000000000000000000000000000111111110000000000000000000000000000000000000000000011111111,1,0
758,1,TypeB,33400,000000000000000000000000000001111110000000000000000000001111100000000000111100000000000000000000000000000000111111110000000000000000000000000000000000000000000011111111,1,0
759,1,TypeB,33400,000000000000000000000000000001111110000000000000000000001111100000000001111000000000000000000000000000000000111111110000000000000000000000000000000000000000000011111111,1,0
760,1,TypeB,33400,000000000000000000000000000001111110000000000000000000001111100000000011110000000000000000000000000000000000111111110000000000000000000000000000000000000000000011111111,1,0
761,1,TypeB,33400,000000000000000000000000000001111110000000000000000000011110000000000000011111000000000000000000000000000000111111110000000000000000000000000000000000000000000011111111,1,0
762,1,TypeB,33400,000000000000000000000000000001111110000000000000000000011110000000000000111110000000000000000000000000000000111111110000000000000000000000000000000000000000000011111111,1,0
763,1,TypeB,33400,000000000000000000000000000001111110000000000000000000011110000000000001111100000000000000000000000000000000111111110000000000000000000000000000000000000000000011111111,1,0
764,1,TypeB,33400,000000000000000000000000000001111110000000000000000000011110000000000011111000000000000000000000000000000000111111110000000000000000000000000000000000000000000011111111,1,0
765,1,TypeB,33400,000000000000000000000000000001111110000000000000000000011110000000000111110000000000000000000000000000000000111111110000000000000000000000000000000000000000000011111111,1,0
766,1,TypeB,33400,000000000000000000000000000001111110000000000000000000011111000000000000011110000000000000000000000000000000111111110000000000000000000000000000000000000000000011111111,1,0
767,1,TypeB,33400,000000000000000000000000000001111110000000000000000000011111000000000000111100000000000000000000000000000000111111110000000000000000000000000000000000000000000011111111,1,0
768,1,TypeB,33400,000000000000000000000000000001111110000000000000000000011111000000000001111000000000000000000000000000000000111111110000000000000000000000000000000000000000000011111111,1,0
769,1,TypeB,33400,000000000000000000000000000001111110000000000000000000011111000000000011110000000000000000000000000000000000111111110000000000000000000000000000000000000000000011111111,1,0
770,1,TypeB,33400,000000000000000000000000000001111110000000000000000000111100000000000000011111000000000000000000000000000000111111110000000000000000000000000000000000000000000011111111,1,0
771,1,TypeB,33400,000000000000000000000000000001111110000000000000000000111100000000000000111110000000000000000000000000000000111111110000000000000000000000000000000000000000000011111111,1,0
772,1,TypeB,33400,000000000000000000000000000001111110000000000000000000111100000000000001111100000000000000000000000000000000111111110000000000000000000000000000000000000000000011111111,1,0
773,1,TypeB,33400,000000000000000000000000000001111110000000000000000000111100000000000011111000000000000000000000000000000000111111110000000000000000000000000000000000000000000011111111,1,0
774,1,TypeB,33400,000000000000000000000000000001111110000000000000000000111100000000000111110000000000000000000000000000000000111111110000000000000000000000000000000000000000000011111111,1,0
775,1,TypeB,33400,000000000000000000000000000001111110000000000000000000111110000000000000011110000000000000000000000000000000111111110000000000000000000000000000000000000000000011111111,1,0
776,1,TypeB,33400,000000000000000000000000000001111110000000000000000000111110000000000000111100000000000000000000000000000000111111110000000000000000000000000000000000000000000011111111,1,0
777,1,TypeB,33400,000000000000000000000000000001111110000000000000000000111110000000000001111000000000000000000000000000000000111111110000000000000000000000000000000000000000000011111111,1,0
778,1,TypeB,33400,000000000000000000000000000001111110000000000000000000111110000000000011110000000000000000000000000000000000111111110000000000000000000000000000000000000000000011111111,1,0
779,1,TypeB,33400,000000000000000000000000000001111110000000000000000001111100000000000000011110000000000000000000000000000000111111110000000000000000000000000000000000000000000011111111,1,0
780,1,TypeB,33400,000000000000000000000000000001111110000000000000000001111100000000000000111100000000000000000000000000000000111111110000000000000000000000000000000000000000000011111111,1,0
781,1,TypeB,33400,000000000000000000000000000001111110000000000000000001111100000000000001111000000000000000000000000000000000111111110000000000000000000000000000000000000000000011111111,1,0
782,1,TypeB,33400,000000000000000000000000000001111110000000000000000001111100000000000011110000000000000000000000000000000000111111110000000000000000000000000000000000000000000011111111,1,0
783,1,TypeB,33400,000000000000000000000000000001111111000000000000000000001111000000000000011110000000000000000000000000000000111111110000000000000000000000000000000000000000000011111111,1,0
784,1,TypeB,33400,000000000000000000000000000001111111000000000000000000001111000000000000111100000000000000000000000000000000111111110000000000000000000000000000000000000000000011111111,1,0
785,1,TypeB,33400,000000000000000000000000000001111111000000000000000000001111000000000001111000000000000000000000000000000000111111110000000000000000000000000000000000000000000011111111,1,0
786,1,TypeB,33400,000000000000000000000000000001111111000000000000000000001111000000000011110000000000000000000000000000000000111111110000000000000000000000000000000000000000000011111111,1,0
787,1,TypeB,33400,000000000000000000000000000001111111000000000000000000011110000000000000011110000000000000000000000000000000111111110000000000000000000000000000000000000000000011111111,1,0
788,1,TypeB,33400,000000000000000000000000000001111111000000000000000000011110000000000000111100000000000000000000000000000000111111110000000000000000000000000000000000000000000011111111,1,0
789,1,TypeB,33400,000000000000000000000000000001111111000000000000000000011110000000000001111000000000000000000000000000000000111111110000000000000000000000000000000000000000000011111111,1,0
790,1,TypeB,33400,000000000000000000000000000001111111000000000000000000011110000000000011110000000000000000000000000000000000111111110000000000000000000000000000000000000000000011111111,1,0
791,1,TypeB,33400,000000000000000000000000000001111111000000000000000000111100000000000000011110000000000000000000000000000000111111110000000000000000000000000000000000000000000011111111,1,0
792,1,TypeB,33400,000000000000000000000000000001111111000000000000000000111100000000000000111100000000000000000000000000000000111111110000000000000000000000000000000000000000000011111111,1,0
793,1,TypeB,33400,000000000000000000000000000001111111000000000000000000111100000000000001111000000000000000000000000000000000111111110000000000000000000000000000000000000000000011111111,1,0
794,1,TypeB,33400,000000000000000000000000000001111111000000000000000000111100000000000011110000000000000000000000000000000000111111110000000000000000000000000000000000000000000011111111,1,0
795,1,TypeB,33400,000000000000000000000000000011111110000000000000000000001111000000000000011110000000000000000000000000000000111111110000000000000000000000000000000000000000000011111111,1,0
796,1,TypeB,33400,000000000000000000000000000011111110000000000000000000001111000000000000111100000000000000000000000000000000111111110000000000000000000000000000000000000000000011111111,1,0
797,1,TypeB,33400,000000000000000000000000000011111110000000000000000000001111000000000001111000000000000000000000000000000000111111110000000000000000000000000000000000000000000011111111,1,0
798,1,TypeB,33400,000000000000000000000000000011111110000000000000000000001111000000000011110000000000000000000000000000000000111111110000000000000000000000000000000000000000000011111111,1,0
799,1,TypeB,33400,000000000000000000000000000011111110000000000000000000011110000000000000011110000000000000000000000000000000111111110000000000000000000000000000000000000000000011111111,1,0
800,1,TypeB,33400,000000000000000000000000000011111110000000000000000000011110000000000000111100000000000000000000000000000000111111110000000000000000000000000000000000000000000011111111,1,0
801,1,TypeB,33400,000000000000000000000000000011111110000000000000000000011110000000000001111000000000000000000000000000000000111111110000000000000000000000000000000000000000000011111111,1,0
802,1,TypeB,33400,000000000000000000000000000011111110000000000000000000011110000000000011110000000000000000000000000000000000111111110000000000000000000000000000000000000000000011111111,1,0
803,1,TypeB,33400,000000000000000000000000000011111110000000000000000000111100000000000000011110000000000000000000000000000000111111110000000000000000000000000000000000000000000011111111,1,0
804,1,TypeB,33400,000000000000000000000000000011111110000000000000000000111100000000000000111100000000000000000000000000000000111111110000000000000000000000000000000000000000000011111111,1,0
805,1,TypeB,33400,000000000000000000000000000011111110000000000000000000111100000000000001111000000000000000000000000000000000111111110000000000000000000000000000000000000000000011111111,1,0
806,1,TypeB,33400,000000000000000000000000000011111110000000000000000000111100000000000011110000000000000000000000000000000000111111110000000000000000000000000000000000000000000011111111,1,0
807,1,TypeB,34100,000000000000000000000000000001111110000000000000000000001111000000000000011111110000000000000000000000000000111111110000000000000000000000000000000000000000000001111111,1,0
808,1,TypeB,34100,000000000000000000000000000001111110000000000000000000001111000000000000111111100000000000000000000000000000111111110000000000000000000000000000000000000000000001111111,1,0
809,1,TypeB,34100,000000000000000000000000000001111110000000000000000000001111000000000001111111000000000000000000000000000000111111110000000000000000000000000000000000000000000001111111,1,0
810,1,TypeB,34100,000000000000000000000000000001111110000000000000000000001111000000000011111110000000000000000000000000000000111111110000000000000000000000000000000000000000000001111111,1,0
811,1,TypeB,34100,000000000000000000000000000001111110000000000000000000001111000000000111111100000000000000000000000000000000111111110000000000000000000000000000000000000000000001111111,1,0
812,1,TypeB,34100,000000000000000000000000000001111110000000000000000000001111100000000000011111100000000000000000000000000000111111110000000000000000000000000000000000000000000001111111,1,0
813,1,TypeB,34100,000000000000000000000000000001111110000000000000000000001111100000000000111111000000000000000000000000000000111111110000000000000000000000000000000000000000000001111111,1,0
814,1,TypeB,34100,000000000000000000000000000001111110000000000000000000001111100000000001111110000000000000000000000000000000111111110000000000000000000000000000000000000000000001111111,1,0
815,1,TypeB,34100,000000000000000000000000000001111110000000000000000000001111100000000011111100000000000000000000000000000000111111110000000000000000000000000000000000000000000001111111,1,0
816,1,TypeB,34100,000000000000000000000000000001111110000000000000000000001111110000000000011111000000000000000000000000000000111111110000000000000000000000000000000000000000000001111111,1,0
817,1,TypeB,34100,000000000000000000000000000001111110000000000000000000001111110000000000111110000000000000000000000000000000111111110000000000000000000000000000000000000000000001111111,1,0
818,1,TypeB,34100,000000000000000000000000000001111110000000000000000000001111110000000001111100000000000000000000000000000000111111110000000000000000000000000000000000000000000001111111,1,0
819,1,TypeB,34100,000000000000000000000000000001111110000000000000000000001111111000000000011110000000000000000000000000000000111111110000000000000000000000000000000000000000000001111111,1,0
820,1,TypeB,34100,000000000000000000000000000001111110000000000000000000001111111000000000111100000000000000000000000000000000111111110000000000000000000000000000000000000000000001111111,1,0
821,1,TypeB,34100,000000000000000000000000000001111110000000000000000000011110000000000000011111110000000000000000000000000000111111110000000000000000000000000000000000000000000001111111,1,0
822,1,TypeB,34100,000000000000000000000000000001111110000000000000000000011110000000000000111111100000000000000000000000000000111111110000000000000000000000000000000000000000000001111111,1,0
823,1,TypeB,34100,000000000000000000000000000001111110000000000000000000011110000000000001111111000000000000000000000000000000111111110000000000000000000000000000000000000000000001111111,1,0
824,1,TypeB,34100,000000000000000000000000000001111110000000000000000000011110000000000011111110000000000000000000000000000000111111110000000000000000000000000000000000000000000001111111,1,0
825,1,TypeB,34100,000000000000000000000000000001111110000000000000000000011110000000000111111100000000000000000000000000000000111111110000000000000000000000000000000000000000000001111111,1,0
826,1,TypeB,34100,000000000000000000000000000001111110000000000000000000011110000000001111111000000000000000000000000000000000111111110000000000000000000000000000000000000000000001111111,1,0
827,1,TypeB,34100,000000000000000000000000000001111110000000000000000000011111000000000000011111100000000000000000000000000000111111110000000000000000000000000000000000000000000001111111,1,0
828,1,TypeB,34100,000000000000000000000000000001111110000000000000000000011111000000000000111111000000000000000000000000000000111111110000000000000000000000000000000000000000000001111111,1,0
829,1,TypeB,34100,000000000000000000000000000001111110000000000000000000011111000000000001111110000000000000000000000000000000111111110000000000000000000000000000000000000000000001111111,1,0
830,1,TypeB,34100,000000000000000000000000000001111110000000000000000000011111000000000011111100000000000000000000000000000000111111110000000000000000000000000000000000000000000001111111,1,0
831,1,TypeB,34100,000000000000000000000000000001111110000000000000000000011111000000000111111000000000000000000000000000000000111111110000000000000000000000000000000000000000000001111111,1,0
832,1,TypeB,34100,000000000000000000000000000001111110000000000000000000011111100000000000011111000000000000000000000000000000111111110000000000000000000000000000000000000000000001111111,1,0
833,1,TypeB,34100,000000000000000000000000000001111110000000000000000000011111100000000000111110000000000000000000000000000000111111110000000000000000000000000000000000000000000001111111,1,0
834,1,TypeB,34100,000000000000000000000000000001111110000000000000000000011111100000000001111100000000000000000000000000000000111111110000000000000000000000000000000000000000000001111111,1,0
835,1,TypeB,34100,000000000000000000000000000001111110000000000000000000011111100000000011111000000000000000000000000000000000111111110000000000000000000000000000000000000000000001111111,1,0
836,1,TypeB,34100,000000000000000000000000000001111110000000000000000000011111110000000000011110000000000000000000000000000000111111110000000000000000000000000000000000000000000001111111,1,0
837,1,TypeB,34100,000000000000000000000000000001111110000000000000000000011111110000000000111100000000000000000000000000000000111111110000000000000000000000000000000000000000000001111111,1,0
838,1,TypeB,34100,000000000000000000000000000001111110000000000000000000011111110000000001111000000000000000000000000000000000111111110000000000000000000000000000000000000000000001111111,1,0
839,1,TypeB,34100,000000000000000000000000000001111110000000000000000000111100000000000000011111110000000000000000000000000000111111110000000000000000000000000000000000000000000001111111,1,0
840,1,TypeB,34100,000000000000000000000000000001111110000000000000000000111100000000000000111111100000000000000000000000000000111111110000000000000000000000000000000000000000000001111111,1,0
841,1,TypeB,34100,000000000000000000000000000001111110000000000000000000111100000000000001111111000000000000000000000000000000111111110000000000000000000000000000000000000000000001111111,1,0
842,1,TypeB,34100,000000000000000000000000000001111110000000000000000000111100000000000011111110000000000000000000000000000000111111110000000000000000000000000000000000000000000001111111,1,0
843,1,TypeB,34100,000000000000000000000000000001111110000000000000000000111100000000000111111100000000000000000000000000000000111111110000000000000000000000000000000000000000000001111111,1,0
844,1,TypeB,34100,000000000000000000000000000001111110000000000000000000111100000000001111111000000000000000000000000000000000111111110000000000000000000000000000000000000000000001111111,1,0
845,1,TypeB,34100,000000000000000000000000000001111110000000000000000000111100000000011111110000000000000000000000000000000000111111110000000000000000000000000000000000000000000001111111,1,0
846,1,TypeB,34100,000000000000000000000000000001111110000000000000000000111110000000000000011111100000000000000000000000000000111111110000000000000000000000000000000000000000000001111111,1,0
847,1,TypeB,34100,000000000000000000000000000001111110000000000000000000111110000000000000111111000000000000000000000000000000111111110000000000000000000000000000000000000000000001111111,1,0
848,1,TypeB,34100,000000000000000000000000000001111110000000000000000000111110000000000001111110000000000000000000000000000000111111110000000000000000000000000000000000000000000001111111,1,0
849,2,TypeC,30000,000000000011100000000000000000000011111100000000000000001110000000000000000000000000011111100000000000000000000000000000000000000000111111000000000000000000000000000000,1,0
850,2,TypeC,28700,000000000011100000000000000000000011111000000000000000001110000000000000000000000000011111100000000000000000000000000000000000000000111111000000000000000000000000000000,1,0
851,2,TypeC,27400,000000000011100000000000000000000011110000000000000000001110000000000000000000000000011111100000000000000000000000000000000000000000111111000000000000000000000000000000,1,0
852,2,TypeC,26100,000000000011100000000000000000000011100000000000000000001110000000000000000000000000011111100000000000000000000000000000000000000000111111000000000000000000000000000000,1,0
853,2,TypeC,24800,000000000011100000000000000000000011100000000000000000001110000000000000000000000000001111100000000000000000000000000000000000000000111111000000000000000000000000000000,1,0
854,2,TypeC,23500,000000000011100000000000000000000011100000000000000000001110000000000000000000000000000111100000000000000000000000000000000000000000111111000000000000000000000000000000,1,0
855,2,TypeC,22200,000000000011100000000000000000000011100000000000000000001110000000000000000000000000000011100000000000000000000000000000000000000000111111000000000000000000000000000000,1,0
856,2,TypeC,20900,000000000011100000000000000000000011100000000000000000001110000000000000000000000000000011100000000000000000000000000000000000000000011111000000000000000000000000000000,1,0
857,2,TypeC,19600,000000000011100000000000000000000011100000000000000000001110000000000000000000000000000011100000000000000000000000000000000000000000001111000000000000000000000000000000,1,0
858,2,TypeC,18300,000000000011100000000000000000000011100000000000000000001110000000000000000000000000000011100000000000000000000000000000000000000000000111000000000000000000000000000000,1,0
859,2,TypeC,18000,000000000011100000000000000000000011100000000000000000001110000000000000000000000000000001110000000000000000000000000000000000000000000111000000000000000000000000000000,1,0
860,2,TypeC,17700,000000000011100000000000000000000011100000000000000000001110000000000000000000000000000001110000000000000000000000000000000000000000000011100000000000000000000000000000,1,0
861,2,TypeC,17400,000000000011100000000000000000000011100000000000000000001110000000000000000000000000000001110000000000000000000000000000000000000000000001110000000000000000000000000000,1,0
862,2,TypeC,17100,000000000011100000000000000000000011100000000000000000011100000000000000000000000000000001110000000000000000000000000000000000000000000001110000000000000000000000000000,1,0
863,2,TypeC,17100,000000000001110000000000000000000011100000000000000000011100000000000000000000000000000001110000000000000000000000000000000000000000000001110000000000000000000000000000,1,0
864,2,TypeC,17100,000000000000111000000000000000000011100000000000000000011100000000000000000000000000000001110000000000000000000000000000000000000000000001110000000000000000000000000000,1,0
865,2,TypeC,17100,000000000000011100000000000000000011100000000000000000011100000000000000000000000000000001110000000000000000000000000000000000000000000001110000000000000000000000000000,1,0
866,2,TypeC,17100,000000000000001110000000000000000011100000000000000000011100000000000000000000000000000001110000000000000000000000000000000000000000000001110000000000000000000000000000,1,0
867,2,TypeC,16800,000000000000000111000000000000000011100000000000000000011100000000000000000000000000000001110000000000000000000000000000000000000000000001110000000000000000000000000000,1,0
868,2,TypeC,16500,000000000000000011100000000000000011100000000000000000011100000000000000000000000000000001110000000000000000000000000000000000000000000001110000000000000000000000000000,1,0
869,2,TypeC,16200,000000000000000001110000000000000011100000000000000000011100000000000000000000000000000001110000000000000000000000000000000000000000000001110000000000000000000000000000,1,0
870,2,TypeC,16200,000000000000000000111000000000000011100000000000000000011100000000000000000000000000000001110000000000000000000000000000000000000000000001110000000000000000000000000000,1,0
871,2,TypeC,16200,000000000000000000011100000000000011100000000000000000011100000000000000000000000000000001110000000000000000000000000000000000000000000001110000000000000000000000000000,1,0
872,2,TypeC,16200,000000000000000000001110000000000011100000000000000000011100000000000000000000000000000001110000000000000000000000000000000000000000000001110000000000000000000000000000,1,0
873,2,TypeC,16200,000000000000000000000111000000000011100000000000000000011100000000000000000000000000000001110000000000000000000000000000000000000000000001110000000000000000000000000000,1,0
874,2,TypeC,16200,000000000000000000000111000000000011100000000000000000011100000000000000000000000000000000111000000000000000000000000000000000000000000001110000000000000000000000000000,1,0
875,2,TypeC,16200,000000000000000000000111000000000011100000000000000000011100000000000000000000000000000000011100000000000000000000000000000000000000000001110000000000000000000000000000,1,0
876,2,TypeC,16200,000000000000000000000111000000000011100000000000000000011100000000000000000000000000000000001110000000000000000000000000000000000000000001110000000000000000000000000000,1,0
877,2,TypeC,16200,000000000000000000000111000000000011100000000000000000011100000000000000000000000000000000000111000000000000000000000000000000000000000001110000000000000000000000000000,1,0
878,2,TypeC,16200,000000000000000000000111000000000011100000000000000000011100000000000000000000000000000000000011100000000000000000000000000000000000000001110000000000000000000000000000,1,0
879,2,TypeC,16200,000000000000000000000111000000000011100000000000000000011100000000000000000000000000000000000001110000000000000000000000000000000000000001110000000000000000000000000000,1,0
880,2,TypeC,16200,000000000000000000000111000000000011100000000000000000011100000000000000000000000000000000000000111000000000000000000000000000000000000001110000000000000000000000000000,1,0
881,2,TypeC,16200,000000000000000000000111000000000011100000000000000000011100000000000000000000000000000000000000011100000000000000000000000000000000000001110000000000000000000000000000,1,0
882,2,TypeC,16200,000000000000000000000111000000000011100000000000000000011100000000000000000000000000000000000000001110000000000000000000000000000000000001110000000000000000000000000000,1,0
883,2,TypeC,16200,000000000000000000000111000000000011100000000000000000011100000000000000000000000000000000000000000111000000000000000000000000000000000001110000000000000000000000000000,1,0
884,2,TypeC,16200,000000000000000000000111000000000011100000000000000000011100000000000000000000000000000000000000000011100000000000000000000000000000000001110000000000000000000000000000,1,0
885,2,TypeC,16200,000000000000000000000111000000000011100000000000000000011100000000000000000000000000000000000000000001110000000000000000000000000000000001110000000000000000000000000000,1,0
886,2,TypeC,16200,000000000000000000000111000000000011100000000000000000011100000000000000000000000000000000000000000000111000000000000000000000000000000001110000000000000000000000000000,1,0
887,2,TypeC,16200,000000000000000000000111000000000011100000000000000000011100000000000000000000000000000000000000000000111000000000000000000000000000000000111000000000000000000000000000,1,0
888,2,TypeC,19200,000000000000000000000111000000000011100000000000000000011100000000000000000000000000000000000000000000111000000000000000000000000000000000111111000000000000000000000000,1,0
889,2,TypeC,18200,000000000000000000000111000000000011100000000000000000011100000000000000000000000000000000000000000000111000000000000000000000000000000000011111000000000000000000000000,1,0
890,2,TypeC,17200,000000000000000000000111000000000011100000000000000000011100000000000000000000000000000000000000000000111000000000000000000000000000000000001111000000000000000000000000,1,0
891,2,TypeC,16200,000000000000000000000111000000000011100000000000000000011100000000000000000000000000000000000000000000111000000000000000000000000000000000000111000000000000000000000000,1,0
892,2,TypeC,16200,000000000000000000000111000000000011100000000000000000011100000000000000000000000000000000000000000000111000000000000000000000000000000000000011100000000000000000000000,1,0
893,2,TypeC,19200,000000000000000000000111000000000011100000000000000000011100000000000000000000000000000000000000000000111000000000000000000000000000000000000011111100000000000000000000,1,0
894,2,TypeC,18200,000000000000000000000111000000000011100000000000000000011100000000000000000000000000000000000000000000111000000000000000000000000000000000000001111100000000000000000000,1,0
895,2,TypeC,18200,000000000000000000000111000000000011100000000000000000011100000000000000000000000000000000000000000001110000000000000000000000000000000000000001111100000000000000000000,1,0
896,2,TypeC,18200,000000000000000000000111000000000011100000000000000000011100000000000000000000000000000000000000000011100000000000000000000000000000000000000001111100000000000000000000,1,0
897,2,TypeC,18200,000000000000000000000111000000000011100000000000000000011100000000000000000000000000000000000000000111000000000000000000000000000000000000000001111100000000000000000000,1,0
898,2,TypeC,18200,000000000000000000000111000000000011100000000000000000011100000000000000000000000000000000000000001110000000000000000000000000000000000000000001111100000000000000000000,1,0
899,2,TypeC,18200,000000000000000000000111000000000011100000000000000000011100000000000000000000000000000000000000011100000000000000000000000000000000000000000001111100000000000000000000,1,0
900,2,TypeC,18200,000000000000000000000111000000000011100000000000000000011100000000000000000000000000000000000000111000000000000000000000000000000000000000000001111100000000000000000000,1,0
901,2,TypeC,18200,000000000000000000000111000000000011100000000000000000011100000000000000000000000000000000000001110000000000000000000000000000000000000000000001111100000000000000000000,1,0
902,2,TypeC,18200,000000000000000000000111000000000011100000000000000000011100000000000000000000000000000000000011100000000000000000000000000000000000000000000001111100000000000000000000,1,0
903,2,TypeC,18200,000000000000000000000111000000000011100000000000000000011100000000000000000000000000000000000111000000000000000000000000000000000000000000000001111100000000000000000000,1,0
904,2,TypeC,18200,000000000000000000000111000000000011100000000000000000011100000000000000000000000000000000001110000000000000000000000000000000000000000000000001111100000000000000000000,1,0
905,2,TypeC,18200,000000000000000000000111000000000011100000000000000000011100000000000000000000000000000000011100000000000000000000000000000000000000000000000001111100000000000000000000,1,0
906,2,TypeC,18200,000000000000000000000111000000000011100000000000000000011100000000000000000000000000000000111000000000000000000000000000000000000000000000000001111100000000000000000000,1,0
907,2,TypeC,18200,000000000000000000000111000000000011100000000000000000011100000000000000000000000000000001110000000000000000000000000000000000000000000000000001111100000000000000000000,1,0
908,2,TypeC,18200,000000000000000000001110000000000011100000000000000000011100000000000000000000000000000000000000000000111000000000000000000000000000000000000001111100000000000000000000,1,0
909,2,TypeC,18200,000000000000000000001110000000000011100000000000000000011100000000000000000000000000000000000000000001110000000000000000000000000000000000000001111100000000000000000000,1,0
910,2,TypeC,18200,000000000000000000001110000000000011100000000000000000011100000000000000000000000000000000000000000011100000000000000000000000000000000000000001111100000000000000000000,1,0
911,2,TypeC,18200,000000000000000000001110000000000011100000000000000000011100000000000000000000000000000000000000000111000000000000000000000000000000000000000001111100000000000000000000,1,0
912,2,TypeC,18200,000000000000000000001110000000000011100000000000000000011100000000000000000000000000000000000000001110000000000000000000000000000000000000000001111100000000000000000000,1,0
913,2,TypeC,18200,000000000000000000001110000000000011100000000000000000011100000000000000000000000000000000000000011100000000000000000000000000000000000000000001111100000000000000000000,1,0
914,2,TypeC,18200,000000000000000000001110000000000011100000000000000000011100000000000000000000000000000000000000111000000000000000000000000000000000000000000001111100000000000000000000,1,0
915,2,TypeC,18200,000000000000000000001110000000000011100000000000000000011100000000000000000000000000000000000001110000000000000000000000000000000000000000000001111100000000000000000000,1,0
916,2,TypeC,18200,000000000000000000001110000000000011100000000000000000011100000000000000000000000000000000000011100000000000000000000000000000000000000000000001111100000000000000000000,1,0
917,2,TypeC,18200,000000000000000000001110000000000011100000000000000000011100000000000000000000000000000000000111000000000000000000000000000000000000000000000001111100000000000000000000,1,0
918,2,TypeC,18200,000000000000000000001110000000000011100000000000000000011100000000000000000000000000000000001110000000000000000000000000000000000000000000000001111100000000000000000000,1,0
919,2,TypeC,18200,000000000000000000001110000000000011100000000000000000011100000000000000000000000000000000011100000000000000000000000000000000000000000000000001111100000000000000000000,1,0
920,2,TypeC,18200,000000000000000000001110000000000011100000000000000000011100000000000000000000000000000000111000000000000000000000000000000000000000000000000001111100000000000000000000,1,0
921,2,TypeC,18200,000000000000000000001110000000000011100000000000000000011100000000000000000000000000000001110000000000000000000000000000000000000000000000000001111100000000000000000000,1,0
922,2,TypeC,18200,000000000000000000001110000000000111000000000000000000011100000000000000000000000000000000000000000000111000000000000000000000000000000000000001111100000000000000000000,1,0
923,2,TypeC,18200,000000000000000000001110000000000111000000000000000000011100000000000000000000000000000000000000000001110000000000000000000000000000000000000001111100000000000000000000,1,0
924,2,TypeC,18200,000000000000000000001110000000000111000000000000000000011100000000000000000000000000000000000000000011100000000000000000000000000000000000000001111100000000000000000000,1,0
925,2,TypeC,18200,000000000000000000001110000000000111000000000000000000011100000000000000000000000000000000000000000111000000000000000000000000000000000000000001111100000000000000000000,1,0
926,2,TypeC,18200,000000000000000000001110000000000111000000000000000000011100000000000000000000000000000000000000001110000000000000000000000000000000000000000001111100000000000000000000,1,0
927,2,TypeC,18200,000000000000000000001110000000000111000000000000000000011100000000000000000000000000000000000000011100000000000000000000000000000000000000000001111100000000000000000000,1,0
928,2,TypeC,18200,000000000000000000001110000000000111000000000000000000011100000000000000000000000000000000000000111000000000000000000000000000000000000000000001111100000000000000000000,1,0
929,2,TypeC,18200,000000000000000000001110000000000111000000000000000000011100000000000000000000000000000000000001110000000000000000000000000000000000000000000001111100000000000000000000,1,0
930,2,TypeC,18200,000000000000000000001110000000000111000000000000000000011100000000000000000000000000000000000011100000000000000000000000000000000000000000000001111100000000000000000000,1,0
931,2,TypeC,18200,000000000000000000001110000000000111000000000000000000011100000000000000000000000000000000000111000000000000000000000000000000000000000000000001111100000000000000000000,1,0
932,2,TypeC,18200,000000000000000000001110000000000111000000000000000000011100000000000000000000000000000000001110000000000000000000000000000000000000000000000001111100000000000000000000,1,0
933,2,TypeC,18200,000000000000000000001110000000000111000000000000000000011100000000000000000000000000000000011100000000000000000000000000000000000000000000000001111100000000000000000000,1,0
934,2,TypeC,18200,000000000000000000001110000000000111000000000000000000011100000000000000000000000000000000111000000000000000000000000000000000000000000000000001111100000000000000000000,1,0
935,2,TypeC,18200,000000000000000000001110000000000111000000000000000000011100000000000000000000000000000001110000000000000000000000000000000000000000000000000001111100000000000000000000,1,0
936,2,TypeC,18200,000000000000000000011100000000000011100000000000000000011100000000000000000000000000000000000000000000111000000000000000000000000000000000000001111100000000000000000000,1,0
937,2,TypeC,18200,000000000000000000011100000000000011100000000000000000011100000000000000000000000000000000000000000001110000000000000000000000000000000000000001111100000000000000000000,1,0
938,2,TypeC,18200,000000000000000000011100000000000011100000000000000000011100000000000000000000000000000000000000000011100000000000000000000000000000000000000001111100000000000000000000,1,0
939,2,TypeC,18200,000000000000000000011100000000000011100000000000000000011100000000000000000000000000000000000000000111000000000000000000000000000000000000000001111100000000000000000000,1,0
940,2,TypeC,18200,000000000000000000011100000000000011100000000000000000011100000000000000000000000000000000000000001110000000000000000000000000000000000000000001111100000000000000000000,1,0
941,2,TypeC,18200,000000000000000000011100000000000011100000000000000000011100000000000000000000000000000000000000011100000000000000000000000000000000000000000001111100000000000000000000,1,0
942,2,TypeC,18200,000000000000000000011100000000000011100000000000000000011100000000000000000000000000000000000000111000000000000000000000000000000000000000000001111100000000000000000000,1,0
943,2,TypeC,18200,000000000000000000011100000000000011100000000000000000011100000000000000000000000000000000000001110000000000000000000000000000000000000000000001111100000000000000000000,1,0
944,2,TypeC,18200,000000000000000000011100000000000011100000000000000000011100000000000000000000000000000000000011100000000000000000000000000000000000000000000001111100000000000000000000,1,0
945,2,TypeC,18200,000000000000000000011100000000000011100000000000000000011100000000000000000000000000000000000111000000000000000000000000000000000000000000000001111100000000000000000000,1,0
946,2,TypeC,18200,000000000000000000011100000000000011100000000000000000011100000000000000000000000000000000001110000000000000000000000000000000000000000000000001111100000000000000000000,1,0
947,2,TypeC,18200,000000000000000000011100000000000011100000000000000000011100000000000000000000000000000000011100000000000000000000000000000000000000000000000001111100000000000000000000,1,0
948,2,TypeC,18200,000000000000000000011100000000000011100000000000000000011100000000000000000000000000000000111000000000000000000000000000000000000000000000000001111100000000000000000000,1,0
949,2,TypeC,18200,000000000000000000011100000000000011100000000000000000011100000000000000000000000000000001110000000000000000000000000000000000000000000000000001111100000000000000000000,1,0
950,2,TypeC,18200,000000000000000000011100000000000111000000000000000000011100000000000000000000000000000000000000000000111000000000000000000000000000000000000001111100000000000000000000,1,0
951,2,TypeC,17900,000000000000000000011100000000001110000000000000000000011100000000000000000000000000000000000000000000111000000000000000000000000000000000000001111100000000000000000000,1,0
952,2,TypeC,17900,000000000000000000011100000000001110000000000000000000011100000000000000000000000000000000000000000001110000000000000000000000000000000000000001111100000000000000000000,1,0
953,2,TypeC,17900,000000000000000000011100000000001110000000000000000000011100000000000000000000000000000000000000000011100000000000000000000000000000000000000001111100000000000000000000,1,0
954,2,TypeC,17900,000000000000000000011100000000001110000000000000000000011100000000000000000000000000000000000000000111000000000000000000000000000000000000000001111100000000000000000000,1,0
955,2,TypeC,17900,000000000000000000011100000000001110000000000000000000011100000000000000000000000000000000000000001110000000000000000000000000000000000000000001111100000000000000000000,1,0
956,2,TypeC,17900,000000000000000000011100000000001110000000000000000000011100000000000000000000000000000000000000011100000000000000000000000000000000000000000001111100000000000000000000,1,0
957,2,TypeC,17900,000000000000000000011100000000001110000000000000000000011100000000000000000000000000000000000000111000000000000000000000000000000000000000000001111100000000000000000000,1,0
958,2,TypeC,17900,000000000000000000011100000000001110000000000000000000011100000000000000000000000000000000000001110000000000000000000000000000000000000000000001111100000000000000000000,1,0
959,2,TypeC,17900,000000000000000000011100000000001110000000000000000000011100000000000000000000000000000000000011100000000000000000000000000000000000000000000001111100000000000000000000,1,0
960,2,TypeC,17900,000000000000000000011100000000001110000000000000000000011100000000000000000000000000000000000111000000000000000000000000000000000000000000000001111100000000000000000000,1,0
961,2,TypeC,17900,000000000000000000011100000000001110000000000000000000011100000000000000000000000000000000001110000000000000000000000000000000000000000000000001111100000000000000000000,1,0
962,2,TypeC,17900,000000000000000000011100000000001110000000000000000000011100000000000000000000000000000000011100000000000000000000000000000000000000000000000001111100000000000000000000,1,0
963,2,TypeC,17900,000000000000000000011100000000001110000000000000000000011100000000000000000000000000000000111000000000000000000000000000000000000000000000000001111100000000000000000000,1,0
964,2,TypeC,17900,000000000000000000011100000000001110000000000000000000011100000000000000000000000000000001110000000000000000000000000000000000000000000000000001111100000000000000000000,1,0
965,2,TypeC,17900,000000000000000000111000000000001110000000000000000000011100000000000000000000000000000000000000000000111000000000000000000000000000000000000001111100000000000000000000,1,0
966,2,TypeC,17900,000000000000000000111000000000001110000000000000000000011100000000000000000000000000000000000000000001110000000000000000000000000000000000000001111100000000000000000000,1,0
967,2,TypeC,17900,000000000000000000111000000000001110000000000000000000011100000000000000000000000000000000000000000011100000000000000000000000000000000000000001111100000000000000000000,1,0
968,2,TypeC,17900,000000000000000000111000000000001110000000000000000000011100000000000000000000000000000000000000000111000000000000000000000000000000000000000001111100000000000000000000,1,0
969,2,TypeC,17900,000000000000000000111000000000001110000000000000000000011100000000000000000000000000000000000000001110000000000000000000000000000000000000000001111100000000000000000000,1,0
970,2,TypeC,17900,000000000000000000111000000000001110000000000000000000011100000000000000000000000000000000000000011100000000000000000000000000000000000000000001111100000000000000000000,1,0
971,2,TypeC,17900,000000000000000000111000000000001110000000000000000000011100000000000000000000000000000000000000111000000000000000000000000000000000000000000001111100000000000000000000,1,0
972,2,TypeC,17900,000000000000000000111000000000001110000000000000000000011100000000000000000000000000000000000001110000000000000000000000000000000000000000000001111100000000000000000000,1,0
973,2,TypeC,17900,000000000000000000111000000000001110000000000000000000011100000000000000000000000000000000000011100000000000000000000000000000000000000000000001111100000000000000000000,1,0
974,2,TypeC,17900,000000000000000000111000000000001110000000000000000000011100000000000000000000000000000000000111000000000000000000000000000000000000000000000001111100000000000000000000,1,0
975,2,TypeC,17900,000000000000000000111000000000001110000000000000000000011100000000000000000000000000000000001110000000000000000000000000000000000000000000000001111100000000000000000000,1,0
976,2,TypeC,17900,000000000000000000111000000000001110000000000000000000011100000000000000000000000000000000011100000000000000000000000000000000000000000000000001111100000000000000000000,1,0
977,2,TypeC,17900,000000000000000000111000000000001110000000000000000000011100000000000000000000000000000000111000000000000000000000000000000000000000000000000001111100000000000000000000,1,0
978,2,TypeC,17900,000000000000000000111000000000001110000000000000000000011100000000000000000000000000000001110000000000000000000000000000000000000000000000000001111100000000000000000000,1,0
979,2,TypeC,17900,000000000000000001110000000000001110000000000000000000011100000000000000000000000000000000000000000000111000000000000000000000000000000000000001111100000000000000000000,1,0
980,2,TypeC,17900,000000000000000001110000000000001110000000000000000000011100000000000000000000000000000000000000000001110000000000000000000000000000000000000001111100000000000000000000,1,0
981,2,TypeC,17900,000000000000000001110000000000001110000000000000000000011100000000000000000000000000000000000000000011100000000000000000000000000000000000000001111100000000000000000000,1,0
982,2,TypeC,17900,000000000000000001110000000000001110000000000000000000011100000000000000000000000000000000000000000111000000000000000000000000000000000000000001111100000000000000000000,1,0
983,2,TypeC,17900,000000000000000001110000000000001110000000000000000000011100000000000000000000000000000000000000001110000000000000000000000000000000000000000001111100000000000000000000,1,0
984,2,TypeC,17900,000000000000000001110000000000001110000000000000000000011100000000000000000000000000000000000000011100000000000000000000000000000000000000000001111100000000000000000000,1,0
985,2,TypeC,17900,000000000000000001110000000000001110000000000000000000011100000000000000000000000000000000000000111000000000000000000000000000000000000000000001111100000000000000000000,1,0
986,2,TypeC,17900,000000000000000001110000000000001110000000000000000000011100000000000000000000000000000000000001110000000000000000000000000000000000000000000001111100000000000000000000,1,0
987,2,TypeC,17900,000000000000000001110000000000001110000000000000000000011100000000000000000000000000000000000011100000000000000000000000000000000000000000000001111100000000000000000000,1,0
988,2,TypeC,17900,000000000000000001110000000000001110000000000000000000011100000000000000000000000000000000000111000000000000000000000000000000000000000000000001111100000000000000000000,1,0
989,2,TypeC,17900,000000000000000001110000000000001110000000000000000000011100000000000000000000000000000000001110000000000000000000000000000000000000000000000001111100000000000000000000,1,0
990,2,TypeC,17900,000000000000000001110000000000001110000000000000000000011100000000000000000000000000000000011100000000000000000000000000000000000000000000000001111100000000000000000000,1,0
991,2,TypeC,17900,000000000000000001110000000000001110000000000000000000011100000000000000000000000000000000111000000000000000000000000000000000000000000000000001111100000000000000000000,1,0
992,2,TypeC,17900,000000000000000001110000000000001110000000000000000000011100000000000000000000000000000001110000000000000000000000000000000000000000000000000001111100000000000000000000,1,0
993,2,TypeC,18200,000000000000000000011100000000000111000000000000000000011100000000000000000000000000000000000000000001110000000000000000000000000000000000000001111100000000000000000000,1,0
994,2,TypeC,18200,000000000000000000011100000000000111000000000000000000011100000000000000000000000000000000000000000011100000000000000000000000000000000000000001111100000000000000000000,1,0
995,2,TypeC,18200,000000000000000000011100000000000111000000000000000000011100000000000000000000000000000000000000000111000000000000000000000000000000000000000001111100000000000000000000,1,0
996,2,TypeC,18200,000000000000000000011100000000000111000000000000000000011100000000000000000000000000000000000000001110000000000000000000000000000000000000000001111100000000000000000000,1,0
997,2,TypeC,18200,000000000000000000011100000000000111000000000000000000011100000000000000000000000000000000000000011100000000000000000000000000000000000000000001111100000000000000000000,1,0
998,2,TypeC,18200,000000000000000000011100000000000111000000000000000000011100000000000000000000000000000000000000111000000000000000000000000000000000000000000001111100000000000000000000,1,0
999,2,TypeC,18200,000000000000000000011100000000000111000000000000000000011100000000000000000000000000000000000001110000000000000000000000000000000000000000000001111100000000000000000000,1,0
1000,2,TypeC,18200,000000000000000000011100000000000111000000000000000000011100000000000000000000000000000000000011100000000000000000000000000000000000000000000001111100000000000000000000,1,0
1001,2,TypeC,18200,000000000000000000011100000000000111000000000000000000011100000000000000000000000000000000000111000000000000000000000000000000000000000000000001111100000000000000000000,1,0
1002,2,TypeC,18200,000000000000000000011100000000000111000000000000000000011100000000000000000000000000000000001110000000000000000000000000000000000000000000000001111100000000000000000000,1,0
1003,2,TypeC,18200,000000000000000000011100000000000111000000000000000000011100000000000000000000000000000000011100000000000000000000000000000000000000000000000001111100000000000000000000,1,0
1004,2,TypeC,18200,000000000000000000011100000000000111000000000000000000011100000000000000000000000000000000111000000000000000000000000000000000000000000000000001111100000000000000000000,1,0
1005,2,TypeC,18200,000000000000000000011100000000000111000000000000000000011100000000000000000000000000000001110000000000000000000000000000000000000000000000000001111100000000000000000000,1,0
1006,2,TypeC,18200,000000000000000000011100000000001110000000000000000000001110000000000000000000000000000000000000000000111000000000000000000000000000000000000001111100000000000000000000,1,0
1007,2,TypeC,18200,000000000000000000011100000000001110000000000000000000001110000000000000000000000000000000000000000001110000000000000000000000000000000000000001111100000000000000000000,1,0
1008,2,TypeC,18200,000000000000000000011100000000001110000000000000000000001110000000000000000000000000000000000000000011100000000000000000000000000000000000000001111100000000000000000000,1,0
1009,2,TypeC,18200,000000000000000000011100000000001110000000000000000000001110000000000000000000000000000000000000000111000000000000000000000000000000000000000001111100000000000000000000,1,0
1010,2,TypeC,18200,000000000000000000011100000000001110000000000000000000001110000000000000000000000000000000000000001110000000000000000000000000000000000000000001111100000000000000000000,1,0
1011,2,TypeC,18200,000000000000000000011100000000001110000000000000000000001110000000000000000000000000000000000000011100000000000000000000000000000000000000000001111100000000000000000000,1,0
1012,2,TypeC,18200,000000000000000000011100000000001110000000000000000000001110000000000000000000000000000000000000111000000000000000000000000000000000000000000001111100000000000000000000,1,0
1013,2,TypeC,18200,000000000000000000011100000000001110000000000000000000001110000000000000000000000000000000000001110000000000000000000000000000000000000000000001111100000000000000000000,1,0
1014,2,TypeC,18200,000000000000000000011100000000001110000000000000000000001110000000000000000000000000000000000011100000000000000000000000000000000000000000000001111100000000000000000000,1,0
1015,2,TypeC,18200,000000000000000000011100000000001110000000000000000000001110000000000000000000000000000000000111000000000000000000000000000000000000000000000001111100000000000000000000,1,0
1016,2,TypeC,18200,000000000000000000011100000000001110000000000000000000001110000000000000000000000000000000001110000000000000000000000000000000000000000000000001111100000000000000000000,1,0
1017,2,TypeC,18200,000000000000000000011100000000001110000000000000000000001110000000000000000000000000000000011100000000000000000000000000000000000000000000000001111100000000000000000000,1,0
1018,2,TypeC,18200,000000000000000000011100000000001110000000000000000000001110000000000000000000000000000000111000000000000000000000000000000000000000000000000001111100000000000000000000,1,0
1019,2,TypeC,18200,000000000000000000011100000000001110000000000000000000001110000000000000000000000000000001110000000000000000000000000000000000000000000000000001111100000000000000000000,1,0
1020,2,TypeC,18200,000000000000000000011100000000001110000000000000000000011100000000000000000000000000000000000000000000011100000000000000000000000000000000000001111100000000000000000000,1,0
1021,2,TypeC,22100,000000000000000000011100000000001110000000000000000000011100000000000000000000000000000000000000000000011111100000000000000000000000000000000001111100000000000000000000,1,0
1022,2,TypeC,21100,000000000000000000011100000000001110000000000000000000011100000000000000000000000000000000000000000000001111100000000000000000000000000000000001111100000000000000000000,1,0
1023,2,TypeC,20100,000000000000000000011100000000001110000000000000000000011100000000000000000000000000000000000000000000000111100000000000000000000000000000000001111100000000000000000000,1,0
1024,2,TypeC,18800,000000000000000000011100000000001110000000000000000000011100000000000000000000000000000000000000000000000011100000000000000000000000000000000001111100000000000000000000,1,0
1025,2,TypeC,18800,000000000000000000011100000000001110000000000000000000011100000000000000000000000000000000000000000000000001110000000000000000000000000000000001111100000000000000000000,1,0
1026,2,TypeC,18800,000000000000000000011100000000001110000000000000000000011100000000000000000000000000000000000000000000000000111000000000000000000000000000000001111100000000000000000000,1,0
1027,2,TypeC,18800,000000000000000000111000000000001110000000000000000000011100000000000000000000000000000000000000000000000000111000000000000000000000000000000001111100000000000000000000,1,0
1028,2,TypeC,18800,000000000000000000111000000000001110000000000000000000011100000000000000000000000000000000000000000000000001110000000000000000000000000000000001111100000000000000000000,1,0
1029,2,TypeC,18800,000000000000000000111000000000001110000000000000000000011100000000000000000000000000000000000000000000000011100000000000000000000000000000000001111100000000000000000000,1,0
1030,2,TypeC,18800,000000000000000001110000000000001110000000000000000000011100000000000000000000000000000000000000000000000000111000000000000000000000000000000001111100000000000000000000,1,0
1031,2,TypeC,18800,000000000000000001110000000000001110000000000000000000011100000000000000000000000000000000000000000000000001110000000000000000000000000000000001111100000000000000000000,1,0
1032,2,TypeC,18800,000000000000000001110000000000001110000000000000000000011100000000000000000000000000000000000000000000000011100000000000000000000000000000000001111100000000000000000000,1,0
1033,2,TypeC,19100,000000000000000000011100000000000111000000000000000000011100000000000000000000000000000000000000000000000000111000000000000000000000000000000001111100000000000000000000,1,0
1034,2,TypeC,19100,000000000000000000001110000000000111000000000000000000011100000000000000000000000000000000000000000000000000111000000000000000000000000000000001111100000000000000000000,1,0
1035,2,TypeC,19100,000000000000000000001110000000000011100000000000000000011100000000000000000000000000000000000000000000000000111000000000000000000000000000000001111100000000000000000000,1,0
1036,2,TypeC,19100,000000000000000000000111000000000011100000000000000000011100000000000000000000000000000000000000000000000000111000000000000000000000000000000001111100000000000000000000,1,0
1037,2,TypeC,19100,000000000000000000000111000000000011100000000000000000011100000000000000000000000000000000000000000000000001110000000000000000000000000000000001111100000000000000000000,1,0
1038,2,TypeC,19100,000000000000000000000111000000000011100000000000000000011100000000000000000000000000000000000000000000000011100000000000000000000000000000000001111100000000000000000000,1,0
1039,2,TypeC,19100,000000000000000000001110000000000011100000000000000000011100000000000000000000000000000000000000000000000001110000000000000000000000000000000001111100000000000000000000,1,0
1040,2,TypeC,19100,000000000000000000001110000000000011100000000000000000011100000000000000000000000000000000000000000000000011100000000000000000000000000000000001111100000000000000000000,1,0
1041,2,TypeC,19100,000000000000000000001110000000000111000000000000000000011100000000000000000000000000000000000000000000000001110000000000000000000000000000000001111100000000000000000000,1,0
1042,2,TypeC,19100,000000000000000000001110000000000111000000000000000000011100000000000000000000000000000000000000000000000011100000000000000000000000000000000001111100000000000000000000,1,0
1043,2,TypeC,19100,000000000000000000011100000000000011100000000000000000011100000000000000000000000000000000000000000000000000111000000000000000000000000000000001111100000000000000000000,1,0
1044,2,TypeC,19100,000000000000000000011100000000000011100000000000000000011100000000000000000000000000000000000000000000000001110000000000000000000000000000000001111100000000000000000000,1,0
1045,2,TypeC,19100,000000000000000000011100000000000011100000000000000000011100000000000000000000000000000000000000000000000011100000000000000000000000000000000001111100000000000000000000,1,0
1046,2,TypeC,19100,000000000000000000011100000000000111000000000000000000011100000000000000000000000000000000000000000000000001110000000000000000000000000000000001111100000000000000000000,1,0
1047,2,TypeC,19100,000000000000000000011100000000000111000000000000000000011100000000000000000000000000000000000000000000000011100000000000000000000000000000000001111100000000000000000000,1,0
1048,2,TypeC,19100,000000000000000000011100000000001110000000000000000000001110000000000000000000000000000000000000000000000000111000000000000000000000000000000001111100000000000000000000,1,0
1049,2,TypeC,19100,000000000000000000011100000000001110000000000000000000001110000000000000000000000000000000000000000000000001110000000000000000000000000000000001111100000000000000000000,1,0
1050,2,TypeC,19100,000000000000000000011100000000001110000000000000000000001110000000000000000000000000000000000000000000000011100000000000000000000000000000000001111100000000000000000000,1,0
1051,0,TypeA,56100,000000000000111111110000000000000000000000000000000000000000001111111111000000000000000000000000011111111110000000000000111111111100000000000000000001111111111000000000,1,0
1052,0,TypeA,54800,000000000000111111110000000000000000000000000000000000000000001111111110000000000000000000000000011111111110000000000000111111111100000000000000000001111111111000000000,1,0
1053,0,TypeA,53500,000000000000111111110000000000000000000000000000000000000000001111111100000000000000000000000000011111111110000000000000111111111100000000000000000001111111111000000000,1,0
1054,0,TypeA,52200,000000000000111111110000000000000000000000000000000000000000001111111100000000000000000000000000011111111110000000000000111111111100000000000000000000111111111000000000,1,0
1055,0,TypeA,50900,000000000000111111110000000000000000000000000000000000000000001111111100000000000000000000000000011111111110000000000000111111111100000000000000000000011111111000000000,1,0
1056,0,TypeA,50600,000000000000111111110000000000000000000000000000000000000000001111111100000000000000000000000000011111111110000000000000011111111110000000000000000000011111111000000000,1,0
1057,0,TypeA,49300,000000000000111111110000000000000000000000000000000000000000001111111100000000000000000000000000011111111110000000000000001111111110000000000000000000011111111000000000,1,0
1058,0,TypeA,49000,000000000000111111110000000000000000000000000000000000000000001111111100000000000000000000000000011111111110000000000000001111111110000000000000000000001111111100000000,1,0
1059,0,TypeA,48700,000000000000111111110000000000000000000000000000000000000000001111111100000000000000000000000000011111111110000000000000001111111110000000000000000000000111111110000000,1,0
1060,0,TypeA,49700,000000000000111111110000000000000000000000000000000000000000001111111100000000000000000000000000011111111110000000000000001111111110000000000000000000000111111111000000,1,0
1061,0,TypeA,49400,000000000000111111110000000000000000000000000000000000000000011111111000000000000000000000000000011111111110000000000000001111111110000000000000000000000111111111000000,1,0
1062,0,TypeA,49100,000000000000111111110000000000000000000000000000000000000000111111110000000000000000000000000000011111111110000000000000001111111110000000000000000000000111111111000000,1,0
1063,0,TypeA,48800,000000000000111111110000000000000000000000000000000000000001111111100000000000000000000000000000011111111110000000000000001111111110000000000000000000000111111111000000,1,0
1064,0,TypeA,48500,000000000001111111100000000000000000000000000000000000000001111111100000000000000000000000000000011111111110000000000000001111111110000000000000000000000111111111000000,1,0
1065,0,TypeA,48500,000000000001111111100000000000000000000000000000000000000011111111000000000000000000000000000000011111111110000000000000001111111110000000000000000000000111111111000000,1,0
1066,0,TypeA,48500,000000000001111111100000000000000000000000000000000000000111111110000000000000000000000000000000011111111110000000000000001111111110000000000000000000000111111111000000,1,0
1067,0,TypeA,48800,000000000001111111100000000000000000000000000000000000001111111100000000000000000000000000000000011111111110000000000000001111111110000000000000000000000111111111000000,1,0
1068,0,TypeA,48800,000000000011111111000000000000000000000000000000000000001111111100000000000000000000000000000000011111111110000000000000001111111110000000000000000000000111111111000000,1,0
1069,0,TypeA,48800,000000000111111110000000000000000000000000000000000000001111111100000000000000000000000000000000011111111110000000000000001111111110000000000000000000000111111111000000,1,0
1070,0,TypeA,49100,000000000111111110000000000000000000000000000000000000011111111000000000000000000000000000000000011111111110000000000000001111111110000000000000000000000111111111000000,1,0
1071,0,TypeA,49100,000000001111111100000000000000000000000000000000000000001111111100000000000000000000000000000000011111111110000000000000001111111110000000000000000000000111111111000000,1,0
1072,0,TypeA,49400,000000000111111110000000000000000000000000000000000000111111110000000000000000000000000000000000011111111110000000000000001111111110000000000000000000000111111111000000,1,0
1073,0,TypeA,49400,000000001111111100000000000000000000000000000000000000011111111000000000000000000000000000000000011111111110000000000000001111111110000000000000000000000111111111000000,1,0
1074,0,TypeA,49700,000000000111111110000000000000000000000000000000000001111111100000000000000000000000000000000000011111111110000000000000001111111110000000000000000000000111111111000000,1,0
1075,0,TypeA,49700,000000001111111100000000000000000000000000000000000000111111110000000000000000000000000000000000011111111110000000000000001111111110000000000000000000000111111111000000,1,0
1076,0,TypeA,47800,000000000111111110000000000000000000000000000000000000001111111100000000000000000000000000000000011111111100000000000000001111111110000000000000000000000111111111000000,1,0
1077,0,TypeA,46800,000000000111111110000000000000000000000000000000000000001111111100000000000000000000000000000000011111111000000000000000001111111110000000000000000000000111111111000000,1,0
1078,0,TypeA,47100,000000000111111110000000000000000000000000000000000000011111111000000000000000000000000000000000011111111000000000000000001111111110000000000000000000000111111111000000,1,0
1079,0,TypeA,47100,000000001111111100000000000000000000000000000000000000001111111100000000000000000000000000000000011111111000000000000000001111111110000000000000000000000111111111000000,1,0
1080,0,TypeA,47400,000000000111111110000000000000000000000000000000000000111111110000000000000000000000000000000000011111111000000000000000001111111110000000000000000000000111111111000000,1,0
1081,0,TypeA,47400,000000001111111100000000000000000000000000000000000000011111111000000000000000000000000000000000011111111000000000000000001111111110000000000000000000000111111111000000,1,0
1082,0,TypeA,47700,000000000111111110000000000000000000000000000000000001111111100000000000000000000000000000000000011111111000000000000000001111111110000000000000000000000111111111000000,1,0
1083,0,TypeA,47700,000000001111111100000000000000000000000000000000000000111111110000000000000000000000000000000000011111111000000000000000001111111110000000000000000000000111111111000000,1,0
1084,0,TypeA,47800,000000000111111110000000000000000000000000000000000000001111111100000000000000000000000000000000011111111000000000000000001111111110000000000000000000000111111111100000,1,0
1085,0,TypeA,47800,000000000111111110000000000000000000000000000000000000001111111100000000000000000000000000000000011111111000000000000000001111111111000000000000000000000111111111000000,1,0
1086,0,TypeA,49800,000000000111111110000000000000000000000000000000000000001111111100000000000000000000000000000000011111111110000000000000001111111110000000000000000000000111111111100000,1,0
1087,0,TypeA,49800,000000000111111110000000000000000000000000000000000000001111111100000000000000000000000000000000011111111110000000000000001111111111000000000000000000000111111111000000,1,0
1088,0,TypeA,47800,000000000111111110000000000000000000000000000000000000001111111110000000000000000000000000000000011111111000000000000000001111111110000000000000000000000111111111000000,1,0
1089,0,TypeA,49800,000000000111111110000000000000000000000000000000000000001111111110000000000000000000000000000000011111111110000000000000001111111110000000000000000000000111111111000000,1,0
1090,0,TypeA,47800,000000000111111111000000000000000000000000000000000000001111111100000000000000000000000000000000011111111000000000000000001111111110000000000000000000000111111111000000,1,0
1091,0,TypeA,49800,000000000111111111000000000000000000000000000000000000001111111100000000000000000000000000000000011111111110000000000000001111111110000000000000000000000111111111000000,1,0
1092,0,TypeA,48000,000000000111111110000000000000000000000000000000000011111111000000000000000000000000000000000000011111111000000000000000001111111110000000000000000000000111111111000000,1,0
1093,0,TypeA,50000,000000000111111110000000000000000000000000000000000011111111000000000000000000000000000000000000011111111110000000000000001111111110000000000000000000000111111111000000,1,0
1094,0,TypeA,48000,000000001111111100000000000000000000000000000000000001111111100000000000000000000000000000000000011111111000000000000000001111111110000000000000000000000111111111000000,1,0
1095,0,TypeA,50000,000000001111111100000000000000000000000000000000000001111111100000000000000000000000000000000000011111111110000000000000001111111110000000000000000000000111111111000000,1,0
1096,0,TypeA,46800,000000000011111111000000000000000000000000000000000000001111111100000000000000000000000000000000011111111000000000000000001111111110000000000000000000000111111111000000,1,0
1097,0,TypeA,46800,000000000001111111100000000000000000000000000000000000001111111100000000000000000000000000000000011111111000000000000000001111111110000000000000000000000111111111000000,1,0
1098,0,TypeA,48100,000000000111111110000000000000000000000000000000000000001111111100000000000000000000000000000000011111111000000000000000001111111110000000000000000000001111111111000000,1,0
1099,0,TypeA,48100,000000000111111110000000000000000000000000000000000000001111111100000000000000000000000000000000011111111000000000000000011111111110000000000000000000000111111111000000,1,0
1100,0,TypeA,50100,000000000111111110000000000000000000000000000000000000001111111100000000000000000000000000000000011111111110000000000000001111111110000000000000000000001111111111000000,1,0
1101,0,TypeA,50100,000000000111111110000000000000000000000000000000000000001111111100000000000000000000000000000000011111111110000000000000011111111110000000000000000000000111111111000000,1,0
1102,0,TypeA,48100,000000000111111110000000000000000000000000000000000000001111111100000000000000000000000000000000111111111000000000000000001111111110000000000000000000000111111111000000,1,0
1103,0,TypeA,48100,000000000111111110000000000000000000000000000000000000011111111000000000000000000000000000000000011111111000000000000000001111111110000000000000000000000111111111100000,1,0
1104,0,TypeA,48100,000000000111111110000000000000000000000000000000000000011111111000000000000000000000000000000000011111111000000000000000001111111111000000000000000000000111111111000000,1,0
1105,0,TypeA,48100,000000000111111110000000000000000000000000000000000000011111111000000000000000000000000000000000011111111100000000000000001111111110000000000000000000000111111111000000,1,0
1106,0,TypeA,50100,000000000111111110000000000000000000000000000000000000011111111000000000000000000000000000000000011111111110000000000000001111111110000000000000000000000111111111100000,1,0
1107,0,TypeA,50100,000000000111111110000000000000000000000000000000000000011111111000000000000000000000000000000000011111111110000000000000001111111111000000000000000000000111111111000000,1,0
1108,0,TypeA,48100,000000000111111110000000000000000000000000000000000000011111111100000000000000000000000000000000011111111000000000000000001111111110000000000000000000000111111111000000,1,0
1109,0,TypeA,50100,000000000111111110000000000000000000000000000000000000011111111100000000000000000000000000000000011111111110000000000000001111111110000000000000000000000111111111000000,1,0
1110,0,TypeA,48100,000000000111111111000000000000000000000000000000000000011111111000000000000000000000000000000000011111111000000000000000001111111110000000000000000000000111111111000000,1,0
1111,0,TypeA,50100,000000000111111111000000000000000000000000000000000000011111111000000000000000000000000000000000011111111110000000000000001111111110000000000000000000000111111111000000,1,0
1112,0,TypeA,48100,000000001111111100000000000000000000000000000000000000001111111100000000000000000000000000000000011111111000000000000000001111111110000000000000000000000111111111100000,1,0
1113,0,TypeA,48100,000000001111111100000000000000000000000000000000000000001111111100000000000000000000000000000000011111111000000000000000001111111111000000000000000000000111111111000000,1,0
1114,0,TypeA,48100,000000001111111100000000000000000000000000000000000000001111111100000000000000000000000000000000011111111100000000000000001111111110000000000000000000000111111111000000,1,0
1115,0,TypeA,50100,000000001111111100000000000000000000000000000000000000001111111100000000000000000000000000000000011111111110000000000000001111111110000000000000000000000111111111100000,1,0
1116,0,TypeA,50100,000000001111111100000000000000000000000000000000000000001111111100000000000000000000000000000000011111111110000000000000001111111111000000000000000000000111111111000000,1,0
1117,0,TypeA,48100,000000001111111100000000000000000000000000000000000000001111111110000000000000000000000000000000011111111000000000000000001111111110000000000000000000000111111111000000,1,0
1118,0,TypeA,50100,000000001111111100000000000000000000000000000000000000001111111110000000000000000000000000000000011111111110000000000000001111111110000000000000000000000111111111000000,1,0
1119,0,TypeA,48100,000000001111111110000000000000000000000000000000000000001111111100000000000000000000000000000000011111111000000000000000001111111110000000000000000000000111111111000000,1,0
1120,0,TypeA,50100,000000001111111110000000000000000000000000000000000000001111111100000000000000000000000000000000011111111110000000000000001111111110000000000000000000000111111111000000,1,0
1121,0,TypeA,48300,000000000111111110000000000000000000000000000000000111111110000000000000000000000000000000000000011111111000000000000000001111111110000000000000000000000111111111000000,1,0
1122,0,TypeA,50300,000000000111111110000000000000000000000000000000000111111110000000000000000000000000000000000000011111111110000000000000001111111110000000000000000000000111111111000000,1,0
1123,0,TypeA,48300,000000001111111100000000000000000000000000000000000011111111000000000000000000000000000000000000011111111000000000000000001111111110000000000000000000000111111111000000,1,0
1124,0,TypeA,50300,000000001111111100000000000000000000000000000000000011111111000000000000000000000000000000000000011111111110000000000000001111111110000000000000000000000111111111000000,1,0
1125,0,TypeA,47100,000000000000111111110000000000000000000000000000000000001111111100000000000000000000000000000000011111111000000000000000001111111110000000000000000000000111111111000000,1,0
1126,0,TypeA,49100,000000000000111111110000000000000000000000000000000000001111111100000000000000000000000000000000011111111110000000000000001111111110000000000000000000000111111111000000,1,0
1127,0,TypeA,47100,000000000001111111100000000000000000000000000000000000011111111000000000000000000000000000000000011111111000000000000000001111111110000000000000000000000111111111000000,1,0
1128,0,TypeA,49100,000000000001111111100000000000000000000000000000000000011111111000000000000000000000000000000000011111111110000000000000001111111110000000000000000000000111111111000000,1,0
1129,0,TypeA,47100,000000000011111111000000000000000000000000000000000000011111111000000000000000000000000000000000011111111000000000000000001111111110000000000000000000000111111111000000,1,0
1130,0,TypeA,49100,000000000011111111000000000000000000000000000000000000011111111000000000000000000000000000000000011111111110000000000000001111111110000000000000000000000111111111000000,1,0
1131,0,TypeA,48400,000000000111111110000000000000000000000000000000000000001111111100000000000000000000000000000000011111111000000000000000111111111100000000000000000000000111111111000000,1,0
1132,0,TypeA,50400,000000000111111110000000000000000000000000000000000000001111111100000000000000000000000000000000011111111110000000000000111111111100000000000000000000000111111111000000,1,0
1133,0,TypeA,48400,000000000111111110000000000000000000000000000000000000011111111000000000000000000000000000000000011111111000000000000000001111111110000000000000000000001111111111000000,1,0
1134,0,TypeA,48400,000000000111111110000000000000000000000000000000000000011111111000000000000000000000000000000000011111111000000000000000011111111110000000000000000000000111111111000000,1,0
1135,0,TypeA,50400,000000000111111110000000000000000000000000000000000000011111111000000000000000000000000000000000011111111110000000000000001111111110000000000000000000001111111111000000,1,0
1136,0,TypeA,50400,000000000111111110000000000000000000000000000000000000011111111000000000000000000000000000000000011111111110000000000000011111111110000000000000000000000111111111000000,1,0
1137,0,TypeA,48400,000000000111111110000000000000000000000000000000000000011111111000000000000000000000000000000000111111111000000000000000001111111110000000000000000000000111111111000000,1,0
1138,0,TypeA,48400,000000000111111110000000000000000000000000000000000000111111110000000000000000000000000000000000011111111000000000000000001111111110000000000000000000000111111111100000,1,0
1139,0,TypeA,48400,000000000111111110000000000000000000000000000000000000111111110000000000000000000000000000000000011111111000000000000000001111111111000000000000000000000111111111000000,1,0
1140,0,TypeA,48400,000000000111111110000000000000000000000000000000000000111111110000000000000000000000000000000000011111111100000000000000001111111110000000000000000000000111111111000000,1,0
1141,0,TypeA,50400,000000000111111110000000000000000000000000000000000000111111110000000000000000000000000000000000011111111110000000000000001111111110000000000000000000000111111111100000,1,0
1142,0,TypeA,50400,000000000111111110000000000000000000000000000000000000111111110000000000000000000000000000000000011111111110000000000000001111111111000000000000000000000111111111000000,1,0
1143,0,TypeA,48400,000000000111111110000000000000000000000000000000000000111111111000000000000000000000000000000000011111111000000000000000001111111110000000000000000000000111111111000000,1,0
1144,0,TypeA,50400,000000000111111110000000000000000000000000000000000000111111111000000000000000000000000000000000011111111110000000000000001111111110000000000000000000000111111111000000,1,0
1145,0,TypeA,48400,000000000111111111000000000000000000000000000000000000111111110000000000000000000000000000000000011111111000000000000000001111111110000000000000000000000111111111000000,1,0
1146,0,TypeA,50400,000000000111111111000000000000000000000000000000000000111111110000000000000000000000000000000000011111111110000000000000001111111110000000000000000000000111111111000000,1,0
1147,0,TypeA,48400,000000001111111100000000000000000000000000000000000000001111111100000000000000000000000000000000011111111000000000000000001111111110000000000000000000001111111111000000,1,0
1148,0,TypeA,48400,000000001111111100000000000000000000000000000000000000001111111100000000000000000000000000000000011111111000000000000000011111111110000000000000000000000111111111000000,1,0
1149,0,TypeA,50400,000000001111111100000000000000000000000000000000000000001111111100000000000000000000000000000000011111111110000000000000001111111110000000000000000000001111111111000000,1,0
1150,0,TypeA,50400,000000001111111100000000000000000000000000000000000000001111111100000000000000000000000000000000011111111110000000000000011111111110000000000000000000000111111111000000,1,0
1151,0,TypeA,48400,000000001111111100000000000000000000000000000000000000001111111100000000000000000000000000000000111111111000000000000000001111111110000000000000000000000111111111000000,1,0
1152,0,TypeA,48400,000000001111111100000000000000000000000000000000000000011111111000000000000000000000000000000000011111111000000000000000001111111110000000000000000000000111111111100000,1,0
1153,0,TypeA,48400,000000001111111100000000000000000000000000000000000000011111111000000000000000000000000000000000011111111000000000000000001111111111000000000000000000000111111111000000,1,0
1154,0,TypeA,48400,000000001111111100000000000000000000000000000000000000011111111000000000000000000000000000000000011111111100000000000000001111111110000000000000000000000111111111000000,1,0
1155,0,TypeA,50400,000000001111111100000000000000000000000000000000000000011111111000000000000000000000000000000000011111111110000000000000001111111110000000000000000000000111111111100000,1,0
1156,0,TypeA,50400,000000001111111100000000000000000000000000000000000000011111111000000000000000000000000000000000011111111110000000000000001111111111000000000000000000000111111111000000,1,0
1157,0,TypeA,48400,000000001111111100000000000000000000000000000000000000011111111100000000000000000000000000000000011111111000000000000000001111111110000000000000000000000111111111000000,1,0
1158,0,TypeA,50400,000000001111111100000000000000000000000000000000000000011111111100000000000000000000000000000000011111111110000000000000001111111110000000000000000000000111111111000000,1,0
1159,0,TypeA,48400,000000001111111110000000000000000000000000000000000000011111111000000000000000000000000000000000011111111000000000000000001111111110000000000000000000000111111111000000,1,0
1160,0,TypeA,50400,000000001111111110000000000000000000000000000000000000011111111000000000000000000000000000000000011111111110000000000000001111111110000000000000000000000111111111000000,1,0
1161,0,TypeA,48400,000000011111111100000000000000000000000000000000000000001111111100000000000000000000000000000000011111111000000000000000001111111110000000000000000000000111111111000000,1,0
1162,0,TypeA,50400,000000011111111100000000000000000000000000000000000000001111111100000000000000000000000000000000011111111110000000000000001111111110000000000000000000000111111111000000,1,0
1163,0,TypeA,48600,000000000111111110000000000000000000000000000000001111111100000000000000000000000000000000000000011111111000000000000000001111111110000000000000000000000111111111000000,1,0
1164,0,TypeA,49900,000000000111111110000000000000000000000000000000011111111100000000000000000000000000000000000000011111111000000000000000001111111110000000000000000000000111111111000000,1,0
1165,0,TypeA,50200,000000001111111100000000000000000000000000000000011111111100000000000000000000000000000000000000011111111000000000000000001111111110000000000000000000000111111111000000,1,0
1166,0,TypeA,50900,000000000111111110000000000000000000000000000000011111111100000000000000000000000000000000000000011111111000000000000000001111111110000000000000000000000111111111100000,1,0
1167,0,TypeA,50900,000000000111111110000000000000000000000000000000011111111100000000000000000000000000000000000000011111111000000000000000001111111111000000000000000000000111111111000000,1,0
1168,0,TypeA,50900,000000000111111110000000000000000000000000000000011111111100000000000000000000000000000000000000011111111100000000000000001111111110000000000000000000000111111111000000,1,0
1169,0,TypeA,51900,000000000111111110000000000000000000000000000000011111111100000000000000000000000000000000000000011111111110000000000000001111111110000000000000000000000111111111000000,1,0
1170,0,TypeA,52200,000000001111111100000000000000000000000000000000011111111100000000000000000000000000000000000000011111111110000000000000001111111110000000000000000000000111111111000000,1,0
1171,0,TypeA,52900,000000000111111110000000000000000000000000000000011111111100000000000000000000000000000000000000011111111110000000000000001111111110000000000000000000000111111111100000,1,0
1172,0,TypeA,52900,000000000111111110000000000000000000000000000000011111111100000000000000000000000000000000000000011111111110000000000000001111111111000000000000000000000111111111000000,1,0
1173,0,TypeA,50900,000000000111111110000000000000000000000000000000011111111110000000000000000000000000000000000000011111111000000000000000001111111110000000000000000000000111111111000000,1,0
1174,0,TypeA,52900,000000000111111110000000000000000000000000000000011111111110000000000000000000000000000000000000011111111110000000000000001111111110000000000000000000000111111111000000,1,0
1175,0,TypeA,50900,000000000111111111000000000000000000000000000000011111111100000000000000000000000000000000000000011111111000000000000000001111111110000000000000000000000111111111000000,1,0
1176,0,TypeA,52900,000000000111111111000000000000000000000000000000011111111100000000000000000000000000000000000000011111111110000000000000001111111110000000000000000000000111111111000000,1,0
1177,0,TypeA,49900,000000000011111111000000000000000000000000000000011111111100000000000000000000000000000000000000011111111000000000000000001111111110000000000000000000000111111111000000,1,0
1178,0,TypeA,49900,000000000001111111100000000000000000000000000000011111111100000000000000000000000000000000000000011111111000000000000000001111111110000000000000000000000111111111000000,1,0
1179,0,TypeA,51900,000000000011111111000000000000000000000000000000011111111100000000000000000000000000000000000000011111111110000000000000001111111110000000000000000000000111111111000000,1,0
1180,0,TypeA,51900,000000000001111111100000000000000000000000000000011111111100000000000000000000000000000000000000011111111110000000000000001111111110000000000000000000000111111111000000,1,0
1181,0,TypeA,51200,000000000111111110000000000000000000000000000000011111111100000000000000000000000000000000000000011111111000000000000000001111111110000000000000000000001111111111000000,1,0
1182,0,TypeA,51200,000000000111111110000000000000000000000000000000011111111100000000000000000000000000000000000000011111111000000000000000011111111110000000000000000000000111111111000000,1,0
1183,0,TypeA,53200,000000000111111110000000000000000000000000000000011111111100000000000000000000000000000000000000011111111110000000000000001111111110000000000000000000001111111111000000,1,0
1184,0,TypeA,53200,000000000111111110000000000000000000000000000000011111111100000000000000000000000000000000000000011111111110000000000000011111111110000000000000000000000111111111000000,1,0
1185,0,TypeA,51200,000000000111111110000000000000000000000000000000011111111100000000000000000000000000000000000000111111111000000000000000001111111110000000000000000000000111111111000000,1,0
1186,0,TypeA,51200,000000000111111110000000000000000000000000000000111111111100000000000000000000000000000000000000011111111000000000000000001111111110000000000000000000000111111111000000,1,0
1187,0,TypeA,53200,000000000111111110000000000000000000000000000000111111111100000000000000000000000000000000000000011111111110000000000000001111111110000000000000000000000111111111000000,1,0
1188,0,TypeA,51200,000000001111111100000000000000000000000000000000011111111100000000000000000000000000000000000000011111111000000000000000001111111110000000000000000000000111111111100000,1,0
1189,0,TypeA,51200,000000001111111100000000000000000000000000000000011111111100000000000000000000000000000000000000011111111000000000000000001111111111000000000000000000000111111111000000,1,0
1190,0,TypeA,51200,000000001111111100000000000000000000000000000000011111111100000000000000000000000000000000000000011111111100000000000000001111111110000000000000000000000111111111000000,1,0
1191,0,TypeA,53200,000000001111111100000000000000000000000000000000011111111100000000000000000000000000000000000000011111111110000000000000001111111110000000000000000000000111111111100000,1,0
1192,0,TypeA,53200,000000001111111100000000000000000000000000000000011111111100000000000000000000000000000000000000011111111110000000000000001111111111000000000000000000000111111111000000,1,0
1193,0,TypeA,51200,000000001111111100000000000000000000000000000000011111111110000000000000000000000000000000000000011111111000000000000000001111111110000000000000000000000111111111000000,1,0
1194,0,TypeA,53200,000000001111111100000000000000000000000000000000011111111110000000000000000000000000000000000000011111111110000000000000001111111110000000000000000000000111111111000000,1,0
1195,0,TypeA,51200,000000001111111110000000000000000000000000000000011111111100000000000000000000000000000000000000011111111000000000000000001111111110000000000000000000000111111111000000,1,0
1196,0,TypeA,53200,000000001111111110000000000000000000000000000000011111111100000000000000000000000000000000000000011111111110000000000000001111111110000000000000000000000111111111000000,1,0
1197,0,TypeA,50200,000000000000111111110000000000000000000000000000011111111100000000000000000000000000000000000000011111111000000000000000001111111110000000000000000000000111111111000000,1,0
1198,0,TypeA,52200,000000000000111111110000000000000000000000000000011111111100000000000000000000000000000000000000011111111110000000000000001111111110000000000000000000000111111111000000,1,0
1199,0,TypeA,51500,000000000111111110000000000000000000000000000000011111111100000000000000000000000000000000000000011111111000000000000000111111111100000000000000000000000111111111000000,1,0
1200,0,TypeA,53500,000000000111111110000000000000000000000000000000011111111100000000000000000000000000000000000000011111111110000000000000111111111100000000000000000000000111111111000000,1,0
1201,0,TypeA,51500,000000001111111100000000000000000000000000000000011111111100000000000000000000000000000000000000011111111000000000000000001111111110000000000000000000001111111111000000,1,0
1202,0,TypeA,51500,000000001111111100000000000000000000000000000000011111111100000000000000000000000000000000000000011111111000000000000000011111111110000000000000000000000111111111000000,1,0
1203,0,TypeA,53500,000000001111111100000000000000000000000000000000011111111100000000000000000000000000000000000000011111111110000000000000001111111110000000000000000000001111111111000000,1,0
1204,0,TypeA,53500,000000001111111100000000000000000000000000000000011111111100000000000000000000000000000000000000011111111110000000000000011111111110000000000000000000000111111111000000,1,0
1205,0,TypeA,51500,000000001111111100000000000000000000000000000000011111111100000000000000000000000000000000000000111111111000000000000000001111111110000000000000000000000111111111000000,1,0
1206,0,TypeA,51500,000000001111111100000000000000000000000000000000111111111100000000000000000000000000000000000000011111111000000000000000001111111110000000000000000000000111111111000000,1,0
1207,0,TypeA,53500,000000001111111100000000000000000000000000000000111111111100000000000000000000000000000000000000011111111110000000000000001111111110000000000000000000000111111111000000,1,0
1208,0,TypeA,51500,000000011111111100000000000000000000000000000000011111111100000000000000000000000000000000000000011111111000000000000000001111111110000000000000000000000111111111000000,1,0
1209,0,TypeA,53500,000000011111111100000000000000000000000000000000011111111100000000000000000000000000000000000000011111111110000000000000001111111110000000000000000000000111111111000000,1,0
1210,0,TypeA,51800,000000001111111100000000000000000000000000000000011111111100000000000000000000000000000000000000011111111000000000000000111111111100000000000000000000000111111111000000,1,0
1211,0,TypeA,53800,000000001111111100000000000000000000000000000000011111111100000000000000000000000000000000000000011111111110000000000000111111111100000000000000000000000111111111000000,1,0
1212,0,TypeA,51900,000000000111111110000000000000000000000000000000011111111100000000000000000000000000000000000000011111111000000000000000001111111111000000000000000000000111111111100000,1,0
1213,0,TypeA,51900,000000000111111110000000000000000000000000000000011111111100000000000000000000000000000000000000011111111100000000000000001111111110000000000000000000000111111111100000,1,0
1214,0,TypeA,51900,000000000111111110000000000000000000000000000000011111111100000000000000000000000000000000000000011111111100000000000000001111111111000000000000000000000111111111000000,1,0
1215,0,TypeA,53900,000000000111111110000000000000000000000000000000011111111100000000000000000000000000000000000000011111111110000000000000001111111111000000000000000000000111111111100000,1,0
1216,1,TypeB,41100,011111111000000000000011111111000000000000000000000000000000000000000000000000011111111000000000000000001111111100000000000000001111111000000000000000000000000000000000,1,0
1217,1,TypeB,41100,011111111000000000000011111111000000000000000000000000000000000000000000000000011111111000000000000000011111111000000000000000001111111000000000000000000000000000000000,1,0
1218,1,TypeB,41100,011111111000000000000001111111100000000000000000000000000000000000000000000000011111111000000000000000011111111000000000000000001111111000000000000000000000000000000000,1,0
1219,1,TypeB,40100,011111110000000000000001111111100000000000000000000000000000000000000000000000011111111000000000000000011111111000000000000000001111111000000000000000000000000000000000,1,0
1220,1,TypeB,39100,011111100000000000000001111111100000000000000000000000000000000000000000000000011111111000000000000000011111111000000000000000001111111000000000000000000000000000000000,1,0
1221,1,TypeB,38100,011111000000000000000001111111100000000000000000000000000000000000000000000000011111111000000000000000011111111000000000000000001111111000000000000000000000000000000000,1,0
1222,1,TypeB,37100,011110000000000000000001111111100000000000000000000000000000000000000000000000011111111000000000000000011111111000000000000000001111111000000000000000000000000000000000,1,0
1223,1,TypeB,36100,011110000000000000000000111111100000000000000000000000000000000000000000000000011111111000000000000000011111111000000000000000001111111000000000000000000000000000000000,1,0
1224,1,TypeB,35100,011110000000000000000000011111100000000000000000000000000000000000000000000000011111111000000000000000011111111000000000000000001111111000000000000000000000000000000000,1,0
1225,1,TypeB,34100,011110000000000000000000001111100000000000000000000000000000000000000000000000011111111000000000000000011111111000000000000000001111111000000000000000000000000000000000,1,0
1226,1,TypeB,33100,011110000000000000000000001111100000000000000000000000000000000000000000000000001111111000000000000000011111111000000000000000001111111000000000000000000000000000000000,1,0
1227,1,TypeB,32100,011110000000000000000000001111100000000000000000000000000000000000000000000000000111111000000000000000011111111000000000000000001111111000000000000000000000000000000000,1,0
1228,1,TypeB,31100,011110000000000000000000001111100000000000000000000000000000000000000000000000000011111000000000000000011111111000000000000000001111111000000000000000000000000000000000,1,0
1229,1,TypeB,30100,011110000000000000000000001111100000000000000000000000000000000000000000000000000001111000000000000000011111111000000000000000001111111000000000000000000000000000000000,1,0
1230,1,TypeB,29100,011110000000000000000000001111100000000000000000000000000000000000000000000000000001111000000000000000011111110000000000000000001111111000000000000000000000000000000000,1,0
1231,1,TypeB,28100,011110000000000000000000001111100000000000000000000000000000000000000000000000000001111000000000000000011111100000000000000000001111111000000000000000000000000000000000,1,0
1232,1,TypeB,28100,011110000000000000000000001111100000000000000000000000000000000000000000000000000000111100000000000000011111100000000000000000001111111000000000000000000000000000000000,1,0
1233,1,TypeB,28100,011110000000000000000000001111100000000000000000000000000000000000000000000000000000011110000000000000011111100000000000000000001111111000000000000000000000000000000000,1,0
1234,1,TypeB,28100,011110000000000000000000001111100000000000000000000000000000000000000000000000000011110000000000000000011111100000000000000000001111111000000000000000000000000000000000,1,0
1235,1,TypeB,28100,111100000000000000000000001111100000000000000000000000000000000000000000000000000000011110000000000000011111100000000000000000001111111000000000000000000000000000000000,1,0
1236,1,TypeB,28100,111100000000000000000000001111100000000000000000000000000000000000000000000000000000111100000000000000011111100000000000000000001111111000000000000000000000000000000000,1,0
1237,1,TypeB,28100,111100000000000000000000001111100000000000000000000000000000000000000000000000000001111000000000000000011111100000000000000000001111111000000000000000000000000000000000,1,0
1238,1,TypeB,28100,111100000000000000000000001111100000000000000000000000000000000000000000000000000011110000000000000000011111100000000000000000001111111000000000000000000000000000000000,1,0
1239,1,TypeB,27100,011110000000000000000000000111100000000000000000000000000000000000000000000000000000011110000000000000011111100000000000000000001111111000000000000000000000000000000000,1,0
1240,1,TypeB,31100,011110000000000000000000000111111110000000000000000000000000000000000000000000000000011110000000000000011111100000000000000000001111111000000000000000000000000000000000,1,0
1241,1,TypeB,30100,011110000000000000000000000011111110000000000000000000000000000000000000000000000000011110000000000000011111100000000000000000001111111000000000000000000000000000000000,1,0
1242,1,TypeB,29100,011110000000000000000000000001111110000000000000000000000000000000000000000000000000011110000000000000011111100000000000000000001111111000000000000000000000000000000000,1,0
1243,1,TypeB,29100,011110000000000000000000000001111110000000000000000000000000000000000000000000000000111100000000000000011111100000000000000000001111111000000000000000000000000000000000,1,0
1244,1,TypeB,29100,011110000000000000000000000001111110000000000000000000000000000000000000000000000001111000000000000000011111100000000000000000001111111000000000000000000000000000000000,1,0
1245,1,TypeB,29100,011110000000000000000000000001111110000000000000000000000000000000000000000000000011110000000000000000011111100000000000000000001111111000000000000000000000000000000000,1,0
1246,1,TypeB,29100,111100000000000000000000000001111110000000000000000000000000000000000000000000000000011110000000000000011111100000000000000000001111111000000000000000000000000000000000,1,0
1247,1,TypeB,29100,111100000000000000000000000001111110000000000000000000000000000000000000000000000000111100000000000000011111100000000000000000001111111000000000000000000000000000000000,1,0
1248,1,TypeB,29100,111100000000000000000000000001111110000000000000000000000000000000000000000000000001111000000000000000011111100000000000000000001111111000000000000000000000000000000000,1,0
1249,1,TypeB,29100,111100000000000000000000000001111110000000000000000000000000000000000000000000000011110000000000000000011111100000000000000000001111111000000000000000000000000000000000,1,0
1250,1,TypeB,30100,011110000000000000000000000011111110000000000000000000000000000000000000000000000000111100000000000000011111100000000000000000001111111000000000000000000000000000000000,1,0
1251,1,TypeB,30100,011110000000000000000000000011111110000000000000000000000000000000000000000000000001111000000000000000011111100000000000000000001111111000000000000000000000000000000000,1,0
1252,1,TypeB,30100,011110000000000000000000000011111110000000000000000000000000000000000000000000000011110000000000000000011111100000000000000000001111111000000000000000000000000000000000,1,0
1253,1,TypeB,30100,111100000000000000000000000011111110000000000000000000000000000000000000000000000000011110000000000000011111100000000000000000001111111000000000000000000000000000000000,1,0
1254,1,TypeB,30100,111100000000000000000000000011111110000000000000000000000000000000000000000000000000111100000000000000011111100000000000000000001111111000000000000000000000000000000000,1,0
1255,1,TypeB,30100,111100000000000000000000000011111110000000000000000000000000000000000000000000000001111000000000000000011111100000000000000000001111111000000000000000000000000000000000,1,0
1256,1,TypeB,30100,111100000000000000000000000011111110000000000000000000000000000000000000000000000011110000000000000000011111100000000000000000001111111000000000000000000000000000000000,1,0
1257,1,TypeB,30100,011110000000000000000000000001111110000000000000000000000000000000000000000000000000011110000000000000011111110000000000000000001111111000000000000000000000000000000000,1,0
1258,1,TypeB,30100,011110000000000000000000000001111110000000000000000000000000000000000000000000000000011110000000000000111111100000000000000000001111111000000000000000000000000000000000,1,0
1259,1,TypeB,30100,011110000000000000000000000001111110000000000000000000000000000000000000000000000000011111000000000000011111100000000000000000001111111000000000000000000000000000000000,1,0
1260,1,TypeB,30100,011110000000000000000000000001111110000000000000000000000000000000000000000000000000111100000000000000011111110000000000000000001111111000000000000000000000000000000000,1,0
1261,1,TypeB,30100,011110000000000000000000000001111110000000000000000000000000000000000000000000000000111100000000000000111111100000000000000000001111111000000000000000000000000000000000,1,0
1262,1,TypeB,30100,011110000000000000000000000001111110000000000000000000000000000000000000000000000000111110000000000000011111100000000000000000001111111000000000000000000000000000000000,1,0
1263,1,TypeB,30100,011110000000000000000000000001111110000000000000000000000000000000000000000000000001111000000000000000011111110000000000000000001111111000000000000000000000000000000000,1,0
1264,1,TypeB,30100,011110000000000000000000000001111110000000000000000000000000000000000000000000000001111000000000000000111111100000000000000000001111111000000000000000000000000000000000,1,0
1265,1,TypeB,30100,011110000000000000000000000001111110000000000000000000000000000000000000000000000001111100000000000000011111100000000000000000001111111000000000000000000000000000000000,1,0
1266,1,TypeB,30100,011110000000000000000000000001111110000000000000000000000000000000000000000000000011110000000000000000011111110000000000000000001111111000000000000000000000000000000000,1,0
1267,1,TypeB,30100,011110000000000000000000000001111110000000000000000000000000000000000000000000000011110000000000000000111111100000000000000000001111111000000000000000000000000000000000,1,0
1268,1,TypeB,30100,011110000000000000000000000001111110000000000000000000000000000000000000000000000011111000000000000000011111100000000000000000001111111000000000000000000000000000000000,1,0
1269,1,TypeB,30100,011110000000000000000000000001111110000000000000000000000000000000000000000000000111110000000000000000011111100000000000000000001111111000000000000000000000000000000000,1,0
1270,1,TypeB,30100,011110000000000000000000000001111111000000000000000000000000000000000000000000000000011110000000000000011111100000000000000000001111111000000000000000000000000000000000,1,0
1271,1,TypeB,30100,011110000000000000000000000001111111000000000000000000000000000000000000000000000000111100000000000000011111100000000000000000001111111000000000000000000000000000000000,1,0
1272,1,TypeB,30100,011110000000000000000000000001111111000000000000000000000000000000000000000000000001111000000000000000011111100000000000000000001111111000000000000000000000000000000000,1,0
1273,1,TypeB,30100,011110000000000000000000000001111111000000000000000000000000000000000000000000000011110000000000000000011111100000000000000000001111111000000000000000000000000000000000,1,0
1274,1,TypeB,30100,011111000000000000000000000001111110000000000000000000000000000000000000000000000000011110000000000000011111100000000000000000001111111000000000000000000000000000000000,1,0
1275,1,TypeB,30100,011111000000000000000000000001111110000000000000000000000000000000000000000000000000111100000000000000011111100000000000000000001111111000000000000000000000000000000000,1,0
1276,1,TypeB,30100,011111000000000000000000000001111110000000000000000000000000000000000000000000000001111000000000000000011111100000000000000000001111111000000000000000000000000000000000,1,0
1277,1,TypeB,30100,011111000000000000000000000001111110000000000000000000000000000000000000000000000011110000000000000000011111100000000000000000001111111000000000000000000000000000000000,1,0
1278,1,TypeB,30100,111100000000000000000000000001111110000000000000000000000000000000000000000000000000011110000000000000011111110000000000000000001111111000000000000000000000000000000000,1,0
1279,1,TypeB,30100,111100000000000000000000000001111110000000000000000000000000000000000000000000000000011110000000000000111111100000000000000000001111111000000000000000000000000000000000,1,0
1280,1,TypeB,30100,111100000000000000000000000001111110000000000000000000000000000000000000000000000000011111000000000000011111100000000000000000001111111000000000000000000000000000000000,1,0
1281,1,TypeB,30100,111100000000000000000000000001111110000000000000000000000000000000000000000000000000111100000000000000011111110000000000000000001111111000000000000000000000000000000000,1,0
1282,1,TypeB,30100,111100000000000000000000000001111110000000000000000000000000000000000000000000000000111100000000000000111111100000000000000000001111111000000000000000000000000000000000,1,0
1283,1,TypeB,30100,111100000000000000000000000001111110000000000000000000000000000000000000000000000000111110000000000000011111100000000000000000001111111000000000000000000000000000000000,1,0
1284,1,TypeB,30100,111100000000000000000000000001111110000000000000000000000000000000000000000000000001111000000000000000011111110000000000000000001111111000000000000000000000000000000000,1,0
1285,1,TypeB,30100,111100000000000000000000000001111110000000000000000000000000000000000000000000000001111000000000000000111111100000000000000000001111111000000000000000000000000000000000,1,0
1286,1,TypeB,30100,111100000000000000000000000001111110000000000000000000000000000000000000000000000001111100000000000000011111100000000000000000001111111000000000000000000000000000000000,1,0
1287,1,TypeB,30100,111100000000000000000000000001111110000000000000000000000000000000000000000000000011110000000000000000011111110000000000000000001111111000000000000000000000000000000000,1,0
1288,1,TypeB,30100,111100000000000000000000000001111110000000000000000000000000000000000000000000000011110000000000000000111111100000000000000000001111111000000000000000000000000000000000,1,0
1289,1,TypeB,30100,111100000000000000000000000001111110000000000000000000000000000000000000000000000011111000000000000000011111100000000000000000001111111000000000000000000000000000000000,1,0
1290,1,TypeB,30100,111100000000000000000000000001111110000000000000000000000000000000000000000000000111110000000000000000011111100000000000000000001111111000000000000000000000000000000000,1,0
1291,1,TypeB,30100,111100000000000000000000000001111111000000000000000000000000000000000000000000000000011110000000000000011111100000000000000000001111111000000000000000000000000000000000,1,0
1292,1,TypeB,30100,111100000000000000000000000001111111000000000000000000000000000000000000000000000000111100000000000000011111100000000000000000001111111000000000000000000000000000000000,1,0
1293,1,TypeB,30100,111100000000000000000000000001111111000000000000000000000000000000000000000000000001111000000000000000011111100000000000000000001111111000000000000000000000000000000000,1,0
1294,1,TypeB,30100,111100000000000000000000000001111111000000000000000000000000000000000000000000000011110000000000000000011111100000000000000000001111111000000000000000000000000000000000,1,0
1295,1,TypeB,30100,111110000000000000000000000001111110000000000000000000000000000000000000000000000000011110000000000000011111100000000000000000001111111000000000000000000000000000000000,1,0
1296,1,TypeB,30100,111110000000000000000000000001111110000000000000000000000000000000000000000000000000111100000000000000011111100000000000000000001111111000000000000000000000000000000000,1,0
1297,1,TypeB,30100,111110000000000000000000000001111110000000000000000000000000000000000000000000000001111000000000000000011111100000000000000000001111111000000000000000000000000000000000,1,0
1298,1,TypeB,30100,111110000000000000000000000001111110000000000000000000000000000000000000000000000011110000000000000000011111100000000000000000001111111000000000000000000000000000000000,1,0
1299,1,TypeB,30400,011110000000000000000000000001111110000000000000000000000000000000000000000000000000011110000000000000011111100000000000000000001111111100000000000000000000000000000000,1,0
1300,1,TypeB,30400,011110000000000000000000000001111110000000000000000000000000000000000000000000000000011110000000000000011111100000000000000000011111111000000000000000000000000000000000,1,0
1301,1,TypeB,30400,011110000000000000000000000001111110000000000000000000000000000000000000000000000000111100000000000000011111100000000000000000001111111100000000000000000000000000000000,1,0
1302,1,TypeB,30400,011110000000000000000000000001111110000000000000000000000000000000000000000000000000111100000000000000011111100000000000000000011111111000000000000000000000000000000000,1,0
1303,1,TypeB,30400,011110000000000000000000000001111110000000000000000000000000000000000000000000000001111000000000000000011111100000000000000000001111111100000000000000000000000000000000,1,0
1304,1,TypeB,30400,011110000000000000000000000001111110000000000000000000000000000000000000000000000001111000000000000000011111100000000000000000011111111000000000000000000000000000000000,1,0
1305,1,TypeB,30400,011110000000000000000000000001111110000000000000000000000000000000000000000000000011110000000000000000011111100000000000000000001111111100000000000000000000000000000000,1,0
1306,1,TypeB,30400,011110000000000000000000000001111110000000000000000000000000000000000000000000000011110000000000000000011111100000000000000000011111111000000000000000000000000000000000,1,0
1307,1,TypeB,30400,111100000000000000000000000001111110000000000000000000000000000000000000000000000000011110000000000000011111100000000000000000001111111100000000000000000000000000000000,1,0
1308,1,TypeB,30400,111100000000000000000000000001111110000000000000000000000000000000000000000000000000011110000000000000011111100000000000000000011111111000000000000000000000000000000000,1,0
1309,1,TypeB,30400,111100000000000000000000000001111110000000000000000000000000000000000000000000000000111100000000000000011111100000000000000000001111111100000000000000000000000000000000,1,0
1310,1,TypeB,30400,111100000000000000000000000001111110000000000000000000000000000000000000000000000000111100000000000000011111100000000000000000011111111000000000000000000000000000000000,1,0
1311,1,TypeB,30400,111100000000000000000000000001111110000000000000000000000000000000000000000000000001111000000000000000011111100000000000000000001111111100000000000000000000000000000000,1,0
1312,1,TypeB,30400,111100000000000000000000000001111110000000000000000000000000000000000000000000000001111000000000000000011111100000000000000000011111111000000000000000000000000000000000,1,0
1313,1,TypeB,30400,111100000000000000000000000001111110000000000000000000000000000000000000000000000011110000000000000000011111100000000000000000001111111100000000000000000000000000000000,1,0
1314,1,TypeB,30400,111100000000000000000000000001111110000000000000000000000000000000000000000000000011110000000000000000011111100000000000000000011111111000000000000000000000000000000000,1,0
1315,1,TypeB,31100,011110000000000000000000000011111110000000000000000000000000000000000000000000000000011110000000000000011111110000000000000000001111111000000000000000000000000000000000,1,0
1316,1,TypeB,31100,011110000000000000000000000011111110000000000000000000000000000000000000000000000000011110000000000000111111100000000000000000001111111000000000000000000000000000000000,1,0
1317,1,TypeB,31100,011110000000000000000000000011111110000000000000000000000000000000000000000000000000011111000000000000011111100000000000000000001111111000000000000000000000000000000000,1,0
1318,1,TypeB,31100,011110000000000000000000000011111110000000000000000000000000000000000000000000000000111100000000000000011111110000000000000000001111111000000000000000000000000000000000,1,0
1319,1,TypeB,31100,011110000000000000000000000011111110000000000000000000000000000000000000000000000000111100000000000000111111100000000000000000001111111000000000000000000000000000000000,1,0
1320,1,TypeB,31100,011110000000000000000000000011111110000000000000000000000000000000000000000000000000111110000000000000011111100000000000000000001111111000000000000000000000000000000000,1,0
1321,1,TypeB,31100,011110000000000000000000000011111110000000000000000000000000000000000000000000000001111000000000000000011111110000000000000000001111111000000000000000000000000000000000,1,0
1322,1,TypeB,31100,011110000000000000000000000011111110000000000000000000000000000000000000000000000001111000000000000000111111100000000000000000001111111000000000000000000000000000000000,1,0
1323,1,TypeB,31100,011110000000000000000000000011111110000000000000000000000000000000000000000000000001111100000000000000011111100000000000000000001111111000000000000000000000000000000000,1,0
1324,1,TypeB,31100,011110000000000000000000000011111110000000000000000000000000000000000000000000000011110000000000000000011111110000000000000000001111111000000000000000000000000000000000,1,0
1325,1,TypeB,31100,011110000000000000000000000011111110000000000000000000000000000000000000000000000011110000000000000000111111100000000000000000001111111000000000000000000000000000000000,1,0
1326,2,TypeC,31300,000000000011110000000000000000000011111100000000000000001110000000000000000000000000011111100000000000000000000000000000000000000000111111000000000000000000000000000000,1,0
1327,2,TypeC,30000,000000000001110000000000000000000011111100000000000000001110000000000000000000000000011111100000000000000000000000000000000000000000111111000000000000000000000000000000,1,0
1328,2,TypeC,33900,000000000001111110000000000000000011111100000000000000001110000000000000000000000000011111100000000000000000000000000000000000000000111111000000000000000000000000000000,1,0
1329,2,TypeC,32600,000000000000111110000000000000000011111100000000000000001110000000000000000000000000011111100000000000000000000000000000000000000000111111000000000000000000000000000000,1,0
1330,2,TypeC,31300,000000000000111100000000000000000011111100000000000000001110000000000000000000000000011111100000000000000000000000000000000000000000111111000000000000000000000000000000,1,0
1331,2,TypeC,30300,000000000000111100000000000000000011111100000000000000001110000000000000000000000000011111000000000000000000000000000000000000000000111111000000000000000000000000000000,1,0
1332,2,TypeC,29300,000000000000111100000000000000000011111100000000000000001110000000000000000000000000011110000000000000000000000000000000000000000000111111000000000000000000000000000000,1,0
1333,2,TypeC,28000,000000000000111100000000000000000011111100000000000000001110000000000000000000000000011100000000000000000000000000000000000000000000111111000000000000000000000000000000,1,0
1334,2,TypeC,27000,000000000000111100000000000000000011111100000000000000001110000000000000000000000000011100000000000000000000000000000000000000000000111110000000000000000000000000000000,1,0
1335,2,TypeC,25700,000000000000111100000000000000000011111100000000000000001110000000000000000000000000011100000000000000000000000000000000000000000000111100000000000000000000000000000000,1,0
1336,2,TypeC,24400,000000000000111100000000000000000011111100000000000000001110000000000000000000000000011100000000000000000000000000000000000000000000111000000000000000000000000000000000,1,0
1337,2,TypeC,24100,000000000000111100000000000000000011111100000000000000011100000000000000000000000000011100000000000000000000000000000000000000000000111000000000000000000000000000000000,1,0
1338,2,TypeC,24100,000000000000111100000000000000000011111100000000000000011100000000000000000000000000111000000000000000000000000000000000000000000000111000000000000000000000000000000000,1,0
1339,2,TypeC,28000,000000000000111100000000000000000011111100000000000000011100000000000000000000000000111000000000000000000000000000000000000000000111111000000000000000000000000000000000,1,0
1340,2,TypeC,27700,000000000000111100000000000000000011111100000000000000011100000000000000000000000000111000000000000000000000000000000000000000001111110000000000000000000000000000000000,1,0
1341,2,TypeC,27700,000000000000111100000000000000000011111100000000000000011100000000000000000000000000011100000000000000000000000000000000000000001111110000000000000000000000000000000000,1,0
1342,2,TypeC,27700,000000000000111100000000000000000011111100000000000000011100000000000000000000000001110000000000000000000000000000000000000000001111110000000000000000000000000000000000,1,0
1343,2,TypeC,28000,000000000000111100000000000000000011111100000000000000001110000000000000000000000000011100000000000000000000000000000000000000001111110000000000000000000000000000000000,1,0
1344,2,TypeC,28000,000000000000111100000000000000000011111100000000000000001110000000000000000000000000111000000000000000000000000000000000000000001111110000000000000000000000000000000000,1,0
1345,2,TypeC,28000,000000000000111100000000000000000011111100000000000000001110000000000000000000000001110000000000000000000000000000000000000000001111110000000000000000000000000000000000,1,0
1346,2,TypeC,28000,000000000000111100000000000000000011111100000000000000011100000000000000000000000000011100000000000000000000000000000000000000000111111000000000000000000000000000000000,1,0
1347,2,TypeC,28000,000000000000111100000000000000000011111100000000000000011100000000000000000000000001110000000000000000000000000000000000000000000111111000000000000000000000000000000000,1,0
1348,2,TypeC,28300,000000000000111100000000000000000011111100000000000000001110000000000000000000000000011100000000000000000000000000000000000000000111111000000000000000000000000000000000,1,0
1349,2,TypeC,28300,000000000000111100000000000000000011111100000000000000001110000000000000000000000000111000000000000000000000000000000000000000000111111000000000000000000000000000000000,1,0
1350,2,TypeC,28300,000000000000111100000000000000000011111100000000000000001110000000000000000000000001110000000000000000000000000000000000000000000111111000000000000000000000000000000000,1,0
1351,2,TypeC,28700,000000000000111100000000000000000011111100000000000000111100000000000000000000000000011100000000000000000000000000000000000000001111110000000000000000000000000000000000,1,0
1352,2,TypeC,28700,000000000000111100000000000000000011111100000000000000111100000000000000000000000000111000000000000000000000000000000000000000001111110000000000000000000000000000000000,1,0
1353,2,TypeC,28700,000000000000111100000000000000000011111100000000000000111100000000000000000000000001110000000000000000000000000000000000000000001111110000000000000000000000000000000000,1,0
1354,2,TypeC,29000,000000000000111100000000000000000011111100000000000000011100000000000000000000000000011110000000000000000000000000000000000000001111110000000000000000000000000000000000,1,0
1355,2,TypeC,29000,000000000000111100000000000000000011111100000000000000011100000000000000000000000000111100000000000000000000000000000000000000001111110000000000000000000000000000000000,1,0
1356,2,TypeC,29000,000000000000111100000000000000000011111100000000000000011100000000000000000000000001111000000000000000000000000000000000000000001111110000000000000000000000000000000000,1,0
1357,2,TypeC,29000,000000000000111100000000000000000011111100000000000000011100000000000000000000000011110000000000000000000000000000000000000000001111110000000000000000000000000000000000,1,0
1358,2,TypeC,29000,000000000000111100000000000000000011111100000000000000011110000000000000000000000000011100000000000000000000000000000000000000001111110000000000000000000000000000000000,1,0
1359,2,TypeC,29000,000000000000111100000000000000000011111100000000000000011110000000000000000000000000111000000000000000000000000000000000000000001111110000000000000000000000000000000000,1,0
1360,2,TypeC,29000,000000000000111100000000000000000011111100000000000000011110000000000000000000000001110000000000000000000000000000000000000000001111110000000000000000000000000000000000,1,0
1361,2,TypeC,29000,000000000000111100000000000000000011111100000000000000111100000000000000000000000000011100000000000000000000000000000000000000000111111000000000000000000000000000000000,1,0
1362,2,TypeC,29000,000000000000111100000000000000000011111100000000000000111100000000000000000000000000111000000000000000000000000000000000000000000111111000000000000000000000000000000000,1,0
1363,2,TypeC,29000,000000000000111100000000000000000011111100000000000000111100000000000000000000000001110000000000000000000000000000000000000000000111111000000000000000000000000000000000,1,0
1364,2,TypeC,29000,000000000000111110000000000000000011111100000000000000011100000000000000000000000000011100000000000000000000000000000000000000001111110000000000000000000000000000000000,1,0
1365,2,TypeC,29000,000000000000111110000000000000000011111100000000000000011100000000000000000000000000111000000000000000000000000000000000000000001111110000000000000000000000000000000000,1,0
1366,2,TypeC,29000,000000000000111110000000000000000011111100000000000000011100000000000000000000000001110000000000000000000000000000000000000000001111110000000000000000000000000000000000,1,0
1367,2,TypeC,29000,000000000001111100000000000000000011111100000000000000011100000000000000000000000000011100000000000000000000000000000000000000001111110000000000000000000000000000000000,1,0
1368,2,TypeC,29000,000000000001111100000000000000000011111100000000000000011100000000000000000000000000111000000000000000000000000000000000000000001111110000000000000000000000000000000000,1,0
1369,2,TypeC,29000,000000000001111100000000000000000011111100000000000000011100000000000000000000000001110000000000000000000000000000000000000000001111110000000000000000000000000000000000,1,0
1370,2,TypeC,29300,000000000000111100000000000000000011111100000000000000001110000000000000000000000000011110000000000000000000000000000000000000001111110000000000000000000000000000000000,1,0
1371,2,TypeC,29300,000000000000111100000000000000000011111100000000000000001110000000000000000000000000111100000000000000000000000000000000000000001111110000000000000000000000000000000000,1,0
1372,2,TypeC,29300,000000000000111100000000000000000011111100000000000000001110000000000000000000000001111000000000000000000000000000000000000000001111110000000000000000000000000000000000,1,0
1373,2,TypeC,29300,000000000000111100000000000000000011111100000000000000001110000000000000000000000011110000000000000000000000000000000000000000001111110000000000000000000000000000000000,1,0
1374,2,TypeC,29300,000000000000111100000000000000000011111100000000000000001111000000000000000000000000011100000000000000000000000000000000000000001111110000000000000000000000000000000000,1,0
1375,2,TypeC,29300,000000000000111100000000000000000011111100000000000000001111000000000000000000000000111000000000000000000000000000000000000000001111110000000000000000000000000000000000,1,0
1376,2,TypeC,29300,000000000000111100000000000000000011111100000000000000001111000000000000000000000001110000000000000000000000000000000000000000001111110000000000000000000000000000000000,1,0
1377,2,TypeC,29300,000000000000111100000000000000000011111100000000000000011100000000000000000000000000011110000000000000000000000000000000000000000111111000000000000000000000000000000000,1,0
1378,2,TypeC,29300,000000000000111100000000000000000011111100000000000000011100000000000000000000000000111100000000000000000000000000000000000000000111111000000000000000000000000000000000,1,0
1379,2,TypeC,29300,000000000000111100000000000000000011111100000000000000011100000000000000000000000001111000000000000000000000000000000000000000000111111000000000000000000000000000000000,1,0
1380,2,TypeC,29300,000000000000111100000000000000000011111100000000000000011100000000000000000000000011110000000000000000000000000000000000000000000111111000000000000000000000000000000000,1,0
1381,2,TypeC,29300,000000000000111100000000000000000011111100000000000000011110000000000000000000000000011100000000000000000000000000000000000000000111111000000000000000000000000000000000,1,0
1382,2,TypeC,29300,000000000000111100000000000000000011111100000000000000011110000000000000000000000000111000000000000000000000000000000000000000000111111000000000000000000000000000000000,1,0
1383,2,TypeC,29300,000000000000111100000000000000000011111100000000000000011110000000000000000000000001110000000000000000000000000000000000000000000111111000000000000000000000000000000000,1,0
1384,2,TypeC,29300,000000000000111110000000000000000011111100000000000000001110000000000000000000000000011100000000000000000000000000000000000000001111110000000000000000000000000000000000,1,0
1385,2,TypeC,29300,000000000000111110000000000000000011111100000000000000001110000000000000000000000000111000000000000000000000000000000000000000001111110000000000000000000000000000000000,1,0
1386,2,TypeC,29300,000000000000111110000000000000000011111100000000000000001110000000000000000000000001110000000000000000000000000000000000000000001111110000000000000000000000000000000000,1,0
1387,2,TypeC,29300,000000000000111110000000000000000011111100000000000000011100000000000000000000000000011100000000000000000000000000000000000000000111111000000000000000000000000000000000,1,0
1388,2,TypeC,29300,000000000000111110000000000000000011111100000000000000011100000000000000000000000000111000000000000000000000000000000000000000000111111000000000000000000000000000000000,1,0
1389,2,TypeC,29300,000000000000111110000000000000000011111100000000000000011100000000000000000000000001110000000000000000000000000000000000000000000111111000000000000000000000000000000000,1,0
1390,2,TypeC,29300,000000000001111100000000000000000011111100000000000000001110000000000000000000000000011100000000000000000000000000000000000000001111110000000000000000000000000000000000,1,0
1391,2,TypeC,29300,000000000001111100000000000000000011111100000000000000001110000000000000000000000000111000000000000000000000000000000000000000001111110000000000000000000000000000000000,1,0
1392,2,TypeC,29300,000000000001111100000000000000000011111100000000000000001110000000000000000000000001110000000000000000000000000000000000000000001111110000000000000000000000000000000000,1,0
1393,2,TypeC,29300,000000000001111100000000000000000011111100000000000000011100000000000000000000000000011100000000000000000000000000000000000000000111111000000000000000000000000000000000,1,0
1394,2,TypeC,29300,000000000001111100000000000000000011111100000000000000011100000000000000000000000000111000000000000000000000000000000000000000000111111000000000000000000000000000000000,1,0
1395,2,TypeC,29300,000000000001111100000000000000000011111100000000000000011100000000000000000000000001110000000000000000000000000000000000000000000111111000000000000000000000000000000000,1,0
1396,2,TypeC,29600,000000000000111100000000000000000011111100000000000000001110000000000000000000000000011110000000000000000000000000000000000000000111111000000000000000000000000000000000,1,0
1397,2,TypeC,29600,000000000000111100000000000000000011111100000000000000001110000000000000000000000000111100000000000000000000000000000000000000000111111000000000000000000000000000000000,1,0
1398,2,TypeC,29600,000000000000111100000000000000000011111100000000000000001110000000000000000000000001111000000000000000000000000000000000000000000111111000000000000000000000000000000000,1,0
1399,2,TypeC,29600,000000000000111100000000000000000011111100000000000000001110000000000000000000000011110000000000000000000000000000000000000000000111111000000000000000000000000000000000,1,0
1400,2,TypeC,29600,000000000000111100000000000000000011111100000000000000001111000000000000000000000000011100000000000000000000000000000000000000000111111000000000000000000000000000000000,1,0
1401,2,TypeC,29600,000000000000111100000000000000000011111100000000000000001111000000000000000000000000111000000000000000000000000000000000000000000111111000000000000000000000000000000000,1,0
1402,2,TypeC,29600,000000000000111100000000000000000011111100000000000000001111000000000000000000000001110000000000000000000000000000000000000000000111111000000000000000000000000000000000,1,0
1403,2,TypeC,29600,000000000000111110000000000000000011111100000000000000001110000000000000000000000000011100000000000000000000000000000000000000000111111000000000000000000000000000000000,1,0
1404,2,TypeC,29600,000000000000111110000000000000000011111100000000000000001110000000000000000000000000111000000000000000000000000000000000000000000111111000000000000000000000000000000000,1,0
1405,2,TypeC,29600,000000000000111110000000000000000011111100000000000000001110000000000000000000000001110000000000000000000000000000000000000000000111111000000000000000000000000000000000,1,0
1406,2,TypeC,29600,000000000001111100000000000000000011111100000000000000001110000000000000000000000000011100000000000000000000000000000000000000000111111000000000000000000000000000000000,1,0
1407,2,TypeC,29600,000000000001111100000000000000000011111100000000000000001110000000000000000000000000111000000000000000000000000000000000000000000111111000000000000000000000000000000000,1,0
1408,2,TypeC,29600,000000000001111100000000000000000011111100000000000000001110000000000000000000000001110000000000000000000000000000000000000000000111111000000000000000000000000000000000,1,0
1409,2,TypeC,29700,000000000000111100000000000000000011111100000000000001111100000000000000000000000000011100000000000000000000000000000000000000001111110000000000000000000000000000000000,1,0
1410,2,TypeC,29700,000000000000111100000000000000000011111100000000000001111100000000000000000000000000111000000000000000000000000000000000000000001111110000000000000000000000000000000000,1,0
1411,2,TypeC,29700,000000000000111100000000000000000011111100000000000001111100000000000000000000000001110000000000000000000000000000000000000000001111110000000000000000000000000000000000,1,0
1412,2,TypeC,30000,000000000000111100000000000000000011111100000000000000011100000000000000000000000000011111000000000000000000000000000000000000001111110000000000000000000000000000000000,1,0
1413,2,TypeC,30000,000000000000111100000000000000000011111100000000000000111100000000000000000000000000011110000000000000000000000000000000000000001111110000000000000000000000000000000000,1,0
1414,2,TypeC,30000,000000000000111100000000000000000011111100000000000000111100000000000000000000000000111100000000000000000000000000000000000000001111110000000000000000000000000000000000,1,0
1415,2,TypeC,30000,000000000000111100000000000000000011111100000000000000111100000000000000000000000001111000000000000000000000000000000000000000001111110000000000000000000000000000000000,1,0
1416,2,TypeC,30000,000000000000111100000000000000000011111100000000000000111100000000000000000000000011110000000000000000000000000000000000000000001111110000000000000000000000000000000000,1,0
1417,2,TypeC,30000,000000000000111100000000000000000011111100000000000000111110000000000000000000000000011100000000000000000000000000000000000000001111110000000000000000000000000000000000,1,0
1418,2,TypeC,30000,000000000000111100000000000000000011111100000000000000111110000000000000000000000000111000000000000000000000000000000000000000001111110000000000000000000000000000000000,1,0
1419,2,TypeC,30000,000000000000111100000000000000000011111100000000000000111110000000000000000000000001110000000000000000000000000000000000000000001111110000000000000000000000000000000000,1,0
1420,2,TypeC,30000,000000000000111100000000000000000011111100000000000001111100000000000000000000000000011100000000000000000000000000000000000000000111111000000000000000000000000000000000,1,0
1421,2,TypeC,30000,000000000000111100000000000000000011111100000000000001111100000000000000000000000000111000000000000000000000000000000000000000000111111000000000000000000000000000000000,1,0
1422,2,TypeC,30000,000000000000111100000000000000000011111100000000000001111100000000000000000000000001110000000000000000000000000000000000000000000111111000000000000000000000000000000000,1,0
1423,2,TypeC,30000,000000000000111110000000000000000011111100000000000000111100000000000000000000000000011100000000000000000000000000000000000000001111110000000000000000000000000000000000,1,0
1424,2,TypeC,30000,000000000000111110000000000000000011111100000000000000111100000000000000000000000000111000000000000000000000000000000000000000001111110000000000000000000000000000000000,1,0
1425,2,TypeC,30000,000000000000111110000000000000000011111100000000000000111100000000000000000000000001110000000000000000000000000000000000000000001111110000000000000000000000000000000000,1,0
1426,2,TypeC,30000,000000000000111111000000000000000011111100000000000000011100000000000000000000000000011100000000000000000000000000000000000000001111110000000000000000000000000000000000,1,0
1427,1,TypeB,35100,000000000000000000000000000001111110000000000000000000001111111100000000011110000000000000000000000000000000111111110000000000000000000000000000000000000000000001111111,1,0
1428,1,TypeB,39100,000000000000000000000000000001111110000000000000000000001111111100000000011111111000000000000000000000000000111111110000000000000000000000000000000000000000000001111111,1,0
1429,1,TypeB,40100,000000000000000000000000000001111111000000000000000000001111111100000000011111111000000000000000000000000000111111110000000000000000000000000000000000000000000001111111,1,0
1430,1,TypeB,40100,000000000000000000000000000011111110000000000000000000001111111100000000011111111000000000000000000000000000111111110000000000000000000000000000000000000000000001111111,1,0
1431,1,TypeB,41100,000000000000000000000000000111111110000000000000000000001111111100000000011111111000000000000000000000000000111111110000000000000000000000000000000000000000000001111111,1,0
1432,1,TypeB,41100,000000000000000000000000001111111100000000000000000000001111111100000000011111111000000000000000000000000000111111110000000000000000000000000000000000000000000001111111,1,0
1433,1,TypeB,40100,000000000000000000000000001111111000000000000000000000001111111100000000011111111000000000000000000000000000111111110000000000000000000000000000000000000000000001111111,1,0
1434,1,TypeB,39100,000000000000000000000000001111110000000000000000000000001111111100000000011111111000000000000000000000000000111111110000000000000000000000000000000000000000000001111111,1,0
1435,1,TypeB,38100,000000000000000000000000001111100000000000000000000000001111111100000000011111111000000000000000000000000000111111110000000000000000000000000000000000000000000001111111,1,0
1436,1,TypeB,39100,000000000000000000000000011111100000000000000000000000001111111100000000011111111000000000000000000000000000111111110000000000000000000000000000000000000000000001111111,1,0
1437,1,TypeB,39400,000000000000000000000000001111100000000000000000000000001111111100000000011111111000000000000000000000000000111111110000000000000000000000000000000000000000000011111111,1,0
1438,1,TypeB,40100,000000000000000000000000011111110000000000000000000000001111111100000000011111111000000000000000000000000000111111110000000000000000000000000000000000000000000001111111,1,0
1439,1,TypeB,40100,000000000000000000000000111111100000000000000000000000001111111100000000011111111000000000000000000000000000111111110000000000000000000000000000000000000000000001111111,1,0
1440,1,TypeB,40400,000000000000000000000000001111110000000000000000000000001111111100000000011111111000000000000000000000000000111111110000000000000000000000000000000000000000000011111111,1,0
1441,1,TypeB,40400,000000000000000000000000011111100000000000000000000000001111111100000000011111111000000000000000000000000000111111110000000000000000000000000000000000000000000011111111,1,0
1442,1,TypeB,41100,000000000000000000000000011111111000000000000000000000001111111100000000011111111000000000000000000000000000111111110000000000000000000000000000000000000000000001111111,1,0
1443,1,TypeB,41100,000000000000000000000000111111110000000000000000000000001111111100000000011111111000000000000000000000000000111111110000000000000000000000000000000000000000000001111111,1,0
1444,1,TypeB,41100,000000000000000000000001111111100000000000000000000000001111111100000000011111111000000000000000000000000000111111110000000000000000000000000000000000000000000001111111,1,0
1445,1,TypeB,41100,000000000000000000000011111111000000000000000000000000001111111100000000011111111000000000000000000000000000111111110000000000000000000000000000000000000000000001111111,1,0
1446,1,TypeB,41100,000000000000000000000111111110000000000000000000000000001111111100000000011111111000000000000000000000000000111111110000000000000000000000000000000000000000000001111111,1,0
1447,1,TypeB,40100,000000000000000000000111111100000000000000000000000000001111111100000000011111111000000000000000000000000000111111110000000000000000000000000000000000000000000001111111,1,0
1448,1,TypeB,39100,000000000000000000000111111000000000000000000000000000001111111100000000011111111000000000000000000000000000111111110000000000000000000000000000000000000000000001111111,1,0
1449,1,TypeB,41100,000000000000000000001111111100000000000000000000000000001111111100000000011111111000000000000000000000000000111111110000000000000000000000000000000000000000000001111111,1,0
1450,1,TypeB,41400,000000000000000000000000001111111000000000000000000000001111111100000000011111111000000000000000000000000000111111110000000000000000000000000000000000000000000011111111,1,0
1451,1,TypeB,41400,000000000000000000000000011111110000000000000000000000001111111100000000011111111000000000000000000000000000111111110000000000000000000000000000000000000000000011111111,1,0
1452,1,TypeB,41400,000000000000000000000000111111100000000000000000000000001111111100000000011111111000000000000000000000000000111111110000000000000000000000000000000000000000000011111111,1,0
1453,1,TypeB,41400,000000000000000000000111111100000000000000000000000000001111111100000000011111111000000000000000000000000000111111110000000000000000000000000000000000000000000011111111,1,0
1454,1,TypeB,40100,000000000000000000001111111000000000000000000000000000001111111100000000011111111000000000000000000000000000111111110000000000000000000000000000000000000000000001111111,1,0
1455,1,TypeB,40400,000000000000000000000000000001111110000000000000000000001111111100000000011111111000000000000000000000000000111111110000000000000000000000000000000000000000000011111111,1,0
1456,1,TypeB,42400,000000000000000000000000000111111110000000000000000000001111111100000000011111111000000000000000000000000000111111110000000000000000000000000000000000000000000011111111,1,0
1457,1,TypeB,42400,000000000000000000000000001111111100000000000000000000001111111100000000011111111000000000000000000000000000111111110000000000000000000000000000000000000000000011111111,1,0
1458,1,TypeB,42400,000000000000000000000000011111111000000000000000000000001111111100000000011111111000000000000000000000000000111111110000000000000000000000000000000000000000000011111111,1,0
1459,1,TypeB,42400,000000000000000000000000111111110000000000000000000000001111111100000000011111111000000000000000000000000000111111110000000000000000000000000000000000000000000011111111,1,0
1460,1,TypeB,42400,000000000000000000000001111111100000000000000000000000001111111100000000011111111000000000000000000000000000111111110000000000000000000000000000000000000000000011111111,1,0
1461,1,TypeB,42400,000000000000000000000011111111000000000000000000000000001111111100000000011111111000000000000000000000000000111111110000000000000000000000000000000000000000000011111111,1,0
1462,1,TypeB,40400,000000000000000000000111111000000000000000000000000000001111111100000000011111111000000000000000000000000000111111110000000000000000000000000000000000000000000011111111,1,0
1463,1,TypeB,42400,000000000000000000000111111110000000000000000000000000001111111100000000011111111000000000000000000000000000111111110000000000000000000000000000000000000000000011111111,1,0
1464,1,TypeB,42400,000000000000000000001111111100000000000000000000000000001111111100000000011111111000000000000000000000000000111111110000000000000000000000000000000000000000000011111111,1,0
1465,1,TypeB,41100,000000000000000000000000000001111111100000000000000000001111111100000000011111111000000000000000000000000000111111110000000000000000000000000000000000000000000001111111,1,0
1466,1,TypeB,41100,000000000000000000000000000011111111000000000000000000001111111100000000011111111000000000000000000000000000111111110000000000000000000000000000000000000000000001111111,1,0
1467,1,TypeB,41100,000000000000000000011111111000000000000000000000000000001111111100000000011111111000000000000000000000000000111111110000000000000000000000000000000000000000000001111111,1,0
1468,1,TypeB,41100,000000000000000000111111110000000000000000000000000000001111111100000000011111111000000000000000000000000000111111110000000000000000000000000000000000000000000001111111,1,0
1469,1,TypeB,40100,000000000000000000111111100000000000000000000000000000001111111100000000011111111000000000000000000000000000111111110000000000000000000000000000000000000000000001111111,1,0
1470,1,TypeB,39100,000000000000000000111111000000000000000000000000000000001111111100000000011111111000000000000000000000000000111111110000000000000000000000000000000000000000000001111111,1,0
1471,1,TypeB,38100,000000000000000000111110000000000000000000000000000000001111111100000000011111111000000000000000000000000000111111110000000000000000000000000000000000000000000001111111,1,0
1472,1,TypeB,39100,000000000000000001111110000000000000000000000000000000001111111100000000011111111000000000000000000000000000111111110000000000000000000000000000000000000000000001111111,1,0
1473,1,TypeB,40100,000000000000000011111110000000000000000000000000000000001111111100000000011111111000000000000000000000000000111111110000000000000000000000000000000000000000000001111111,1,0
1474,1,TypeB,41100,000000000000000111111110000000000000000000000000000000001111111100000000011111111000000000000000000000000000111111110000000000000000000000000000000000000000000001111111,1,0
1475,1,TypeB,42400,000000000000000111111110000000000000000000000000000000001111111100000000011111111000000000000000000000000000111111110000000000000000000000000000000000000000000011111111,1,0
1476,1,TypeB,40100,000000000000000111111110000000000000000000000000000000001111111100000000011111110000000000000000000000000000111111110000000000000000000000000000000000000000000001111111,1,0
1477,1,TypeB,39100,000000000000000111111110000000000000000000000000000000001111111100000000011111100000000000000000000000000000111111110000000000000000000000000000000000000000000001111111,1,0
1478,1,TypeB,38100,000000000000000111111110000000000000000000000000000000001111111100000000011111000000000000000000000000000000111111110000000000000000000000000000000000000000000001111111,1,0
1479,1,TypeB,37100,000000000000000111111110000000000000000000000000000000001111111100000000011110000000000000000000000000000000111111110000000000000000000000000000000000000000000001111111,1,0
1480,1,TypeB,38400,000000000000000111111110000000000000000000000000000000001111111100000000011110000000000000000000000000000000111111110000000000000000000000000000000000000000000011111111,1,0
1481,1,TypeB,39400,000000000000000111111110000000000000000000000000000000001111111100000000011111000000000000000000000000000000111111110000000000000000000000000000000000000000000011111111,1,0
1482,1,TypeB,40400,000000000000000111111110000000000000000000000000000000001111111100000000011111100000000000000000000000000000111111110000000000000000000000000000000000000000000011111111,1,0
1483,1,TypeB,41400,000000000000000111111110000000000000000000000000000000001111111100000000011111110000000000000000000000000000111111110000000000000000000000000000000000000000000011111111,1,0
1484,1,TypeB,41100,000000000000000011111111000000000000000000000000000000001111111100000000011111111000000000000000000000000000111111110000000000000000000000000000000000000000000001111111,1,0
1485,1,TypeB,40100,000000000000000001111111000000000000000000000000000000001111111100000000011111111000000000000000000000000000111111110000000000000000000000000000000000000000000001111111,1,0
1486,1,TypeB,41400,000000000000000011111110000000000000000000000000000000001111111100000000011111111000000000000000000000000000111111110000000000000000000000000000000000000000000011111111,1,0
1487,1,TypeB,39400,000000000000000000111110000000000000000000000000000000001111111100000000011111111000000000000000000000000000111111110000000000000000000000000000000000000000000011111111,1,0
1488,1,TypeB,40400,000000000000000001111110000000000000000000000000000000001111111100000000011111111000000000000000000000000000111111110000000000000000000000000000000000000000000011111111,1,0
1489,1,TypeB,41100,000000000000000001111111100000000000000000000000000000001111111100000000011111111000000000000000000000000000111111110000000000000000000000000000000000000000000001111111,1,0
1490,1,TypeB,36100,000000000000000011111110000000000000000000000000000000001111111100000000011110000000000000000000000000000000111111110000000000000000000000000000000000000000000001111111,1,0
1491,1,TypeB,42400,000000000000000011111111000000000000000000000000000000001111111100000000011111111000000000000000000000000000111111110000000000000000000000000000000000000000000011111111,1,0
1492,1,TypeB,40400,000000000000000000111111000000000000000000000000000000001111111100000000011111111000000000000000000000000000111111110000000000000000000000000000000000000000000011111111,1,0
1493,1,TypeB,35100,000000000000000001111110000000000000000000000000000000001111111100000000011110000000000000000000000000000000111111110000000000000000000000000000000000000000000001111111,1,0
1494,1,TypeB,34100,000000000000000000111110000000000000000000000000000000001111111100000000011110000000000000000000000000000000111111110000000000000000000000000000000000000000000001111111,1,0
1495,1,TypeB,41400,000000000000000001111111000000000000000000000000000000001111111100000000011111111000000000000000000000000000111111110000000000000000000000000000000000000000000011111111,1,0
1496,1,TypeB,37100,000000000000000011111110000000000000000000000000000000001111111100000000011111000000000000000000000000000000111111110000000000000000000000000000000000000000000001111111,1,0
1497,1,TypeB,37100,000000000000000011111111000000000000000000000000000000001111111100000000011110000000000000000000000000000000111111110000000000000000000000000000000000000000000001111111,1,0
1498,1,TypeB,41400,000000000000000000000000000001111111000000000000000000001111111100000000011111111000000000000000000000000000111111110000000000000000000000000000000000000000000011111111,1,0
1499,1,TypeB,41400,000000000000000000000000000011111110000000000000000000001111111100000000011111111000000000000000000000000000111111110000000000000000000000000000000000000000000011111111,1,0
1500,1,TypeB,37100,000000000000000000000000001111100000000000000000000000001111111100000000011111110000000000000000000000000000111111110000000000000000000000000000000000000000000001111111,1,0
1501,1,TypeB,36100,000000000000000000000000001111100000000000000000000000001111111100000000011111100000000000000000000000000000111111110000000000000000000000000000000000000000000001111111,1,0
1502,1,TypeB,35100,000000000000000000000000001111100000000000000000000000001111111100000000011111000000000000000000000000000000111111110000000000000000000000000000000000000000000001111111,1,0
1503,1,TypeB,34100,000000000000000000000000001111100000000000000000000000001111111100000000011110000000000000000000000000000000111111110000000000000000000000000000000000000000000001111111,1,0
1504,1,TypeB,35100,000000000000000000000000001111110000000000000000000000001111111100000000011110000000000000000000000000000000111111110000000000000000000000000000000000000000000001111111,1,0
1505,1,TypeB,35100,000000000000000000000000011111100000000000000000000000001111111100000000011110000000000000000000000000000000111111110000000000000000000000000000000000000000000001111111,1,0
1506,1,TypeB,35400,000000000000000000000000001111100000000000000000000000001111111100000000011110000000000000000000000000000000111111110000000000000000000000000000000000000000000011111111,1,0
1507,1,TypeB,36100,000000000000000000000000001111110000000000000000000000001111111100000000011111000000000000000000000000000000111111110000000000000000000000000000000000000000000001111111,1,0
1508,1,TypeB,36100,000000000000000000000000001111111000000000000000000000001111111100000000011110000000000000000000000000000000111111110000000000000000000000000000000000000000000001111111,1,0
1509,2,TypeC,28700,000000000011111100000000000000000011100000000000000000001110000000000000000000000000001111100000000000000000000000000000000000000000111111000000000000000000000000000000,1,0
1510,2,TypeC,28400,000000000011111100000000000000000011100000000000000000011100000000000000000000000000001111100000000000000000000000000000000000000000111111000000000000000000000000000000,1,0
1511,2,TypeC,29700,000000000011111100000000000000000011100000000000000000011100000000000000000000000000011111100000000000000000000000000000000000000000111111000000000000000000000000000000,1,0
1512,2,TypeC,28400,000000000011111100000000000000000111000000000000000000011100000000000000000000000000001111100000000000000000000000000000000000000000111111000000000000000000000000000000,1,0
1513,2,TypeC,28100,000000000011111100000000000000001110000000000000000000011100000000000000000000000000001111100000000000000000000000000000000000000000111111000000000000000000000000000000,1,0
1514,2,TypeC,29400,000000000011111100000000000000001110000000000000000000011100000000000000000000000000011111100000000000000000000000000000000000000000111111000000000000000000000000000000,1,0
1515,2,TypeC,29700,000000000011111100000000000000000111000000000000000000011100000000000000000000000000011111100000000000000000000000000000000000000000111111000000000000000000000000000000,1,0
1516,2,TypeC,28400,000000000011111100000000000000001110000000000000000000001110000000000000000000000000001111100000000000000000000000000000000000000000111111000000000000000000000000000000,1,0
1517,2,TypeC,29700,000000000011111100000000000000001110000000000000000000001110000000000000000000000000011111100000000000000000000000000000000000000000111111000000000000000000000000000000,1,0
1518,2,TypeC,30000,000000000011111100000000000000000011100000000000000000001110000000000000000000000000011111100000000000000000000000000000000000000000111111000000000000000000000000000000,1,0
1519,2,TypeC,28700,000000000011111100000000000000000111000000000000000000001110000000000000000000000000001111100000000000000000000000000000000000000000111111000000000000000000000000000000,1,0
1520,2,TypeC,30000,000000000011111100000000000000000111000000000000000000001110000000000000000000000000011111100000000000000000000000000000000000000000111111000000000000000000000000000000,1,0
1521,2,TypeC,29100,000000000011111100000000000000001110000000000000000000011100000000000000000000000000001111110000000000000000000000000000000000000000111111000000000000000000000000000000,1,0
1522,2,TypeC,29100,000000000011111100000000000000001110000000000000000000111100000000000000000000000000001111100000000000000000000000000000000000000000111111000000000000000000000000000000,1,0
1523,2,TypeC,30400,000000000011111100000000000000001110000000000000000000111100000000000000000000000000011111100000000000000000000000000000000000000000111111000000000000000000000000000000,1,0
1524,2,TypeC,29100,000000000011111100000000000000011110000000000000000000011100000000000000000000000000001111100000000000000000000000000000000000000000111111000000000000000000000000000000,1,0
1525,2,TypeC,30100,000000000011111100000000000000111110000000000000000000011100000000000000000000000000001111100000000000000000000000000000000000000000111111000000000000000000000000000000,1,0
1526,2,TypeC,31100,000000000011111100000000000001111110000000000000000000011100000000000000000000000000001111100000000000000000000000000000000000000000111111000000000000000000000000000000,1,0
1527,2,TypeC,32400,000000000011111100000000000001111110000000000000000000011100000000000000000000000000011111100000000000000000000000000000000000000000111111000000000000000000000000000000,1,0
1528,2,TypeC,31400,000000000011111100000000000001111110000000000000000000001110000000000000000000000000001111100000000000000000000000000000000000000000111111000000000000000000000000000000,1,0
1529,2,TypeC,32700,000000000011111100000000000001111110000000000000000000001110000000000000000000000000011111100000000000000000000000000000000000000000111111000000000000000000000000000000,1,0
1530,2,TypeC,32100,000000000011111100000000000001111110000000000000000000011100000000000000000000000000001111110000000000000000000000000000000000000000111111000000000000000000000000000000,1,0
1531,2,TypeC,32100,000000000011111100000000000001111110000000000000000000111100000000000000000000000000001111100000000000000000000000000000000000000000111111000000000000000000000000000000,1,0
1532,2,TypeC,33400,000000000011111100000000000001111110000000000000000000111100000000000000000000000000011111100000000000000000000000000000000000000000111111000000000000000000000000000000,1,0
1533,2,TypeC,32400,000000000011111100000000000001111110000000000000000000001110000000000000000000000000001111110000000000000000000000000000000000000000111111000000000000000000000000000000,1,0
1534,2,TypeC,29800,000000000011111100000000000001111110000000000000000000011100000000000000000000000000000111100000000000000000000000000000000000000000111111000000000000000000000000000000,1,0
1535,2,TypeC,28500,000000000011111100000000000001111110000000000000000000011100000000000000000000000000000011100000000000000000000000000000000000000000111111000000000000000000000000000000,1,0
1536,2,TypeC,28800,000000000011111100000000000001111110000000000000000000001110000000000000000000000000000011100000000000000000000000000000000000000000111111000000000000000000000000000000,1,0
1537,2,TypeC,28200,000000000011111100000000000001111110000000000000000000011100000000000000000000000000000001110000000000000000000000000000000000000000111111000000000000000000000000000000,1,0
1538,2,TypeC,28200,000000000011111100000000000001111110000000000000000000011100000000000000000000000000000000111000000000000000000000000000000000000000111111000000000000000000000000000000,1,0
1539,2,TypeC,29500,000000000011111100000000000001111110000000000000000000011100000000000000000000000000000011110000000000000000000000000000000000000000111111000000000000000000000000000000,1,0
1540,2,TypeC,29500,000000000011111100000000000001111110000000000000000000111100000000000000000000000000000011100000000000000000000000000000000000000000111111000000000000000000000000000000,1,0
1541,2,TypeC,28500,000000000011111100000000000001111110000000000000000000001110000000000000000000000000000000111000000000000000000000000000000000000000111111000000000000000000000000000000,1,0
1542,2,TypeC,28500,000000000011111100000000000001111110000000000000000000001110000000000000000000000000000001110000000000000000000000000000000000000000111111000000000000000000000000000000,1,0
1543,2,TypeC,29800,000000000011111100000000000001111110000000000000000000001110000000000000000000000000000011110000000000000000000000000000000000000000111111000000000000000000000000000000,1,0
1544,2,TypeC,29800,000000000011111100000000000001111110000000000000000000011110000000000000000000000000000011100000000000000000000000000000000000000000111111000000000000000000000000000000,1,0
1545,2,TypeC,32400,000000000011111100000000000001111110000000000000000000011110000000000000000000000000001111100000000000000000000000000000000000000000111111000000000000000000000000000000,1,0
1546,2,TypeC,33700,000000000011111100000000000001111110000000000000000000011110000000000000000000000000011111100000000000000000000000000000000000000000111111000000000000000000000000000000,1,0
1547,2,TypeC,30100,000000000011111100000000000001111110000000000000000000001110000000000000000000000000000111100000000000000000000000000000000000000000111111000000000000000000000000000000,1,0
1548,2,TypeC,30100,000000000011111100000000000001111110000000000000000000001111000000000000000000000000000011100000000000000000000000000000000000000000111111000000000000000000000000000000,1,0
1549,2,TypeC,32700,000000000011111100000000000001111110000000000000000000001111000000000000000000000000001111100000000000000000000000000000000000000000111111000000000000000000000000000000,1,0
1550,2,TypeC,34000,000000000011111100000000000001111110000000000000000000001111000000000000000000000000011111100000000000000000000000000000000000000000111111000000000000000000000000000000,1,0
1551,2,TypeC,29200,000000000011111100000000000001111110000000000000000000011100000000000000000000000000000000111100000000000000000000000000000000000000111111000000000000000000000000000000,1,0
1552,2,TypeC,29200,000000000011111100000000000001111110000000000000000000011100000000000000000000000000000001111000000000000000000000000000000000000000111111000000000000000000000000000000,1,0
1553,2,TypeC,30500,000000000011111100000000000001111110000000000000000000011100000000000000000000000000000011111000000000000000000000000000000000000000111111000000000000000000000000000000,1,0
1554,2,TypeC,29200,000000000011111100000000000001111110000000000000000000111100000000000000000000000000000000111000000000000000000000000000000000000000111111000000000000000000000000000000,1,0
1555,2,TypeC,29200,000000000011111100000000000001111110000000000000000000111100000000000000000000000000000001110000000000000000000000000000000000000000111111000000000000000000000000000000,1,0
1556,2,TypeC,30500,000000000011111100000000000001111110000000000000000000111100000000000000000000000000000011110000000000000000000000000000000000000000111111000000000000000000000000000000,1,0
1557,2,TypeC,33100,000000000011111100000000000001111110000000000000000000111100000000000000000000000000001111110000000000000000000000000000000000000000111111000000000000000000000000000000,1,0
1558,2,TypeC,30500,000000000011111100000000000001111110000000000000000001111100000000000000000000000000000011100000000000000000000000000000000000000000111111000000000000000000000000000000,1,0
1559,2,TypeC,33100,000000000011111100000000000001111110000000000000000001111100000000000000000000000000001111100000000000000000000000000000000000000000111111000000000000000000000000000000,1,0
1560,2,TypeC,34400,000000000011111100000000000001111110000000000000000001111100000000000000000000000000011111100000000000000000000000000000000000000000111111000000000000000000000000000000,1,0
1561,2,TypeC,29500,000000000011111100000000000001111110000000000000000000001110000000000000000000000000000000111100000000000000000000000000000000000000111111000000000000000000000000000000,1,0
1562,2,TypeC,29500,000000000011111100000000000001111110000000000000000000001110000000000000000000000000000001111000000000000000000000000000000000000000111111000000000000000000000000000000,1,0
1563,2,TypeC,30800,000000000011111100000000000001111110000000000000000000001110000000000000000000000000000011111000000000000000000000000000000000000000111111000000000000000000000000000000,1,0
1564,2,TypeC,30800,000000000011111100000000000001111110000000000000000000011100000000000000000000000000000111110000000000000000000000000000000000000000111111000000000000000000000000000000,1,0
1565,2,TypeC,29500,000000000011111100000000000001111110000000000000000000011110000000000000000000000000000000111000000000000000000000000000000000000000111111000000000000000000000000000000,1,0
1566,2,TypeC,29500,000000000011111100000000000001111110000000000000000000011110000000000000000000000000000001110000000000000000000000000000000000000000111111000000000000000000000000000000,1,0
1567,2,TypeC,30800,000000000011111100000000000001111110000000000000000000011110000000000000000000000000000011110000000000000000000000000000000000000000111111000000000000000000000000000000,1,0
1568,2,TypeC,33400,000000000011111100000000000001111110000000000000000000011110000000000000000000000000001111110000000000000000000000000000000000000000111111000000000000000000000000000000,1,0
1569,2,TypeC,30800,000000000011111100000000000001111110000000000000000000111100000000000000000000000000000111100000000000000000000000000000000000000000111111000000000000000000000000000000,1,0
1570,2,TypeC,30800,000000000011111100000000000001111110000000000000000000111110000000000000000000000000000011100000000000000000000000000000000000000000111111000000000000000000000000000000,1,0
1571,2,TypeC,33400,000000000011111100000000000001111110000000000000000000111110000000000000000000000000001111100000000000000000000000000000000000000000111111000000000000000000000000000000,1,0
1572,2,TypeC,34700,000000000011111100000000000001111110000000000000000000111110000000000000000000000000011111100000000000000000000000000000000000000000111111000000000000000000000000000000,1,0
1573,2,TypeC,31100,000000000011111100000000000001111110000000000000000000001110000000000000000000000000000111110000000000000000000000000000000000000000111111000000000000000000000000000000,1,0
1574,2,TypeC,29800,000000000011111100000000000001111110000000000000000000001111000000000000000000000000000000111000000000000000000000000000000000000000111111000000000000000000000000000000,1,0
1575,2,TypeC,29800,000000000011111100000000000001111110000000000000000000001111000000000000000000000000000001110000000000000000000000000000000000000000111111000000000000000000000000000000,1,0
1576,2,TypeC,31100,000000000011111100000000000001111110000000000000000000001111000000000000000000000000000011110000000000000000000000000000000000000000111111000000000000000000000000000000,1,0
1577,2,TypeC,33700,000000000011111100000000000001111110000000000000000000001111000000000000000000000000001111110000000000000000000000000000000000000000111111000000000000000000000000000000,1,0
1578,2,TypeC,31100,000000000011111100000000000001111110000000000000000000011110000000000000000000000000000111100000000000000000000000000000000000000000111111000000000000000000000000000000,1,0
1579,2,TypeC,31100,000000000011111100000000000001111110000000000000000000011111000000000000000000000000000011100000000000000000000000000000000000000000111111000000000000000000000000000000,1,0
1580,2,TypeC,33700,000000000011111100000000000001111110000000000000000000011111000000000000000000000000001111100000000000000000000000000000000000000000111111000000000000000000000000000000,1,0
1581,2,TypeC,35000,000000000011111100000000000001111110000000000000000000011111000000000000000000000000011111100000000000000000000000000000000000000000111111000000000000000000000000000000,1,0
1582,2,TypeC,31400,000000000011111100000000000001111110000000000000000000001111000000000000000000000000000111100000000000000000000000000000000000000000111111000000000000000000000000000000,1,0
1583,2,TypeC,31400,000000000011111100000000000001111110000000000000000000001111100000000000000000000000000011100000000000000000000000000000000000000000111111000000000000000000000000000000,1,0
1584,2,TypeC,34000,000000000011111100000000000001111110000000000000000000001111100000000000000000000000001111100000000000000000000000000000000000000000111111000000000000000000000000000000,1,0
1585,2,TypeC,35300,000000000011111100000000000001111110000000000000000000001111100000000000000000000000011111100000000000000000000000000000000000000000111111000000000000000000000000000000,1,0
1586,0,TypeA,53700,000000000000000000000000001111111111000000000000011111111100000000000000000000000000000000000000000000000011111111110000000000000000000000000111111110000000000011111111,1,0
1587,0,TypeA,53700,000000000000000000000000001111111111000000000000011111111100000000000000000000000000000000000000000000000011111111110000000000000000000000001111111100000000000011111111,1,0
1588,1,TypeB,39800,011111111000000000000111111110000000000000000000000000000000000000000000000000011111111000000000000000001111111100000000000000001111110000000000000000000000000000000000,1,0
1589,1,TypeB,38500,011111111000000000000111111110000000000000000000000000000000000000000000000000011111111000000000000000001111111100000000000000001111100000000000000000000000000000000000,1,0
1590,1,TypeB,37200,011111111000000000000111111110000000000000000000000000000000000000000000000000011111111000000000000000001111111100000000000000001111000000000000000000000000000000000000,1,0
1591,1,TypeB,36200,011111111000000000000111111100000000000000000000000000000000000000000000000000011111111000000000000000001111111100000000000000001111000000000000000000000000000000000000,1,0
1592,1,TypeB,35200,011111111000000000000111111000000000000000000000000000000000000000000000000000011111111000000000000000001111111100000000000000001111000000000000000000000000000000000000,1,0
1593,1,TypeB,34200,011111111000000000000111111000000000000000000000000000000000000000000000000000001111111000000000000000001111111100000000000000001111000000000000000000000000000000000000,1,0
1594,1,TypeB,33200,011111111000000000000111111000000000000000000000000000000000000000000000000000001111110000000000000000001111111100000000000000001111000000000000000000000000000000000000,1,0
1595,1,TypeB,33200,001111111100000000000111111000000000000000000000000000000000000000000000000000001111110000000000000000001111111100000000000000001111000000000000000000000000000000000000,1,0
1596,1,TypeB,33200,000111111110000000000111111000000000000000000000000000000000000000000000000000001111110000000000000000001111111100000000000000001111000000000000000000000000000000000000,1,0
1597,1,TypeB,33200,000111111110000000000111111000000000000000000000000000000000000000000000000000001111110000000000000000001111111100000000000000011110000000000000000000000000000000000000,1,0
1598,1,TypeB,34200,000111111110000000000111111000000000000000000000000000000000000000000000000000001111111000000000000000001111111100000000000000001111000000000000000000000000000000000000,1,0
1599,1,TypeB,34200,000111111110000000000111111000000000000000000000000000000000000000000000000000001111111000000000000000001111111100000000000000011110000000000000000000000000000000000000,1,0
1600,1,TypeB,34200,000111111110000000000111111000000000000000000000000000000000000000000000000000011111110000000000000000001111111100000000000000001111000000000000000000000000000000000000,1,0
1601,1,TypeB,34200,000111111110000000000111111000000000000000000000000000000000000000000000000000011111110000000000000000001111111100000000000000011110000000000000000000000000000000000000,1,0
1602,1,TypeB,34200,000111111110000000000111111100000000000000000000000000000000000000000000000000001111110000000000000000001111111100000000000000001111000000000000000000000000000000000000,1,0
1603,1,TypeB,34200,000111111110000000000111111100000000000000000000000000000000000000000000000000001111110000000000000000001111111100000000000000011110000000000000000000000000000000000000,1,0
1604,1,TypeB,34200,000111111110000000001111111000000000000000000000000000000000000000000000000000001111110000000000000000001111111100000000000000001111000000000000000000000000000000000000,1,0
1605,1,TypeB,34200,000111111110000000001111111000000000000000000000000000000000000000000000000000001111110000000000000000001111111100000000000000011110000000000000000000000000000000000000,1,0
1606,1,TypeB,34500,000111111110000000000111111000000000000000000000000000000000000000000000000000001111110000000000000000001111111100000000000000001111100000000000000000000000000000000000,1,0
1607,1,TypeB,34500,000111111110000000000111111000000000000000000000000000000000000000000000000000001111110000000000000000001111111100000000000000011111000000000000000000000000000000000000,1,0
1608,1,TypeB,34500,000111111110000000000111111000000000000000000000000000000000000000000000000000001111110000000000000000001111111100000000000000111110000000000000000000000000000000000000,1,0
1609,1,TypeB,35200,000111111110000000000111111000000000000000000000000000000000000000000000000000001111111100000000000000001111111100000000000000001111000000000000000000000000000000000000,1,0
1610,1,TypeB,35200,000111111110000000000111111000000000000000000000000000000000000000000000000000001111111100000000000000001111111100000000000000011110000000000000000000000000000000000000,1,0
1611,1,TypeB,35200,000111111110000000000111111000000000000000000000000000000000000000000000000000011111111000000000000000001111111100000000000000001111000000000000000000000000000000000000,1,0
1612,1,TypeB,35200,000111111110000000000111111000000000000000000000000000000000000000000000000000011111111000000000000000001111111100000000000000011110000000000000000000000000000000000000,1,0
1613,1,TypeB,35200,000111111110000000000111111000000000000000000000000000000000000000000000000000111111110000000000000000001111111100000000000000001111000000000000000000000000000000000000,1,0
1614,1,TypeB,35200,000111111110000000000111111000000000000000000000000000000000000000000000000000111111110000000000000000001111111100000000000000011110000000000000000000000000000000000000,1,0
1615,1,TypeB,35200,000111111110000000000111111100000000000000000000000000000000000000000000000000001111111000000000000000001111111100000000000000001111000000000000000000000000000000000000,1,0
1616,1,TypeB,35200,000111111110000000000111111100000000000000000000000000000000000000000000000000001111111000000000000000001111111100000000000000011110000000000000000000000000000000000000,1,0
1617,1,TypeB,35200,000111111110000000000111111100000000000000000000000000000000000000000000000000011111110000000000000000001111111100000000000000001111000000000000000000000000000000000000,1,0
1618,1,TypeB,35200,000111111110000000000111111100000000000000000000000000000000000000000000000000011111110000000000000000001111111100000000000000011110000000000000000000000000000000000000,1,0
1619,1,TypeB,35200,000111111110000000000111111110000000000000000000000000000000000000000000000000001111110000000000000000001111111100000000000000001111000000000000000000000000000000000000,1,0
1620,1,TypeB,35200,000111111110000000000011111111000000000000000000000000000000000000000000000000001111110000000000000000001111111100000000000000001111000000000000000000000000000000000000,1,0
1621,1,TypeB,35200,000111111110000000000001111111100000000000000000000000000000000000000000000000001111110000000000000000001111111100000000000000001111000000000000000000000000000000000000,1,0
1622,1,TypeB,34200,000111111110000000000000111111100000000000000000000000000000000000000000000000001111110000000000000000001111111100000000000000001111000000000000000000000000000000000000,1,0
1623,1,TypeB,33200,000111111110000000000000011111100000000000000000000000000000000000000000000000001111110000000000000000001111111100000000000000001111000000000000000000000000000000000000,1,0
1624,1,TypeB,32200,000111111110000000000000001111100000000000000000000000000000000000000000000000001111110000000000000000001111111100000000000000001111000000000000000000000000000000000000,1,0
1625,1,TypeB,32200,000111111110000000000000001111100000000000000000000000000000000000000000000000001111110000000000000000001111111100000000000000011110000000000000000000000000000000000000,1,0
1626,1,TypeB,33200,000111111110000000000000001111100000000000000000000000000000000000000000000000001111111000000000000000001111111100000000000000001111000000000000000000000000000000000000,1,0
1627,1,TypeB,33200,000111111110000000000000001111100000000000000000000000000000000000000000000000001111111000000000000000001111111100000000000000011110000000000000000000000000000000000000,1,0
1628,1,TypeB,33200,000111111110000000000000001111100000000000000000000000000000000000000000000000011111110000000000000000001111111100000000000000001111000000000000000000000000000000000000,1,0
1629,1,TypeB,33200,000111111110000000000000001111100000000000000000000000000000000000000000000000011111110000000000000000001111111100000000000000011110000000000000000000000000000000000000,1,0
1630,1,TypeB,33200,000111111110000000000000001111110000000000000000000000000000000000000000000000001111110000000000000000001111111100000000000000001111000000000000000000000000000000000000,1,0
1631,1,TypeB,33200,000111111110000000000000001111110000000000000000000000000000000000000000000000001111110000000000000000001111111100000000000000011110000000000000000000000000000000000000,1,0
1632,1,TypeB,33200,000111111110000000000000011111100000000000000000000000000000000000000000000000001111110000000000000000001111111100000000000000011110000000000000000000000000000000000000,1,0
1633,1,TypeB,33500,000111111110000000000000001111100000000000000000000000000000000000000000000000001111110000000000000000001111111100000000000000001111100000000000000000000000000000000000,1,0
1634,1,TypeB,33500,000111111110000000000000001111100000000000000000000000000000000000000000000000001111110000000000000000001111111100000000000000011111000000000000000000000000000000000000,1,0
1635,1,TypeB,33500,000111111110000000000000001111100000000000000000000000000000000000000000000000001111110000000000000000001111111100000000000000111110000000000000000000000000000000000000,1,0
1636,1,TypeB,34200,000111111110000000000000001111100000000000000000000000000000000000000000000000001111111100000000000000001111111100000000000000001111000000000000000000000000000000000000,1,0
1637,1,TypeB,34200,000111111110000000000000001111100000000000000000000000000000000000000000000000001111111100000000000000001111111100000000000000011110000000000000000000000000000000000000,1,0
1638,1,TypeB,34200,000111111110000000000000001111100000000000000000000000000000000000000000000000011111111000000000000000001111111100000000000000001111000000000000000000000000000000000000,1,0
1639,1,TypeB,34200,000111111110000000000000001111100000000000000000000000000000000000000000000000011111111000000000000000001111111100000000000000011110000000000000000000000000000000000000,1,0
1640,1,TypeB,34200,000111111110000000000000001111100000000000000000000000000000000000000000000000111111110000000000000000001111111100000000000000001111000000000000000000000000000000000000,1,0
1641,1,TypeB,34200,000111111110000000000000001111100000000000000000000000000000000000000000000000111111110000000000000000001111111100000000000000011110000000000000000000000000000000000000,1,0
1642,1,TypeB,34200,000111111110000000000000001111110000000000000000000000000000000000000000000000001111111000000000000000001111111100000000000000001111000000000000000000000000000000000000,1,0
1643,1,TypeB,34200,000111111110000000000000001111110000000000000000000000000000000000000000000000001111111000000000000000001111111100000000000000011110000000000000000000000000000000000000,1,0
1644,1,TypeB,34200,000111111110000000000000001111110000000000000000000000000000000000000000000000011111110000000000000000001111111100000000000000001111000000000000000000000000000000000000,1,0
1645,1,TypeB,34200,000111111110000000000000001111110000000000000000000000000000000000000000000000011111110000000000000000001111111100000000000000011110000000000000000000000000000000000000,1,0
1646,1,TypeB,34200,000111111110000000000000001111111000000000000000000000000000000000000000000000001111110000000000000000001111111100000000000000001111000000000000000000000000000000000000,1,0
1647,1,TypeB,34200,000111111110000000000000001111111000000000000000000000000000000000000000000000001111110000000000000000001111111100000000000000011110000000000000000000000000000000000000,1,0
1648,1,TypeB,34200,000111111110000000000000011111100000000000000000000000000000000000000000000000001111111000000000000000001111111100000000000000001111000000000000000000000000000000000000,1,0
1649,1,TypeB,34200,000111111110000000000000011111100000000000000000000000000000000000000000000000001111111000000000000000001111111100000000000000011110000000000000000000000000000000000000,1,0
1650,1,TypeB,34200,000111111110000000000000011111100000000000000000000000000000000000000000000000011111110000000000000000001111111100000000000000001111000000000000000000000000000000000000,1,0
1651,1,TypeB,34200,000111111110000000000000011111100000000000000000000000000000000000000000000000011111110000000000000000001111111100000000000000011110000000000000000000000000000000000000,1,0
1652,1,TypeB,34200,000111111110000000000000011111110000000000000000000000000000000000000000000000001111110000000000000000001111111100000000000000001111000000000000000000000000000000000000,1,0
1653,1,TypeB,34200,000111111110000000000000011111110000000000000000000000000000000000000000000000001111110000000000000000001111111100000000000000011110000000000000000000000000000000000000,1,0
1654,1,TypeB,34200,000111111110000000000000111111100000000000000000000000000000000000000000000000001111110000000000000000001111111100000000000000011110000000000000000000000000000000000000,1,0
1655,1,TypeB,34500,000111111110000000000000001111100000000000000000000000000000000000000000000000001111111000000000000000001111111100000000000000001111100000000000000000000000000000000000,1,0
1656,1,TypeB,34500,000111111110000000000000001111100000000000000000000000000000000000000000000000001111111000000000000000001111111100000000000000011111000000000000000000000000000000000000,1,0
1657,1,TypeB,34500,000111111110000000000000001111100000000000000000000000000000000000000000000000001111111000000000000000001111111100000000000000111110000000000000000000000000000000000000,1,0
1658,1,TypeB,34500,000111111110000000000000001111100000000000000000000000000000000000000000000000011111110000000000000000001111111100000000000000001111100000000000000000000000000000000000,1,0
1659,1,TypeB,34500,000111111110000000000000001111100000000000000000000000000000000000000000000000011111110000000000000000001111111100000000000000011111000000000000000000000000000000000000,1,0
1660,1,TypeB,34500,000111111110000000000000001111100000000000000000000000000000000000000000000000011111110000000000000000001111111100000000000000111110000000000000000000000000000000000000,1,0
1661,1,TypeB,34500,000111111110000000000000001111110000000000000000000000000000000000000000000000001111110000000000000000001111111100000000000000001111100000000000000000000000000000000000,1,0
1662,1,TypeB,34500,000111111110000000000000001111110000000000000000000000000000000000000000000000001111110000000000000000001111111100000000000000011111000000000000000000000000000000000000,1,0
1663,1,TypeB,34500,000111111110000000000000001111110000000000000000000000000000000000000000000000001111110000000000000000001111111100000000000000111110000000000000000000000000000000000000,1,0
1664,1,TypeB,34500,000111111110000000000000011111100000000000000000000000000000000000000000000000001111110000000000000000001111111100000000000000001111100000000000000000000000000000000000,1,0
1665,1,TypeB,34500,000111111110000000000000011111100000000000000000000000000000000000000000000000001111110000000000000000001111111100000000000000011111000000000000000000000000000000000000,1,0
1666,1,TypeB,34500,000111111110000000000000011111100000000000000000000000000000000000000000000000001111110000000000000000001111111100000000000000111110000000000000000000000000000000000000,1,0
1667,1,TypeB,34800,000111111110000000000000001111100000000000000000000000000000000000000000000000001111110000000000000000001111111100000000000000001111110000000000000000000000000000000000,1,0
1668,1,TypeB,34800,000111111110000000000000001111100000000000000000000000000000000000000000000000001111110000000000000000001111111100000000000000011111100000000000000000000000000000000000,1,0
1669,1,TypeB,34800,000111111110000000000000001111100000000000000000000000000000000000000000000000001111110000000000000000001111111100000000000000111111000000000000000000000000000000000000,1,0
1670,1,TypeB,34800,000111111110000000000000001111100000000000000000000000000000000000000000000000001111110000000000000000001111111100000000000001111110000000000000000000000000000000000000,1,0
1671,1,TypeB,31200,000111111110000000000000000111100000000000000000000000000000000000000000000000001111110000000000000000001111111100000000000000001111000000000000000000000000000000000000,1,0
1672,1,TypeB,35200,000111111110000000000000000111111110000000000000000000000000000000000000000000001111110000000000000000001111111100000000000000001111000000000000000000000000000000000000,1,0
1673,1,TypeB,34200,000111111110000000000000000011111110000000000000000000000000000000000000000000001111110000000000000000001111111100000000000000001111000000000000000000000000000000000000,1,0
1674,1,TypeB,33200,000111111110000000000000000001111110000000000000000000000000000000000000000000001111110000000000000000001111111100000000000000001111000000000000000000000000000000000000,1,0
1675,1,TypeB,33200,000111111110000000000000000001111110000000000000000000000000000000000000000000001111110000000000000000001111111100000000000000011110000000000000000000000000000000000000,1,0
1676,1,TypeB,41100,001111111100000000000111111110000000000000000000000000000000000000000000000000011111111000000000000000001111111100000000000000001111111000000000000000000000000000000000,1,0
1677,1,TypeB,40100,000111111100000000000111111110000000000000000000000000000000000000000000000000011111111000000000000000001111111100000000000000001111111000000000000000000000000000000000,1,0
1678,1,TypeB,39100,000111111100000000000111111110000000000000000000000000000000000000000000000000011111111000000000000000001111111000000000000000001111111000000000000000000000000000000000,1,0
1679,1,TypeB,38100,000111111100000000000111111110000000000000000000000000000000000000000000000000011111111000000000000000001111110000000000000000001111111000000000000000000000000000000000,1,0
1680,1,TypeB,37100,000111111100000000000111111110000000000000000000000000000000000000000000000000011111111000000000000000001111100000000000000000001111111000000000000000000000000000000000,1,0
1681,1,TypeB,37100,000111111100000000000011111111000000000000000000000000000000000000000000000000011111111000000000000000001111100000000000000000001111111000000000000000000000000000000000,1,0
1682,1,TypeB,37100,000111111100000000000001111111100000000000000000000000000000000000000000000000011111111000000000000000001111100000000000000000001111111000000000000000000000000000000000,1,0
1683,1,TypeB,36100,000111111100000000000000111111100000000000000000000000000000000000000000000000011111111000000000000000001111100000000000000000001111111000000000000000000000000000000000,1,0
1684,1,TypeB,35100,000111111100000000000000011111100000000000000000000000000000000000000000000000011111111000000000000000001111100000000000000000001111111000000000000000000000000000000000,1,0
1685,1,TypeB,34100,000111111100000000000000001111100000000000000000000000000000000000000000000000011111111000000000000000001111100000000000000000001111111000000000000000000000000000000000,1,0
1686,1,TypeB,33100,000111111100000000000000000111100000000000000000000000000000000000000000000000011111111000000000000000001111100000000000000000001111111000000000000000000000000000000000,1,0
1687,1,TypeB,37100,000111111100000000000000000111111110000000000000000000000000000000000000000000011111111000000000000000001111100000000000000000001111111000000000000000000000000000000000,1,0
1688,1,TypeB,36100,000111111100000000000000000011111110000000000000000000000000000000000000000000011111111000000000000000001111100000000000000000001111111000000000000000000000000000000000,1,0
1689,1,TypeB,35100,000111111100000000000000000001111110000000000000000000000000000000000000000000011111111000000000000000001111100000000000000000001111111000000000000000000000000000000000,1,0
1690,1,TypeB,36100,000111111100000000000000000001111111000000000000000000000000000000000000000000011111111000000000000000001111100000000000000000001111111000000000000000000000000000000000,1,0
1691,1,TypeB,37100,000111111100000000000000000001111111100000000000000000000000000000000000000000011111111000000000000000001111100000000000000000001111111000000000000000000000000000000000,1,0
1692,1,TypeB,37100,000111111100000000000000000011111111000000000000000000000000000000000000000000011111111000000000000000001111100000000000000000001111111000000000000000000000000000000000,1,0
1693,1,TypeB,36100,000111111100000000000000000001111110000000000000000000000000000000000000000000011111111000000000000000001111110000000000000000001111111000000000000000000000000000000000,1,0
1694,1,TypeB,36100,000111111100000000000000000001111110000000000000000000000000000000000000000000011111111000000000000000011111100000000000000000001111111000000000000000000000000000000000,1,0
1695,1,TypeB,37100,000111111100000000000000000001111111000000000000000000000000000000000000000000011111111000000000000000001111110000000000000000001111111000000000000000000000000000000000,1,0
1696,1,TypeB,37100,000111111100000000000000000001111111000000000000000000000000000000000000000000011111111000000000000000011111100000000000000000001111111000000000000000000000000000000000,1,0
1697,1,TypeB,38100,000111111100000000000000000001111111100000000000000000000000000000000000000000011111111000000000000000001111110000000000000000001111111000000000000000000000000000000000,1,0
1698,1,TypeB,38100,000111111100000000000000000001111111100000000000000000000000000000000000000000011111111000000000000000011111100000000000000000001111111000000000000000000000000000000000,1,0
1699,1,TypeB,37100,000111111100000000000000000011111110000000000000000000000000000000000000000000011111111000000000000000001111110000000000000000001111111000000000000000000000000000000000,1,0
1700,1,TypeB,37100,000111111100000000000000000011111110000000000000000000000000000000000000000000011111111000000000000000011111100000000000000000001111111000000000000000000000000000000000,1,0
1701,1,TypeB,38100,000111111100000000000000000011111111000000000000000000000000000000000000000000011111111000000000000000001111110000000000000000001111111000000000000000000000000000000000,1,0
1702,1,TypeB,38100,000111111100000000000000000011111111000000000000000000000000000000000000000000011111111000000000000000011111100000000000000000001111111000000000000000000000000000000000,1,0
1703,1,TypeB,38100,000111111100000000000000000111111110000000000000000000000000000000000000000000011111111000000000000000001111110000000000000000001111111000000000000000000000000000000000,1,0
1704,1,TypeB,38100,000111111100000000000000000111111110000000000000000000000000000000000000000000011111111000000000000000011111100000000000000000001111111000000000000000000000000000000000,1,0
1705,1,TypeB,36100,000111111110000000000000000001111110000000000000000000000000000000000000000000011111111000000000000000001111100000000000000000001111111000000000000000000000000000000000,1,0
1706,1,TypeB,37100,000111111110000000000000000001111111000000000000000000000000000000000000000000011111111000000000000000001111100000000000000000001111111000000000000000000000000000000000,1,0
1707,1,TypeB,38100,000111111110000000000000000001111111100000000000000000000000000000000000000000011111111000000000000000001111100000000000000000001111111000000000000000000000000000000000,1,0
1708,1,TypeB,37100,000111111110000000000000000011111110000000000000000000000000000000000000000000011111111000000000000000001111100000000000000000001111111000000000000000000000000000000000,1,0
1709,1,TypeB,38100,000111111110000000000000000011111111000000000000000000000000000000000000000000011111111000000000000000001111100000000000000000001111111000000000000000000000000000000000,1,0
1710,1,TypeB,38100,000111111110000000000000000111111110000000000000000000000000000000000000000000011111111000000000000000001111100000000000000000001111111000000000000000000000000000000000,1,0
1711,1,TypeB,36100,001111111100000000000000000001111110000000000000000000000000000000000000000000011111111000000000000000001111100000000000000000001111111000000000000000000000000000000000,1,0
1712,1,TypeB,37100,001111111100000000000000000001111111000000000000000000000000000000000000000000011111111000000000000000001111100000000000000000001111111000000000000000000000000000000000,1,0
1713,1,TypeB,38100,001111111100000000000000000001111111100000000000000000000000000000000000000000011111111000000000000000001111100000000000000000001111111000000000000000000000000000000000,1,0
1714,1,TypeB,37100,001111111100000000000000000011111110000000000000000000000000000000000000000000011111111000000000000000001111100000000000000000001111111000000000000000000000000000000000,1,0
1715,1,TypeB,38100,001111111100000000000000000011111111000000000000000000000000000000000000000000011111111000000000000000001111100000000000000000001111111000000000000000000000000000000000,1,0
1716,1,TypeB,38100,001111111100000000000000000111111110000000000000000000000000000000000000000000011111111000000000000000001111100000000000000000001111111000000000000000000000000000000000,1,0
1717,1,TypeB,36400,000111111100000000000000000001111110000000000000000000000000000000000000000000011111111000000000000000001111100000000000000000001111111100000000000000000000000000000000,1,0
1718,1,TypeB,36400,000111111100000000000000000001111110000000000000000000000000000000000000000000011111111000000000000000001111100000000000000000011111111000000000000000000000000000000000,1,0
1719,1,TypeB,37400,000111111100000000000000000001111111000000000000000000000000000000000000000000011111111000000000000000001111100000000000000000001111111100000000000000000000000000000000,1,0
1720,1,TypeB,37400,000111111100000000000000000001111111000000000000000000000000000000000000000000011111111000000000000000001111100000000000000000011111111000000000000000000000000000000000,1,0
1721,1,TypeB,38400,000111111100000000000000000001111111100000000000000000000000000000000000000000011111111000000000000000001111100000000000000000001111111100000000000000000000000000000000,1,0
1722,1,TypeB,38400,000111111100000000000000000001111111100000000000000000000000000000000000000000011111111000000000000000001111100000000000000000011111111000000000000000000000000000000000,1,0
1723,1,TypeB,37400,000111111100000000000000000011111110000000000000000000000000000000000000000000011111111000000000000000001111100000000000000000001111111100000000000000000000000000000000,1,0
1724,1,TypeB,37400,000111111100000000000000000011111110000000000000000000000000000000000000000000011111111000000000000000001111100000000000000000011111111000000000000000000000000000000000,1,0
1725,1,TypeB,38400,000111111100000000000000000011111111000000000000000000000000000000000000000000011111111000000000000000001111100000000000000000001111111100000000000000000000000000000000,1,0
1726,1,TypeB,38400,000111111100000000000000000011111111000000000000000000000000000000000000000000011111111000000000000000001111100000000000000000011111111000000000000000000000000000000000,1,0
1727,1,TypeB,38400,000111111100000000000000000111111110000000000000000000000000000000000000000000011111111000000000000000001111100000000000000000001111111100000000000000000000000000000000,1,0
1728,1,TypeB,38400,000111111100000000000000000111111110000000000000000000000000000000000000000000011111111000000000000000001111100000000000000000011111111000000000000000000000000000000000,1,0
1729,1,TypeB,37100,000111111100000000000000000001111110000000000000000000000000000000000000000000011111111000000000000000001111111000000000000000001111111000000000000000000000000000000000,1,0
1730,1,TypeB,37100,000111111100000000000000000001111110000000000000000000000000000000000000000000011111111000000000000000011111110000000000000000001111111000000000000000000000000000000000,1,0
1731,1,TypeB,37100,000111111100000000000000000001111110000000000000000000000000000000000000000000011111111000000000000000111111100000000000000000001111111000000000000000000000000000000000,1,0
1732,1,TypeB,38100,000111111100000000000000000001111111000000000000000000000000000000000000000000011111111000000000000000001111111000000000000000001111111000000000000000000000000000000000,1,0
1733,1,TypeB,38100,000111111100000000000000000001111111000000000000000000000000000000000000000000011111111000000000000000011111110000000000000000001111111000000000000000000000000000000000,1,0
1734,1,TypeB,38100,000111111100000000000000000001111111000000000000000000000000000000000000000000011111111000000000000000111111100000000000000000001111111000000000000000000000000000000000,1,0
1735,1,TypeB,39100,000111111100000000000000000001111111100000000000000000000000000000000000000000011111111000000000000000001111111000000000000000001111111000000000000000000000000000000000,1,0
1736,1,TypeB,39100,000111111100000000000000000001111111100000000000000000000000000000000000000000011111111000000000000000011111110000000000000000001111111000000000000000000000000000000000,1,0
1737,1,TypeB,39100,000111111100000000000000000001111111100000000000000000000000000000000000000000011111111000000000000000111111100000000000000000001111111000000000000000000000000000000000,1,0
1738,1,TypeB,38100,000111111100000000000000000011111110000000000000000000000000000000000000000000011111111000000000000000001111111000000000000000001111111000000000000000000000000000000000,1,0
1739,1,TypeB,38100,000111111100000000000000000011111110000000000000000000000000000000000000000000011111111000000000000000011111110000000000000000001111111000000000000000000000000000000000,1,0
1740,1,TypeB,38100,000111111100000000000000000011111110000000000000000000000000000000000000000000011111111000000000000000111111100000000000000000001111111000000000000000000000000000000000,1,0
1741,1,TypeB,39100,000111111100000000000000000011111111000000000000000000000000000000000000000000011111111000000000000000001111111000000000000000001111111000000000000000000000000000000000,1,0
1742,1,TypeB,39100,000111111100000000000000000011111111000000000000000000000000000000000000000000011111111000000000000000011111110000000000000000001111111000000000000000000000000000000000,1,0
1743,1,TypeB,39100,000111111100000000000000000011111111000000000000000000000000000000000000000000011111111000000000000000111111100000000000000000001111111000000000000000000000000000000000,1,0
1744,1,TypeB,39100,000111111100000000000000000111111110000000000000000000000000000000000000000000011111111000000000000000001111111000000000000000001111111000000000000000000000000000000000,1,0
1745,1,TypeB,39100,000111111100000000000000000111111110000000000000000000000000000000000000000000011111111000000000000000011111110000000000000000001111111000000000000000000000000000000000,1,0
1746,1,TypeB,39100,000111111100000000000000000111111110000000000000000000000000000000000000000000011111111000000000000000111111100000000000000000001111111000000000000000000000000000000000,1,0
1747,1,TypeB,37100,000111111110000000000000000001111110000000000000000000000000000000000000000000011111111000000000000000001111110000000000000000001111111000000000000000000000000000000000,1,0
1748,1,TypeB,37100,000111111110000000000000000001111110000000000000000000000000000000000000000000011111111000000000000000011111100000000000000000001111111000000000000000000000000000000000,1,0
1749,1,TypeB,38100,000111111110000000000000000001111111000000000000000000000000000000000000000000011111111000000000000000001111110000000000000000001111111000000000000000000000000000000000,1,0
1750,1,TypeB,38100,000111111110000000000000000001111111000000000000000000000000000000000000000000011111111000000000000000011111100000000000000000001111111000000000000000000000000000000000,1,0
1751,1,TypeB,39100,000111111110000000000000000001111111100000000000000000000000000000000000000000011111111000000000000000001111110000000000000000001111111000000000000000000000000000000000,1,0
1752,1,TypeB,39100,000111111110000000000000000001111111100000000000000000000000000000000000000000011111111000000000000000011111100000000000000000001111111000000000000000000000000000000000,1,0
1753,1,TypeB,38100,000111111110000000000000000011111110000000000000000000000000000000000000000000011111111000000000000000001111110000000000000000001111111000000000000000000000000000000000,1,0
1754,1,TypeB,38100,000111111110000000000000000011111110000000000000000000000000000000000000000000011111111000000000000000011111100000000000000000001111111000000000000000000000000000000000,1,0
1755,1,TypeB,39100,000111111110000000000000000011111111000000000000000000000000000000000000000000011111111000000000000000001111110000000000000000001111111000000000000000000000000000000000,1,0
1756,1,TypeB,39100,000111111110000000000000000011111111000000000000000000000000000000000000000000011111111000000000000000011111100000000000000000001111111000000000000000000000000000000000,1,0
1757,1,TypeB,39100,000111111110000000000000000111111110000000000000000000000000000000000000000000011111111000000000000000001111110000000000000000001111111000000000000000000000000000000000,1,0
1758,1,TypeB,39100,000111111110000000000000000111111110000000000000000000000000000000000000000000011111111000000000000000011111100000000000000000001111111000000000000000000000000000000000,1,0
1759,1,TypeB,37100,001111111100000000000000000001111110000000000000000000000000000000000000000000011111111000000000000000001111110000000000000000001111111000000000000000000000000000000000,1,0
1760,1,TypeB,37100,001111111100000000000000000001111110000000000000000000000000000000000000000000011111111000000000000000011111100000000000000000001111111000000000000000000000000000000000,1,0
1761,1,TypeB,38100,001111111100000000000000000001111111000000000000000000000000000000000000000000011111111000000000000000001111110000000000000000001111111000000000000000000000000000000000,1,0
1762,1,TypeB,38100,001111111100000000000000000001111111000000000000000000000000000000000000000000011111111000000000000000011111100000000000000000001111111000000000000000000000000000000000,1,0
1763,1,TypeB,39100,001111111100000000000000000001111111100000000000000000000000000000000000000000011111111000000000000000001111110000000000000000001111111000000000000000000000000000000000,1,0
1764,1,TypeB,39100,001111111100000000000000000001111111100000000000000000000000000000000000000000011111111000000000000000011111100000000000000000001111111000000000000000000000000000000000,1,0
1765,1,TypeB,38100,001111111100000000000000000011111110000000000000000000000000000000000000000000011111111000000000000000001111110000000000000000001111111000000000000000000000000000000000,1,0
1766,1,TypeB,38100,001111111100000000000000000011111110000000000000000000000000000000000000000000011111111000000000000000011111100000000000000000001111111000000000000000000000000000000000,1,0
1767,1,TypeB,39100,001111111100000000000000000011111111000000000000000000000000000000000000000000011111111000000000000000001111110000000000000000001111111000000000000000000000000000000000,1,0
1768,1,TypeB,39100,001111111100000000000000000011111111000000000000000000000000000000000000000000011111111000000000000000011111100000000000000000001111111000000000000000000000000000000000,1,0
1769,1,TypeB,39100,001111111100000000000000000111111110000000000000000000000000000000000000000000011111111000000000000000001111110000000000000000001111111000000000000000000000000000000000,1,0
1770,1,TypeB,39100,001111111100000000000000000111111110000000000000000000000000000000000000000000011111111000000000000000011111100000000000000000001111111000000000000000000000000000000000,1,0
1771,1,TypeB,37400,000111111100000000000000000001111110000000000000000000000000000000000000000000011111111000000000000000001111110000000000000000001111111100000000000000000000000000000000,1,0
1772,1,TypeB,37400,000111111100000000000000000001111110000000000000000000000000000000000000000000011111111000000000000000001111110000000000000000011111111000000000000000000000000000000000,1,0
1773,1,TypeB,37400,000111111100000000000000000001111110000000000000000000000000000000000000000000011111111000000000000000011111100000000000000000001111111100000000000000000000000000000000,1,0
1774,1,TypeB,37400,000111111100000000000000000001111110000000000000000000000000000000000000000000011111111000000000000000011111100000000000000000011111111000000000000000000000000000000000,1,0
1775,1,TypeB,38400,000111111100000000000000000001111111000000000000000000000000000000000000000000011111111000000000000000001111110000000000000000001111111100000000000000000000000000000000,1,0
1776,2,TypeC,31000,000000001111000000000000000000000011111100000000000000001110000000000000000000000000011111100000000000000000000000000000000000000000111111000000000000000000000000000000,1,0
1777,2,TypeC,29700,000000001110000000000000000000000011111100000000000000001110000000000000000000000000011111100000000000000000000000000000000000000000111111000000000000000000000000000000,1,0
1778,2,TypeC,29400,000000001110000000000000000000000011111100000000000000011100000000000000000000000000011111100000000000000000000000000000000000000000111111000000000000000000000000000000,1,0
1779,2,TypeC,29100,000000011100000000000000000000000011111100000000000000011100000000000000000000000000011111100000000000000000000000000000000000000000111111000000000000000000000000000000,1,0
1780,2,TypeC,30100,000000111100000000000000000000000011111100000000000000011100000000000000000000000000011111100000000000000000000000000000000000000000111111000000000000000000000000000000,1,0
1781,2,TypeC,28800,000000111100000000000000000000000011111100000000000000011100000000000000000000000000001111100000000000000000000000000000000000000000111111000000000000000000000000000000,1,0
1782,2,TypeC,29800,000001111100000000000000000000000011111100000000000000011100000000000000000000000000001111100000000000000000000000000000000000000000111111000000000000000000000000000000,1,0
1783,2,TypeC,30800,000011111100000000000000000000000011111100000000000000011100000000000000000000000000001111100000000000000000000000000000000000000000111111000000000000000000000000000000,1,0
1784,2,TypeC,30500,000111111000000000000000000000000011111100000000000000011100000000000000000000000000001111100000000000000000000000000000000000000000111111000000000000000000000000000000,1,0
1785,2,TypeC,31800,000111111000000000000000000000000011111100000000000000011100000000000000000000000000011111100000000000000000000000000000000000000000111111000000000000000000000000000000,1,0
1786,2,TypeC,30800,000111111000000000000000000000000011111100000000000000001110000000000000000000000000001111100000000000000000000000000000000000000000111111000000000000000000000000000000,1,0
1787,2,TypeC,32100,000111111000000000000000000000000011111100000000000000001110000000000000000000000000011111100000000000000000000000000000000000000000111111000000000000000000000000000000,1,0
1788,2,TypeC,29500,000111110000000000000000000000000011111100000000000000011100000000000000000000000000001111100000000000000000000000000000000000000000111111000000000000000000000000000000,1,0
1789,2,TypeC,28500,000111100000000000000000000000000011111100000000000000011100000000000000000000000000001111100000000000000000000000000000000000000000111111000000000000000000000000000000,1,0
1790,2,TypeC,29800,000111100000000000000000000000000011111100000000000000011100000000000000000000000000011111100000000000000000000000000000000000000000111111000000000000000000000000000000,1,0
1791,2,TypeC,28800,000111100000000000000000000000000011111100000000000000001110000000000000000000000000001111100000000000000000000000000000000000000000111111000000000000000000000000000000,1,0
1792,2,TypeC,30100,000111100000000000000000000000000011111100000000000000001110000000000000000000000000011111100000000000000000000000000000000000000000111111000000000000000000000000000000,1,0
1793,2,TypeC,29500,000111100000000000000000000000000011111100000000000000011100000000000000000000000000001111110000000000000000000000000000000000000000111111000000000000000000000000000000,1,0
1794,2,TypeC,29500,000111100000000000000000000000000011111100000000000000111100000000000000000000000000001111100000000000000000000000000000000000000000111111000000000000000000000000000000,1,0
1795,2,TypeC,30800,000111100000000000000000000000000011111100000000000000111100000000000000000000000000011111100000000000000000000000000000000000000000111111000000000000000000000000000000,1,0
1796,2,TypeC,30800,000111110000000000000000000000000011111100000000000000011100000000000000000000000000011111100000000000000000000000000000000000000000111111000000000000000000000000000000,1,0
1797,2,TypeC,31500,000111111000000000000000000000000011111100000000000000011100000000000000000000000000001111110000000000000000000000000000000000000000111111000000000000000000000000000000,1,0
1798,2,TypeC,31500,000111111000000000000000000000000011111100000000000000111100000000000000000000000000001111100000000000000000000000000000000000000000111111000000000000000000000000000000,1,0
1799,2,TypeC,32800,000111111000000000000000000000000011111100000000000000111100000000000000000000000000011111100000000000000000000000000000000000000000111111000000000000000000000000000000,1,0
1800,2,TypeC,29500,001111100000000000000000000000000011111100000000000000011100000000000000000000000000001111100000000000000000000000000000000000000000111111000000000000000000000000000000,1,0
1801,2,TypeC,30800,001111100000000000000000000000000011111100000000000000011100000000000000000000000000011111100000000000000000000000000000000000000000111111000000000000000000000000000000,1,0
1802,2,TypeC,29800,000111100000000000000000000000000011111100000000000000001110000000000000000000000000001111110000000000000000000000000000000000000000111111000000000000000000000000000000,1,0
1803,2,TypeC,29800,000111100000000000000000000000000011111100000000000000011110000000000000000000000000001111100000000000000000000000000000000000000000111111000000000000000000000000000000,1,0
1804,2,TypeC,31100,000111100000000000000000000000000011111100000000000000011110000000000000000000000000011111100000000000000000000000000000000000000000111111000000000000000000000000000000,1,0
1805,2,TypeC,29800,000111110000000000000000000000000011111100000000000000001110000000000000000000000000001111100000000000000000000000000000000000000000111111000000000000000000000000000000,1,0
1806,2,TypeC,31100,000111110000000000000000000000000011111100000000000000001110000000000000000000000000011111100000000000000000000000000000000000000000111111000000000000000000000000000000,1,0
1807,2,TypeC,31800,000111111000000000000000000000000011111100000000000000001110000000000000000000000000001111110000000000000000000000000000000000000000111111000000000000000000000000000000,1,0
1808,2,TypeC,31800,000111111000000000000000000000000011111100000000000000011110000000000000000000000000001111100000000000000000000000000000000000000000111111000000000000000000000000000000,1,0
1809,2,TypeC,33100,000111111000000000000000000000000011111100000000000000011110000000000000000000000000011111100000000000000000000000000000000000000000111111000000000000000000000000000000,1,0
1810,2,TypeC,29800,001111100000000000000000000000000011111100000000000000001110000000000000000000000000001111100000000000000000000000000000000000000000111111000000000000000000000000000000,1,0
1811,2,TypeC,31100,001111100000000000000000000000000011111100000000000000001110000000000000000000000000011111100000000000000000000000000000000000000000111111000000000000000000000000000000,1,0
1812,2,TypeC,30100,000111100000000000000000000000000011111100000000000000001111000000000000000000000000001111100000000000000000000000000000000000000000111111000000000000000000000000000000,1,0
1813,2,TypeC,31400,000111100000000000000000000000000011111100000000000000001111000000000000000000000000011111100000000000000000000000000000000000000000111111000000000000000000000000000000,1,0
1814,2,TypeC,32100,000111111000000000000000000000000011111100000000000000001111000000000000000000000000001111100000000000000000000000000000000000000000111111000000000000000000000000000000,1,0
1815,2,TypeC,33400,000111111000000000000000000000000011111100000000000000001111000000000000000000000000011111100000000000000000000000000000000000000000111111000000000000000000000000000000,1,0
1816,2,TypeC,30500,000111100000000000000000000000000011111100000000000000111100000000000000000000000000001111110000000000000000000000000000000000000000111111000000000000000000000000000000,1,0
1817,2,TypeC,30500,000111100000000000000000000000000011111100000000000001111100000000000000000000000000001111100000000000000000000000000000000000000000111111000000000000000000000000000000,1,0
1818,2,TypeC,31800,000111100000000000000000000000000011111100000000000001111100000000000000000000000000011111100000000000000000000000000000000000000000111111000000000000000000000000000000,1,0
1819,2,TypeC,30500,000111110000000000000000000000000011111100000000000000011100000000000000000000000000001111110000000000000000000000000000000000000000111111000000000000000000000000000000,1,0
1820,2,TypeC,30500,000111110000000000000000000000000011111100000000000000111100000000000000000000000000001111100000000000000000000000000000000000000000111111000000000000000000000000000000,1,0
1821,2,TypeC,31800,000111110000000000000000000000000011111100000000000000111100000000000000000000000000011111100000000000000000000000000000000000000000111111000000000000000000000000000000,1,0
1822,2,TypeC,32500,000111111000000000000000000000000011111100000000000000111100000000000000000000000000001111110000000000000000000000000000000000000000111111000000000000000000000000000000,1,0
1823,2,TypeC,32500,000111111000000000000000000000000011111100000000000001111100000000000000000000000000001111100000000000000000000000000000000000000000111111000000000000000000000000000000,1,0
1824,2,TypeC,33800,000111111000000000000000000000000011111100000000000001111100000000000000000000000000011111100000000000000000000000000000000000000000111111000000000000000000000000000000,1,0
1825,2,TypeC,30500,001111100000000000000000000000000011111100000000000000011100000000000000000000000000001111110000000000000000000000000000000000000000111111000000000000000000000000000000,1,0
1826,2,TypeC,30500,001111100000000000000000000000000011111100000000000000111100000000000000000000000000001111100000000000000000000000000000000000000000111111000000000000000000000000000000,1,0
1827,2,TypeC,31800,001111100000000000000000000000000011111100000000000000111100000000000000000000000000011111100000000000000000000000000000000000000000111111000000000000000000000000000000,1,0
1828,2,TypeC,30500,001111110000000000000000000000000011111100000000000000011100000000000000000000000000001111100000000000000000000000000000000000000000111111000000000000000000000000000000,1,0
1829,2,TypeC,31800,001111110000000000000000000000000011111100000000000000011100000000000000000000000000011111100000000000000000000000000000000000000000111111000000000000000000000000000000,1,0
1830,2,TypeC,30500,011111100000000000000000000000000011111100000000000000011100000000000000000000000000001111100000000000000000000000000000000000000000111111000000000000000000000000000000,1,0
1831,2,TypeC,31800,011111100000000000000000000000000011111100000000000000011100000000000000000000000000011111100000000000000000000000000000000000000000111111000000000000000000000000000000,1,0
1832,2,TypeC,30800,000111100000000000000000000000000011111100000000000000011110000000000000000000000000001111110000000000000000000000000000000000000000111111000000000000000000000000000000,1,0
1833,2,TypeC,30800,000111100000000000000000000000000011111100000000000000111110000000000000000000000000001111100000000000000000000000000000000000000000111111000000000000000000000000000000,1,0
1834,2,TypeC,32100,000111100000000000000000000000000011111100000000000000111110000000000000000000000000011111100000000000000000000000000000000000000000111111000000000000000000000000000000,1,0
1835,2,TypeC,30800,000111110000000000000000000000000011111100000000000000001110000000000000000000000000001111110000000000000000000000000000000000000000111111000000000000000000000000000000,1,0
1836,2,TypeC,30800,000111110000000000000000000000000011111100000000000000011110000000000000000000000000001111100000000000000000000000000000000000000000111111000000000000000000000000000000,1,0
1837,2,TypeC,32100,000111110000000000000000000000000011111100000000000000011110000000000000000000000000011111100000000000000000000000000000000000000000111111000000000000000000000000000000,1,0
1838,2,TypeC,32800,000111111000000000000000000000000011111100000000000000011110000000000000000000000000001111110000000000000000000000000000000000000000111111000000000000000000000000000000,1,0
1839,2,TypeC,32800,000111111000000000000000000000000011111100000000000000111110000000000000000000000000001111100000000000000000000000000000000000000000111111000000000000000000000000000000,1,0
1840,2,TypeC,34100,000111111000000000000000000000000011111100000000000000111110000000000000000000000000011111100000000000000000000000000000000000000000111111000000000000000000000000000000,1,0
1841,2,TypeC,30800,001111100000000000000000000000000011111100000000000000001110000000000000000000000000001111110000000000000000000000000000000000000000111111000000000000000000000000000000,1,0
1842,2,TypeC,30800,001111100000000000000000000000000011111100000000000000011110000000000000000000000000001111100000000000000000000000000000000000000000111111000000000000000000000000000000,1,0
1843,2,TypeC,32100,001111100000000000000000000000000011111100000000000000011110000000000000000000000000011111100000000000000000000000000000000000000000111111000000000000000000000000000000,1,0
1844,2,TypeC,30800,001111110000000000000000000000000011111100000000000000001110000000000000000000000000001111100000000000000000000000000000000000000000111111000000000000000000000000000000,1,0
1845,2,TypeC,32100,001111110000000000000000000000000011111100000000000000001110000000000000000000000000011111100000000000000000000000000000000000000000111111000000000000000000000000000000,1,0
1846,2,TypeC,30800,011111100000000000000000000000000011111100000000000000001110000000000000000000000000001111100000000000000000000000000000000000000000111111000000000000000000000000000000,1,0
1847,2,TypeC,32100,011111100000000000000000000000000011111100000000000000001110000000000000000000000000011111100000000000000000000000000000000000000000111111000000000000000000000000000000,1,0
1848,2,TypeC,31100,000111100000000000000000000000000011111100000000000000001111000000000000000000000000001111110000000000000000000000000000000000000000111111000000000000000000000000000000,1,0
1849,2,TypeC,31100,000111100000000000000000000000000011111100000000000000011111000000000000000000000000001111100000000000000000000000000000000000000000111111000000000000000000000000000000,1,0
1850,2,TypeC,32400,000111100000000000000000000000000011111100000000000000011111000000000000000000000000011111100000000000000000000000000000000000000000111111000000000000000000000000000000,1,0
1851,2,TypeC,31100,000111110000000000000000000000000011111100000000000000001111000000000000000000000000001111100000000000000000000000000000000000000000111111000000000000000000000000000000,1,0
1852,2,TypeC,32400,000111110000000000000000000000000011111100000000000000001111000000000000000000000000011111100000000000000000000000000000000000000000111111000000000000000000000000000000,1,0
1853,2,TypeC,33100,000111111000000000000000000000000011111100000000000000001111000000000000000000000000001111110000000000000000000000000000000000000000111111000000000000000000000000000000,1,0
1854,2,TypeC,33100,000111111000000000000000000000000011111100000000000000011111000000000000000000000000001111100000000000000000000000000000000000000000111111000000000000000000000000000000,1,0
1855,2,TypeC,34400,000111111000000000000000000000000011111100000000000000011111000000000000000000000000011111100000000000000000000000000000000000000000111111000000000000000000000000000000,1,0
1856,2,TypeC,31100,001111100000000000000000000000000011111100000000000000001111000000000000000000000000001111100000000000000000000000000000000000000000111111000000000000000000000000000000,1,0
1857,0,TypeA,52200,000000001111111111000000000000000000000000000000011111111100000000000000000000000000000000000000011111111000000000000000001111111110000000000000000000000111111111000000,1,0
1858,0,TypeA,51900,000000000111111111100000000000000000000000000000011111111100000000000000000000000000000000000000011111111000000000000000001111111110000000000000000000000111111111000000,1,0
1859,0,TypeA,50600,000000000111111111100000000000000000000000000000011111111100000000000000000000000000000000000000011111111000000000000000000111111110000000000000000000000111111111000000,1,0
1860,0,TypeA,50300,000000000111111111100000000000000000000000000000011111111100000000000000000000000000000000000000001111111100000000000000000111111110000000000000000000000111111111000000,1,0
1861,0,TypeA,50000,000000000111111111100000000000000000000000000000011111111100000000000000000000000000000000000000000111111110000000000000000111111110000000000000000000000111111111000000,1,0
1862,0,TypeA,49700,000000000111111111100000000000000000000000000000011111111100000000000000000000000000000000000000000111111110000000000000000011111111000000000000000000000111111111000000,1,0
1863,0,TypeA,49400,000000000111111111100000000000000000000000000000011111111100000000000000000000000000000000000000000111111110000000000000000001111111100000000000000000000111111111000000,1,0
1864,0,TypeA,49100,000000000111111111100000000000000000000000000000011111111100000000000000000000000000000000000000000111111110000000000000000000111111110000000000000000000111111111000000,1,0
1865,0,TypeA,48800,000000000111111111100000000000000000000000000000011111111100000000000000000000000000000000000000000111111110000000000000000000011111111000000000000000000111111111000000,1,0
1866,0,TypeA,48500,000000000111111111100000000000000000000000000000011111111100000000000000000000000000000000000000000111111110000000000000000000001111111100000000000000000111111111000000,1,0
1867,0,TypeA,49500,000000000111111111100000000000000000000000000000011111111110000000000000000000000000000000000000000111111110000000000000000000001111111100000000000000000111111111000000,1,0
1868,0,TypeA,49800,000000000111111111100000000000000000000000000000011111111110000000000000000000000000000000000000000111111110000000000000000000011111111000000000000000000111111111000000,1,0
1869,0,TypeA,49500,000000000111111111100000000000000000000000000000011111111100000000000000000000000000000000000000000111111110000000000000000000001111111100000000000000000111111111100000,1,0
1870,0,TypeA,49500,000000000111111111100000000000000000000000000000011111111100000000000000000000000000000000000000000111111110000000000000000000001111111110000000000000000111111111000000,1,0
1871,0,TypeA,49500,000000000111111111100000000000000000000000000000011111111100000000000000000000000000000000000000000111111111000000000000000000001111111100000000000000000111111111000000,1,0
1872,0,TypeA,50500,000000000111111111100000000000000000000000000000011111111100000000000000000000000000000000000000000111111111100000000000000000001111111100000000000000000111111111000000,1,0
1873,0,TypeA,50800,000000000111111111100000000000000000000000000000011111111100000000000000000000000000000000000000000111111111100000000000000000011111111000000000000000000111111111000000,1,0
1874,0,TypeA,51500,000000000111111111100000000000000000000000000000011111111110000000000000000000000000000000000000000111111111100000000000000000001111111100000000000000000111111111000000,1,0
1875,0,TypeA,51800,000000000111111111100000000000000000000000000000011111111110000000000000000000000000000000000000000111111111100000000000000000011111111000000000000000000111111111000000,1,0
1876,0,TypeA,51500,000000000111111111100000000000000000000000000000011111111100000000000000000000000000000000000000000111111111100000000000000000001111111100000000000000000111111111100000,1,0
1877,0,TypeA,51500,000000000111111111100000000000000000000000000000011111111100000000000000000000000000000000000000000111111111100000000000000000001111111110000000000000000111111111000000,1,0
1878,0,TypeA,51800,000000000111111111100000000000000000000000000000011111111100000000000000000000000000000000000000000111111111100000000000000000001111111100000000000000001111111111000000,1,0
1879,0,TypeA,51800,000000000111111111100000000000000000000000000000011111111100000000000000000000000000000000000000000111111111100000000000000000011111111000000000000000000111111111100000,1,0
1880,0,TypeA,51800,000000000111111111100000000000000000000000000000011111111100000000000000000000000000000000000000000111111111100000000000000000011111111100000000000000000111111111000000,1,0
1881,0,TypeA,51800,000000000111111111100000000000000000000000000000111111111100000000000000000000000000000000000000000111111111100000000000000000001111111100000000000000000111111111000000,1,0
1882,0,TypeA,52500,000000000111111111100000000000000000000000000000011111111110000000000000000000000000000000000000000111111111100000000000000000001111111100000000000000000111111111100000,1,0
1883,0,TypeA,52500,000000000111111111100000000000000000000000000000011111111110000000000000000000000000000000000000000111111111100000000000000000001111111110000000000000000111111111000000,1,0
1884,0,TypeA,52100,000000000111111111100000000000000000000000000000011111111100000000000000000000000000000000000000000111111111100000000000000000001111111100000000000000011111111110000000,1,0
1885,0,TypeA,51100,000000000111111111100000000000000000000000000000011111111100000000000000000000000000000000000000000111111111100000000000000000001111111100000000000000011111111100000000,1,0
1886,0,TypeA,50100,000000000111111111100000000000000000000000000000011111111100000000000000000000000000000000000000000111111111100000000000000000001111111100000000000000011111111000000000,1,0
1887,0,TypeA,50400,000000000111111111100000000000000000000000000000011111111100000000000000000000000000000000000000000111111111100000000000000000011111111000000000000000011111111000000000,1,0
1888,0,TypeA,51100,000000000111111111100000000000000000000000000000011111111110000000000000000000000000000000000000000111111111100000000000000000001111111100000000000000011111111000000000,1,0
1889,0,TypeA,51400,000000000111111111100000000000000000000000000000011111111110000000000000000000000000000000000000000111111111100000000000000000011111111000000000000000011111111000000000,1,0
1890,0,TypeA,51100,000000000111111111100000000000000000000000000000011111111100000000000000000000000000000000000000000111111111100000000000000000001111111110000000000000011111111000000000,1,0
1891,0,TypeA,51400,000000000111111111100000000000000000000000000000011111111100000000000000000000000000000000000000000111111111100000000000000000001111111100000000000000111111111000000000,1,0
1892,0,TypeA,52700,000000000111111111100000000000000000000000000000011111111100000000000000000000000000000000000000000111111111100000000000000000001111111100000000000001111111111000000000,1,0
1893,0,TypeA,53000,000000000111111111100000000000000000000000000000011111111100000000000000000000000000000000000000000111111111100000000000000000011111111000000000000001111111111000000000,1,0
1894,0,TypeA,53700,000000000111111111100000000000000000000000000000011111111110000000000000000000000000000000000000000111111111100000000000000000001111111100000000000001111111111000000000,1,0
1895,0,TypeA,54000,000000000111111111100000000000000000000000000000011111111110000000000000000000000000000000000000000111111111100000000000000000011111111000000000000001111111111000000000,1,0
1896,0,TypeA,53700,000000000111111111100000000000000000000000000000011111111100000000000000000000000000000000000000000111111111100000000000000000001111111110000000000001111111111000000000,1,0
1897,0,TypeA,54000,000000000111111111100000000000000000000000000000011111111100000000000000000000000000000000000000000111111111100000000000000000011111111100000000000001111111111000000000,1,0
1898,0,TypeA,54000,000000000111111111100000000000000000000000000000111111111100000000000000000000000000000000000000000111111111100000000000000000001111111100000000000001111111111000000000,1,0
1899,0,TypeA,54700,000000000111111111100000000000000000000000000000011111111110000000000000000000000000000000000000000111111111100000000000000000001111111110000000000001111111111000000000,1,0
1900,0,TypeA,54300,000000000111111111100000000000000000000000000000011111111100000000000000000000000000000000000000000111111111100000000000000000111111111000000000000001111111111000000000,1,0
1901,0,TypeA,54300,000000000111111111100000000000000000000000000000111111111100000000000000000000000000000000000000000111111111100000000000000000011111111000000000000001111111111000000000,1,0
1902,0,TypeA,55000,000000000111111111100000000000000000000000000000011111111110000000000000000000000000000000000000000111111111100000000000000000011111111100000000000001111111111000000000,1,0
1903,0,TypeA,53000,000000001111111111000000000000000000000000000000011111111100000000000000000000000000000000000000000111111111100000000000000000001111111100000000000001111111111000000000,1,0
1904,0,TypeA,54700,000000000111111111100000000000000000000000000000011111111100000000000000000000000000000000000000000111111111100000000000000000001111111111000000000001111111111000000000,1,0
1905,0,TypeA,55300,000000000111111111100000000000000000000000000000011111111110000000000000000000000000000000000000000111111111100000000000000000111111111000000000000001111111111000000000,1,0
1906,0,TypeA,53300,000000001111111111000000000000000000000000000000011111111100000000000000000000000000000000000000000111111111100000000000000000011111111000000000000001111111111000000000,1,0
1907,0,TypeA,55000,000000000111111111100000000000000000000000000000011111111100000000000000000000000000000000000000000111111111100000000000000000011111111110000000000001111111111000000000,1,0
1908,0,TypeA,55000,000000000111111111100000000000000000000000000000111111111100000000000000000000000000000000000000000111111111100000000000000000001111111110000000000001111111111000000000,1,0
1909,0,TypeA,54000,000000001111111111000000000000000000000000000000011111111110000000000000000000000000000000000000000111111111100000000000000000001111111100000000000001111111111000000000,1,0
1910,0,TypeA,55700,000000000111111111100000000000000000000000000000011111111110000000000000000000000000000000000000000111111111100000000000000000001111111111000000000001111111111000000000,1,0
1911,0,TypeA,55300,000000000111111111100000000000000000000000000000011111111100000000000000000000000000000000000000000111111111100000000000000000111111111100000000000001111111111000000000,1,0
1912,0,TypeA,55300,000000000111111111100000000000000000000000000000111111111100000000000000000000000000000000000000000111111111100000000000000000011111111100000000000001111111111000000000,1,0
1913,0,TypeA,54300,000000001111111111000000000000000000000000000000011111111110000000000000000000000000000000000000000111111111100000000000000000011111111000000000000001111111111000000000,1,0
1914,0,TypeA,56000,000000000111111111100000000000000000000000000000011111111110000000000000000000000000000000000000000111111111100000000000000000011111111110000000000001111111111000000000,1,0
1915,0,TypeA,55600,000000000111111111100000000000000000000000000000011111111100000000000000000000000000000000000000000111111111100000000000000001111111111000000000000001111111111000000000,1,0
1916,0,TypeA,55600,000000000111111111100000000000000000000000000000111111111100000000000000000000000000000000000000000111111111100000000000000000111111111000000000000001111111111000000000,1,0
1917,0,TypeA,54000,000000001111111111000000000000000000000000000000011111111100000000000000000000000000000000000000000111111111100000000000000000001111111110000000000001111111111000000000,1,0
1918,0,TypeA,56300,000000000111111111100000000000000000000000000000011111111110000000000000000000000000000000000000000111111111100000000000000000111111111100000000000001111111111000000000,1,0
1919,0,TypeA,54300,000000001111111111000000000000000000000000000000011111111100000000000000000000000000000000000000000111111111100000000000000000011111111100000000000001111111111000000000,1,0
1920,0,TypeA,54300,000000001111111111000000000000000000000000000000111111111100000000000000000000000000000000000000000111111111100000000000000000001111111100000000000001111111111000000000,1,0
1921,0,TypeA,56600,000000000111111111100000000000000000000000000000011111111110000000000000000000000000000000000000000111111111100000000000000001111111111000000000000001111111111000000000,1,0
1922,0,TypeA,56000,000000000111111111100000000000000000000000000000111111111100000000000000000000000000000000000000000111111111100000000000000000001111111111000000000001111111111000000000,1,0
1923,0,TypeA,55000,000000001111111111000000000000000000000000000000011111111110000000000000000000000000000000000000000111111111100000000000000000001111111110000000000001111111111000000000,1,0
1924,0,TypeA,54600,000000001111111111000000000000000000000000000000011111111100000000000000000000000000000000000000000111111111100000000000000000111111111000000000000001111111111000000000,1,0
1925,0,TypeA,54600,000000001111111111000000000000000000000000000000111111111100000000000000000000000000000000000000000111111111100000000000000000011111111000000000000001111111111000000000,1,0
1926,0,TypeA,56300,000000000111111111100000000000000000000000000000111111111100000000000000000000000000000000000000000111111111100000000000000000011111111110000000000001111111111000000000,1,0
1927,0,TypeA,55300,000000001111111111000000000000000000000000000000011111111110000000000000000000000000000000000000000111111111100000000000000000011111111100000000000001111111111000000000,1,0
1928,0,TypeA,56600,000000000111111111100000000000000000000000000000111111111100000000000000000000000000000000000000000111111111100000000000000000111111111100000000000001111111111000000000,1,0
1929,0,TypeA,55000,000000001111111111000000000000000000000000000000011111111100000000000000000000000000000000000000000111111111100000000000000000001111111111000000000001111111111000000000,1,0
1930,0,TypeA,55600,000000001111111111000000000000000000000000000000011111111110000000000000000000000000000000000000000111111111100000000000000000111111111000000000000001111111111000000000,1,0
1931,0,TypeA,56900,000000000111111111100000000000000000000000000000111111111100000000000000000000000000000000000000000111111111100000000000000001111111111000000000000001111111111000000000,1,0
1932,0,TypeA,55300,000000001111111111000000000000000000000000000000011111111100000000000000000000000000000000000000000111111111100000000000000000011111111110000000000001111111111000000000,1,0
1933,0,TypeA,55300,000000001111111111000000000000000000000000000000111111111100000000000000000000000000000000000000000111111111100000000000000000001111111110000000000001111111111000000000,1,0
1934,0,TypeA,56000,000000001111111111000000000000000000000000000000011111111110000000000000000000000000000000000000000111111111100000000000000000001111111111000000000001111111111000000000,1,0
1935,0,TypeA,55600,000000001111111111000000000000000000000000000000011111111100000000000000000000000000000000000000000111111111100000000000000000111111111100000000000001111111111000000000,1,0
1936,0,TypeA,55600,000000001111111111000000000000000000000000000000111111111100000000000000000000000000000000000000000111111111100000000000000000011111111100000000000001111111111000000000,1,0
1937,0,TypeA,56300,000000001111111111000000000000000000000000000000011111111110000000000000000000000000000000000000000111111111100000000000000000011111111110000000000001111111111000000000,1,0
1938,0,TypeA,55900,000000001111111111000000000000000000000000000000011111111100000000000000000000000000000000000000000111111111100000000000000001111111111000000000000001111111111000000000,1,0
1939,0,TypeA,55900,000000001111111111000000000000000000000000000000111111111100000000000000000000000000000000000000000111111111100000000000000000111111111000000000000001111111111000000000,1,0
1940,0,TypeA,56600,000000001111111111000000000000000000000000000000011111111110000000000000000000000000000000000000000111111111100000000000000000111111111100000000000001111111111000000000,1,0
1941,0,TypeA,56900,000000001111111111000000000000000000000000000000011111111110000000000000000000000000000000000000000111111111100000000000000001111111111000000000000001111111111000000000,1,0
1942,0,TypeA,56300,000000001111111111000000000000000000000000000000111111111100000000000000000000000000000000000000000111111111100000000000000000001111111111000000000001111111111000000000,1,0
1943,0,TypeA,56600,000000001111111111000000000000000000000000000000111111111100000000000000000000000000000000000000000111111111100000000000000000011111111110000000000001111111111000000000,1,0
1944,0,TypeA,56900,000000001111111111000000000000000000000000000000111111111100000000000000000000000000000000000000000111111111100000000000000000111111111100000000000001111111111000000000,1,0
1945,0,TypeA,57200,000000001111111111000000000000000000000000000000111111111100000000000000000000000000000000000000000111111111100000000000000001111111111000000000000001111111111000000000,1,0
1946,0,TypeA,52400,000000000111111111100000000000000000000000000000011111111100000000000000000000000000000000000000000111111111100000000000000000000111111110000000000001111111111000000000,1,0
1947,0,TypeA,53400,000000000111111111100000000000000000000000000000011111111110000000000000000000000000000000000000000111111111100000000000000000000111111110000000000001111111111000000000,1,0
1948,0,TypeA,53400,000000000111111111100000000000000000000000000000011111111100000000000000000000000000000000000000000111111111100000000000000000000111111111000000000001111111111000000000,1,0
1949,0,TypeA,53700,000000000111111111100000000000000000000000000000111111111100000000000000000000000000000000000000000111111111100000000000000000000111111110000000000001111111111000000000,1,0
1950,0,TypeA,54400,000000000111111111100000000000000000000000000000011111111110000000000000000000000000000000000000000111111111100000000000000000000111111111000000000001111111111000000000,1,0
1951,0,TypeA,52700,000000001111111111000000000000000000000000000000011111111100000000000000000000000000000000000000000111111111100000000000000000000111111110000000000001111111111000000000,1,0
1952,0,TypeA,54700,000000000111111111100000000000000000000000000000111111111100000000000000000000000000000000000000000111111111100000000000000000000111111111000000000001111111111000000000,1,0
1953,0,TypeA,53700,000000001111111111000000000000000000000000000000011111111110000000000000000000000000000000000000000111111111100000000000000000000111111110000000000001111111111000000000,1,0
1954,0,TypeA,53700,000000001111111111000000000000000000000000000000011111111100000000000000000000000000000000000000000111111111100000000000000000000111111111000000000001111111111000000000,1,0
1955,0,TypeA,54000,000000001111111111000000000000000000000000000000111111111100000000000000000000000000000000000000000111111111100000000000000000000111111110000000000001111111111000000000,1,0
1956,0,TypeA,54700,000000001111111111000000000000000000000000000000011111111110000000000000000000000000000000000000000111111111100000000000000000000111111111000000000001111111111000000000,1,0
1957,0,TypeA,55000,000000001111111111000000000000000000000000000000111111111100000000000000000000000000000000000000000111111111100000000000000000000111111111000000000001111111111000000000,1,0
1958,0,TypeA,52000,000000001111111110000000000000000000000000000000011111111100000000000000000000000000000000000000000111111111100000000000000000001111111100000000000001111111111000000000,1,0
1959,0,TypeA,51000,000000001111111100000000000000000000000000000000011111111100000000000000000000000000000000000000000111111111100000000000000000001111111100000000000001111111111000000000,1,0
1960,0,TypeA,52300,000000001111111110000000000000000000000000000000011111111100000000000000000000000000000000000000000111111111100000000000000000011111111000000000000001111111111000000000,1,0
1961,0,TypeA,53000,000000001111111110000000000000000000000000000000011111111110000000000000000000000000000000000000000111111111100000000000000000001111111100000000000001111111111000000000,1,0
1962,0,TypeA,51300,000000001111111100000000000000000000000000000000011111111100000000000000000000000000000000000000000111111111100000000000000000011111111000000000000001111111111000000000,1,0
1963,0,TypeA,51300,000000011111111000000000000000000000000000000000011111111100000000000000000000000000000000000000000111111111100000000000000000001111111100000000000001111111111000000000,1,0
1964,0,TypeA,51600,000000111111110000000000000000000000000000000000011111111100000000000000000000000000000000000000000111111111100000000000000000001111111100000000000001111111111000000000,1,0
1965,0,TypeA,51900,000001111111100000000000000000000000000000000000011111111100000000000000000000000000000000000000000111111111100000000000000000001111111100000000000001111111111000000000,1,0
1966,0,TypeA,52200,000001111111100000000000000000000000000000000000011111111100000000000000000000000000000000000000000111111111100000000000000000011111111000000000000001111111111000000000,1,0
1967,0,TypeA,52900,000001111111100000000000000000000000000000000000011111111110000000000000000000000000000000000000000111111111100000000000000000001111111100000000000001111111111000000000,1,0
1968,0,TypeA,53200,000001111111100000000000000000000000000000000000011111111110000000000000000000000000000000000000000111111111100000000000000000011111111000000000000001111111111000000000,1,0
1969,0,TypeA,52900,000001111111100000000000000000000000000000000000011111111100000000000000000000000000000000000000000111111111100000000000000000001111111110000000000001111111111000000000,1,0
1970,0,TypeA,52900,000001111111110000000000000000000000000000000000011111111100000000000000000000000000000000000000000111111111100000000000000000001111111100000000000001111111111000000000,1,0
1971,0,TypeA,53200,000001111111100000000000000000000000000000000000011111111100000000000000000000000000000000000000000111111111100000000000000000011111111100000000000001111111111000000000,1,0
1972,0,TypeA,53200,000001111111100000000000000000000000000000000000111111111100000000000000000000000000000000000000000111111111100000000000000000001111111100000000000001111111111000000000,1,0
1973,0,TypeA,53200,000001111111110000000000000000000000000000000000011111111100000000000000000000000000000000000000000111111111100000000000000000011111111000000000000001111111111000000000,1,0
1974,0,TypeA,53200,000011111111100000000000000000000000000000000000011111111100000000000000000000000000000000000000000111111111100000000000000000001111111100000000000001111111111000000000,1,0
1975,0,TypeA,53900,000001111111100000000000000000000000000000000000011111111110000000000000000000000000000000000000000111111111100000000000000000001111111110000000000001111111111000000000,1,0
1976,0,TypeA,53900,000001111111110000000000000000000000000000000000011111111110000000000000000000000000000000000000000111111111100000000000000000001111111100000000000001111111111000000000,1,0
1977,0,TypeA,53500,000001111111100000000000000000000000000000000000011111111100000000000000000000000000000000000000000111111111100000000000000000111111111000000000000001111111111000000000,1,0
1978,0,TypeA,53500,000001111111100000000000000000000000000000000000111111111100000000000000000000000000000000000000000111111111100000000000000000011111111000000000000001111111111000000000,1,0
1979,0,TypeA,53500,000011111111100000000000000000000000000000000000011111111100000000000000000000000000000000000000000111111111100000000000000000011111111000000000000001111111111000000000,1,0
1980,0,TypeA,54200,000001111111100000000000000000000000000000000000011111111110000000000000000000000000000000000000000111111111100000000000000000011111111100000000000001111111111000000000,1,0
1981,0,TypeA,54200,000001111111110000000000000000000000000000000000011111111110000000000000000000000000000000000000000111111111100000000000000000011111111000000000000001111111111000000000,1,0
1982,0,TypeA,54200,000011111111100000000000000000000000000000000000011111111110000000000000000000000000000000000000000111111111100000000000000000001111111100000000000001111111111000000000,1,0
1983,0,TypeA,53900,000001111111100000000000000000000000000000000000011111111100000000000000000000000000000000000000000111111111100000000000000000001111111111000000000001111111111000000000,1,0
1984,0,TypeA,54500,000001111111100000000000000000000000000000000000011111111110000000000000000000000000000000000000000111111111100000000000000000111111111000000000000001111111111000000000,1,0
1985,0,TypeA,53900,000001111111110000000000000000000000000000000000011111111100000000000000000000000000000000000000000111111111100000000000000000001111111110000000000001111111111000000000,1,0
1986,0,TypeA,53900,000001111111111000000000000000000000000000000000011111111100000000000000000000000000000000000000000111111111100000000000000000001111111100000000000001111111111000000000,1,0
1987,0,TypeA,54500,000011111111100000000000000000000000000000000000011111111110000000000000000000000000000000000000000111111111100000000000000000011111111000000000000001111111111000000000,1,0
1988,0,TypeA,54200,000001111111100000000000000000000000000000000000011111111100000000000000000000000000000000000000000111111111100000000000000000011111111110000000000001111111111000000000,1,0
1989,0,TypeA,54200,000001111111100000000000000000000000000000000000111111111100000000000000000000000000000000000000000111111111100000000000000000001111111110000000000001111111111000000000,1,0
1990,0,TypeA,54200,000001111111110000000000000000000000000000000000011111111100000000000000000000000000000000000000000111111111100000000000000000011111111100000000000001111111111000000000,1,0
1991,0,TypeA,54200,000001111111110000000000000000000000000000000000111111111100000000000000000000000000000000000000000111111111100000000000000000001111111100000000000001111111111000000000,1,0
1992,0,TypeA,54200,000001111111111000000000000000000000000000000000011111111100000000000000000000000000000000000000000111111111100000000000000000011111111000000000000001111111111000000000,1,0
1993,0,TypeA,54200,000011111111100000000000000000000000000000000000011111111100000000000000000000000000000000000000000111111111100000000000000000001111111110000000000001111111111000000000,1,0
1994,0,TypeA,54200,000011111111110000000000000000000000000000000000011111111100000000000000000000000000000000000000000111111111100000000000000000001111111100000000000001111111111000000000,1,0
1995,0,TypeA,54900,000001111111100000000000000000000000000000000000011111111110000000000000000000000000000000000000000111111111100000000000000000001111111111000000000001111111111000000000,1,0
1996,0,TypeA,54900,000001111111110000000000000000000000000000000000011111111110000000000000000000000000000000000000000111111111100000000000000000001111111110000000000001111111111000000000,1,0
1997,0,TypeA,54900,000001111111111000000000000000000000000000000000011111111110000000000000000000000000000000000000000111111111100000000000000000001111111100000000000001111111111000000000,1,0
1998,0,TypeA,54500,000001111111100000000000000000000000000000000000011111111100000000000000000000000000000000000000000111111111100000000000000000111111111100000000000001111111111000000000,1,0
1999,0,TypeA,54500,000001111111100000000000000000000000000000000000111111111100000000000000000000000000000000000000000111111111100000000000000000011111111100000000000001111111111000000000,1,0
2000,0,TypeA,54500,000001111111110000000000000000000000000000000000011111111100000000000000000000000000000000000000000111111111100000000000000000111111111000000000000001111111111000000000,1,0
2001,0,TypeA,54500,000001111111110000000000000000000000000000000000111111111100000000000000000000000000000000000000000111111111100000000000000000011111111000000000000001111111111000000000,1,0
2002,0,TypeA,54500,000011111111100000000000000000000000000000000000011111111100000000000000000000000000000000000000000111111111100000000000000000011111111100000000000001111111111000000000,1,0
2003,1,TypeB,40100,011111111000000000000000111111100000000000000000000000000000000000000000000000011111111000000000000000011111111000000000000000001111111000000000000000000000000000000000,1,0
2004,1,TypeB,39100,011111111000000000000000011111100000000000000000000000000000000000000000000000011111111000000000000000011111111000000000000000001111111000000000000000000000000000000000,1,0
2005,1,TypeB,38100,011111111000000000000000001111100000000000000000000000000000000000000000000000011111111000000000000000011111111000000000000000001111111000000000000000000000000000000000,1,0
2006,1,TypeB,37100,011111111000000000000000001111100000000000000000000000000000000000000000000000001111111000000000000000011111111000000000000000001111111000000000000000000000000000000000,1,0
2007,1,TypeB,36100,011111111000000000000000001111100000000000000000000000000000000000000000000000001111111000000000000000001111111000000000000000001111111000000000000000000000000000000000,1,0
2008,1,TypeB,35100,011111111000000000000000001111100000000000000000000000000000000000000000000000001111111000000000000000001111110000000000000000001111111000000000000000000000000000000000,1,0
2009,1,TypeB,34100,011111111000000000000000001111100000000000000000000000000000000000000000000000001111111000000000000000001111100000000000000000001111111000000000000000000000000000000000,1,0
2010,1,TypeB,35100,011111111000000000000000001111100000000000000000000000000000000000000000000000001111111000000000000000011111100000000000000000001111111000000000000000000000000000000000,1,0
2011,1,TypeB,35100,011111111000000000000000001111100000000000000000000000000000000000000000000000001111111100000000000000001111100000000000000000001111111000000000000000000000000000000000,1,0
2012,1,TypeB,35100,011111111000000000000000001111100000000000000000000000000000000000000000000000011111111000000000000000001111100000000000000000001111111000000000000000000000000000000000,1,0
2013,1,TypeB,35100,011111111000000000000000001111110000000000000000000000000000000000000000000000001111111000000000000000001111100000000000000000001111111000000000000000000000000000000000,1,0
2014,1,TypeB,35100,011111111000000000000000011111100000000000000000000000000000000000000000000000001111111000000000000000001111100000000000000000001111111000000000000000000000000000000000,1,0
2015,1,TypeB,35400,011111111000000000000000001111100000000000000000000000000000000000000000000000001111111000000000000000001111100000000000000000001111111100000000000000000000000000000000,1,0
2016,1,TypeB,35400,011111111000000000000000001111100000000000000000000000000000000000000000000000001111111000000000000000001111100000000000000000011111111000000000000000000000000000000000,1,0
2017,1,TypeB,36100,011111111000000000000000001111100000000000000000000000000000000000000000000000001111111000000000000000011111110000000000000000001111111000000000000000000000000000000000,1,0
2018,1,TypeB,36100,011111111000000000000000001111100000000000000000000000000000000000000000000000001111111000000000000000111111100000000000000000001111111000000000000000000000000000000000,1,0
2019,1,TypeB,37100,011111111000000000000000001111100000000000000000000000000000000000000000000000001111111000000000000001111111100000000000000000001111111000000000000000000000000000000000,1,0
2020,1,TypeB,36100,011111111000000000000000001111100000000000000000000000000000000000000000000000001111111100000000000000001111110000000000000000001111111000000000000000000000000000000000,1,0
2021,1,TypeB,36100,011111111000000000000000001111100000000000000000000000000000000000000000000000001111111100000000000000011111100000000000000000001111111000000000000000000000000000000000,1,0
2022,1,TypeB,36100,011111111000000000000000001111100000000000000000000000000000000000000000000000011111111000000000000000001111110000000000000000001111111000000000000000000000000000000000,1,0
2023,1,TypeB,36100,011111111000000000000000001111100000000000000000000000000000000000000000000000011111111000000000000000011111100000000000000000001111111000000000000000000000000000000000,1,0
2024,1,TypeB,36100,011111111000000000000000001111110000000000000000000000000000000000000000000000001111111000000000000000001111110000000000000000001111111000000000000000000000000000000000,1,0
2025,1,TypeB,36100,011111111000000000000000001111110000000000000000000000000000000000000000000000001111111000000000000000011111100000000000000000001111111000000000000000000000000000000000,1,0
2026,1,TypeB,36100,011111111000000000000000001111110000000000000000000000000000000000000000000000001111111100000000000000001111100000000000000000001111111000000000000000000000000000000000,1,0
2027,1,TypeB,36100,011111111000000000000000001111110000000000000000000000000000000000000000000000011111111000000000000000001111100000000000000000001111111000000000000000000000000000000000,1,0
2028,1,TypeB,36100,011111111000000000000000001111111000000000000000000000000000000000000000000000001111111000000000000000001111100000000000000000001111111000000000000000000000000000000000,1,0
2029,1,TypeB,36100,011111111000000000000000011111100000000000000000000000000000000000000000000000001111111000000000000000001111110000000000000000001111111000000000000000000000000000000000,1,0
2030,1,TypeB,36100,011111111000000000000000011111100000000000000000000000000000000000000000000000001111111000000000000000011111100000000000000000001111111000000000000000000000000000000000,1,0
2031,1,TypeB,36100,011111111000000000000000011111100000000000000000000000000000000000000000000000001111111100000000000000001111100000000000000000001111111000000000000000000000000000000000,1,0
2032,1,TypeB,36100,011111111000000000000000011111100000000000000000000000000000000000000000000000011111111000000000000000001111100000000000000000001111111000000000000000000000000000000000,1,0
2033,1,TypeB,36100,011111111000000000000000011111110000000000000000000000000000000000000000000000001111111000000000000000001111100000000000000000001111111000000000000000000000000000000000,1,0
2034,1,TypeB,36100,011111111000000000000000111111100000000000000000000000000000000000000000000000001111111000000000000000001111100000000000000000001111111000000000000000000000000000000000,1,0
2035,1,TypeB,36400,011111111000000000000000001111100000000000000000000000000000000000000000000000001111111000000000000000001111110000000000000000001111111100000000000000000000000000000000,1,0
2036,1,TypeB,36400,011111111000000000000000001111100000000000000000000000000000000000000000000000001111111000000000000000001111110000000000000000011111111000000000000000000000000000000000,1,0
2037,1,TypeB,36400,011111111000000000000000001111100000000000000000000000000000000000000000000000001111111000000000000000011111100000000000000000001111111100000000000000000000000000000000,1,0
2038,1,TypeB,36400,011111111000000000000000001111100000000000000000000000000000000000000000000000001111111000000000000000011111100000000000000000011111111000000000000000000000000000000000,1,0
2039,1,TypeB,36400,011111111000000000000000001111100000000000000000000000000000000000000000000000001111111100000000000000001111100000000000000000001111111100000000000000000000000000000000,1,0
2040,1,TypeB,36400,011111111000000000000000001111100000000000000000000000000000000000000000000000001111111100000000000000001111100000000000000000011111111000000000000000000000000000000000,1,0
2041,1,TypeB,36400,011111111000000000000000001111100000000000000000000000000000000000000000000000011111111000000000000000001111100000000000000000001111111100000000000000000000000000000000,1,0
2042,1,TypeB,36400,011111111000000000000000001111100000000000000000000000000000000000000000000000011111111000000000000000001111100000000000000000011111111000000000000000000000000000000000,1,0
2043,1,TypeB,36400,011111111000000000000000001111110000000000000000000000000000000000000000000000001111111000000000000000001111100000000000000000001111111100000000000000000000000000000000,1,0
2044,1,TypeB,36400,011111111000000000000000001111110000000000000000000000000000000000000000000000001111111000000000000000001111100000000000000000011111111000000000000000000000000000000000,1,0
2045,1,TypeB,36400,011111111000000000000000011111100000000000000000000000000000000000000000000000001111111000000000000000001111100000000000000000001111111100000000000000000000000000000000,1,0
2046,1,TypeB,36400,011111111000000000000000011111100000000000000000000000000000000000000000000000001111111000000000000000001111100000000000000000011111111000000000000000000000000000000000,1,0
2047,1,TypeB,38100,011111111000000000000000001111100000000000000000000000000000000000000000000000001111111100000000000001111111100000000000000000001111111000000000000000000000000000000000,1,0
2048,1,TypeB,38100,011111111000000000000000001111100000000000000000000000000000000000000000000000011111111000000000000001111111100000000000000000001111111000000000000000000000000000000000,1,0
2049,1,TypeB,38100,011111111000000000000000001111110000000000000000000000000000000000000000000000001111111000000000000001111111100000000000000000001111111000000000000000000000000000000000,1,0
2050,1,TypeB,38100,011111111000000000000000011111100000000000000000000000000000000000000000000000001111111000000000000001111111100000000000000000001111111000000000000000000000000000000000,1,0
2051,1,TypeB,37100,011111111000000000000000001111100000000000000000000000000000000000000000000000001111111000000000000000001111111100000000000000001111111000000000000000000000000000000000,1,0
2052,1,TypeB,37100,011111111000000000000000001111100000000000000000000000000000000000000000000000001111111000000000000000111111110000000000000000001111111000000000000000000000000000000000,1,0
2053,1,TypeB,37100,011111111000000000000000001111100000000000000000000000000000000000000000000000001111111100000000000000001111111000000000000000001111111000000000000000000000000000000000,1,0
2054,1,TypeB,37100,011111111000000000000000001111100000000000000000000000000000000000000000000000001111111100000000000000011111110000000000000000001111111000000000000000000000000000000000,1,0
2055,1,TypeB,37100,011111111000000000000000001111100000000000000000000000000000000000000000000000001111111100000000000000111111100000000000000000001111111000000000000000000000000000000000,1,0
2056,1,TypeB,37100,011111111000000000000000001111100000000000000000000000000000000000000000000000011111111000000000000000001111111000000000000000001111111000000000000000000000000000000000,1,0
2057,1,TypeB,37100,011111111000000000000000001111100000000000000000000000000000000000000000000000011111111000000000000000011111110000000000000000001111111000000000000000000000000000000000,1,0
2058,1,TypeB,37100,011111111000000000000000001111100000000000000000000000000000000000000000000000011111111000000000000000111111100000000000000000001111111000000000000000000000000000000000,1,0
2059,1,TypeB,37100,011111111000000000000000001111110000000000000000000000000000000000000000000000001111111000000000000000001111111000000000000000001111111000000000000000000000000000000000,1,0
2060,1,TypeB,37100,011111111000000000000000001111110000000000000000000000000000000000000000000000001111111000000000000000011111110000000000000000001111111000000000000000000000000000000000,1,0
2061,1,TypeB,37100,011111111000000000000000001111110000000000000000000000000000000000000000000000001111111000000000000000111111100000000000000000001111111000000000000000000000000000000000,1,0
2062,1,TypeB,37100,011111111000000000000000001111110000000000000000000000000000000000000000000000001111111100000000000000001111110000000000000000001111111000000000000000000000000000000000,1,0
2063,1,TypeB,37100,011111111000000000000000001111110000000000000000000000000000000000000000000000001111111100000000000000011111100000000000000000001111111000000000000000000000000000000000,1,0
2064,1,TypeB,37100,011111111000000000000000001111110000000000000000000000000000000000000000000000011111111000000000000000001111110000000000000000001111111000000000000000000000000000000000,1,0
2065,1,TypeB,37100,011111111000000000000000001111110000000000000000000000000000000000000000000000011111111000000000000000011111100000000000000000001111111000000000000000000000000000000000,1,0
2066,1,TypeB,37100,011111111000000000000000001111111000000000000000000000000000000000000000000000001111111000000000000000001111110000000000000000001111111000000000000000000000000000000000,1,0
2067,1,TypeB,37100,011111111000000000000000001111111000000000000000000000000000000000000000000000001111111000000000000000011111100000000000000000001111111000000000000000000000000000000000,1,0
2068,1,TypeB,37100,011111111000000000000000001111111000000000000000000000000000000000000000000000001111111100000000000000001111100000000000000000001111111000000000000000000000000000000000,1,0
2069,1,TypeB,37100,011111111000000000000000001111111000000000000000000000000000000000000000000000011111111000000000000000001111100000000000000000001111111000000000000000000000000000000000,1,0
2070,1,TypeB,37100,011111111000000000000000001111111100000000000000000000000000000000000000000000001111111000000000000000001111100000000000000000001111111000000000000000000000000000000000,1,0
2071,1,TypeB,37100,011111111000000000000000000111111110000000000000000000000000000000000000000000001111111000000000000000001111100000000000000000001111111000000000000000000000000000000000,1,0
2072,1,TypeB,37100,011111111000000000000000000011111111000000000000000000000000000000000000000000001111111000000000000000001111100000000000000000001111111000000000000000000000000000000000,1,0
2073,1,TypeB,37100,011111111000000000000000000001111111100000000000000000000000000000000000000000001111111000000000000000001111100000000000000000001111111000000000000000000000000000000000,1,0
2074,1,TypeB,38100,011111111000000000000000000001111111100000000000000000000000000000000000000000001111111000000000000000001111110000000000000000001111111000000000000000000000000000000000,1,0
2075,1,TypeB,38100,011111111000000000000000000001111111100000000000000000000000000000000000000000001111111000000000000000011111100000000000000000001111111000000000000000000000000000000000,1,0
2076,1,TypeB,38100,011111111000000000000000000001111111100000000000000000000000000000000000000000001111111100000000000000001111100000000000000000001111111000000000000000000000000000000000,1,0
2077,1,TypeB,38100,011111111000000000000000000001111111100000000000000000000000000000000000000000011111111000000000000000001111100000000000000000001111111000000000000000000000000000000000,1,0
2078,1,TypeB,38400,011111111000000000000000000001111111100000000000000000000000000000000000000000001111111000000000000000001111100000000000000000001111111100000000000000000000000000000000,1,0
2079,1,TypeB,38400,011111111000000000000000000001111111100000000000000000000000000000000000000000001111111000000000000000001111100000000000000000011111111000000000000000000000000000000000,1,0
2080,1,TypeB,39100,011111111000000000000000000001111111100000000000000000000000000000000000000000001111111000000000000000001111111000000000000000001111111000000000000000000000000000000000,1,0
2081,1,TypeB,39100,011111111000000000000000000001111111100000000000000000000000000000000000000000001111111000000000000000011111110000000000000000001111111000000000000000000000000000000000,1,0
2082,1,TypeB,39100,011111111000000000000000000001111111100000000000000000000000000000000000000000001111111000000000000000111111100000000000000000001111111000000000000000000000000000000000,1,0
2083,1,TypeB,40100,011111111000000000000000000001111111100000000000000000000000000000000000000000001111111000000000000001111111100000000000000000001111111000000000000000000000000000000000,1,0
2084,1,TypeB,39100,011111111000000000000000000001111111100000000000000000000000000000000000000000001111111100000000000000001111110000000000000000001111111000000000000000000000000000000000,1,0
2085,1,TypeB,39100,011111111000000000000000000001111111100000000000000000000000000000000000000000001111111100000000000000011111100000000000000000001111111000000000000000000000000000000000,1,0
2086,1,TypeB,39100,011111111000000000000000000001111111100000000000000000000000000000000000000000011111111000000000000000001111110000000000000000001111111000000000000000000000000000000000,1,0
2087,1,TypeB,39100,011111111000000000000000000001111111100000000000000000000000000000000000000000011111111000000000000000011111100000000000000000001111111000000000000000000000000000000000,1,0
2088,1,TypeB,39400,011111111000000000000000000001111111100000000000000000000000000000000000000000001111111000000000000000001111110000000000000000001111111100000000000000000000000000000000,1,0
2089,1,TypeB,39400,011111111000000000000000000001111111100000000000000000000000000000000000000000001111111000000000000000001111110000000000000000011111111000000000000000000000000000000000,1,0
2090,1,TypeB,39400,011111111000000000000000000001111111100000000000000000000000000000000000000000001111111000000000000000011111100000000000000000001111111100000000000000000000000000000000,1,0
2091,1,TypeB,39400,011111111000000000000000000001111111100000000000000000000000000000000000000000001111111000000000000000011111100000000000000000011111111000000000000000000000000000000000,1,0
2092,1,TypeB,39400,011111111000000000000000000001111111100000000000000000000000000000000000000000001111111100000000000000001111100000000000000000001111111100000000000000000000000000000000,1,0
2093,1,TypeB,39400,011111111000000000000000000001111111100000000000000000000000000000000000000000001111111100000000000000001111100000000000000000011111111000000000000000000000000000000000,1,0
2094,1,TypeB,39400,011111111000000000000000000001111111100000000000000000000000000000000000000000011111111000000000000000001111100000000000000000001111111100000000000000000000000000000000,1,0
2095,1,TypeB,39400,011111111000000000000000000001111111100000000000000000000000000000000000000000011111111000000000000000001111100000000000000000011111111000000000000000000000000000000000,1,0
2096,1,TypeB,41100,011111111000000000000000000001111111100000000000000000000000000000000000000000001111111100000000000001111111100000000000000000001111111000000000000000000000000000000000,1,0
2097,1,TypeB,41100,011111111000000000000000000001111111100000000000000000000000000000000000000000011111111000000000000001111111100000000000000000001111111000000000000000000000000000000000,1,0
2098,1,TypeB,40100,011111111000000000000000000001111111100000000000000000000000000000000000000000001111111000000000000000001111111100000000000000001111111000000000000000000000000000000000,1,0
2099,1,TypeB,40100,011111111000000000000000000001111111100000000000000000000000000000000000000000001111111000000000000000011111111000000000000000001111111000000000000000000000000000000000,1,0
2100,1,TypeB,40100,011111111000000000000000000001111111100000000000000000000000000000000000000000001111111000000000000000111111110000000000000000001111111000000000000000000000000000000000,1,0
2101,1,TypeB,40100,011111111000000000000000000001111111100000000000000000000000000000000000000000001111111100000000000000001111111000000000000000001111111000000000000000000000000000000000,1,0
2102,2,TypeC,32300,000000001111100000000000000000000011111100000000000000001110000000000000000000000000011111100000000000000000000000000000000000000000111111000000000000000000000000000000,1,0
2103,2,TypeC,31000,000000001111100000000000000000000011111100000000000000001110000000000000000000000000011111100000000000000000000000000000000000000000011111000000000000000000000000000000,1,0
2104,2,TypeC,29700,000000001111100000000000000000000011111100000000000000001110000000000000000000000000011111100000000000000000000000000000000000000000001111000000000000000000000000000000,1,0
2105,2,TypeC,28700,000000001111100000000000000000000011111100000000000000001110000000000000000000000000011111000000000000000000000000000000000000000000001111000000000000000000000000000000,1,0
2106,2,TypeC,27700,000000001111100000000000000000000011111100000000000000001110000000000000000000000000011110000000000000000000000000000000000000000000001111000000000000000000000000000000,1,0
2107,2,TypeC,26400,000000001111100000000000000000000011111100000000000000001110000000000000000000000000011100000000000000000000000000000000000000000000001111000000000000000000000000000000,1,0
2108,2,TypeC,25400,000000001111100000000000000000000011111100000000000000001110000000000000000000000000011100000000000000000000000000000000000000000000001110000000000000000000000000000000,1,0
2109,2,TypeC,25400,000000001111100000000000000000000011111100000000000000001110000000000000000000000000011100000000000000000000000000000000000000000000011100000000000000000000000000000000,1,0
2110,2,TypeC,25400,000000001111100000000000000000000011111100000000000000001110000000000000000000000000011100000000000000000000000000000000000000000000111000000000000000000000000000000000,1,0
2111,2,TypeC,25400,000000001111100000000000000000000011111100000000000000001110000000000000000000000000111000000000000000000000000000000000000000000000001110000000000000000000000000000000,1,0
2112,2,TypeC,25400,000000001111100000000000000000000011111100000000000000001110000000000000000000000000111000000000000000000000000000000000000000000000011100000000000000000000000000000000,1,0
2113,2,TypeC,25400,000000001111100000000000000000000011111100000000000000001110000000000000000000000000111000000000000000000000000000000000000000000000111000000000000000000000000000000000,1,0
2114,2,TypeC,29300,000000001111100000000000000000000011111100000000000000001110000000000000000000000000111000000000000000000000000000000000000000000111111000000000000000000000000000000000,1,0
2115,2,TypeC,29300,000000001111100000000000000000000011111100000000000000001110000000000000000000000000011100000000000000000000000000000000000000000111111000000000000000000000000000000000,1,0
2116,2,TypeC,29000,000000001111100000000000000000000011111100000000000000011100000000000000000000000000011100000000000000000000000000000000000000000111111000000000000000000000000000000000,1,0
2117,2,TypeC,29000,000000001111100000000000000000000011111100000000000000011100000000000000000000000000111000000000000000000000000000000000000000000111111000000000000000000000000000000000,1,0
2118,2,TypeC,30300,000000001111100000000000000000000011111100000000000000011110000000000000000000000000011100000000000000000000000000000000000000000111111000000000000000000000000000000000,1,0
2119,2,TypeC,30300,000000001111100000000000000000000011111100000000000000011110000000000000000000000000111000000000000000000000000000000000000000000111111000000000000000000000000000000000,1,0
2120,2,TypeC,30300,000000011111100000000000000000000011111100000000000000001110000000000000000000000000011100000000000000000000000000000000000000000111111000000000000000000000000000000000,1,0
2121,2,TypeC,30300,000000011111100000000000000000000011111100000000000000001110000000000000000000000000111000000000000000000000000000000000000000000111111000000000000000000000000000000000,1,0
2122,2,TypeC,30600,000000001111100000000000000000000011111100000000000000001110000000000000000000000000011110000000000000000000000000000000000000000111111000000000000000000000000000000000,1,0
2123,2,TypeC,30600,000000001111100000000000000000000011111100000000000000001110000000000000000000000000111100000000000000000000000000000000000000000111111000000000000000000000000000000000,1,0
2124,2,TypeC,30600,000000001111100000000000000000000011111100000000000000001110000000000000000000000001111000000000000000000000000000000000000000000111111000000000000000000000000000000000,1,0
2125,2,TypeC,30600,000000001111100000000000000000000011111100000000000000001111000000000000000000000000011100000000000000000000000000000000000000000111111000000000000000000000000000000000,1,0
2126,2,TypeC,30600,000000001111100000000000000000000011111100000000000000001111000000000000000000000000111000000000000000000000000000000000000000000111111000000000000000000000000000000000,1,0
2127,2,TypeC,30000,000000001111100000000000000000000011111100000000000000111100000000000000000000000000011100000000000000000000000000000000000000000111111000000000000000000000000000000000,1,0
2128,2,TypeC,30000,000000001111100000000000000000000011111100000000000000111100000000000000000000000000111000000000000000000000000000000000000000000111111000000000000000000000000000000000,1,0
2129,2,TypeC,30600,000000001111110000000000000000000011111100000000000000001110000000000000000000000000011100000000000000000000000000000000000000000111111000000000000000000000000000000000,1,0
2130,2,TypeC,30600,000000001111110000000000000000000011111100000000000000001110000000000000000000000000111000000000000000000000000000000000000000000111111000000000000000000000000000000000,1,0
2131,2,TypeC,30000,000000011111100000000000000000000011111100000000000000011100000000000000000000000000011100000000000000000000000000000000000000000111111000000000000000000000000000000000,1,0
2132,2,TypeC,30000,000000011111100000000000000000000011111100000000000000011100000000000000000000000000111000000000000000000000000000000000000000000111111000000000000000000000000000000000,1,0
2133,2,TypeC,30300,000000001111100000000000000000000011111100000000000000011100000000000000000000000000011110000000000000000000000000000000000000000111111000000000000000000000000000000000,1,0
2134,2,TypeC,30300,000000001111100000000000000000000011111100000000000000011100000000000000000000000000111100000000000000000000000000000000000000000111111000000000000000000000000000000000,1,0
2135,2,TypeC,30300,000000001111100000000000000000000011111100000000000000011100000000000000000000000001111000000000000000000000000000000000000000000111111000000000000000000000000000000000,1,0
2136,2,TypeC,30300,000000001111110000000000000000000011111100000000000000011100000000000000000000000000011100000000000000000000000000000000000000000111111000000000000000000000000000000000,1,0
2137,2,TypeC,30300,000000001111110000000000000000000011111100000000000000011100000000000000000000000000111000000000000000000000000000000000000000000111111000000000000000000000000000000000,1,0
2138,2,TypeC,31300,000000001111100000000000000000000011111100000000000000111110000000000000000000000000011100000000000000000000000000000000000000000111111000000000000000000000000000000000,1,0
2139,2,TypeC,31300,000000001111100000000000000000000011111100000000000000111110000000000000000000000000111000000000000000000000000000000000000000000111111000000000000000000000000000000000,1,0
2140,2,TypeC,31300,000000011111100000000000000000000011111100000000000000011110000000000000000000000000011100000000000000000000000000000000000000000111111000000000000000000000000000000000,1,0
2141,2,TypeC,31300,000000011111100000000000000000000011111100000000000000011110000000000000000000000000111000000000000000000000000000000000000000000111111000000000000000000000000000000000,1,0
2142,2,TypeC,31600,000000001111100000000000000000000011111100000000000000001110000000000000000000000000011111000000000000000000000000000000000000000111111000000000000000000000000000000000,1,0
2143,2,TypeC,31600,000000001111100000000000000000000011111100000000000000011110000000000000000000000000011110000000000000000000000000000000000000000111111000000000000000000000000000000000,1,0
2144,2,TypeC,31600,000000001111100000000000000000000011111100000000000000011110000000000000000000000000111100000000000000000000000000000000000000000111111000000000000000000000000000000000,1,0
2145,2,TypeC,31600,000000001111100000000000000000000011111100000000000000011110000000000000000000000001111000000000000000000000000000000000000000000111111000000000000000000000000000000000,1,0
2146,2,TypeC,31600,000000001111100000000000000000000011111100000000000000011111000000000000000000000000011100000000000000000000000000000000000000000111111000000000000000000000000000000000,1,0
2147,2,TypeC,31600,000000001111100000000000000000000011111100000000000000011111000000000000000000000000111000000000000000000000000000000000000000000111111000000000000000000000000000000000,1,0
2148,2,TypeC,31000,000000001111100000000000000000000011111100000000000001111100000000000000000000000000011100000000000000000000000000000000000000000111111000000000000000000000000000000000,1,0
2149,2,TypeC,31000,000000001111100000000000000000000011111100000000000001111100000000000000000000000000111000000000000000000000000000000000000000000111111000000000000000000000000000000000,1,0
2150,2,TypeC,31600,000000001111110000000000000000000011111100000000000000011110000000000000000000000000011100000000000000000000000000000000000000000111111000000000000000000000000000000000,1,0
2151,2,TypeC,31600,000000001111110000000000000000000011111100000000000000011110000000000000000000000000111000000000000000000000000000000000000000000111111000000000000000000000000000000000,1,0
2152,2,TypeC,31600,000000011111100000000000000000000011111100000000000000001110000000000000000000000000011110000000000000000000000000000000000000000111111000000000000000000000000000000000,1,0
2153,2,TypeC,31600,000000011111100000000000000000000011111100000000000000001110000000000000000000000000111100000000000000000000000000000000000000000111111000000000000000000000000000000000,1,0
2154,2,TypeC,31600,000000011111100000000000000000000011111100000000000000001110000000000000000000000001111000000000000000000000000000000000000000000111111000000000000000000000000000000000,1,0
2155,2,TypeC,31600,000000011111100000000000000000000011111100000000000000001111000000000000000000000000011100000000000000000000000000000000000000000111111000000000000000000000000000000000,1,0
2156,2,TypeC,31600,000000011111100000000000000000000011111100000000000000001111000000000000000000000000111000000000000000000000000000000000000000000111111000000000000000000000000000000000,1,0
2157,2,TypeC,31000,000000011111100000000000000000000011111100000000000000111100000000000000000000000000011100000000000000000000000000000000000000000111111000000000000000000000000000000000,1,0
2158,2,TypeC,31000,000000011111100000000000000000000011111100000000000000111100000000000000000000000000111000000000000000000000000000000000000000000111111000000000000000000000000000000000,1,0
2159,2,TypeC,31900,000000001111100000000000000000000011111100000000000000001110000000000000000000000000111110000000000000000000000000000000000000000111111000000000000000000000000000000000,1,0
2160,2,TypeC,31900,000000001111100000000000000000000011111100000000000000001110000000000000000000000001111100000000000000000000000000000000000000000111111000000000000000000000000000000000,1,0
2161,2,TypeC,31900,000000001111100000000000000000000011111100000000000000001110000000000000000000000011111000000000000000000000000000000000000000000111111000000000000000000000000000000000,1,0
2162,2,TypeC,31900,000000001111100000000000000000000011111100000000000000001111000000000000000000000000011110000000000000000000000000000000000000000111111000000000000000000000000000000000,1,0
2163,2,TypeC,31900,000000001111100000000000000000000011111100000000000000001111000000000000000000000000111100000000000000000000000000000000000000000111111000000000000000000000000000000000,1,0
2164,2,TypeC,31900,000000001111100000000000000000000011111100000000000000001111000000000000000000000001111000000000000000000000000000000000000000000111111000000000000000000000000000000000,1,0
2165,2,TypeC,31900,000000001111100000000000000000000011111100000000000000001111100000000000000000000000011100000000000000000000000000000000000000000111111000000000000000000000000000000000,1,0
2166,2,TypeC,31900,000000001111100000000000000000000011111100000000000000001111100000000000000000000000111000000000000000000000000000000000000000000111111000000000000000000000000000000000,1,0
2167,2,TypeC,31300,000000001111100000000000000000000011111100000000000000011100000000000000000000000000011111000000000000000000000000000000000000000111111000000000000000000000000000000000,1,0
2168,2,TypeC,31300,000000001111100000000000000000000011111100000000000000111100000000000000000000000000011110000000000000000000000000000000000000000111111000000000000000000000000000000000,1,0
2169,2,TypeC,31300,000000001111100000000000000000000011111100000000000000111100000000000000000000000000111100000000000000000000000000000000000000000111111000000000000000000000000000000000,1,0
2170,2,TypeC,31300,000000001111100000000000000000000011111100000000000000111100000000000000000000000001111000000000000000000000000000000000000000000111111000000000000000000000000000000000,1,0
2171,2,TypeC,31900,000000001111110000000000000000000011111100000000000000001110000000000000000000000000011110000000000000000000000000000000000000000111111000000000000000000000000000000000,1,0
2172,2,TypeC,31900,000000001111110000000000000000000011111100000000000000001110000000000000000000000000111100000000000000000000000000000000000000000111111000000000000000000000000000000000,1,0
2173,2,TypeC,31900,000000001111110000000000000000000011111100000000000000001110000000000000000000000001111000000000000000000000000000000000000000000111111000000000000000000000000000000000,1,0
2174,2,TypeC,31900,000000001111110000000000000000000011111100000000000000001111000000000000000000000000011100000000000000000000000000000000000000000111111000000000000000000000000000000000,1,0
2175,2,TypeC,31900,000000001111110000000000000000000011111100000000000000001111000000000000000000000000111000000000000000000000000000000000000000000111111000000000000000000000000000000000,1,0
2176,2,TypeC,31300,000000001111110000000000000000000011111100000000000000111100000000000000000000000000011100000000000000000000000000000000000000000111111000000000000000000000000000000000,1,0
2177,2,TypeC,31300,000000001111110000000000000000000011111100000000000000111100000000000000000000000000111000000000000000000000000000000000000000000111111000000000000000000000000000000000,1,0
2178,2,TypeC,31300,000000011111100000000000000000000011111100000000000000011100000000000000000000000000011110000000000000000000000000000000000000000111111000000000000000000000000000000000,1,0
2179,2,TypeC,31300,000000011111100000000000000000000011111100000000000000011100000000000000000000000000111100000000000000000000000000000000000000000111111000000000000000000000000000000000,1,0
2180,0,TypeA,52500,000000000111111111000000000000000000000000000000011111111100000000000000000000000000000000000000011111111000000000000000111111111100000000000000000000000111111111000000,1,0
2181,0,TypeA,52500,000000000000111111110000000000000000000000000000000000000000001111111100000000000000000000000000011111111110000000000000111111111100000000000000000001111111110000000000,1,0
2182,0,TypeA,51500,000000000000111111110000000000000000000000000000000000000000001111111100000000000000000000000000011111111110000000000000111111111100000000000000000001111111100000000000,1,0
2183,0,TypeA,51200,000000000000111111110000000000000000000000000000000000000000011111111000000000000000000000000000011111111110000000000000111111111100000000000000000001111111100000000000,1,0
2184,0,TypeA,50900,000000000000111111110000000000000000000000000000000000000000111111110000000000000000000000000000011111111110000000000000111111111100000000000000000001111111100000000000,1,0
2185,0,TypeA,50600,000000000001111111100000000000000000000000000000000000000000111111110000000000000000000000000000011111111110000000000000111111111100000000000000000001111111100000000000,1,0
2186,0,TypeA,50600,000000000011111111000000000000000000000000000000000000000000111111110000000000000000000000000000011111111110000000000000111111111100000000000000000001111111100000000000,1,0
2187,0,TypeA,51600,000000000111111111000000000000000000000000000000000000000000111111110000000000000000000000000000011111111110000000000000111111111100000000000000000001111111100000000000,1,0
2188,0,TypeA,51900,000000000111111111000000000000000000000000000000000000000000011111111000000000000000000000000000011111111110000000000000111111111100000000000000000001111111100000000000,1,0
2189,0,TypeA,51900,000000000111111111000000000000000000000000000000000000000000111111110000000000000000000000000000011111111110000000000000111111111100000000000000000011111111000000000000,1,0
2190,0,TypeA,52200,000000000111111111000000000000000000000000000000000000000000111111110000000000000000000000000000011111111110000000000000111111111100000000000000000111111110000000000000,1,0
2191,0,TypeA,52500,000000000111111111000000000000000000000000000000000000000000011111111000000000000000000000000000011111111110000000000000111111111100000000000000000111111110000000000000,1,0
2192,0,TypeA,52500,000000000111111111000000000000000000000000000000000000000000111111110000000000000000000000000000011111111110000000000000111111111100000000000000001111111100000000000000,1,0
2193,0,TypeA,52800,000000000111111111000000000000000000000000000000000000000000001111111100000000000000000000000000011111111110000000000000111111111100000000000000000111111110000000000000,1,0
2194,0,TypeA,52800,000000000111111111000000000000000000000000000000000000000000011111111000000000000000000000000000011111111110000000000000111111111100000000000000001111111100000000000000,1,0
2195,0,TypeA,53100,000000000111111111000000000000000000000000000000000000000000001111111100000000000000000000000000011111111110000000000000111111111100000000000000001111111100000000000000,1,0
2196,0,TypeA,51200,000000000111111111000000000000000000000000000000000000000000111111110000000000000000000000000000011111111100000000000000111111111100000000000000000111111110000000000000,1,0
2197,0,TypeA,50200,000000000111111111000000000000000000000000000000000000000000111111110000000000000000000000000000011111111000000000000000111111111100000000000000000111111110000000000000,1,0
2198,0,TypeA,50500,000000000111111111000000000000000000000000000000000000000000011111111000000000000000000000000000011111111000000000000000111111111100000000000000000111111110000000000000,1,0
2199,0,TypeA,50500,000000000111111111000000000000000000000000000000000000000000111111110000000000000000000000000000011111111000000000000000111111111100000000000000001111111100000000000000,1,0
2200,0,TypeA,50800,000000000111111111000000000000000000000000000000000000000000001111111100000000000000000000000000011111111000000000000000111111111100000000000000000111111110000000000000,1,0
2201,0,TypeA,50800,000000000111111111000000000000000000000000000000000000000000011111111000000000000000000000000000011111111000000000000000111111111100000000000000001111111100000000000000,1,0
2202,0,TypeA,51100,000000000111111111000000000000000000000000000000000000000000001111111100000000000000000000000000011111111000000000000000111111111100000000000000001111111100000000000000,1,0
2203,0,TypeA,51200,000000000111111111000000000000000000000000000000000000000000111111110000000000000000000000000000011111111000000000000000111111111100000000000000000111111111000000000000,1,0
2204,0,TypeA,53200,000000000111111111000000000000000000000000000000000000000000111111110000000000000000000000000000011111111110000000000000111111111100000000000000000111111111000000000000,1,0
2205,0,TypeA,51200,000000000111111111000000000000000000000000000000000000000001111111110000000000000000000000000000011111111000000000000000111111111100000000000000000111111110000000000000,1,0
2206,0,TypeA,53200,000000000111111111000000000000000000000000000000000000000001111111110000000000000000000000000000011111111110000000000000111111111100000000000000000111111110000000000000,1,0
2207,0,TypeA,51200,000000000111111111100000000000000000000000000000000000000000111111110000000000000000000000000000011111111000000000000000111111111100000000000000000111111110000000000000,1,0
2208,0,TypeA,53200,000000000111111111100000000000000000000000000000000000000000111111110000000000000000000000000000011111111110000000000000111111111100000000000000000111111110000000000000,1,0
2209,0,TypeA,51500,000000001111111111000000000000000000000000000000000000000000111111110000000000000000000000000000011111111000000000000000111111111100000000000000000111111110000000000000,1,0
2210,0,TypeA,53500,000000001111111111000000000000000000000000000000000000000000111111110000000000000000000000000000011111111110000000000000111111111100000000000000000111111110000000000000,1,0
2211,0,TypeA,51500,000000000111111111000000000000000000000000000000000000000000011111111000000000000000000000000000011111111000000000000000111111111100000000000000000111111111000000000000,1,0
2212,0,TypeA,51500,000000000111111111000000000000000000000000000000000000000000011111111000000000000000000000000000011111111100000000000000111111111100000000000000000111111110000000000000,1,0
2213,0,TypeA,53500,000000000111111111000000000000000000000000000000000000000000011111111000000000000000000000000000011111111110000000000000111111111100000000000000000111111111000000000000,1,0
2214,0,TypeA,51500,000000000111111111000000000000000000000000000000000000000000111111110000000000000000000000000000011111111000000000000000111111111100000000000000001111111110000000000000,1,0
2215,0,TypeA,51500,000000000111111111000000000000000000000000000000000000000000111111110000000000000000000000000000011111111100000000000000111111111100000000000000001111111100000000000000,1,0
2216,0,TypeA,53500,000000000111111111000000000000000000000000000000000000000000111111110000000000000000000000000000011111111110000000000000111111111100000000000000001111111110000000000000,1,0
2217,0,TypeA,51500,000000000111111111000000000000000000000000000000000000000000111111110000000000000000000000000000111111111000000000000000111111111100000000000000000111111110000000000000,1,0
2218,0,TypeA,51500,000000000111111111000000000000000000000000000000000000000000111111111000000000000000000000000000011111111000000000000000111111111100000000000000000111111110000000000000,1,0
2219,0,TypeA,53500,000000000111111111000000000000000000000000000000000000000000111111111000000000000000000000000000011111111110000000000000111111111100000000000000000111111110000000000000,1,0
2220,0,TypeA,51500,000000000111111111000000000000000000000000000000000000000001111111110000000000000000000000000000011111111000000000000000111111111100000000000000001111111100000000000000,1,0
2221,0,TypeA,53500,000000000111111111000000000000000000000000000000000000000001111111110000000000000000000000000000011111111110000000000000111111111100000000000000001111111100000000000000,1,0
2222,0,TypeA,51500,000000000111111111100000000000000000000000000000000000000000011111111000000000000000000000000000011111111000000000000000111111111100000000000000000111111110000000000000,1,0
2223,0,TypeA,53500,000000000111111111100000000000000000000000000000000000000000011111111000000000000000000000000000011111111110000000000000111111111100000000000000000111111110000000000000,1,0
2224,0,TypeA,51500,000000000111111111100000000000000000000000000000000000000000111111110000000000000000000000000000011111111000000000000000111111111100000000000000001111111100000000000000,1,0
2225,0,TypeA,53500,000000000111111111100000000000000000000000000000000000000000111111110000000000000000000000000000011111111110000000000000111111111100000000000000001111111100000000000000,1,0
2226,0,TypeA,51800,000000001111111111000000000000000000000000000000000000000000011111111000000000000000000000000000011111111000000000000000111111111100000000000000000111111110000000000000,1,0
2227,0,TypeA,53800,000000001111111111000000000000000000000000000000000000000000011111111000000000000000000000000000011111111110000000000000111111111100000000000000000111111110000000000000,1,0
2228,0,TypeA,51800,000000001111111111000000000000000000000000000000000000000000111111110000000000000000000000000000011111111000000000000000111111111100000000000000001111111100000000000000,1,0
2229,0,TypeA,53800,000000001111111111000000000000000000000000000000000000000000111111110000000000000000000000000000011111111110000000000000111111111100000000000000001111111100000000000000,1,0
2230,0,TypeA,51800,000000000111111111000000000000000000000000000000000000000000001111111100000000000000000000000000011111111000000000000000111111111100000000000000000111111111000000000000,1,0
2231,0,TypeA,51800,000000000111111111000000000000000000000000000000000000000000001111111100000000000000000000000000011111111100000000000000111111111100000000000000000111111110000000000000,1,0
2232,0,TypeA,53800,000000000111111111000000000000000000000000000000000000000000001111111100000000000000000000000000011111111110000000000000111111111100000000000000000111111111000000000000,1,0
2233,0,TypeA,51800,000000000111111111000000000000000000000000000000000000000000011111111000000000000000000000000000011111111000000000000000111111111100000000000000001111111110000000000000,1,0
2234,0,TypeA,51800,000000000111111111000000000000000000000000000000000000000000011111111000000000000000000000000000011111111100000000000000111111111100000000000000001111111100000000000000,1,0
2235,0,TypeA,53800,000000000111111111000000000000000000000000000000000000000000011111111000000000000000000000000000011111111110000000000000111111111100000000000000001111111110000000000000,1,0
2236,0,TypeA,51800,000000000111111111000000000000000000000000000000000000000000011111111000000000000000000000000000111111111000000000000000111111111100000000000000000111111110000000000000,1,0
2237,0,TypeA,51800,000000000111111111000000000000000000000000000000000000000000011111111100000000000000000000000000011111111000000000000000111111111100000000000000000111111110000000000000,1,0
2238,0,TypeA,53800,000000000111111111000000000000000000000000000000000000000000011111111100000000000000000000000000011111111110000000000000111111111100000000000000000111111110000000000000,1,0
2239,0,TypeA,51800,000000000111111111000000000000000000000000000000000000000000111111110000000000000000000000000000011111111000000000000000111111111100000000000000011111111100000000000000,1,0
2240,0,TypeA,53800,000000000111111111000000000000000000000000000000000000000000111111110000000000000000000000000000011111111110000000000000111111111100000000000000011111111100000000000000,1,0
2241,0,TypeA,51800,000000000111111111000000000000000000000000000000000000000000111111110000000000000000000000000000111111111000000000000000111111111100000000000000001111111100000000000000,1,0
2242,0,TypeA,51800,000000000111111111000000000000000000000000000000000000000000111111111000000000000000000000000000011111111000000000000000111111111100000000000000001111111100000000000000,1,0
2243,0,TypeA,53800,000000000111111111000000000000000000000000000000000000000000111111111000000000000000000000000000011111111110000000000000111111111100000000000000001111111100000000000000,1,0
2244,0,TypeA,51800,000000000111111111100000000000000000000000000000000000000000001111111100000000000000000000000000011111111000000000000000111111111100000000000000000111111110000000000000,1,0
2245,0,TypeA,53800,000000000111111111100000000000000000000000000000000000000000001111111100000000000000000000000000011111111110000000000000111111111100000000000000000111111110000000000000,1,0
2246,0,TypeA,51800,000000000111111111100000000000000000000000000000000000000000011111111000000000000000000000000000011111111000000000000000111111111100000000000000001111111100000000000000,1,0
2247,0,TypeA,53800,000000000111111111100000000000000000000000000000000000000000011111111000000000000000000000000000011111111110000000000000111111111100000000000000001111111100000000000000,1,0
2248,0,TypeA,52100,000000001111111111000000000000000000000000000000000000000000001111111100000000000000000000000000011111111000000000000000111111111100000000000000000111111110000000000000,1,0
2249,0,TypeA,54100,000000001111111111000000000000000000000000000000000000000000001111111100000000000000000000000000011111111110000000000000111111111100000000000000000111111110000000000000,1,0
2250,0,TypeA,52100,000000001111111111000000000000000000000000000000000000000000011111111000000000000000000000000000011111111000000000000000111111111100000000000000001111111100000000000000,1,0
2251,0,TypeA,54100,000000001111111111000000000000000000000000000000000000000000011111111000000000000000000000000000011111111110000000000000111111111100000000000000001111111100000000000000,1,0
2252,0,TypeA,49200,000000000111111110000000000000000000000000000000000000000000111111110000000000000000000000000000011111111000000000000000111111111100000000000000000111111110000000000000,1,0
2253,0,TypeA,51200,000000000111111110000000000000000000000000000000000000000000111111110000000000000000000000000000011111111110000000000000111111111100000000000000000111111110000000000000,1,0
2254,0,TypeA,52200,000000000111111111000000000000000000000000000000000000000011111111110000000000000000000000000000011111111000000000000000111111111100000000000000000111111110000000000000,1,0
2255,0,TypeA,51900,000000000111111111000000000000000000000000000000000000000111111111100000000000000000000000000000011111111000000000000000111111111100000000000000000111111110000000000000,1,0
2256,0,TypeA,52200,000000000111111111000000000000000000000000000000000000000111111111100000000000000000000000000000011111111000000000000000111111111100000000000000001111111100000000000000,1,0
2257,0,TypeA,52200,000000000111111111000000000000000000000000000000000000001111111111000000000000000000000000000000011111111000000000000000111111111100000000000000000111111110000000000000,1,0
2258,0,TypeA,52500,000000000111111111000000000000000000000000000000000000001111111111000000000000000000000000000000011111111000000000000000111111111100000000000000001111111100000000000000,1,0
2259,0,TypeA,52900,000000000111111111000000000000000000000000000000000000000111111111100000000000000000000000000000011111111000000000000000111111111100000000000000000111111111000000000000,1,0
2260,0,TypeA,52900,000000000111111111000000000000000000000000000000000000000111111111100000000000000000000000000000011111111100000000000000111111111100000000000000000111111110000000000000,1,0
2261,0,TypeA,53900,000000000111111111000000000000000000000000000000000000000111111111100000000000000000000000000000011111111110000000000000111111111100000000000000000111111110000000000000,1,0
2262,0,TypeA,54200,000000000111111111000000000000000000000000000000000000000111111111100000000000000000000000000000011111111110000000000000111111111100000000000000001111111100000000000000,1,0
2263,0,TypeA,54200,000000000111111111000000000000000000000000000000000000001111111111000000000000000000000000000000011111111110000000000000111111111100000000000000000111111110000000000000,1,0
2264,0,TypeA,54500,000000000111111111000000000000000000000000000000000000001111111111000000000000000000000000000000011111111110000000000000111111111100000000000000001111111100000000000000,1,0
2265,0,TypeA,54900,000000000111111111000000000000000000000000000000000000000111111111100000000000000000000000000000011111111110000000000000111111111100000000000000000111111111000000000000,1,0
2266,0,TypeA,52900,000000000111111111100000000000000000000000000000000000000111111111100000000000000000000000000000011111111000000000000000111111111100000000000000000111111110000000000000,1,0
2267,0,TypeA,54900,000000000111111111100000000000000000000000000000000000000111111111100000000000000000000000000000011111111110000000000000111111111100000000000000000111111110000000000000,1,0
2268,0,TypeA,53200,000000001111111111000000000000000000000000000000000000000111111111100000000000000000000000000000011111111000000000000000111111111100000000000000000111111110000000000000,1,0
2269,0,TypeA,55200,000000001111111111000000000000000000000000000000000000000111111111100000000000000000000000000000011111111110000000000000111111111100000000000000000111111110000000000000,1,0
2270,0,TypeA,53200,000000000111111111000000000000000000000000000000000000000111111111100000000000000000000000000000011111111000000000000000111111111100000000000000001111111110000000000000,1,0
2271,0,TypeA,53200,000000000111111111000000000000000000000000000000000000000111111111100000000000000000000000000000011111111100000000000000111111111100000000000000001111111100000000000000,1,0
2272,0,TypeA,55200,000000000111111111000000000000000000000000000000000000000111111111100000000000000000000000000000011111111110000000000000111111111100000000000000001111111110000000000000,1,0
2273,0,TypeA,53200,000000000111111111000000000000000000000000000000000000000111111111100000000000000000000000000000111111111000000000000000111111111100000000000000000111111110000000000000,1,0
2274,0,TypeA,53200,000000000111111111000000000000000000000000000000000000001111111111000000000000000000000000000000011111111000000000000000111111111100000000000000000111111111000000000000,1,0
2275,0,TypeA,53200,000000000111111111000000000000000000000000000000000000001111111111000000000000000000000000000000011111111100000000000000111111111100000000000000000111111110000000000000,1,0
2276,0,TypeA,55200,000000000111111111000000000000000000000000000000000000001111111111000000000000000000000000000000011111111110000000000000111111111100000000000000000111111111000000000000,1,0
2277,0,TypeA,53200,000000000111111111100000000000000000000000000000000000000111111111100000000000000000000000000000011111111000000000000000111111111100000000000000001111111100000000000000,1,0
2278,0,TypeA,55200,000000000111111111100000000000000000000000000000000000000111111111100000000000000000000000000000011111111110000000000000111111111100000000000000001111111100000000000000,1,0
2279,0,TypeA,53200,000000000111111111100000000000000000000000000000000000001111111111000000000000000000000000000000011111111000000000000000111111111100000000000000000111111110000000000000,1,0
2280,0,TypeA,55200,000000000111111111100000000000000000000000000000000000001111111111000000000000000000000000000000011111111110000000000000111111111100000000000000000111111110000000000000,1,0
2281,0,TypeA,53500,000000001111111111000000000000000000000000000000000000000111111111100000000000000000000000000000011111111000000000000000111111111100000000000000001111111100000000000000,1,0
2282,0,TypeA,55500,000000001111111111000000000000000000000000000000000000000111111111100000000000000000000000000000011111111110000000000000111111111100000000000000001111111100000000000000,1,0
2283,0,TypeA,53500,000000001111111111000000000000000000000000000000000000001111111111000000000000000000000000000000011111111000000000000000111111111100000000000000000111111110000000000000,1,0
2284,0,TypeA,55500,000000001111111111000000000000000000000000000000000000001111111111000000000000000000000000000000011111111110000000000000111111111100000000000000000111111110000000000000,1,0
2285,0,TypeA,53500,000000000111111111000000000000000000000000000000000000000111111111100000000000000000000000000000011111111000000000000000111111111100000000000000011111111100000000000000,1,0
2286,0,TypeA,55500,000000000111111111000000000000000000000000000000000000000111111111100000000000000000000000000000011111111110000000000000111111111100000000000000011111111100000000000000,1,0
2287,0,TypeA,53500,000000000111111111000000000000000000000000000000000000000111111111100000000000000000000000000000111111111000000000000000111111111100000000000000001111111100000000000000,1,0
2288,0,TypeA,53500,000000000111111111000000000000000000000000000000000000001111111111000000000000000000000000000000011111111000000000000000111111111100000000000000001111111110000000000000,1,0
2289,0,TypeA,53500,000000000111111111000000000000000000000000000000000000001111111111000000000000000000000000000000011111111100000000000000111111111100000000000000001111111100000000000000,1,0
2290,0,TypeA,55500,000000000111111111000000000000000000000000000000000000001111111111000000000000000000000000000000011111111110000000000000111111111100000000000000001111111110000000000000,1,0
2291,0,TypeA,53500,000000000111111111000000000000000000000000000000000000001111111111000000000000000000000000000000111111111000000000000000111111111100000000000000000111111110000000000000,1,0
2292,0,TypeA,53500,000000000111111111100000000000000000000000000000000000001111111111000000000000000000000000000000011111111000000000000000111111111100000000000000001111111100000000000000,1,0
2293,0,TypeA,55500,000000000111111111100000000000000000000000000000000000001111111111000000000000000000000000000000011111111110000000000000111111111100000000000000001111111100000000000000,1,0
2294,0,TypeA,53800,000000001111111111000000000000000000000000000000000000001111111111000000000000000000000000000000011111111000000000000000111111111100000000000000001111111100000000000000,1,0
2295,0,TypeA,55800,000000001111111111000000000000000000000000000000000000001111111111000000000000000000000000000000011111111110000000000000111111111100000000000000001111111100000000000000,1,0
2296,0,TypeA,50900,000000000111111110000000000000000000000000000000000000000111111111100000000000000000000000000000011111111000000000000000111111111100000000000000000111111110000000000000,1,0
2297,0,TypeA,52900,000000000111111110000000000000000000000000000000000000000111111111100000000000000000000000000000011111111110000000000000111111111100000000000000000111111110000000000000,1,0
2298,0,TypeA,51200,000000001111111100000000000000000000000000000000000000000111111111100000000000000000000000000000011111111000000000000000111111111100000000000000000111111110000000000000,1,0
2299,0,TypeA,53200,000000001111111100000000000000000000000000000000000000000111111111100000000000000000000000000000011111111110000000000000111111111100000000000000000111111110000000000000,1,0
2300,0,TypeA,53800,000000000111111111000000000000000000000000000000000000001111111111000000000000000000000000000000011111111000000000000000111111111100000000000000011111111100000000000000,1,0
2301,0,TypeA,55800,000000000111111111000000000000000000000000000000000000001111111111000000000000000000000000000000011111111110000000000000111111111100000000000000011111111100000000000000,1,0
2302,0,TypeA,53800,000000000111111111000000000000000000000000000000000000001111111111000000000000000000000000000000111111111000000000000000111111111100000000000000001111111100000000000000,1,0
2303,0,TypeA,51200,000000000111111110000000000000000000000000000000000000000111111111100000000000000000000000000000011111111000000000000000111111111100000000000000001111111100000000000000,1,0
2304,0,TypeA,53200,000000000111111110000000000000000000000000000000000000000111111111100000000000000000000000000000011111111110000000000000111111111100000000000000001111111100000000000000,1,0
2305,0,TypeA,51200,000000000111111110000000000000000000000000000000000000001111111111000000000000000000000000000000011111111000000000000000111111111100000000000000000111111110000000000000,1,0
2306,0,TypeA,53200,000000000111111110000000000000000000000000000000000000001111111111000000000000000000000000000000011111111110000000000000111111111100000000000000000111111110000000000000,1,0
2307,0,TypeA,53900,000000000111111111000000000000000000000000000000000000000111111111100000000000000000000000000000011111111000000000000000111111111100000000000000000111111111100000000000,1,0
2308,0,TypeA,53900,000000000111111111000000000000000000000000000000000000000111111111100000000000000000000000000000011111111100000000000000111111111100000000000000000111111111000000000000,1,0
2309,0,TypeA,55900,000000000111111111000000000000000000000000000000000000000111111111100000000000000000000000000000011111111110000000000000111111111100000000000000000111111111100000000000,1,0
2310,0,TypeA,53900,000000000111111111100000000000000000000000000000000000000111111111100000000000000000000000000000011111111000000000000000111111111100000000000000000111111111000000000000,1,0
2311,0,TypeA,53900,000000000111111111100000000000000000000000000000000000000111111111100000000000000000000000000000011111111100000000000000111111111100000000000000000111111110000000000000,1,0
2312,0,TypeA,55900,000000000111111111100000000000000000000000000000000000000111111111100000000000000000000000000000011111111110000000000000111111111100000000000000000111111111000000000000,1,0
2313,0,TypeA,51500,000000001111111100000000000000000000000000000000000000000111111111100000000000000000000000000000011111111000000000000000111111111100000000000000001111111100000000000000,1,0
2314,0,TypeA,53500,000000001111111100000000000000000000000000000000000000000111111111100000000000000000000000000000011111111110000000000000111111111100000000000000001111111100000000000000,1,0
2315,0,TypeA,51500,000000001111111100000000000000000000000000000000000000001111111111000000000000000000000000000000011111111000000000000000111111111100000000000000000111111110000000000000,1,0
2316,0,TypeA,53500,000000001111111100000000000000000000000000000000000000001111111111000000000000000000000000000000011111111110000000000000111111111100000000000000000111111110000000000000,1,0
2317,0,TypeA,54200,000000001111111111000000000000000000000000000000000000000111111111100000000000000000000000000000011111111000000000000000111111111100000000000000000111111111000000000000,1,0
2318,0,TypeA,54200,000000001111111111000000000000000000000000000000000000000111111111100000000000000000000000000000011111111100000000000000111111111100000000000000000111111110000000000000,1,0
2319,0,TypeA,56200,000000001111111111000000000000000000000000000000000000000111111111100000000000000000000000000000011111111110000000000000111111111100000000000000000111111111000000000000,1,0
2320,0,TypeA,51500,000000011111111000000000000000000000000000000000000000000111111111100000000000000000000000000000011111111000000000000000111111111100000000000000000111111110000000000000,1,0
2321,0,TypeA,51800,000000111111110000000000000000000000000000000000000000000111111111100000000000000000000000000000011111111000000000000000111111111100000000000000000111111110000000000000,1,0
2322,0,TypeA,53100,000001111111110000000000000000000000000000000000000000000111111111100000000000000000000000000000011111111000000000000000111111111100000000000000000111111110000000000000,1,0
2323,0,TypeA,52100,000000111111110000000000000000000000000000000000000000000111111111100000000000000000000000000000011111111000000000000000111111111100000000000000001111111100000000000000,1,0
2324,0,TypeA,52100,000000111111110000000000000000000000000000000000000000001111111111000000000000000000000000000000011111111000000000000000111111111100000000000000000111111110000000000000,1,0
2325,0,TypeA,52100,000001111111100000000000000000000000000000000000000000000111111111100000000000000000000000000000011111111000000000000000111111111100000000000000000111111110000000000000,1,0
2326,0,TypeA,53400,000001111111110000000000000000000000000000000000000000000111111111100000000000000000000000000000011111111000000000000000111111111100000000000000001111111100000000000000,1,0
2327,0,TypeA,53400,000001111111110000000000000000000000000000000000000000001111111111000000000000000000000000000000011111111000000000000000111111111100000000000000000111111110000000000000,1,0
2328,0,TypeA,52400,000000111111110000000000000000000000000000000000000000001111111111000000000000000000000000000000011111111000000000000000111111111100000000000000001111111100000000000000,1,0
2329,0,TypeA,52400,000001111111100000000000000000000000000000000000000000000111111111100000000000000000000000000000011111111000000000000000111111111100000000000000001111111100000000000000,1,0
2330,0,TypeA,52400,000001111111100000000000000000000000000000000000000000001111111111000000000000000000000000000000011111111000000000000000111111111100000000000000000111111110000000000000,1,0
2331,0,TypeA,53700,000001111111110000000000000000000000000000000000000000001111111111000000000000000000000000000000011111111000000000000000111111111100000000000000001111111100000000000000,1,0
2332,0,TypeA,52700,000001111111100000000000000000000000000000000000000000001111111111000000000000000000000000000000011111111000000000000000111111111100000000000000001111111100000000000000,1,0
2333,1,TypeB,40100,011111111000000000000111111100000000000000000000000000000000000000000000000000011111111000000000000000001111111100000000000000001111111000000000000000000000000000000000,1,0
2334,1,TypeB,39100,011111111000000000000111111000000000000000000000000000000000000000000000000000011111111000000000000000001111111100000000000000001111111000000000000000000000000000000000,1,0
2335,1,TypeB,38100,011111111000000000000111111000000000000000000000000000000000000000000000000000011111110000000000000000001111111100000000000000001111111000000000000000000000000000000000,1,0
2336,1,TypeB,37100,011111110000000000000111111000000000000000000000000000000000000000000000000000011111110000000000000000001111111100000000000000001111111000000000000000000000000000000000,1,0
2337,1,TypeB,36100,011111100000000000000111111000000000000000000000000000000000000000000000000000011111110000000000000000001111111100000000000000001111111000000000000000000000000000000000,1,0
2338,1,TypeB,35100,011111000000000000000111111000000000000000000000000000000000000000000000000000011111110000000000000000001111111100000000000000001111111000000000000000000000000000000000,1,0
2339,1,TypeB,34100,011110000000000000000111111000000000000000000000000000000000000000000000000000011111110000000000000000001111111100000000000000001111111000000000000000000000000000000000,1,0
2340,1,TypeB,34100,111100000000000000000111111000000000000000000000000000000000000000000000000000011111110000000000000000001111111100000000000000001111111000000000000000000000000000000000,1,0
2341,1,TypeB,37100,011111100000000000000111111000000000000000000000000000000000000000000000000000011111111000000000000000001111111100000000000000001111111000000000000000000000000000000000,1,0
2342,1,TypeB,37100,011111100000000000000111111000000000000000000000000000000000000000000000000000111111110000000000000000001111111100000000000000001111111000000000000000000000000000000000,1,0
2343,1,TypeB,37100,011111100000000000000111111100000000000000000000000000000000000000000000000000011111110000000000000000001111111100000000000000001111111000000000000000000000000000000000,1,0
2344,1,TypeB,37100,011111100000000000001111111000000000000000000000000000000000000000000000000000011111110000000000000000001111111100000000000000001111111000000000000000000000000000000000,1,0
2345,1,TypeB,37100,111111100000000000000111111000000000000000000000000000000000000000000000000000011111110000000000000000001111111100000000000000001111111000000000000000000000000000000000,1,0
2346,1,TypeB,36100,011111000000000000000111111000000000000000000000000000000000000000000000000000011111111000000000000000001111111100000000000000001111111000000000000000000000000000000000,1,0
2347,1,TypeB,36100,011111000000000000000111111000000000000000000000000000000000000000000000000000111111110000000000000000001111111100000000000000001111111000000000000000000000000000000000,1,0
2348,1,TypeB,36100,011111000000000000000111111100000000000000000000000000000000000000000000000000011111110000000000000000001111111100000000000000001111111000000000000000000000000000000000,1,0
2349,1,TypeB,36100,011111000000000000001111111000000000000000000000000000000000000000000000000000011111110000000000000000001111111100000000000000001111111000000000000000000000000000000000,1,0
2350,1,TypeB,37400,011111100000000000000111111000000000000000000000000000000000000000000000000000011111110000000000000000001111111100000000000000001111111100000000000000000000000000000000,1,0
2351,1,TypeB,37400,011111100000000000000111111000000000000000000000000000000000000000000000000000011111110000000000000000001111111100000000000000011111111000000000000000000000000000000000,1,0
2352,1,TypeB,36100,111111000000000000000111111000000000000000000000000000000000000000000000000000011111110000000000000000001111111100000000000000001111111000000000000000000000000000000000,1,0
2353,1,TypeB,35100,011110000000000000000111111000000000000000000000000000000000000000000000000000011111111000000000000000001111111100000000000000001111111000000000000000000000000000000000,1,0
2354,1,TypeB,35100,011110000000000000000111111000000000000000000000000000000000000000000000000000111111110000000000000000001111111100000000000000001111111000000000000000000000000000000000,1,0
2355,1,TypeB,35100,011110000000000000000111111100000000000000000000000000000000000000000000000000011111110000000000000000001111111100000000000000001111111000000000000000000000000000000000,1,0
2356,1,TypeB,35100,011110000000000000001111111000000000000000000000000000000000000000000000000000011111110000000000000000001111111100000000000000001111111000000000000000000000000000000000,1,0
2357,1,TypeB,36400,011111000000000000000111111000000000000000000000000000000000000000000000000000011111110000000000000000001111111100000000000000001111111100000000000000000000000000000000,1,0
2358,1,TypeB,36400,011111000000000000000111111000000000000000000000000000000000000000000000000000011111110000000000000000001111111100000000000000011111111000000000000000000000000000000000,1,0
2359,1,TypeB,35100,111100000000000000000111111000000000000000000000000000000000000000000000000000011111111000000000000000001111111100000000000000001111111000000000000000000000000000000000,1,0
2360,1,TypeB,35100,111100000000000000000111111000000000000000000000000000000000000000000000000000111111110000000000000000001111111100000000000000001111111000000000000000000000000000000000,1,0
2361,1,TypeB,35100,111100000000000000000111111100000000000000000000000000000000000000000000000000011111110000000000000000001111111100000000000000001111111000000000000000000000000000000000,1,0
2362,1,TypeB,35100,111100000000000000001111111000000000000000000000000000000000000000000000000000011111110000000000000000001111111100000000000000001111111000000000000000000000000000000000,1,0
2363,1,TypeB,35100,111110000000000000000111111000000000000000000000000000000000000000000000000000011111110000000000000000001111111100000000000000001111111000000000000000000000000000000000,1,0
2364,1,TypeB,35400,011110000000000000000111111000000000000000000000000000000000000000000000000000011111110000000000000000001111111100000000000000001111111100000000000000000000000000000000,1,0
2365,1,TypeB,35400,011110000000000000000111111000000000000000000000000000000000000000000000000000011111110000000000000000001111111100000000000000011111111000000000000000000000000000000000,1,0
2366,1,TypeB,35400,111100000000000000000111111000000000000000000000000000000000000000000000000000011111110000000000000000001111111100000000000000001111111100000000000000000000000000000000,1,0
2367,1,TypeB,35400,111100000000000000000111111000000000000000000000000000000000000000000000000000011111110000000000000000001111111100000000000000011111111000000000000000000000000000000000,1,0
2368,1,TypeB,38100,011111100000000000000111111100000000000000000000000000000000000000000000000000011111111000000000000000001111111100000000000000001111111000000000000000000000000000000000,1,0
2369,1,TypeB,38100,011111100000000000000111111100000000000000000000000000000000000000000000000000111111110000000000000000001111111100000000000000001111111000000000000000000000000000000000,1,0
2370,1,TypeB,38100,011111100000000000000111111110000000000000000000000000000000000000000000000000011111110000000000000000001111111100000000000000001111111000000000000000000000000000000000,1,0
2371,1,TypeB,38100,011111100000000000000011111111000000000000000000000000000000000000000000000000011111110000000000000000001111111100000000000000001111111000000000000000000000000000000000,1,0
2372,1,TypeB,38100,011111100000000000000001111111100000000000000000000000000000000000000000000000011111110000000000000000001111111100000000000000001111111000000000000000000000000000000000,1,0
2373,1,TypeB,37100,011111100000000000000000111111100000000000000000000000000000000000000000000000011111110000000000000000001111111100000000000000001111111000000000000000000000000000000000,1,0
2374,1,TypeB,36100,011111100000000000000000011111100000000000000000000000000000000000000000000000011111110000000000000000001111111100000000000000001111111000000000000000000000000000000000,1,0
2375,1,TypeB,35100,011111100000000000000000001111100000000000000000000000000000000000000000000000011111110000000000000000001111111100000000000000001111111000000000000000000000000000000000,1,0
2376,1,TypeB,34100,011111000000000000000000001111100000000000000000000000000000000000000000000000011111110000000000000000001111111100000000000000001111111000000000000000000000000000000000,1,0
2377,1,TypeB,33100,011110000000000000000000001111100000000000000000000000000000000000000000000000011111110000000000000000001111111100000000000000001111111000000000000000000000000000000000,1,0
2378,1,TypeB,33100,111100000000000000000000001111100000000000000000000000000000000000000000000000011111110000000000000000001111111100000000000000001111111000000000000000000000000000000000,1,0
2379,1,TypeB,36100,011111100000000000000000001111100000000000000000000000000000000000000000000000011111111000000000000000001111111100000000000000001111111000000000000000000000000000000000,1,0
2380,1,TypeB,36100,011111100000000000000000001111100000000000000000000000000000000000000000000000111111110000000000000000001111111100000000000000001111111000000000000000000000000000000000,1,0
2381,1,TypeB,36100,011111100000000000000000001111110000000000000000000000000000000000000000000000011111110000000000000000001111111100000000000000001111111000000000000000000000000000000000,1,0
2382,1,TypeB,36100,011111110000000000000000001111100000000000000000000000000000000000000000000000011111110000000000000000001111111100000000000000001111111000000000000000000000000000000000,1,0
2383,1,TypeB,36100,111111100000000000000000001111100000000000000000000000000000000000000000000000011111110000000000000000001111111100000000000000001111111000000000000000000000000000000000,1,0
2384,1,TypeB,35100,011111000000000000000000001111100000000000000000000000000000000000000000000000011111111000000000000000001111111100000000000000001111111000000000000000000000000000000000,1,0
2385,1,TypeB,35100,011111000000000000000000001111100000000000000000000000000000000000000000000000111111110000000000000000001111111100000000000000001111111000000000000000000000000000000000,1,0
2386,1,TypeB,35100,011111000000000000000000001111110000000000000000000000000000000000000000000000011111110000000000000000001111111100000000000000001111111000000000000000000000000000000000,1,0
2387,1,TypeB,35100,011111000000000000000000011111100000000000000000000000000000000000000000000000011111110000000000000000001111111100000000000000001111111000000000000000000000000000000000,1,0
2388,1,TypeB,36400,011111100000000000000000001111100000000000000000000000000000000000000000000000011111110000000000000000001111111100000000000000001111111100000000000000000000000000000000,1,0
2389,1,TypeB,36400,011111100000000000000000001111100000000000000000000000000000000000000000000000011111110000000000000000001111111100000000000000011111111000000000000000000000000000000000,1,0
2390,1,TypeB,35100,111111000000000000000000001111100000000000000000000000000000000000000000000000011111110000000000000000001111111100000000000000001111111000000000000000000000000000000000,1,0
2391,1,TypeB,34100,011110000000000000000000001111100000000000000000000000000000000000000000000000011111111000000000000000001111111100000000000000001111111000000000000000000000000000000000,1,0
2392,1,TypeB,34100,011110000000000000000000001111100000000000000000000000000000000000000000000000111111110000000000000000001111111100000000000000001111111000000000000000000000000000000000,1,0
2393,1,TypeB,34100,011110000000000000000000001111110000000000000000000000000000000000000000000000011111110000000000000000001111111100000000000000001111111000000000000000000000000000000000,1,0
2394,1,TypeB,34100,011110000000000000000000011111100000000000000000000000000000000000000000000000011111110000000000000000001111111100000000000000001111111000000000000000000000000000000000,1,0
2395,1,TypeB,35400,011111000000000000000000001111100000000000000000000000000000000000000000000000011111110000000000000000001111111100000000000000001111111100000000000000000000000000000000,1,0
2396,1,TypeB,35400,011111000000000000000000001111100000000000000000000000000000000000000000000000011111110000000000000000001111111100000000000000011111111000000000000000000000000000000000,1,0
2397,1,TypeB,34100,111100000000000000000000001111100000000000000000000000000000000000000000000000011111111000000000000000001111111100000000000000001111111000000000000000000000000000000000,1,0
2398,1,TypeB,34100,111100000000000000000000001111100000000000000000000000000000000000000000000000111111110000000000000000001111111100000000000000001111111000000000000000000000000000000000,1,0
2399,1,TypeB,34100,111100000000000000000000001111110000000000000000000000000000000000000000000000011111110000000000000000001111111100000000000000001111111000000000000000000000000000000000,1,0
2400,1,TypeB,34100,111100000000000000000000011111100000000000000000000000000000000000000000000000011111110000000000000000001111111100000000000000001111111000000000000000000000000000000000,1,0
2401,1,TypeB,34100,111110000000000000000000001111100000000000000000000000000000000000000000000000011111110000000000000000001111111100000000000000001111111000000000000000000000000000000000,1,0
2402,1,TypeB,37100,011111111000000000000000001111100000000000000000000000000000000000000000000000011111110000000000000000001111111100000000000000001111111000000000000000000000000000000000,1,0
2403,1,TypeB,34400,011110000000000000000000001111100000000000000000000000000000000000000000000000011111110000000000000000001111111100000000000000001111111100000000000000000000000000000000,1,0
2404,1,TypeB,34400,011110000000000000000000001111100000000000000000000000000000000000000000000000011111110000000000000000001111111100000000000000011111111000000000000000000000000000000000,1,0
2405,1,TypeB,34400,111100000000000000000000001111100000000000000000000000000000000000000000000000011111110000000000000000001111111100000000000000001111111100000000000000000000000000000000,1,0
2406,1,TypeB,34400,111100000000000000000000001111100000000000000000000000000000000000000000000000011111110000000000000000001111111100000000000000011111111000000000000000000000000000000000,1,0
2407,1,TypeB,37100,011111100000000000000000001111110000000000000000000000000000000000000000000000011111111000000000000000001111111100000000000000001111111000000000000000000000000000000000,1,0
2408,1,TypeB,37100,011111100000000000000000001111110000000000000000000000000000000000000000000000111111110000000000000000001111111100000000000000001111111000000000000000000000000000000000,1,0
2409,1,TypeB,37100,011111100000000000000000001111111000000000000000000000000000000000000000000000011111110000000000000000001111111100000000000000001111111000000000000000000000000000000000,1,0
2410,1,TypeB,37100,011111100000000000000000011111100000000000000000000000000000000000000000000000011111111000000000000000001111111100000000000000001111111000000000000000000000000000000000,1,0
2411,1,TypeB,37100,011111100000000000000000011111100000000000000000000000000000000000000000000000111111110000000000000000001111111100000000000000001111111000000000000000000000000000000000,1,0
2412,1,TypeB,37100,011111100000000000000000011111110000000000000000000000000000000000000000000000011111110000000000000000001111111100000000000000001111111000000000000000000000000000000000,1,0
2413,1,TypeB,37100,011111110000000000000000001111100000000000000000000000000000000000000000000000011111111000000000000000001111111100000000000000001111111000000000000000000000000000000000,1,0
2414,1,TypeB,37100,011111110000000000000000001111100000000000000000000000000000000000000000000000111111110000000000000000001111111100000000000000001111111000000000000000000000000000000000,1,0
2415,1,TypeB,37100,011111110000000000000000001111110000000000000000000000000000000000000000000000011111110000000000000000001111111100000000000000001111111000000000000000000000000000000000,1,0
2416,1,TypeB,37100,011111110000000000000000011111100000000000000000000000000000000000000000000000011111110000000000000000001111111100000000000000001111111000000000000000000000000000000000,1,0
2417,1,TypeB,37100,111111100000000000000000001111100000000000000000000000000000000000000000000000011111111000000000000000001111111100000000000000001111111000000000000000000000000000000000,1,0
2418,1,TypeB,37100,111111100000000000000000001111100000000000000000000000000000000000000000000000111111110000000000000000001111111100000000000000001111111000000000000000000000000000000000,1,0
2419,1,TypeB,37100,111111100000000000000000001111110000000000000000000000000000000000000000000000011111110000000000000000001111111100000000000000001111111000000000000000000000000000000000,1,0
2420,1,TypeB,37100,111111100000000000000000011111100000000000000000000000000000000000000000000000011111110000000000000000001111111100000000000000001111111000000000000000000000000000000000,1,0
2421,2,TypeC,22400,000000000000000000000111000000000011100000000000000000011100000000000000000000000000000000000000000000011111100000000000000000000000000000000001111100000000000000000000,1,0
2422,2,TypeC,26300,000000000000000000000111000000000011111100000000000000011100000000000000000000000000000000000000000000011111100000000000000000000000000000000001111100000000000000000000,1,0
2423,2,TypeC,26600,000000000000000000000111000000000011111100000000000000001110000000000000000000000000000000000000000000011111100000000000000000000000000000000001111100000000000000000000,1,0
2424,2,TypeC,25600,000000000000000000000111000000000011111100000000000000001110000000000000000000000000000000000000000000001111100000000000000000000000000000000001111100000000000000000000,1,0
2425,2,TypeC,25300,000000000000000000000111000000000011111100000000000000011100000000000000000000000000000000000000000000001111100000000000000000000000000000000001111100000000000000000000,1,0
2426,2,TypeC,25600,000000000000000000001110000000000011111100000000000000001110000000000000000000000000000000000000000000001111100000000000000000000000000000000001111100000000000000000000,1,0
2427,2,TypeC,26600,000000000000000000001110000000000011111100000000000000001110000000000000000000000000000000000000000000011111100000000000000000000000000000000001111100000000000000000000,1,0
2428,2,TypeC,25300,000000000000000000001110000000000011111100000000000000011100000000000000000000000000000000000000000000001111100000000000000000000000000000000001111100000000000000000000,1,0
2429,2,TypeC,26300,000000000000000000001110000000000011111100000000000000011100000000000000000000000000000000000000000000011111100000000000000000000000000000000001111100000000000000000000,1,0
2430,2,TypeC,26600,000000000000000000000111000000000011111100000000000000001110000000000000000000000000000000000000000000001111100000000000000000000000000000000001111110000000000000000000,1,0
2431,2,TypeC,26600,000000000000000000000111000000000011111100000000000000001110000000000000000000000000000000000000000000001111100000000000000000000000000000000000111111000000000000000000,1,0
2432,2,TypeC,26600,000000000000000000000111000000000011111100000000000000001110000000000000000000000000000000000000000000001111100000000000000000000000000000000000011111100000000000000000,1,0
2433,2,TypeC,26600,000000000000000000000111000000000011111100000000000000001110000000000000000000000000000000000000000000001111100000000000000000000000000000000000001111110000000000000000,1,0
2434,2,TypeC,25600,000000000000000000000111000000000011111100000000000000001110000000000000000000000000000000000000000000001111100000000000000000000000000000000000000111110000000000000000,1,0
2435,2,TypeC,26600,000000000000000000000111000000000011111100000000000000001110000000000000000000000000000000000000000000011111100000000000000000000000000000000000000111110000000000000000,1,0
2436,2,TypeC,25300,000000000000000000000111000000000011111100000000000000011100000000000000000000000000000000000000000000001111100000000000000000000000000000000000000111110000000000000000,1,0
2437,2,TypeC,26300,000000000000000000000111000000000011111100000000000000011100000000000000000000000000000000000000000000011111100000000000000000000000000000000000000111110000000000000000,1,0
2438,2,TypeC,25600,000000000000000000001110000000000011111100000000000000001110000000000000000000000000000000000000000000001111100000000000000000000000000000000000000111110000000000000000,1,0
2439,2,TypeC,26600,000000000000000000001110000000000011111100000000000000001110000000000000000000000000000000000000000000011111100000000000000000000000000000000000000111110000000000000000,1,0
2440,2,TypeC,25300,000000000000000000001110000000000011111100000000000000011100000000000000000000000000000000000000000000001111100000000000000000000000000000000000000111110000000000000000,1,0
2441,2,TypeC,26300,000000000000000000001110000000000011111100000000000000011100000000000000000000000000000000000000000000011111100000000000000000000000000000000000000111110000000000000000,1,0
2442,2,TypeC,26600,000000000000000000000111000000000011111100000000000000001110000000000000000000000000000000000000000000001111100000000000000000000000000000000000000111111000000000000000,1,0
2443,2,TypeC,27600,000000000000000000000111000000000011111100000000000000001110000000000000000000000000000000000000000000011111100000000000000000000000000000000000000111111000000000000000,1,0
2444,2,TypeC,27600,000000000000000000000111000000000011111100000000000000001110000000000000000000000000000000000000000000011111100000000000000000000000000000000000001111110000000000000000,1,0
2445,2,TypeC,26300,000000000000000000000111000000000011111100000000000000011100000000000000000000000000000000000000000000001111100000000000000000000000000000000000000111111000000000000000,1,0
2446,2,TypeC,26300,000000000000000000000111000000000011111100000000000000011100000000000000000000000000000000000000000000001111100000000000000000000000000000000000001111110000000000000000,1,0
2447,2,TypeC,27300,000000000000000000000111000000000011111100000000000000011100000000000000000000000000000000000000000000011111100000000000000000000000000000000000000111111000000000000000,1,0
2448,2,TypeC,27300,000000000000000000000111000000000011111100000000000000011100000000000000000000000000000000000000000000011111100000000000000000000000000000000000001111110000000000000000,1,0
2449,2,TypeC,26600,000000000000000000000111000000000011111100000000000000011110000000000000000000000000000000000000000000001111100000000000000000000000000000000000000111110000000000000000,1,0
2450,2,TypeC,27600,000000000000000000000111000000000011111100000000000000011110000000000000000000000000000000000000000000011111100000000000000000000000000000000000000111110000000000000000,1,0
2451,2,TypeC,26300,000000000000000000000111000000000011111100000000000000111100000000000000000000000000000000000000000000001111100000000000000000000000000000000000000111110000000000000000,1,0
2452,2,TypeC,27300,000000000000000000000111000000000011111100000000000000111100000000000000000000000000000000000000000000011111100000000000000000000000000000000000000111110000000000000000,1,0
2453,2,TypeC,26600,000000000000000000001110000000000011111100000000000000001110000000000000000000000000000000000000000000001111100000000000000000000000000000000000000111111000000000000000,1,0
2454,2,TypeC,26600,000000000000000000001110000000000011111100000000000000001110000000000000000000000000000000000000000000001111100000000000000000000000000000000000001111110000000000000000,1,0
2455,2,TypeC,27600,000000000000000000001110000000000011111100000000000000001110000000000000000000000000000000000000000000011111100000000000000000000000000000000000000111111000000000000000,1,0
2456,2,TypeC,27600,000000000000000000001110000000000011111100000000000000001110000000000000000000000000000000000000000000011111100000000000000000000000000000000000001111110000000000000000,1,0
2457,2,TypeC,26300,000000000000000000001110000000000011111100000000000000011100000000000000000000000000000000000000000000001111100000000000000000000000000000000000000111111000000000000000,1,0
2458,2,TypeC,26300,000000000000000000001110000000000011111100000000000000011100000000000000000000000000000000000000000000001111100000000000000000000000000000000000001111110000000000000000,1,0
2459,2,TypeC,27300,000000000000000000001110000000000011111100000000000000011100000000000000000000000000000000000000000000011111100000000000000000000000000000000000000111111000000000000000,1,0
2460,2,TypeC,27300,000000000000000000001110000000000011111100000000000000011100000000000000000000000000000000000000000000011111100000000000000000000000000000000000001111110000000000000000,1,0
2461,2,TypeC,26600,000000000000000000001110000000000011111100000000000000011110000000000000000000000000000000000000000000001111100000000000000000000000000000000000000111110000000000000000,1,0
2462,2,TypeC,27600,000000000000000000001110000000000011111100000000000000011110000000000000000000000000000000000000000000011111100000000000000000000000000000000000000111110000000000000000,1,0
2463,2,TypeC,26300,000000000000000000001110000000000011111100000000000000111100000000000000000000000000000000000000000000001111100000000000000000000000000000000000000111110000000000000000,1,0
2464,2,TypeC,27300,000000000000000000001110000000000011111100000000000000111100000000000000000000000000000000000000000000011111100000000000000000000000000000000000000111110000000000000000,1,0
2465,2,TypeC,26600,000000000000000000001111000000000011111100000000000000001110000000000000000000000000000000000000000000001111100000000000000000000000000000000000000111110000000000000000,1,0
2466,2,TypeC,27600,000000000000000000001111000000000011111100000000000000001110000000000000000000000000000000000000000000011111100000000000000000000000000000000000000111110000000000000000,1,0
2467,2,TypeC,26300,000000000000000000001111000000000011111100000000000000011100000000000000000000000000000000000000000000001111100000000000000000000000000000000000000111110000000000000000,1,0
2468,2,TypeC,27300,000000000000000000001111000000000011111100000000000000011100000000000000000000000000000000000000000000011111100000000000000000000000000000000000000111110000000000000000,1,0
2469,2,TypeC,26600,000000000000000000011110000000000011111100000000000000001110000000000000000000000000000000000000000000001111100000000000000000000000000000000000000111110000000000000000,1,0
2470,2,TypeC,27600,000000000000000000011110000000000011111100000000000000001110000000000000000000000000000000000000000000011111100000000000000000000000000000000000000111110000000000000000,1,0
2471,2,TypeC,26300,000000000000000000011110000000000011111100000000000000011100000000000000000000000000000000000000000000001111100000000000000000000000000000000000000111110000000000000000,1,0
2472,2,TypeC,27300,000000000000000000011110000000000011111100000000000000011100000000000000000000000000000000000000000000011111100000000000000000000000000000000000000111110000000000000000,1,0
2473,2,TypeC,26900,000000000000000000000111000000000011111100000000000000001110000000000000000000000000000000000000000000001111100000000000000000000000000000000000000011111100000000000000,1,0
2474,2,TypeC,25900,000000000000000000000111000000000011111100000000000000001110000000000000000000000000000000000000000000001111100000000000000000000000000000000000000001111100000000000000,1,0
2475,2,TypeC,26900,000000000000000000000111000000000011111100000000000000001110000000000000000000000000000000000000000000011111100000000000000000000000000000000000000001111100000000000000,1,0
2476,2,TypeC,25600,000000000000000000000111000000000011111100000000000000011100000000000000000000000000000000000000000000001111100000000000000000000000000000000000000001111100000000000000,1,0
2477,2,TypeC,26600,000000000000000000000111000000000011111100000000000000011100000000000000000000000000000000000000000000011111100000000000000000000000000000000000000001111100000000000000,1,0
2478,2,TypeC,25900,000000000000000000001110000000000011111100000000000000001110000000000000000000000000000000000000000000001111100000000000000000000000000000000000000001111100000000000000,1,0
2479,2,TypeC,26900,000000000000000000001110000000000011111100000000000000001110000000000000000000000000000000000000000000011111100000000000000000000000000000000000000001111100000000000000,1,0
2480,2,TypeC,25600,000000000000000000001110000000000011111100000000000000011100000000000000000000000000000000000000000000001111100000000000000000000000000000000000000001111100000000000000,1,0
2481,2,TypeC,26600,000000000000000000001110000000000011111100000000000000011100000000000000000000000000000000000000000000011111100000000000000000000000000000000000000001111100000000000000,1,0
2482,2,TypeC,26900,000000000000000000000111000000000011111100000000000000001110000000000000000000000000000000000000000000001111110000000000000000000000000000000000000111110000000000000000,1,0
2483,2,TypeC,27900,000000000000000000000111000000000011111100000000000000001110000000000000000000000000000000000000000000011111100000000000000000000000000000000000000011111100000000000000,1,0
2484,2,TypeC,26900,000000000000000000000111000000000011111100000000000000001111000000000000000000000000000000000000000000001111100000000000000000000000000000000000000111110000000000000000,1,0
2485,2,TypeC,27900,000000000000000000000111000000000011111100000000000000001111000000000000000000000000000000000000000000011111100000000000000000000000000000000000000111110000000000000000,1,0
2486,2,TypeC,26600,000000000000000000000111000000000011111100000000000000011100000000000000000000000000000000000000000000001111100000000000000000000000000000000000000011111100000000000000,1,0
2487,2,TypeC,26600,000000000000000000000111000000000011111100000000000000011100000000000000000000000000000000000000000000001111110000000000000000000000000000000000000111110000000000000000,1,0
2488,2,TypeC,27600,000000000000000000000111000000000011111100000000000000011100000000000000000000000000000000000000000000011111100000000000000000000000000000000000000011111100000000000000,1,0
2489,2,TypeC,26900,000000000000000000000111000000000011111100000000000000011110000000000000000000000000000000000000000000001111100000000000000000000000000000000000000001111100000000000000,1,0
2490,2,TypeC,27900,000000000000000000000111000000000011111100000000000000011110000000000000000000000000000000000000000000011111100000000000000000000000000000000000000001111100000000000000,1,0
2491,2,TypeC,26600,000000000000000000000111000000000011111100000000000000111100000000000000000000000000000000000000000000001111100000000000000000000000000000000000000001111100000000000000,1,0
2492,2,TypeC,27600,000000000000000000000111000000000011111100000000000000111100000000000000000000000000000000000000000000011111100000000000000000000000000000000000000001111100000000000000,1,0
2493,2,TypeC,26900,000000000000000000001110000000000011111100000000000000001110000000000000000000000000000000000000000000001111100000000000000000000000000000000000000011111100000000000000,1,0
2494,1,TypeB,40100,011111111000000000000111111110000000000000000000000000000000000000000000000000011111111000000000000000000111111100000000000000001111111000000000000000000000000000000000,1,0
2495,1,TypeB,39100,011111111000000000000111111110000000000000000000000000000000000000000000000000011111111000000000000000000011111100000000000000001111111000000000000000000000000000000000,1,0
2496,1,TypeB,38100,011111110000000000000111111110000000000000000000000000000000000000000000000000011111111000000000000000000011111100000000000000001111111000000000000000000000000000000000,1,0
2497,1,TypeB,37100,011111100000000000000111111110000000000000000000000000000000000000000000000000011111111000000000000000000011111100000000000000001111111000000000000000000000000000000000,1,0
2498,1,TypeB,36100,011111000000000000000111111110000000000000000000000000000000000000000000000000011111111000000000000000000011111100000000000000001111111000000000000000000000000000000000,1,0
2499,1,TypeB,35100,011110000000000000000111111110000000000000000000000000000000000000000000000000011111111000000000000000000011111100000000000000001111111000000000000000000000000000000000,1,0
2500,1,TypeB,35100,011110000000000000000011111111000000000000000000000000000000000000000000000000011111111000000000000000000011111100000000000000001111111000000000000000000000000000000000,1,0
2501,1,TypeB,33800,011110000000000000000011111111000000000000000000000000000000000000000000000000011111111000000000000000000011111100000000000000001111110000000000000000000000000000000000,1,0
2502,1,TypeB,32500,011110000000000000000011111111000000000000000000000000000000000000000000000000011111111000000000000000000011111100000000000000001111100000000000000000000000000000000000,1,0
2503,1,TypeB,32500,011110000000000000000111111110000000000000000000000000000000000000000000000000011111111000000000000000000011111100000000000000001111100000000000000000000000000000000000,1,0
2504,1,TypeB,33800,011110000000000000000111111110000000000000000000000000000000000000000000000000011111111000000000000000000011111100000000000000001111110000000000000000000000000000000000,1,0
2505,1,TypeB,33500,011111000000000000000011111111000000000000000000000000000000000000000000000000011111111000000000000000000011111100000000000000001111100000000000000000000000000000000000,1,0
2506,1,TypeB,34800,011111000000000000000011111111000000000000000000000000000000000000000000000000011111111000000000000000000011111100000000000000001111110000000000000000000000000000000000,1,0
2507,1,TypeB,36100,011111000000000000000011111111000000000000000000000000000000000000000000000000011111111000000000000000000011111100000000000000001111111000000000000000000000000000000000,1,0
2508,1,TypeB,33500,011111000000000000000111111110000000000000000000000000000000000000000000000000011111111000000000000000000011111100000000000000001111100000000000000000000000000000000000,1,0
2509,1,TypeB,34800,011111000000000000000111111110000000000000000000000000000000000000000000000000011111111000000000000000000011111100000000000000001111110000000000000000000000000000000000,1,0
2510,1,TypeB,34500,011111100000000000000011111111000000000000000000000000000000000000000000000000011111111000000000000000000011111100000000000000001111100000000000000000000000000000000000,1,0
2511,1,TypeB,35800,011111100000000000000011111111000000000000000000000000000000000000000000000000011111111000000000000000000011111100000000000000001111110000000000000000000000000000000000,1,0
2512,1,TypeB,37100,011111100000000000000011111111000000000000000000000000000000000000000000000000011111111000000000000000000011111100000000000000001111111000000000000000000000000000000000,1,0
2513,1,TypeB,34500,011111100000000000000111111110000000000000000000000000000000000000000000000000011111111000000000000000000011111100000000000000001111100000000000000000000000000000000000,1,0
2514,1,TypeB,35800,011111100000000000000111111110000000000000000000000000000000000000000000000000011111111000000000000000000011111100000000000000001111110000000000000000000000000000000000,1,0
2515,1,TypeB,31500,011110000000000000000011111111000000000000000000000000000000000000000000000000011111111000000000000000000001111100000000000000001111100000000000000000000000000000000000,1,0
2516,1,TypeB,30500,011110000000000000000011111111000000000000000000000000000000000000000000000000011111111000000000000000000000111100000000000000001111100000000000000000000000000000000000,1,0
2517,1,TypeB,34500,011110000000000000000011111111000000000000000000000000000000000000000000000000011111111000000000000000000000111111110000000000001111100000000000000000000000000000000000,1,0
2518,1,TypeB,35800,011110000000000000000011111111000000000000000000000000000000000000000000000000011111111000000000000000000000111111110000000000001111110000000000000000000000000000000000,1,0
2519,1,TypeB,37100,011110000000000000000011111111000000000000000000000000000000000000000000000000011111111000000000000000000000111111110000000000001111111000000000000000000000000000000000,1,0
2520,1,TypeB,34500,011110000000000000000111111110000000000000000000000000000000000000000000000000011111111000000000000000000000111111110000000000001111100000000000000000000000000000000000,1,0
2521,1,TypeB,35800,011110000000000000000111111110000000000000000000000000000000000000000000000000011111111000000000000000000000111111110000000000001111110000000000000000000000000000000000,1,0
2522,1,TypeB,37100,011110000000000000000111111110000000000000000000000000000000000000000000000000011111111000000000000000000000111111110000000000001111111000000000000000000000000000000000,1,0
2523,1,TypeB,35500,011111000000000000000011111111000000000000000000000000000000000000000000000000011111111000000000000000000000111111110000000000001111100000000000000000000000000000000000,1,0
2524,1,TypeB,36800,011111000000000000000011111111000000000000000000000000000000000000000000000000011111111000000000000000000000111111110000000000001111110000000000000000000000000000000000,1,0
2525,1,TypeB,38100,011111000000000000000011111111000000000000000000000000000000000000000000000000011111111000000000000000000000111111110000000000001111111000000000000000000000000000000000,1,0
2526,1,TypeB,35500,011111000000000000000111111110000000000000000000000000000000000000000000000000011111111000000000000000000000111111110000000000001111100000000000000000000000000000000000,1,0
2527,1,TypeB,36800,011111000000000000000111111110000000000000000000000000000000000000000000000000011111111000000000000000000000111111110000000000001111110000000000000000000000000000000000,1,0
2528,1,TypeB,38100,011111000000000000000111111110000000000000000000000000000000000000000000000000011111111000000000000000000000111111110000000000001111111000000000000000000000000000000000,1,0
2529,1,TypeB,36500,011111100000000000000011111111000000000000000000000000000000000000000000000000011111111000000000000000000000111111110000000000001111100000000000000000000000000000000000,1,0
2530,1,TypeB,37800,011111100000000000000011111111000000000000000000000000000000000000000000000000011111111000000000000000000000111111110000000000001111110000000000000000000000000000000000,1,0
2531,1,TypeB,39100,011111100000000000000011111111000000000000000000000000000000000000000000000000011111111000000000000000000000111111110000000000001111111000000000000000000000000000000000,1,0
2532,1,TypeB,36500,011111100000000000000111111110000000000000000000000000000000000000000000000000011111111000000000000000000000111111110000000000001111100000000000000000000000000000000000,1,0
2533,1,TypeB,37800,011111100000000000000111111110000000000000000000000000000000000000000000000000011111111000000000000000000000111111110000000000001111110000000000000000000000000000000000,1,0
2534,1,TypeB,39100,011111100000000000000111111110000000000000000000000000000000000000000000000000011111111000000000000000000000111111110000000000001111111000000000000000000000000000000000,1,0
2535,1,TypeB,33500,011110000000000000000111111100000000000000000000000000000000000000000000000000011111111000000000000000000000111111110000000000001111100000000000000000000000000000000000,1,0
2536,1,TypeB,32500,011110000000000000000111111000000000000000000000000000000000000000000000000000011111111000000000000000000000111111110000000000001111100000000000000000000000000000000000,1,0
2537,1,TypeB,33800,011110000000000000000111111000000000000000000000000000000000000000000000000000011111111000000000000000000000111111110000000000001111110000000000000000000000000000000000,1,0
2538,1,TypeB,35100,011110000000000000000111111000000000000000000000000000000000000000000000000000011111111000000000000000000000111111110000000000001111111000000000000000000000000000000000,1,0
2539,1,TypeB,34800,011110000000000000000111111100000000000000000000000000000000000000000000000000011111111000000000000000000000111111110000000000001111110000000000000000000000000000000000,1,0
2540,1,TypeB,36100,011110000000000000000111111100000000000000000000000000000000000000000000000000011111111000000000000000000000111111110000000000001111111000000000000000000000000000000000,1,0
2541,1,TypeB,33500,011111000000000000000111111000000000000000000000000000000000000000000000000000011111111000000000000000000000111111110000000000001111100000000000000000000000000000000000,1,0
2542,1,TypeB,34800,011111000000000000000111111000000000000000000000000000000000000000000000000000011111111000000000000000000000111111110000000000001111110000000000000000000000000000000000,1,0
2543,1,TypeB,36100,011111000000000000000111111000000000000000000000000000000000000000000000000000011111111000000000000000000000111111110000000000001111111000000000000000000000000000000000,1,0
2544,1,TypeB,34500,011111000000000000000111111100000000000000000000000000000000000000000000000000011111111000000000000000000000111111110000000000001111100000000000000000000000000000000000,1,0
2545,1,TypeB,35800,011111000000000000000111111100000000000000000000000000000000000000000000000000011111111000000000000000000000111111110000000000001111110000000000000000000000000000000000,1,0
2546,1,TypeB,37100,011111000000000000000111111100000000000000000000000000000000000000000000000000011111111000000000000000000000111111110000000000001111111000000000000000000000000000000000,1,0
2547,1,TypeB,34500,011111100000000000000111111000000000000000000000000000000000000000000000000000011111111000000000000000000000111111110000000000001111100000000000000000000000000000000000,1,0
2548,1,TypeB,35800,011111100000000000000111111000000000000000000000000000000000000000000000000000011111111000000000000000000000111111110000000000001111110000000000000000000000000000000000,1,0
2549,1,TypeB,37100,011111100000000000000111111000000000000000000000000000000000000000000000000000011111111000000000000000000000111111110000000000001111111000000000000000000000000000000000,1,0
2550,1,TypeB,35500,011111100000000000000111111100000000000000000000000000000000000000000000000000011111111000000000000000000000111111110000000000001111100000000000000000000000000000000000,1,0
2551,1,TypeB,36800,011111100000000000000111111100000000000000000000000000000000000000000000000000011111111000000000000000000000111111110000000000001111110000000000000000000000000000000000,1,0
2552,1,TypeB,38100,011111100000000000000111111100000000000000000000000000000000000000000000000000011111111000000000000000000000111111110000000000001111111000000000000000000000000000000000,1,0
2553,1,TypeB,37500,011111110000000000000011111111000000000000000000000000000000000000000000000000011111111000000000000000000000111111110000000000001111100000000000000000000000000000000000,1,0
2554,1,TypeB,38800,011111110000000000000011111111000000000000000000000000000000000000000000000000011111111000000000000000000000111111110000000000001111110000000000000000000000000000000000,1,0
2555,1,TypeB,40100,011111110000000000000011111111000000000000000000000000000000000000000000000000011111111000000000000000000000111111110000000000001111111000000000000000000000000000000000,1,0
2556,1,TypeB,37500,011111110000000000000111111110000000000000000000000000000000000000000000000000011111111000000000000000000000111111110000000000001111100000000000000000000000000000000000,1,0
2557,1,TypeB,38800,011111110000000000000111111110000000000000000000000000000000000000000000000000011111111000000000000000000000111111110000000000001111110000000000000000000000000000000000,1,0
2558,1,TypeB,40100,011111110000000000000111111110000000000000000000000000000000000000000000000000011111111000000000000000000000111111110000000000001111111000000000000000000000000000000000,1,0
2559,1,TypeB,38500,011111111000000000000011111111000000000000000000000000000000000000000000000000011111111000000000000000000000111111110000000000001111100000000000000000000000000000000000,1,0
2560,1,TypeB,39800,011111111000000000000011111111000000000000000000000000000000000000000000000000011111111000000000000000000000111111110000000000001111110000000000000000000000000000000000,1,0
2561,1,TypeB,41100,011111111000000000000011111111000000000000000000000000000000000000000000000000011111111000000000000000000000111111110000000000001111111000000000000000000000000000000000,1,0
2562,1,TypeB,38500,011111111000000000000111111110000000000000000000000000000000000000000000000000011111111000000000000000000000111111110000000000001111100000000000000000000000000000000000,1,0
2563,1,TypeB,39800,011111111000000000000111111110000000000000000000000000000000000000000000000000011111111000000000000000000000111111110000000000001111110000000000000000000000000000000000,1,0
2564,1,TypeB,41100,011111111000000000000111111110000000000000000000000000000000000000000000000000011111111000000000000000000000111111110000000000001111111000000000000000000000000000000000,1,0
2565,1,TypeB,35500,111110000000000000000011111111000000000000000000000000000000000000000000000000011111111000000000000000000000111111110000000000001111100000000000000000000000000000000000,1,0
2566,1,TypeB,36800,111110000000000000000011111111000000000000000000000000000000000000000000000000011111111000000000000000000000111111110000000000001111110000000000000000000000000000000000,1,0
2567,1,TypeB,38100,111110000000000000000011111111000000000000000000000000000000000000000000000000011111111000000000000000000000111111110000000000001111111000000000000000000000000000000000,1,0
2568,1,TypeB,35500,111110000000000000000111111110000000000000000000000000000000000000000000000000011111111000000000000000000000111111110000000000001111100000000000000000000000000000000000,1,0
2569,1,TypeB,36800,111110000000000000000111111110000000000000000000000000000000000000000000000000011111111000000000000000000000111111110000000000001111110000000000000000000000000000000000,1,0
2570,1,TypeB,38100,111110000000000000000111111110000000000000000000000000000000000000000000000000011111111000000000000000000000111111110000000000001111111000000000000000000000000000000000,1,0
2571,1,TypeB,36500,111111000000000000000011111111000000000000000000000000000000000000000000000000011111111000000000000000000000111111110000000000001111100000000000000000000000000000000000,1,0
2572,1,TypeB,37800,111111000000000000000011111111000000000000000000000000000000000000000000000000011111111000000000000000000000111111110000000000001111110000000000000000000000000000000000,1,0
2573,1,TypeB,39100,111111000000000000000011111111000000000000000000000000000000000000000000000000011111111000000000000000000000111111110000000000001111111000000000000000000000000000000000,1,0
2574,1,TypeB,36500,111111000000000000000111111110000000000000000000000000000000000000000000000000011111111000000000000000000000111111110000000000001111100000000000000000000000000000000000,1,0
2575,1,TypeB,37800,111111000000000000000111111110000000000000000000000000000000000000000000000000011111111000000000000000000000111111110000000000001111110000000000000000000000000000000000,1,0
2576,0,TypeA,54800,000000000000111111110000000000000000000000000000000000000000001111111111000000000000000000000000001111111110000000000000111111111100000000000000000001111111111000000000,1,0
2577,0,TypeA,53500,000000000000111111110000000000000000000000000000000000000000001111111111000000000000000000000000000111111110000000000000111111111100000000000000000001111111111000000000,1,0
2578,0,TypeA,52200,000000000000111111110000000000000000000000000000000000000000001111111111000000000000000000000000000111111110000000000000011111111100000000000000000001111111111000000000,1,0
2579,0,TypeA,50900,000000000000111111110000000000000000000000000000000000000000001111111111000000000000000000000000000111111110000000000000001111111100000000000000000001111111111000000000,1,0
2580,0,TypeA,49600,000000000000111111110000000000000000000000000000000000000000001111111111000000000000000000000000000111111110000000000000001111111100000000000000000000111111111000000000,1,0
2581,0,TypeA,48300,000000000000111111110000000000000000000000000000000000000000001111111111000000000000000000000000000111111110000000000000001111111100000000000000000000011111111000000000,1,0
2582,0,TypeA,48000,000000000001111111100000000000000000000000000000000000000000001111111111000000000000000000000000000111111110000000000000001111111100000000000000000000011111111000000000,1,0
2583,0,TypeA,47000,000000000001111111100000000000000000000000000000000000000000000111111111000000000000000000000000000111111110000000000000001111111100000000000000000000011111111000000000,1,0
2584,0,TypeA,47300,000000000000111111110000000000000000000000000000000000000000000111111111000000000000000000000000000111111110000000000000001111111100000000000000000000011111111000000000,1,0
2585,0,TypeA,48000,000000000001111111100000000000000000000000000000000000000000000111111111000000000000000000000000000111111110000000000000001111111100000000000000000000011111111100000000,1,0
2586,0,TypeA,48000,000000000001111111100000000000000000000000000000000000000000000111111111000000000000000000000000000111111110000000000000001111111110000000000000000000011111111000000000,1,0
2587,0,TypeA,48000,000000000001111111100000000000000000000000000000000000000000000111111111000000000000000000000000000111111111000000000000001111111100000000000000000000011111111000000000,1,0
2588,0,TypeA,49000,000000000001111111100000000000000000000000000000000000000000000111111111000000000000000000000000000111111111100000000000001111111100000000000000000000011111111000000000,1,0
2589,0,TypeA,50000,000000000001111111100000000000000000000000000000000000000000001111111111000000000000000000000000000111111111100000000000001111111100000000000000000000011111111000000000,1,0
2590,0,TypeA,49300,000000000000111111110000000000000000000000000000000000000000000111111111000000000000000000000000000111111111100000000000001111111100000000000000000000011111111000000000,1,0
2591,0,TypeA,50300,000000000000111111110000000000000000000000000000000000000000001111111111000000000000000000000000000111111111100000000000001111111100000000000000000000011111111000000000,1,0
2592,0,TypeA,50000,000000000001111111100000000000000000000000000000000000000000000111111111000000000000000000000000000111111111100000000000001111111100000000000000000000011111111100000000,1,0
2593,0,TypeA,50000,000000000001111111100000000000000000000000000000000000000000000111111111000000000000000000000000000111111111100000000000001111111110000000000000000000011111111000000000,1,0
2594,0,TypeA,50000,000000000011111111100000000000000000000000000000000000000000000111111111000000000000000000000000000111111111100000000000001111111100000000000000000000011111111000000000,1,0
2595,0,TypeA,51000,000000000111111111100000000000000000000000000000000000000000000111111111000000000000000000000000000111111111100000000000001111111100000000000000000000011111111000000000,1,0
2596,0,TypeA,52000,000000000111111111100000000000000000000000000000000000000000001111111111000000000000000000000000000111111111100000000000001111111100000000000000000000011111111000000000,1,0
2597,0,TypeA,52000,000000000111111111100000000000000000000000000000000000000000000111111111000000000000000000000000000111111111100000000000001111111100000000000000000000011111111100000000,1,0
2598,0,TypeA,52000,000000000111111111100000000000000000000000000000000000000000000111111111000000000000000000000000000111111111100000000000001111111110000000000000000000011111111000000000,1,0
2599,0,TypeA,53000,000000000111111111100000000000000000000000000000000000000000001111111111000000000000000000000000000111111111100000000000001111111100000000000000000000011111111100000000,1,0
2600,0,TypeA,53000,000000000111111111100000000000000000000000000000000000000000001111111111000000000000000000000000000111111111100000000000001111111110000000000000000000011111111000000000,1,0
2601,0,TypeA,52300,000000000111111111100000000000000000000000000000000000000000000111111111000000000000000000000000000111111111100000000000001111111100000000000000000000111111111000000000,1,0
2602,0,TypeA,52300,000000000111111111100000000000000000000000000000000000000000000111111111000000000000000000000000000111111111100000000000011111111100000000000000000000011111111000000000,1,0
2603,0,TypeA,52300,000000000111111111100000000000000000000000000000000000000000000111111111100000000000000000000000000111111111100000000000001111111100000000000000000000011111111000000000,1,0
2604,0,TypeA,53300,000000000111111111100000000000000000000000000000000000000000001111111111000000000000000000000000000111111111100000000000001111111100000000000000000000111111111000000000,1,0
2605,0,TypeA,53300,000000000111111111100000000000000000000000000000000000000000001111111111000000000000000000000000000111111111100000000000011111111100000000000000000000011111111000000000,1,0
2606,0,TypeA,52600,000000000111111111100000000000000000000000000000000000000000000011111111110000000000000000000000000111111111100000000000001111111100000000000000000000011111111000000000,1,0
2607,0,TypeA,51600,000000000111111111100000000000000000000000000000000000000000000001111111110000000000000000000000000111111111100000000000001111111100000000000000000000011111111000000000,1,0
2608,0,TypeA,50600,000000000111111111100000000000000000000000000000000000000000000000111111110000000000000000000000000111111111100000000000001111111100000000000000000000011111111000000000,1,0
2609,0,TypeA,51600,000000000111111111100000000000000000000000000000000000000000000000111111110000000000000000000000000111111111100000000000001111111100000000000000000000011111111100000000,1,0
2610,0,TypeA,51600,000000000111111111100000000000000000000000000000000000000000000000111111110000000000000000000000000111111111100000000000001111111110000000000000000000011111111000000000,1,0
2611,0,TypeA,51900,000000000111111111100000000000000000000000000000000000000000000000111111110000000000000000000000000111111111100000000000001111111100000000000000000000111111111000000000,1,0
2612,0,TypeA,51900,000000000111111111100000000000000000000000000000000000000000000000111111110000000000000000000000000111111111100000000000011111111100000000000000000000011111111000000000,1,0
2613,0,TypeA,51900,000000000111111111100000000000000000000000000000000000000000000000111111111000000000000000000000000111111111100000000000001111111100000000000000000000011111111000000000,1,0
2614,0,TypeA,52600,000000000111111111100000000000000000000000000000000000000000000000111111110000000000000000000000000111111111100000000000001111111100000000000000000000011111111110000000,1,0
2615,0,TypeA,52300,000000000111111111100000000000000000000000000000000000000000000000111111110000000000000000000000000111111111100000000000001111111100000000000000000000001111111111000000,1,0
2616,0,TypeA,51000,000000000111111111100000000000000000000000000000000000000000000000111111110000000000000000000000000111111111100000000000001111111100000000000000000000000111111111000000,1,0
2617,0,TypeA,52000,000000000111111111100000000000000000000000000000000000000000000000111111110000000000000000000000000111111111100000000000001111111100000000000000000000000111111111100000,1,0
2618,0,TypeA,52000,000000000111111111100000000000000000000000000000000000000000000000111111110000000000000000000000000111111111100000000000001111111110000000000000000000000111111111000000,1,0
2619,0,TypeA,52000,000000000111111111100000000000000000000000000000000000000000000001111111110000000000000000000000000111111111100000000000001111111100000000000000000000000111111111000000,1,0
2620,0,TypeA,52300,000000000111111111100000000000000000000000000000000000000000000000111111110000000000000000000000000111111111100000000000011111111100000000000000000000000111111111000000,1,0
2621,0,TypeA,52300,000000000111111111100000000000000000000000000000000000000000000000111111111000000000000000000000000111111111100000000000001111111100000000000000000000000111111111000000,1,0
2622,0,TypeA,52600,000000000111111111100000000000000000000000000000000000000000000000111111110000000000000000000000000111111111100000000000001111111110000000000000000000011111111100000000,1,0
2623,0,TypeA,52600,000000000111111111100000000000000000000000000000000000000000000000111111110000000000000000000000000111111111100000000000001111111111000000000000000000011111111000000000,1,0
2624,0,TypeA,52600,000000000111111111100000000000000000000000000000000000000000000001111111110000000000000000000000000111111111100000000000001111111100000000000000000000011111111100000000,1,0
2625,0,TypeA,52600,000000000111111111100000000000000000000000000000000000000000000001111111110000000000000000000000000111111111100000000000001111111110000000000000000000011111111000000000,1,0
2626,0,TypeA,52900,000000000111111111100000000000000000000000000000000000000000000000111111110000000000000000000000000111111111100000000000001111111100000000000000000000111111111100000000,1,0
2627,0,TypeA,52900,000000000111111111100000000000000000000000000000000000000000000000111111110000000000000000000000000111111111100000000000001111111110000000000000000000111111111000000000,1,0
2628,0,TypeA,52900,000000000111111111100000000000000000000000000000000000000000000000111111110000000000000000000000000111111111100000000000011111111100000000000000000000011111111100000000,1,0
2629,0,TypeA,52900,000000000111111111100000000000000000000000000000000000000000000000111111110000000000000000000000000111111111100000000000011111111110000000000000000000011111111000000000,1,0
2630,0,TypeA,52900,000000000111111111100000000000000000000000000000000000000000000000111111111000000000000000000000000111111111100000000000001111111100000000000000000000011111111100000000,1,0
2631,0,TypeA,52900,000000000111111111100000000000000000000000000000000000000000000000111111111000000000000000000000000111111111100000000000001111111110000000000000000000011111111000000000,1,0
2632,0,TypeA,52900,000000000111111111100000000000000000000000000000000000000000000001111111110000000000000000000000000111111111100000000000001111111100000000000000000000111111111000000000,1,0
2633,0,TypeA,52900,000000000111111111100000000000000000000000000000000000000000000001111111110000000000000000000000000111111111100000000000011111111100000000000000000000011111111000000000,1,0
2634,0,TypeA,52900,000000000111111111100000000000000000000000000000000000000000000001111111111000000000000000000000000111111111100000000000001111111100000000000000000000011111111000000000,1,0
2635,0,TypeA,53000,000000000111111111100000000000000000000000000000000000000000000000111111110000000000000000000000000111111111100000000000001111111110000000000000000000000111111111100000,1,0
2636,0,TypeA,53000,000000000111111111100000000000000000000000000000000000000000000000111111110000000000000000000000000111111111100000000000001111111111000000000000000000000111111111000000,1,0
2637,0,TypeA,53000,000000000111111111100000000000000000000000000000000000000000000001111111110000000000000000000000000111111111100000000000001111111100000000000000000000000111111111100000,1,0
2638,0,TypeA,53000,000000000111111111100000000000000000000000000000000000000000000001111111110000000000000000000000000111111111100000000000001111111110000000000000000000000111111111000000,1,0
2639,0,TypeA,53000,000000000111111111100000000000000000000000000000000000000000000011111111110000000000000000000000000111111111100000000000001111111100000000000000000000000111111111000000,1,0
2640,0,TypeA,52700,000000000111111111100000000000000000000000000000000000000000000111111111100000000000000000000000000111111111100000000000001111111100000000000000000000000111111111000000,1,0
2641,0,TypeA,51400,000000000111111111100000000000000000000000000000000000000000000111111111000000000000000000000000000111111111100000000000001111111100000000000000000000000111111111000000,1,0
2642,0,TypeA,52400,000000000111111111100000000000000000000000000000000000000000001111111111000000000000000000000000000111111111100000000000001111111100000000000000000000000111111111000000,1,0
2643,0,TypeA,52400,000000000111111111100000000000000000000000000000000000000000000111111111000000000000000000000000000111111111100000000000001111111100000000000000000000000111111111100000,1,0
2644,0,TypeA,52400,000000000111111111100000000000000000000000000000000000000000000111111111000000000000000000000000000111111111100000000000001111111110000000000000000000000111111111000000,1,0
2645,0,TypeA,53400,000000000111111111100000000000000000000000000000000000000000001111111111000000000000000000000000000111111111100000000000001111111100000000000000000000000111111111100000,1,0
2646,0,TypeA,53400,000000000111111111100000000000000000000000000000000000000000001111111111000000000000000000000000000111111111100000000000001111111110000000000000000000000111111111000000,1,0
2647,0,TypeA,52700,000000000111111111100000000000000000000000000000000000000000000111111111000000000000000000000000000111111111100000000000001111111100000000000000000000001111111111000000,1,0
2648,0,TypeA,52700,000000000111111111100000000000000000000000000000000000000000000111111111000000000000000000000000000111111111100000000000011111111100000000000000000000000111111111000000,1,0
2649,0,TypeA,53700,000000000111111111100000000000000000000000000000000000000000001111111111000000000000000000000000000111111111100000000000001111111100000000000000000000001111111111000000,1,0
2650,0,TypeA,53700,000000000111111111100000000000000000000000000000000000000000001111111111000000000000000000000000000111111111100000000000011111111100000000000000000000000111111111000000,1,0
2651,0,TypeA,53000,000000000111111111100000000000000000000000000000000000000000000111111111000000000000000000000000000111111111100000000000001111111100000000000000000000011111111110000000,1,0
2652,0,TypeA,53000,000000000111111111100000000000000000000000000000000000000000000111111111000000000000000000000000000111111111100000000000001111111110000000000000000000011111111100000000,1,0
2653,0,TypeA,53000,000000000111111111100000000000000000000000000000000000000000000111111111000000000000000000000000000111111111100000000000001111111111000000000000000000011111111000000000,1,0
2654,0,TypeA,54000,000000000111111111100000000000000000000000000000000000000000001111111111000000000000000000000000000111111111100000000000001111111100000000000000000000011111111110000000,1,0
2655,0,TypeA,54000,000000000111111111100000000000000000000000000000000000000000001111111111000000000000000000000000000111111111100000000000001111111110000000000000000000011111111100000000,1,0
2656,0,TypeA,54000,000000000111111111100000000000000000000000000000000000000000001111111111000000000000000000000000000111111111100000000000001111111111000000000000000000011111111000000000,1,0
2657,0,TypeA,53200,000000000111111111100000000000000000000000000000000000000000000000111111110000000000000000000000000111111111100000000000001111111100000000000000000001111111111000000000,1,0
2658,0,TypeA,53200,000000000111111111100000000000000000000000000000000000000000000000111111110000000000000000000000000111111111100000000000011111111100000000000000000000111111111000000000,1,0
2659,0,TypeA,53200,000000000111111111100000000000000000000000000000000000000000000000111111110000000000000000000000000111111111100000000000111111111100000000000000000000011111111000000000,1,0
2660,0,TypeA,53200,000000000111111111100000000000000000000000000000000000000000000000111111111000000000000000000000000111111111100000000000001111111100000000000000000000111111111000000000,1,0
2661,0,TypeA,53200,000000000111111111100000000000000000000000000000000000000000000000111111111000000000000000000000000111111111100000000000011111111100000000000000000000011111111000000000,1,0
2662,0,TypeA,53200,000000000111111111100000000000000000000000000000000000000000000000111111111100000000000000000000000111111111100000000000001111111100000000000000000000011111111000000000,1,0
2663,0,TypeA,53300,000000000111111111100000000000000000000000000000000000000000000000111111110000000000000000000000000111111111100000000000001111111110000000000000000000001111111111000000,1,0
2664,0,TypeA,53300,000000000111111111100000000000000000000000000000000000000000000000111111110000000000000000000000000111111111100000000000011111111100000000000000000000000111111111100000,1,0
2665,0,TypeA,53300,000000000111111111100000000000000000000000000000000000000000000000111111110000000000000000000000000111111111100000000000011111111110000000000000000000000111111111000000,1,0
2666,0,TypeA,53300,000000000111111111100000000000000000000000000000000000000000000000111111111000000000000000000000000111111111100000000000001111111100000000000000000000000111111111100000,1,0
2667,0,TypeA,53300,000000000111111111100000000000000000000000000000000000000000000000111111111000000000000000000000000111111111100000000000001111111110000000000000000000000111111111000000,1,0
2668,0,TypeA,53300,000000000111111111100000000000000000000000000000000000000000000001111111110000000000000000000000000111111111100000000000001111111100000000000000000000001111111111000000,1,0
2669,0,TypeA,53300,000000000111111111100000000000000000000000000000000000000000000001111111110000000000000000000000000111111111100000000000011111111100000000000000000000000111111111000000,1,0
2670,0,TypeA,53300,000000000111111111100000000000000000000000000000000000000000000001111111111000000000000000000000000111111111100000000000001111111100000000000000000000000111111111000000,1,0
2671,0,TypeA,53300,000000000111111111100000000000000000000000000000000000000000000111111111000000000000000000000000000111111111100000000000001111111100000000000000000000111111111100000000,1,0
2672,0,TypeA,53300,000000000111111111100000000000000000000000000000000000000000000111111111000000000000000000000000000111111111100000000000001111111110000000000000000000111111111000000000,1,0
2673,0,TypeA,53300,000000000111111111100000000000000000000000000000000000000000000111111111000000000000000000000000000111111111100000000000011111111100000000000000000000011111111100000000,1,0
2674,0,TypeA,53300,000000000111111111100000000000000000000000000000000000000000000111111111000000000000000000000000000111111111100000000000011111111110000000000000000000011111111000000000,1,0
2675,0,TypeA,53300,000000000111111111100000000000000000000000000000000000000000000111111111100000000000000000000000000111111111100000000000001111111100000000000000000000011111111100000000,1,0
2676,0,TypeA,53300,000000000111111111100000000000000000000000000000000000000000000111111111100000000000000000000000000111111111100000000000001111111110000000000000000000011111111000000000,1,0
2677,0,TypeA,53400,000000000111111111100000000000000000000000000000000000000000000111111111000000000000000000000000000111111111100000000000001111111110000000000000000000000111111111100000,1,0
2678,0,TypeA,53400,000000000111111111100000000000000000000000000000000000000000000111111111000000000000000000000000000111111111100000000000001111111111000000000000000000000111111111000000,1,0
2679,0,TypeA,54300,000000000111111111100000000000000000000000000000000000000000001111111111000000000000000000000000000111111111100000000000001111111100000000000000000000111111111100000000,1,0
2680,0,TypeA,54300,000000000111111111100000000000000000000000000000000000000000001111111111000000000000000000000000000111111111100000000000001111111110000000000000000000111111111000000000,1,0
2681,0,TypeA,54300,000000000111111111100000000000000000000000000000000000000000001111111111000000000000000000000000000111111111100000000000011111111100000000000000000000011111111100000000,1,0
2682,0,TypeA,54300,000000000111111111100000000000000000000000000000000000000000001111111111000000000000000000000000000111111111100000000000011111111110000000000000000000011111111000000000,1,0
2683,0,TypeA,54400,000000000111111111100000000000000000000000000000000000000000001111111111000000000000000000000000000111111111100000000000001111111110000000000000000000000111111111100000,1,0
2684,0,TypeA,54400,000000000111111111100000000000000000000000000000000000000000001111111111000000000000000000000000000111111111100000000000001111111111000000000000000000000111111111000000,1,0
2685,0,TypeA,53600,000000000111111111100000000000000000000000000000000000000000000000111111110000000000000000000000000111111111100000000000001111111110000000000000000000011111111110000000,1,0
2686,0,TypeA,53600,000000000111111111100000000000000000000000000000000000000000000000111111110000000000000000000000000111111111100000000000001111111111000000000000000000011111111100000000,1,0
2687,0,TypeA,53600,000000000111111111100000000000000000000000000000000000000000000000111111110000000000000000000000000111111111100000000000011111111100000000000000000000001111111111000000,1,0
2688,0,TypeA,53600,000000000111111111100000000000000000000000000000000000000000000000111111110000000000000000000000000111111111100000000000111111111100000000000000000000000111111111000000,1,0
2689,0,TypeA,53600,000000000111111111100000000000000000000000000000000000000000000000111111111000000000000000000000000111111111100000000000001111111100000000000000000000001111111111000000,1,0
2690,0,TypeA,53600,000000000111111111100000000000000000000000000000000000000000000000111111111000000000000000000000000111111111100000000000011111111100000000000000000000000111111111000000,1,0
2691,0,TypeA,53600,000000000111111111100000000000000000000000000000000000000000000000111111111100000000000000000000000111111111100000000000001111111100000000000000000000000111111111000000,1,0
2692,0,TypeA,53600,000000000111111111100000000000000000000000000000000000000000000001111111110000000000000000000000000111111111100000000000001111111100000000000000000000011111111110000000,1,0
2693,0,TypeA,53600,000000000111111111100000000000000000000000000000000000000000000001111111110000000000000000000000000111111111100000000000001111111110000000000000000000011111111100000000,1,0
2694,0,TypeA,53600,000000000111111111100000000000000000000000000000000000000000000001111111110000000000000000000000000111111111100000000000001111111111000000000000000000011111111000000000,1,0
2695,0,TypeA,53600,000000000111111111100000000000000000000000000000000000000000000011111111110000000000000000000000000111111111100000000000001111111100000000000000000000011111111100000000,1,0
2696,0,TypeA,53600,000000000111111111100000000000000000000000000000000000000000000011111111110000000000000000000000000111111111100000000000001111111110000000000000000000011111111000000000,1,0
2697,0,TypeA,53600,000000000111111111100000000000000000000000000000000000000000000111111111000000000000000000000000000111111111100000000000001111111100000000000000000001111111111000000000,1,0
2698,0,TypeA,53600,000000000111111111100000000000000000000000000000000000000000000111111111000000000000000000000000000111111111100000000000011111111100000000000000000000111111111000000000,1,0
2699,0,TypeA,53600,000000000111111111100000000000000000000000000000000000000000000111111111000000000000000000000000000111111111100000000000111111111100000000000000000000011111111000000000,1,0
2700,0,TypeA,53600,000000000111111111100000000000000000000000000000000000000000000111111111100000000000000000000000000111111111100000000000001111111100000000000000000000111111111000000000,1,0
2701,0,TypeA,53600,000000000111111111100000000000000000000000000000000000000000000111111111100000000000000000000000000111111111100000000000011111111100000000000000000000011111111000000000,1,0
2702,0,TypeA,53700,000000000111111111100000000000000000000000000000000000000000000111111111000000000000000000000000000111111111100000000000001111111110000000000000000000001111111111000000,1,0
2703,0,TypeA,53700,000000000111111111100000000000000000000000000000000000000000000111111111000000000000000000000000000111111111100000000000011111111100000000000000000000000111111111100000,1,0
2704,0,TypeA,53700,000000000111111111100000000000000000000000000000000000000000000111111111000000000000000000000000000111111111100000000000011111111110000000000000000000000111111111000000,1,0
2705,0,TypeA,53700,000000000111111111100000000000000000000000000000000000000000000111111111100000000000000000000000000111111111100000000000001111111100000000000000000000000111111111100000,1,0
2706,0,TypeA,53700,000000000111111111100000000000000000000000000000000000000000000111111111100000000000000000000000000111111111100000000000001111111110000000000000000000000111111111000000,1,0
2707,0,TypeA,54600,000000000111111111100000000000000000000000000000000000000000001111111111000000000000000000000000000111111111100000000000001111111100000000000000000001111111111000000000,1,0
2708,0,TypeA,54600,000000000111111111100000000000000000000000000000000000000000001111111111000000000000000000000000000111111111100000000000011111111100000000000000000000111111111000000000,1,0
2709,0,TypeA,54600,000000000111111111100000000000000000000000000000000000000000001111111111000000000000000000000000000111111111100000000000111111111100000000000000000000011111111000000000,1,0
2710,0,TypeA,50900,000000000111111111100000000000000000000000000000000000000000000000111111110000000000000000000000000111111111100000000000001111111100000000000000000000111111110000000000,1,0
2711,0,TypeA,54700,000000000111111111100000000000000000000000000000000000000000001111111111000000000000000000000000000111111111100000000000001111111110000000000000000000001111111111000000,1,0
2712,0,TypeA,54700,000000000111111111100000000000000000000000000000000000000000001111111111000000000000000000000000000111111111100000000000011111111100000000000000000000000111111111100000,1,0
2713,0,TypeA,54700,000000000111111111100000000000000000000000000000000000000000001111111111000000000000000000000000000111111111100000000000011111111110000000000000000000000111111111000000,1,0
2714,0,TypeA,53900,000000000111111111100000000000000000000000000000000000000000000000111111110000000000000000000000000111111111100000000000001111111110000000000000000000111111111100000000,1,0
2715,0,TypeA,53900,000000000111111111100000000000000000000000000000000000000000000000111111110000000000000000000000000111111111100000000000001111111111000000000000000000111111111000000000,1,0
2716,0,TypeA,53900,000000000111111111100000000000000000000000000000000000000000000000111111110000000000000000000000000111111111100000000000011111111100000000000000000000011111111110000000,1,0
2717,0,TypeA,53900,000000000111111111100000000000000000000000000000000000000000000000111111110000000000000000000000000111111111100000000000011111111110000000000000000000011111111100000000,1,0
2718,0,TypeA,53900,000000000111111111100000000000000000000000000000000000000000000000111111111000000000000000000000000111111111100000000000001111111100000000000000000000011111111110000000,1,0
2719,0,TypeA,53900,000000000111111111100000000000000000000000000000000000000000000000111111111000000000000000000000000111111111100000000000001111111110000000000000000000011111111100000000,1,0
2720,0,TypeA,53900,000000000111111111100000000000000000000000000000000000000000000000111111111000000000000000000000000111111111100000000000001111111111000000000000000000011111111000000000,1,0
2721,0,TypeA,53900,000000000111111111100000000000000000000000000000000000000000000001111111110000000000000000000000000111111111100000000000001111111100000000000000000000111111111100000000,1,0
2722,0,TypeA,53900,000000000111111111100000000000000000000000000000000000000000000001111111110000000000000000000000000111111111100000000000001111111110000000000000000000111111111000000000,1,0
2723,0,TypeA,53900,000000000111111111100000000000000000000000000000000000000000000001111111110000000000000000000000000111111111100000000000011111111100000000000000000000011111111100000000,1,0
2724,1,TypeB,34100,011111000000000000000000000001111110000000000000000000000000000000000000000000000000011111111000000000011111100000000000000000001111111000000000000000000000000000000000,1,0
2725,1,TypeB,35100,011111100000000000000000000001111110000000000000000000000000000000000000000000000000011111111000000000011111100000000000000000001111111000000000000000000000000000000000,1,0
2726,1,TypeB,34100,011111100000000000000000000001111110000000000000000000000000000000000000000000000000011111110000000000011111100000000000000000001111111000000000000000000000000000000000,1,0
2727,1,TypeB,33100,011111100000000000000000000001111110000000000000000000000000000000000000000000000000011111100000000000011111100000000000000000001111111000000000000000000000000000000000,1,0
2728,1,TypeB,32100,011111100000000000000000000001111110000000000000000000000000000000000000000000000000011111100000000000001111100000000000000000001111111000000000000000000000000000000000,1,0
2729,1,TypeB,33100,011111100000000000000000000011111110000000000000000000000000000000000000000000000000011111100000000000001111100000000000000000001111111000000000000000000000000000000000,1,0
2730,1,TypeB,34100,011111100000000000000000000011111111000000000000000000000000000000000000000000000000011111100000000000001111100000000000000000001111111000000000000000000000000000000000,1,0
2731,1,TypeB,34100,011111100000000000000000000111111110000000000000000000000000000000000000000000000000011111100000000000001111100000000000000000001111111000000000000000000000000000000000,1,0
2732,1,TypeB,33100,011111100000000000000000000001111111000000000000000000000000000000000000000000000000011111100000000000001111100000000000000000001111111000000000000000000000000000000000,1,0
2733,1,TypeB,34100,011111100000000000000000000001111111100000000000000000000000000000000000000000000000011111100000000000001111100000000000000000001111111000000000000000000000000000000000,1,0
2734,1,TypeB,34100,011111100000000000000000000011111110000000000000000000000000000000000000000000000000011111100000000000001111110000000000000000001111111000000000000000000000000000000000,1,0
2735,1,TypeB,34100,011111100000000000000000000011111110000000000000000000000000000000000000000000000000011111100000000000011111100000000000000000001111111000000000000000000000000000000000,1,0
2736,1,TypeB,34100,011111100000000000000000000011111110000000000000000000000000000000000000000000000000011111110000000000001111100000000000000000001111111000000000000000000000000000000000,1,0
2737,1,TypeB,34100,011111100000000000000000000011111110000000000000000000000000000000000000000000000000111111100000000000001111100000000000000000001111111000000000000000000000000000000000,1,0
2738,1,TypeB,35100,011111100000000000000000000011111111000000000000000000000000000000000000000000000000011111100000000000001111110000000000000000001111111000000000000000000000000000000000,1,0
2739,1,TypeB,35100,011111100000000000000000000011111111000000000000000000000000000000000000000000000000011111100000000000011111100000000000000000001111111000000000000000000000000000000000,1,0
2740,1,TypeB,35100,011111100000000000000000000011111111000000000000000000000000000000000000000000000000011111110000000000001111100000000000000000001111111000000000000000000000000000000000,1,0
2741,1,TypeB,35100,011111100000000000000000000011111111000000000000000000000000000000000000000000000000111111100000000000001111100000000000000000001111111000000000000000000000000000000000,1,0
2742,1,TypeB,35100,011111100000000000000000000111111110000000000000000000000000000000000000000000000000011111100000000000001111110000000000000000001111111000000000000000000000000000000000,1,0
2743,1,TypeB,35100,011111100000000000000000000111111110000000000000000000000000000000000000000000000000011111100000000000011111100000000000000000001111111000000000000000000000000000000000,1,0
2744,1,TypeB,35100,011111100000000000000000000111111110000000000000000000000000000000000000000000000000011111110000000000001111100000000000000000001111111000000000000000000000000000000000,1,0
2745,1,TypeB,35100,011111100000000000000000000111111110000000000000000000000000000000000000000000000000111111100000000000001111100000000000000000001111111000000000000000000000000000000000,1,0
2746,1,TypeB,34100,011111110000000000000000000011111110000000000000000000000000000000000000000000000000011111100000000000001111100000000000000000001111111000000000000000000000000000000000,1,0
2747,1,TypeB,35100,011111110000000000000000000011111111000000000000000000000000000000000000000000000000011111100000000000001111100000000000000000001111111000000000000000000000000000000000,1,0
2748,1,TypeB,35100,011111110000000000000000000111111110000000000000000000000000000000000000000000000000011111100000000000001111100000000000000000001111111000000000000000000000000000000000,1,0
2749,1,TypeB,35100,011111111000000000000000000011111110000000000000000000000000000000000000000000000000011111100000000000001111100000000000000000001111111000000000000000000000000000000000,1,0
2750,1,TypeB,36100,011111111000000000000000000011111111000000000000000000000000000000000000000000000000011111100000000000001111100000000000000000001111111000000000000000000000000000000000,1,0
2751,1,TypeB,36100,011111111000000000000000000111111110000000000000000000000000000000000000000000000000011111100000000000001111100000000000000000001111111000000000000000000000000000000000,1,0
2752,1,TypeB,34100,111111100000000000000000000011111110000000000000000000000000000000000000000000000000011111100000000000001111100000000000000000001111111000000000000000000000000000000000,1,0
2753,1,TypeB,35100,111111100000000000000000000011111111000000000000000000000000000000000000000000000000011111100000000000001111100000000000000000001111111000000000000000000000000000000000,1,0
2754,1,TypeB,35100,111111100000000000000000000111111110000000000000000000000000000000000000000000000000011111100000000000001111100000000000000000001111111000000000000000000000000000000000,1,0
2755,1,TypeB,31800,011111100000000000000000000011111110000000000000000000000000000000000000000000000000011111100000000000001111100000000000000000001111110000000000000000000000000000000000,1,0
2756,1,TypeB,30500,011111100000000000000000000011111110000000000000000000000000000000000000000000000000011111100000000000001111100000000000000000001111100000000000000000000000000000000000,1,0
2757,1,TypeB,31500,011111100000000000000000000011111111000000000000000000000000000000000000000000000000011111100000000000001111100000000000000000001111100000000000000000000000000000000000,1,0
2758,1,TypeB,31500,011111100000000000000000000111111110000000000000000000000000000000000000000000000000011111100000000000001111100000000000000000001111100000000000000000000000000000000000,1,0
2759,1,TypeB,29500,011111100000000000000000000001111110000000000000000000000000000000000000000000000000011111100000000000001111100000000000000000001111100000000000000000000000000000000000,1,0
2760,1,TypeB,30500,011111100000000000000000000001111111000000000000000000000000000000000000000000000000011111100000000000001111100000000000000000001111100000000000000000000000000000000000,1,0
2761,1,TypeB,31500,011111100000000000000000000001111111100000000000000000000000000000000000000000000000011111100000000000001111100000000000000000001111100000000000000000000000000000000000,1,0
2762,1,TypeB,31500,011111100000000000000000000011111110000000000000000000000000000000000000000000000000011111100000000000001111110000000000000000001111100000000000000000000000000000000000,1,0
2763,1,TypeB,31500,011111100000000000000000000011111110000000000000000000000000000000000000000000000000011111100000000000011111100000000000000000001111100000000000000000000000000000000000,1,0
2764,1,TypeB,31500,011111100000000000000000000011111110000000000000000000000000000000000000000000000000011111110000000000001111100000000000000000001111100000000000000000000000000000000000,1,0
2765,1,TypeB,31500,011111100000000000000000000011111110000000000000000000000000000000000000000000000000111111100000000000001111100000000000000000001111100000000000000000000000000000000000,1,0
2766,1,TypeB,32500,011111100000000000000000000011111111000000000000000000000000000000000000000000000000011111100000000000001111110000000000000000001111100000000000000000000000000000000000,1,0
2767,1,TypeB,32500,011111100000000000000000000011111111000000000000000000000000000000000000000000000000011111100000000000011111100000000000000000001111100000000000000000000000000000000000,1,0
2768,1,TypeB,32500,011111100000000000000000000011111111000000000000000000000000000000000000000000000000011111110000000000001111100000000000000000001111100000000000000000000000000000000000,1,0
2769,1,TypeB,32500,011111100000000000000000000011111111000000000000000000000000000000000000000000000000111111100000000000001111100000000000000000001111100000000000000000000000000000000000,1,0
2770,1,TypeB,32500,011111100000000000000000000111111110000000000000000000000000000000000000000000000000011111100000000000001111110000000000000000001111100000000000000000000000000000000000,1,0
2771,1,TypeB,32500,011111100000000000000000000111111110000000000000000000000000000000000000000000000000011111100000000000011111100000000000000000001111100000000000000000000000000000000000,1,0
2772,1,TypeB,32500,011111100000000000000000000111111110000000000000000000000000000000000000000000000000011111110000000000001111100000000000000000001111100000000000000000000000000000000000,1,0
2773,1,TypeB,32500,011111100000000000000000000111111110000000000000000000000000000000000000000000000000111111100000000000001111100000000000000000001111100000000000000000000000000000000000,1,0
2774,1,TypeB,31500,011111110000000000000000000011111110000000000000000000000000000000000000000000000000011111100000000000001111100000000000000000001111100000000000000000000000000000000000,1,0
2775,1,TypeB,32500,011111110000000000000000000011111111000000000000000000000000000000000000000000000000011111100000000000001111100000000000000000001111100000000000000000000000000000000000,1,0
2776,1,TypeB,32500,011111110000000000000000000111111110000000000000000000000000000000000000000000000000011111100000000000001111100000000000000000001111100000000000000000000000000000000000,1,0
2777,1,TypeB,32500,011111111000000000000000000011111110000000000000000000000000000000000000000000000000011111100000000000001111100000000000000000001111100000000000000000000000000000000000,1,0
2778,1,TypeB,33500,011111111000000000000000000011111111000000000000000000000000000000000000000000000000011111100000000000001111100000000000000000001111100000000000000000000000000000000000,1,0
2779,1,TypeB,33500,011111111000000000000000000111111110000000000000000000000000000000000000000000000000011111100000000000001111100000000000000000001111100000000000000000000000000000000000,1,0
2780,1,TypeB,31500,111111100000000000000000000011111110000000000000000000000000000000000000000000000000011111100000000000001111100000000000000000001111100000000000000000000000000000000000,1,0
2781,1,TypeB,32500,111111100000000000000000000011111111000000000000000000000000000000000000000000000000011111100000000000001111100000000000000000001111100000000000000000000000000000000000,1,0
2782,1,TypeB,32500,111111100000000000000000000111111110000000000000000000000000000000000000000000000000011111100000000000001111100000000000000000001111100000000000000000000000000000000000,1,0
2783,1,TypeB,29200,011111100000000000000000000011111110000000000000000000000000000000000000000000000000011111100000000000001111100000000000000000001111000000000000000000000000000000000000,1,0
2784,1,TypeB,34400,011111100000000000000000000011111110000000000000000000000000000000000000000000000000011111100000000000001111100000000000000000001111111100000000000000000000000000000000,1,0
2785,1,TypeB,29200,011111100000000000000000000011111110000000000000000000000000000000000000000000000000011111100000000000001111100000000000000000011110000000000000000000000000000000000000,1,0
2786,1,TypeB,31800,011111100000000000000000000011111110000000000000000000000000000000000000000000000000011111100000000000001111100000000000000000011111100000000000000000000000000000000000,1,0
2787,1,TypeB,34400,011111100000000000000000000011111110000000000000000000000000000000000000000000000000011111100000000000001111100000000000000000011111111000000000000000000000000000000000,1,0
2788,1,TypeB,29200,011111100000000000000000000011111110000000000000000000000000000000000000000000000000011111100000000000001111100000000000000000111100000000000000000000000000000000000000,1,0
2789,1,TypeB,30200,011111100000000000000000000011111111000000000000000000000000000000000000000000000000011111100000000000001111100000000000000000001111000000000000000000000000000000000000,1,0
2790,1,TypeB,32800,011111100000000000000000000011111111000000000000000000000000000000000000000000000000011111100000000000001111100000000000000000001111110000000000000000000000000000000000,1,0
2791,1,TypeB,35400,011111100000000000000000000011111111000000000000000000000000000000000000000000000000011111100000000000001111100000000000000000001111111100000000000000000000000000000000,1,0
2792,1,TypeB,30200,011111100000000000000000000011111111000000000000000000000000000000000000000000000000011111100000000000001111100000000000000000011110000000000000000000000000000000000000,1,0
2793,1,TypeB,32800,011111100000000000000000000011111111000000000000000000000000000000000000000000000000011111100000000000001111100000000000000000011111100000000000000000000000000000000000,1,0
2794,1,TypeB,35400,011111100000000000000000000011111111000000000000000000000000000000000000000000000000011111100000000000001111100000000000000000011111111000000000000000000000000000000000,1,0
2795,1,TypeB,30200,011111100000000000000000000011111111000000000000000000000000000000000000000000000000011111100000000000001111100000000000000000111100000000000000000000000000000000000000,1,0
2796,1,TypeB,30200,011111100000000000000000000111111110000000000000000000000000000000000000000000000000011111100000000000001111100000000000000000001111000000000000000000000000000000000000,1,0
2797,1,TypeB,32800,011111100000000000000000000111111110000000000000000000000000000000000000000000000000011111100000000000001111100000000000000000001111110000000000000000000000000000000000,1,0
2798,1,TypeB,35400,011111100000000000000000000111111110000000000000000000000000000000000000000000000000011111100000000000001111100000000000000000001111111100000000000000000000000000000000,1,0
2799,1,TypeB,30200,011111100000000000000000000111111110000000000000000000000000000000000000000000000000011111100000000000001111100000000000000000011110000000000000000000000000000000000000,1,0
2800,1,TypeB,32800,011111100000000000000000000111111110000000000000000000000000000000000000000000000000011111100000000000001111100000000000000000011111100000000000000000000000000000000000,1,0
2801,1,TypeB,35400,011111100000000000000000000111111110000000000000000000000000000000000000000000000000011111100000000000001111100000000000000000011111111000000000000000000000000000000000,1,0
2802,1,TypeB,30200,011111100000000000000000000111111110000000000000000000000000000000000000000000000000011111100000000000001111100000000000000000111100000000000000000000000000000000000000,1,0
2803,1,TypeB,30500,011111100000000000000000000001111110000000000000000000000000000000000000000000000000011111100000000000001111110000000000000000001111100000000000000000000000000000000000,1,0
2804,1,TypeB,33100,011111100000000000000000000001111110000000000000000000000000000000000000000000000000011111100000000000001111110000000000000000001111111000000000000000000000000000000000,1,0
2805,2,TypeC,31300,000000000000111100000000000000000011111100000000000000001110000000000000000000000000011111100000000000000000000000000000000000001111110000000000000000000000000000000000,1,0
2806,2,TypeC,30000,000000000000111000000000000000000011111100000000000000001110000000000000000000000000011111100000000000000000000000000000000000001111110000000000000000000000000000000000,1,0
2807,2,TypeC,33900,000000000111111000000000000000000011111100000000000000001110000000000000000000000000011111100000000000000000000000000000000000001111110000000000000000000000000000000000,1,0
2808,2,TypeC,32600,000000000111110000000000000000000011111100000000000000001110000000000000000000000000011111100000000000000000000000000000000000001111110000000000000000000000000000000000,1,0
2809,2,TypeC,31300,000000000111110000000000000000000011111100000000000000001110000000000000000000000000011111100000000000000000000000000000000000001111100000000000000000000000000000000000,1,0
2810,2,TypeC,31000,000000000111110000000000000000000011111100000000000000011100000000000000000000000000011111100000000000000000000000000000000000001111100000000000000000000000000000000000,1,0
2811,2,TypeC,32300,000000001111110000000000000000000011111100000000000000001110000000000000000000000000011111100000000000000000000000000000000000001111100000000000000000000000000000000000,1,0
2812,2,TypeC,32000,000000001111110000000000000000000011111100000000000000011100000000000000000000000000011111100000000000000000000000000000000000001111100000000000000000000000000000000000,1,0
2813,2,TypeC,32300,000000000111110000000000000000000011111100000000000000001110000000000000000000000000011111100000000000000000000000000000000000011111100000000000000000000000000000000000,1,0
2814,2,TypeC,32000,000000000111110000000000000000000011111100000000000000011100000000000000000000000000011111100000000000000000000000000000000000011111100000000000000000000000000000000000,1,0
2815,2,TypeC,32300,000000000111110000000000000000000011111100000000000000011110000000000000000000000000011111100000000000000000000000000000000000001111100000000000000000000000000000000000,1,0
2816,2,TypeC,32000,000000000111110000000000000000000011111100000000000000111100000000000000000000000000011111100000000000000000000000000000000000001111100000000000000000000000000000000000,1,0
2817,2,TypeC,33300,000000001111110000000000000000000011111100000000000000001110000000000000000000000000011111100000000000000000000000000000000000011111100000000000000000000000000000000000,1,0
2818,2,TypeC,33000,000000001111110000000000000000000011111100000000000000011100000000000000000000000000011111100000000000000000000000000000000000011111100000000000000000000000000000000000,1,0
2819,2,TypeC,33300,000000001111110000000000000000000011111100000000000000011110000000000000000000000000011111100000000000000000000000000000000000001111100000000000000000000000000000000000,1,0
2820,2,TypeC,33000,000000001111110000000000000000000011111100000000000000111100000000000000000000000000011111100000000000000000000000000000000000001111100000000000000000000000000000000000,1,0
2821,2,TypeC,30000,000000000111110000000000000000000011111100000000000000001110000000000000000000000000011111100000000000000000000000000000000000001111000000000000000000000000000000000000,1,0
2822,2,TypeC,28700,000000000111110000000000000000000011111100000000000000001110000000000000000000000000011111100000000000000000000000000000000000001110000000000000000000000000000000000000,1,0
2823,2,TypeC,28400,000000000111110000000000000000000011111100000000000000001110000000000000000000000000011111100000000000000000000000000000000000011100000000000000000000000000000000000000,1,0
2824,2,TypeC,28100,000000000111110000000000000000000011111100000000000000011100000000000000000000000000011111100000000000000000000000000000000000011100000000000000000000000000000000000000,1,0
2825,2,TypeC,29400,000000001111110000000000000000000011111100000000000000001110000000000000000000000000011111100000000000000000000000000000000000011100000000000000000000000000000000000000,1,0
2826,2,TypeC,29100,000000001111110000000000000000000011111100000000000000011100000000000000000000000000011111100000000000000000000000000000000000011100000000000000000000000000000000000000,1,0
2827,2,TypeC,28400,000000000111110000000000000000000011111100000000000000011100000000000000000000000000011111100000000000000000000000000000000000001110000000000000000000000000000000000000,1,0
2828,2,TypeC,29700,000000001111110000000000000000000011111100000000000000001110000000000000000000000000011111100000000000000000000000000000000000001110000000000000000000000000000000000000,1,0
2829,2,TypeC,29400,000000001111110000000000000000000011111100000000000000011100000000000000000000000000011111100000000000000000000000000000000000001110000000000000000000000000000000000000,1,0
2830,2,TypeC,29400,000000000111110000000000000000000011111100000000000000001110000000000000000000000000011111100000000000000000000000000000000000111100000000000000000000000000000000000000,1,0
2831,2,TypeC,29100,000000000111110000000000000000000011111100000000000000011100000000000000000000000000011111100000000000000000000000000000000000111100000000000000000000000000000000000000,1,0
2832,2,TypeC,29400,000000000111110000000000000000000011111100000000000000011110000000000000000000000000011111100000000000000000000000000000000000011100000000000000000000000000000000000000,1,0
2833,2,TypeC,29100,000000000111110000000000000000000011111100000000000000111100000000000000000000000000011111100000000000000000000000000000000000011100000000000000000000000000000000000000,1,0
2834,2,TypeC,30400,000000001111110000000000000000000011111100000000000000001110000000000000000000000000011111100000000000000000000000000000000000111100000000000000000000000000000000000000,1,0
2835,2,TypeC,30100,000000001111110000000000000000000011111100000000000000011100000000000000000000000000011111100000000000000000000000000000000000111100000000000000000000000000000000000000,1,0
2836,2,TypeC,30400,000000001111110000000000000000000011111100000000000000011110000000000000000000000000011111100000000000000000000000000000000000011100000000000000000000000000000000000000,1,0
2837,2,TypeC,30100,000000001111110000000000000000000011111100000000000000111100000000000000000000000000011111100000000000000000000000000000000000011100000000000000000000000000000000000000,1,0
2838,2,TypeC,29700,000000000111110000000000000000000011111100000000000000001110000000000000000000000000011111100000000000000000000000000000000000011110000000000000000000000000000000000000,1,0
2839,2,TypeC,29700,000000000111110000000000000000000011111100000000000000001111000000000000000000000000011111100000000000000000000000000000000000011100000000000000000000000000000000000000,1,0
2840,2,TypeC,29400,000000000111110000000000000000000011111100000000000000011100000000000000000000000000011111100000000000000000000000000000000000011110000000000000000000000000000000000000,1,0
2841,2,TypeC,29700,000000000111110000000000000000000011111100000000000000011110000000000000000000000000011111100000000000000000000000000000000000001110000000000000000000000000000000000000,1,0
2842,2,TypeC,29400,000000000111110000000000000000000011111100000000000000111100000000000000000000000000011111100000000000000000000000000000000000001110000000000000000000000000000000000000,1,0
2843,2,TypeC,29700,000000000111111000000000000000000011111100000000000000001110000000000000000000000000011111100000000000000000000000000000000000011100000000000000000000000000000000000000,1,0
2844,2,TypeC,29400,000000000111111000000000000000000011111100000000000000011100000000000000000000000000011111100000000000000000000000000000000000011100000000000000000000000000000000000000,1,0
2845,2,TypeC,30700,000000001111110000000000000000000011111100000000000000001110000000000000000000000000011111100000000000000000000000000000000000011110000000000000000000000000000000000000,1,0
2846,2,TypeC,30700,000000001111110000000000000000000011111100000000000000001111000000000000000000000000011111100000000000000000000000000000000000011100000000000000000000000000000000000000,1,0
2847,2,TypeC,30400,000000001111110000000000000000000011111100000000000000011100000000000000000000000000011111100000000000000000000000000000000000011110000000000000000000000000000000000000,1,0
2848,2,TypeC,30700,000000001111110000000000000000000011111100000000000000011110000000000000000000000000011111100000000000000000000000000000000000001110000000000000000000000000000000000000,1,0
2849,2,TypeC,30400,000000001111110000000000000000000011111100000000000000111100000000000000000000000000011111100000000000000000000000000000000000001110000000000000000000000000000000000000,1,0
2850,2,TypeC,30000,000000000111110000000000000000000011111100000000000000001111000000000000000000000000011111100000000000000000000000000000000000001110000000000000000000000000000000000000,1,0
2851,2,TypeC,32600,000000000111110000000000000000000011111100000000000000001111000000000000000000000000011111100000000000000000000000000000000000001111100000000000000000000000000000000000,1,0
2852,2,TypeC,29700,000000000111110000000000000000000011111100000000000000011100000000000000000000000000011111100000000000000000000000000000000000001111000000000000000000000000000000000000,1,0
2853,2,TypeC,32300,000000000111110000000000000000000011111100000000000000011100000000000000000000000000011111100000000000000000000000000000000000001111110000000000000000000000000000000000,1,0
2854,2,TypeC,30000,000000000111111000000000000000000011111100000000000000001110000000000000000000000000011111100000000000000000000000000000000000001110000000000000000000000000000000000000,1,0
2855,2,TypeC,32600,000000000111111000000000000000000011111100000000000000001110000000000000000000000000011111100000000000000000000000000000000000001111100000000000000000000000000000000000,1,0
2856,2,TypeC,29700,000000000111111000000000000000000011111100000000000000011100000000000000000000000000011111100000000000000000000000000000000000001110000000000000000000000000000000000000,1,0
2857,2,TypeC,32300,000000000111111000000000000000000011111100000000000000011100000000000000000000000000011111100000000000000000000000000000000000001111100000000000000000000000000000000000,1,0
2858,2,TypeC,31000,000000001111110000000000000000000011111100000000000000001110000000000000000000000000011111100000000000000000000000000000000000001111000000000000000000000000000000000000,1,0
2859,2,TypeC,33600,000000001111110000000000000000000011111100000000000000001110000000000000000000000000011111100000000000000000000000000000000000001111110000000000000000000000000000000000,1,0
2860,2,TypeC,31000,000000001111110000000000000000000011111100000000000000001111000000000000000000000000011111100000000000000000000000000000000000001110000000000000000000000000000000000000,1,0
2861,2,TypeC,33600,000000001111110000000000000000000011111100000000000000001111000000000000000000000000011111100000000000000000000000000000000000001111100000000000000000000000000000000000,1,0
2862,2,TypeC,30700,000000001111110000000000000000000011111100000000000000011100000000000000000000000000011111100000000000000000000000000000000000001111000000000000000000000000000000000000,1,0
2863,2,TypeC,33300,000000001111110000000000000000000011111100000000000000011100000000000000000000000000011111100000000000000000000000000000000000001111110000000000000000000000000000000000,1,0
2864,2,TypeC,27100,000000000111100000000000000000000011111100000000000000001110000000000000000000000000011111100000000000000000000000000000000000011100000000000000000000000000000000000000,1,0
2865,2,TypeC,26800,000000000111100000000000000000000011111100000000000000011100000000000000000000000000011111100000000000000000000000000000000000011100000000000000000000000000000000000000,1,0
2866,2,TypeC,28100,000000001111100000000000000000000011111100000000000000001110000000000000000000000000011111100000000000000000000000000000000000011100000000000000000000000000000000000000,1,0
2867,2,TypeC,27800,000000001111100000000000000000000011111100000000000000011100000000000000000000000000011111100000000000000000000000000000000000011100000000000000000000000000000000000000,1,0
2868,2,TypeC,27400,000000000111100000000000000000000011111100000000000000001110000000000000000000000000011111100000000000000000000000000000000000001110000000000000000000000000000000000000,1,0
2869,2,TypeC,30000,000000000111100000000000000000000011111100000000000000001110000000000000000000000000011111100000000000000000000000000000000000001111100000000000000000000000000000000000,1,0
2870,2,TypeC,27100,000000000111100000000000000000000011111100000000000000011100000000000000000000000000011111100000000000000000000000000000000000001110000000000000000000000000000000000000,1,0
2871,2,TypeC,29700,000000000111100000000000000000000011111100000000000000011100000000000000000000000000011111100000000000000000000000000000000000001111100000000000000000000000000000000000,1,0
2872,2,TypeC,30400,000000000111110000000000000000000011111100000000000000001110000000000000000000000000011111100000000000000000000000000000000001111100000000000000000000000000000000000000,1,0
2873,2,TypeC,30100,000000000111110000000000000000000011111100000000000000011100000000000000000000000000011111100000000000000000000000000000000001111100000000000000000000000000000000000000,1,0
2874,2,TypeC,30400,000000000111110000000000000000000011111100000000000000011110000000000000000000000000011111100000000000000000000000000000000000111100000000000000000000000000000000000000,1,0
2875,2,TypeC,30100,000000000111110000000000000000000011111100000000000000111100000000000000000000000000011111100000000000000000000000000000000000111100000000000000000000000000000000000000,1,0
2876,2,TypeC,30400,000000000111110000000000000000000011111100000000000000111110000000000000000000000000011111100000000000000000000000000000000000011100000000000000000000000000000000000000,1,0
2877,2,TypeC,30100,000000000111110000000000000000000011111100000000000001111100000000000000000000000000011111100000000000000000000000000000000000011100000000000000000000000000000000000000,1,0
2878,2,TypeC,28400,000000001111100000000000000000000011111100000000000000001110000000000000000000000000011111100000000000000000000000000000000000001110000000000000000000000000000000000000,1,0
2879,0,TypeA,55100,000000000000111111110000000000000000000000000000000000000000000111111111000000000000000000000000011111111110000000000000111111111100000000000000000001111111111000000000,1,0
2880,0,TypeA,53800,000000000000111111110000000000000000000000000000000000000000000111111111000000000000000000000000011111111110000000000000111111111100000000000000000000111111111000000000,1,0
2881,0,TypeA,53500,000000000001111111100000000000000000000000000000000000000000000111111111000000000000000000000000011111111110000000000000111111111100000000000000000000111111111000000000,1,0
2882,0,TypeA,52500,000000000001111111100000000000000000000000000000000000000000000111111111000000000000000000000000011111111100000000000000111111111100000000000000000000111111111000000000,1,0
2883,0,TypeA,51500,000000000001111111100000000000000000000000000000000000000000000111111111000000000000000000000000011111111000000000000000111111111100000000000000000000111111111000000000,1,0
2884,0,TypeA,51500,000000000011111111000000000000000000000000000000000000000000000111111111000000000000000000000000011111111000000000000000111111111100000000000000000000111111111000000000,1,0
2885,0,TypeA,51500,000000000111111110000000000000000000000000000000000000000000000111111111000000000000000000000000011111111000000000000000111111111100000000000000000000111111111000000000,1,0
2886,0,TypeA,51800,000000001111111100000000000000000000000000000000000000000000000111111111000000000000000000000000011111111000000000000000111111111100000000000000000000111111111000000000,1,0
2887,0,TypeA,53100,000000001111111100000000000000000000000000000000000000000000000111111111000000000000000000000000011111111000000000000000111111111100000000000000000001111111111000000000,1,0
2888,0,TypeA,52500,000000000111111111000000000000000000000000000000000000000000000111111111000000000000000000000000011111111000000000000000111111111100000000000000000000111111111000000000,1,0
2889,0,TypeA,53500,000000000111111111100000000000000000000000000000000000000000000111111111000000000000000000000000011111111000000000000000111111111100000000000000000000111111111000000000,1,0
2890,0,TypeA,52100,000000011111111000000000000000000000000000000000000000000000000111111111000000000000000000000000011111111000000000000000111111111100000000000000000000111111111000000000,1,0
2891,0,TypeA,52400,000000111111110000000000000000000000000000000000000000000000000111111111000000000000000000000000011111111000000000000000111111111100000000000000000000111111111000000000,1,0
2892,0,TypeA,52700,000001111111100000000000000000000000000000000000000000000000000111111111000000000000000000000000011111111000000000000000111111111100000000000000000000111111111000000000,1,0
2893,0,TypeA,53700,000000111111110000000000000000000000000000000000000000000000000111111111000000000000000000000000011111111000000000000000111111111100000000000000000001111111111000000000,1,0
2894,0,TypeA,54000,000001111111100000000000000000000000000000000000000000000000000111111111000000000000000000000000011111111000000000000000111111111100000000000000000001111111111000000000,1,0
2895,0,TypeA,53400,000000111111110000000000000000000000000000000000000000000000000111111111000000000000000000000000011111111000000000000000111111111100000000000000000000111111111100000000,1,0
2896,0,TypeA,53400,000000111111110000000000000000000000000000000000000000000000000111111111000000000000000000000000011111111100000000000000111111111100000000000000000000111111111000000000,1,0
2897,0,TypeA,54400,000000111111110000000000000000000000000000000000000000000000000111111111000000000000000000000000011111111110000000000000111111111100000000000000000000111111111000000000,1,0
2898,0,TypeA,53400,000000111111110000000000000000000000000000000000000000000000001111111111000000000000000000000000011111111000000000000000111111111100000000000000000000111111111000000000,1,0
2899,0,TypeA,53400,000000111111111000000000000000000000000000000000000000000000000111111111000000000000000000000000011111111000000000000000111111111100000000000000000000111111111000000000,1,0
2900,0,TypeA,53700,000001111111100000000000000000000000000000000000000000000000000111111111000000000000000000000000011111111000000000000000111111111100000000000000000000111111111100000000,1,0
2901,0,TypeA,53700,000001111111100000000000000000000000000000000000000000000000000111111111000000000000000000000000011111111100000000000000111111111100000000000000000000111111111000000000,1,0
2902,0,TypeA,54700,000001111111100000000000000000000000000000000000000000000000000111111111000000000000000000000000011111111110000000000000111111111100000000000000000000111111111000000000,1,0
2903,0,TypeA,53700,000001111111100000000000000000000000000000000000000000000000001111111111000000000000000000000000011111111000000000000000111111111100000000000000000000111111111000000000,1,0
2904,0,TypeA,53700,000001111111110000000000000000000000000000000000000000000000000111111111000000000000000000000000011111111000000000000000111111111100000000000000000000111111111000000000,1,0
2905,0,TypeA,53700,000000111111110000000000000000000000000000000000000000000000000111111111000000000000000000000000111111111000000000000000111111111100000000000000000000111111111000000000,1,0
2906,0,TypeA,53700,000000111111110000000000000000000000000000000000000000000000000111111111100000000000000000000000011111111000000000000000111111111100000000000000000000111111111000000000,1,0
2907,0,TypeA,54000,000001111111100000000000000000000000000000000000000000000000000111111111000000000000000000000000111111111000000000000000111111111100000000000000000000111111111000000000,1,0
2908,0,TypeA,54000,000001111111100000000000000000000000000000000000000000000000000111111111100000000000000000000000011111111000000000000000111111111100000000000000000000111111111000000000,1,0
2909,0,TypeA,54000,000011111111100000000000000000000000000000000000000000000000000111111111000000000000000000000000011111111000000000000000111111111100000000000000000000111111111000000000,1,0
2910,0,TypeA,55300,000111111111100000000000000000000000000000000000000000000000000111111111000000000000000000000000011111111000000000000000111111111100000000000000000000111111111000000000,1,0
2911,0,TypeA,56600,000111111111100000000000000000000000000000000000000000000000000111111111000000000000000000000000011111111000000000000000111111111100000000000000000001111111111000000000,1,0
2912,0,TypeA,56300,000111111111100000000000000000000000000000000000000000000000000111111111000000000000000000000000011111111000000000000000111111111100000000000000000000111111111100000000,1,0
2913,0,TypeA,56300,000111111111100000000000000000000000000000000000000000000000000111111111000000000000000000000000011111111100000000000000111111111100000000000000000000111111111000000000,1,0
2914,0,TypeA,57300,000111111111100000000000000000000000000000000000000000000000000111111111000000000000000000000000011111111110000000000000111111111100000000000000000000111111111000000000,1,0
2915,0,TypeA,56300,000111111111100000000000000000000000000000000000000000000000001111111111000000000000000000000000011111111000000000000000111111111100000000000000000000111111111000000000,1,0
2916,0,TypeA,56600,000111111111100000000000000000000000000000000000000000000000000111111111000000000000000000000000111111111000000000000000111111111100000000000000000000111111111000000000,1,0
2917,0,TypeA,56600,000111111111100000000000000000000000000000000000000000000000000111111111100000000000000000000000011111111000000000000000111111111100000000000000000000111111111000000000,1,0
2918,0,TypeA,57600,000111111111100000000000000000000000000000000000000000000000000111111111000000000000000000000000011111111100000000000000111111111100000000000000000001111111111000000000,1,0
2919,0,TypeA,58600,000111111111100000000000000000000000000000000000000000000000000111111111000000000000000000000000011111111110000000000000111111111100000000000000000001111111111000000000,1,0
2920,0,TypeA,57600,000111111111100000000000000000000000000000000000000000000000001111111111000000000000000000000000011111111000000000000000111111111100000000000000000001111111111000000000,1,0
2921,0,TypeA,56900,000111111111100000000000000000000000000000000000000000000000000011111111110000000000000000000000011111111000000000000000111111111100000000000000000000111111111000000000,1,0
2922,0,TypeA,55900,000111111111100000000000000000000000000000000000000000000000000001111111110000000000000000000000011111111000000000000000111111111100000000000000000000111111111000000000,1,0
2923,0,TypeA,57200,000111111111100000000000000000000000000000000000000000000000000001111111110000000000000000000000011111111000000000000000111111111100000000000000000001111111111000000000,1,0
2924,0,TypeA,56900,000111111111100000000000000000000000000000000000000000000000000001111111110000000000000000000000011111111000000000000000111111111100000000000000000000111111111100000000,1,0
2925,0,TypeA,56900,000111111111100000000000000000000000000000000000000000000000000001111111110000000000000000000000011111111100000000000000111111111100000000000000000000111111111000000000,1,0
2926,0,TypeA,57900,000111111111100000000000000000000000000000000000000000000000000001111111110000000000000000000000011111111110000000000000111111111100000000000000000000111111111000000000,1,0
2927,0,TypeA,57900,000111111111100000000000000000000000000000000000000000000000000111111111000000000000000000000000111111111000000000000000111111111100000000000000000001111111111000000000,1,0
2928,0,TypeA,57900,000111111111100000000000000000000000000000000000000000000000000111111111100000000000000000000000011111111000000000000000111111111100000000000000000001111111111000000000,1,0
2929,0,TypeA,57200,000111111111100000000000000000000000000000000000000000000000000001111111110000000000000000000000111111111000000000000000111111111100000000000000000000111111111000000000,1,0
2930,0,TypeA,57200,000111111111100000000000000000000000000000000000000000000000000001111111111000000000000000000000011111111000000000000000111111111100000000000000000000111111111000000000,1,0
2931,0,TypeA,57300,000111111111100000000000000000000000000000000000000000000000000111111111000000000000000000000000011111111100000000000000111111111100000000000000000000111111111100000000,1,0
2932,0,TypeA,58300,000111111111100000000000000000000000000000000000000000000000000111111111000000000000000000000000011111111110000000000000111111111100000000000000000000111111111100000000,1,0
2933,0,TypeA,57300,000111111111100000000000000000000000000000000000000000000000001111111111000000000000000000000000011111111000000000000000111111111100000000000000000000111111111100000000,1,0
2934,0,TypeA,57300,000111111111100000000000000000000000000000000000000000000000001111111111000000000000000000000000011111111100000000000000111111111100000000000000000000111111111000000000,1,0
2935,0,TypeA,58300,000111111111100000000000000000000000000000000000000000000000001111111111000000000000000000000000011111111110000000000000111111111100000000000000000000111111111000000000,1,0
2936,0,TypeA,58200,000111111111100000000000000000000000000000000000000000000000000001111111110000000000000000000000011111111100000000000000111111111100000000000000000001111111111000000000,1,0
2937,0,TypeA,59200,000111111111100000000000000000000000000000000000000000000000000001111111110000000000000000000000011111111110000000000000111111111100000000000000000001111111111000000000,1,0
2938,0,TypeA,58200,000111111111100000000000000000000000000000000000000000000000000011111111110000000000000000000000011111111000000000000000111111111100000000000000000001111111111000000000,1,0
2939,0,TypeA,57600,000111111111100000000000000000000000000000000000000000000000000111111111000000000000000000000000111111111000000000000000111111111100000000000000000000111111111100000000,1,0
2940,0,TypeA,57600,000111111111100000000000000000000000000000000000000000000000000111111111000000000000000000000000111111111100000000000000111111111100000000000000000000111111111000000000,1,0
2941,0,TypeA,57600,000111111111100000000000000000000000000000000000000000000000000111111111100000000000000000000000011111111000000000000000111111111100000000000000000000111111111100000000,1,0
2942,0,TypeA,57600,000111111111100000000000000000000000000000000000000000000000000111111111100000000000000000000000011111111100000000000000111111111100000000000000000000111111111000000000,1,0
2943,0,TypeA,58600,000111111111100000000000000000000000000000000000000000000000000111111111100000000000000000000000011111111110000000000000111111111100000000000000000000111111111000000000,1,0
2944,0,TypeA,57600,000111111111100000000000000000000000000000000000000000000000001111111111000000000000000000000000111111111000000000000000111111111100000000000000000000111111111000000000,1,0
2945,0,TypeA,58500,000111111111100000000000000000000000000000000000000000000000000001111111110000000000000000000000111111111000000000000000111111111100000000000000000001111111111000000000,1,0
2946,0,TypeA,58500,000111111111100000000000000000000000000000000000000000000000000001111111111000000000000000000000011111111000000000000000111111111100000000000000000001111111111000000000,1,0
2947,0,TypeA,58600,000111111111100000000000000000000000000000000000000000000000001111111111000000000000000000000000011111111100000000000000111111111100000000000000000001111111111000000000,1,0
2948,0,TypeA,59600,000111111111100000000000000000000000000000000000000000000000001111111111000000000000000000000000011111111110000000000000111111111100000000000000000001111111111000000000,1,0
2949,0,TypeA,57900,000111111111100000000000000000000000000000000000000000000000000001111111110000000000000000000000011111111100000000000000111111111100000000000000000000111111111100000000,1,0
2950,0,TypeA,58900,000111111111100000000000000000000000000000000000000000000000000001111111110000000000000000000000011111111110000000000000111111111100000000000000000000111111111100000000,1,0
2951,0,TypeA,57900,000111111111100000000000000000000000000000000000000000000000000011111111110000000000000000000000011111111000000000000000111111111100000000000000000000111111111100000000,1,0
2952,0,TypeA,57900,000111111111100000000000000000000000000000000000000000000000000011111111110000000000000000000000011111111100000000000000111111111100000000000000000000111111111000000000,1,0
2953,0,TypeA,58900,000111111111100000000000000000000000000000000000000000000000000011111111110000000000000000000000011111111110000000000000111111111100000000000000000000111111111000000000,1,0
2954,0,TypeA,57900,000111111111100000000000000000000000000000000000000000000000000111111111000000000000000000000001111111111000000000000000111111111100000000000000000000111111111000000000,1,0
2955,0,TypeA,57900,000111111111100000000000000000000000000000000000000000000000000111111111100000000000000000000000111111111000000000000000111111111100000000000000000000111111111000000000,1,0
2956,0,TypeA,58900,000111111111100000000000000000000000000000000000000000000000000111111111000000000000000000000000111111111100000000000000111111111100000000000000000001111111111000000000,1,0
2957,0,TypeA,58900,000111111111100000000000000000000000000000000000000000000000000111111111100000000000000000000000011111111100000000000000111111111100000000000000000001111111111000000000,1,0
2958,0,TypeA,59900,000111111111100000000000000000000000000000000000000000000000000111111111100000000000000000000000011111111110000000000000111111111100000000000000000001111111111000000000,1,0
2959,0,TypeA,58900,000111111111100000000000000000000000000000000000000000000000001111111111000000000000000000000000111111111000000000000000111111111100000000000000000001111111111000000000,1,0
2960,0,TypeA,58200,000111111111100000000000000000000000000000000000000000000000000001111111110000000000000000000000111111111000000000000000111111111100000000000000000000111111111100000000,1,0
2961,0,TypeA,58200,000111111111100000000000000000000000000000000000000000000000000001111111110000000000000000000000111111111100000000000000111111111100000000000000000000111111111000000000,1,0
2962,0,TypeA,58200,000111111111100000000000000000000000000000000000000000000000000001111111111000000000000000000000011111111000000000000000111111111100000000000000000000111111111100000000,1,0
2963,0,TypeA,58200,000111111111100000000000000000000000000000000000000000000000000001111111111000000000000000000000011111111100000000000000111111111100000000000000000000111111111000000000,1,0
2964,0,TypeA,59200,000111111111100000000000000000000000000000000000000000000000000001111111111000000000000000000000011111111110000000000000111111111100000000000000000000111111111000000000,1,0
2965,0,TypeA,58200,000111111111100000000000000000000000000000000000000000000000000011111111110000000000000000000000111111111000000000000000111111111100000000000000000000111111111000000000,1,0
2966,0,TypeA,54300,000111111111100000000000000000000000000000000000000000000000000111111111000000000000000000000000011111111000000000000000111111111000000000000000000000111111111000000000,1,0
2967,0,TypeA,53000,000111111111100000000000000000000000000000000000000000000000000111111111000000000000000000000000011111111000000000000000111111110000000000000000000000111111111000000000,1,0
2968,0,TypeA,53000,000111111111100000000000000000000000000000000000000000000000000111111111000000000000000000000000011111111000000000000001111111100000000000000000000000111111111000000000,1,0
2969,0,TypeA,53000,000111111111100000000000000000000000000000000000000000000000000111111111000000000000000000000000011111111000000000000011111111000000000000000000000000111111111000000000,1,0
2970,0,TypeA,53000,000111111111100000000000000000000000000000000000000000000000000111111111000000000000000000000000011111111000000000000111111110000000000000000000000000111111111000000000,1,0
2971,0,TypeA,53000,000111111111100000000000000000000000000000000000000000000000000111111111000000000000000000000000011111111000000000001111111100000000000000000000000000111111111000000000,1,0
2972,0,TypeA,54300,000111111111100000000000000000000000000000000000000000000000000111111111000000000000000000000000011111111000000000000000111111110000000000000000000001111111111000000000,1,0
2973,0,TypeA,54300,000111111111100000000000000000000000000000000000000000000000000111111111000000000000000000000000011111111000000000000001111111100000000000000000000001111111111000000000,1,0
2974,0,TypeA,54300,000111111111100000000000000000000000000000000000000000000000000111111111000000000000000000000000011111111000000000000011111111000000000000000000000001111111111000000000,1,0
2975,0,TypeA,54300,000111111111100000000000000000000000000000000000000000000000000111111111000000000000000000000000011111111000000000000111111110000000000000000000000001111111111000000000,1,0
2976,0,TypeA,54300,000111111111100000000000000000000000000000000000000000000000000111111111000000000000000000000000011111111000000000001111111100000000000000000000000001111111111000000000,1,0
2977,0,TypeA,54000,000111111111100000000000000000000000000000000000000000000000000111111111000000000000000000000000011111111000000000000000111111110000000000000000000000111111111100000000,1,0
2978,0,TypeA,54000,000111111111100000000000000000000000000000000000000000000000000111111111000000000000000000000000011111111000000000000001111111100000000000000000000000111111111100000000,1,0
2979,0,TypeA,54000,000111111111100000000000000000000000000000000000000000000000000111111111000000000000000000000000011111111000000000000011111111000000000000000000000000111111111100000000,1,0
2980,0,TypeA,54000,000111111111100000000000000000000000000000000000000000000000000111111111000000000000000000000000011111111000000000000111111110000000000000000000000000111111111100000000,1,0
2981,0,TypeA,54000,000111111111100000000000000000000000000000000000000000000000000111111111000000000000000000000000011111111000000000001111111100000000000000000000000000111111111100000000,1,0
2982,0,TypeA,54000,000111111111100000000000000000000000000000000000000000000000000111111111000000000000000000000000011111111100000000000000111111110000000000000000000000111111111000000000,1,0
2983,0,TypeA,54000,000111111111100000000000000000000000000000000000000000000000000111111111000000000000000000000000011111111100000000000001111111100000000000000000000000111111111000000000,1,0
2984,0,TypeA,54000,000111111111100000000000000000000000000000000000000000000000000111111111000000000000000000000000011111111100000000000011111111000000000000000000000000111111111000000000,1,0
2985,0,TypeA,54000,000111111111100000000000000000000000000000000000000000000000000111111111000000000000000000000000011111111100000000000111111110000000000000000000000000111111111000000000,1,0
2986,0,TypeA,55000,000111111111100000000000000000000000000000000000000000000000000111111111000000000000000000000000011111111110000000000000111111110000000000000000000000111111111000000000,1,0
2987,0,TypeA,55000,000111111111100000000000000000000000000000000000000000000000000111111111000000000000000000000000011111111110000000000001111111100000000000000000000000111111111000000000,1,0
2988,0,TypeA,55000,000111111111100000000000000000000000000000000000000000000000000111111111000000000000000000000000011111111110000000000011111111000000000000000000000000111111111000000000,1,0
2989,0,TypeA,54000,000111111111100000000000000000000000000000000000000000000000001111111111000000000000000000000000011111111000000000000000111111110000000000000000000000111111111000000000,1,0
2990,0,TypeA,54000,000111111111100000000000000000000000000000000000000000000000001111111111000000000000000000000000011111111000000000000001111111100000000000000000000000111111111000000000,1,0
2991,0,TypeA,54000,000111111111100000000000000000000000000000000000000000000000001111111111000000000000000000000000011111111000000000000011111111000000000000000000000000111111111000000000,1,0
2992,0,TypeA,54000,000111111111100000000000000000000000000000000000000000000000001111111111000000000000000000000000011111111000000000000111111110000000000000000000000000111111111000000000,1,0
2993,0,TypeA,54000,000111111111100000000000000000000000000000000000000000000000001111111111000000000000000000000000011111111000000000001111111100000000000000000000000000111111111000000000,1,0
2994,0,TypeA,54300,000111111111100000000000000000000000000000000000000000000000000111111111000000000000000000000000011111111000000000000001111111110000000000000000000000111111111000000000,1,0
2995,0,TypeA,54300,000111111111100000000000000000000000000000000000000000000000000111111111000000000000000000000000011111111000000000000011111111100000000000000000000000111111111000000000,1,0
2996,0,TypeA,54300,000111111111100000000000000000000000000000000000000000000000000111111111000000000000000000000000011111111000000000000111111111000000000000000000000000111111111000000000,1,0
2997,0,TypeA,54300,000111111111100000000000000000000000000000000000000000000000000111111111000000000000000000000000011111111000000000001111111110000000000000000000000000111111111000000000,1,0
2998,0,TypeA,54300,000111111111100000000000000000000000000000000000000000000000000111111111000000000000000000000000111111111000000000000000111111110000000000000000000000111111111000000000,1,0
2999,0,TypeA,54300,000111111111100000000000000000000000000000000000000000000000000111111111000000000000000000000000111111111000000000000001111111100000000000000000000000111111111000000000,1,0
3000,0,TypeA,54300,000111111111100000000000000000000000000000000000000000000000000111111111000000000000000000000000111111111000000000000011111111000000000000000000000000111111111000000000,1,0
3001,0,TypeA,54300,000111111111100000000000000000000000000000000000000000000000000111111111000000000000000000000000111111111000000000000111111110000000000000000000000000111111111000000000,1,0
3002,0,TypeA,54300,000111111111100000000000000000000000000000000000000000000000000111111111000000000000000000000000111111111000000000001111111100000000000000000000000000111111111000000000,1,0
3003,0,TypeA,54300,000111111111100000000000000000000000000000000000000000000000000111111111100000000000000000000000011111111000000000000000111111110000000000000000000000111111111000000000,1,0
3004,0,TypeA,54300,000111111111100000000000000000000000000000000000000000000000000111111111100000000000000000000000011111111000000000000001111111100000000000000000000000111111111000000000,1,0
3005,0,TypeA,54300,000111111111100000000000000000000000000000000000000000000000000111111111100000000000000000000000011111111000000000000011111111000000000000000000000000111111111000000000,1,0
3006,0,TypeA,54300,000111111111100000000000000000000000000000000000000000000000000111111111100000000000000000000000011111111000000000000111111110000000000000000000000000111111111000000000,1,0
3007,0,TypeA,54300,000111111111100000000000000000000000000000000000000000000000000111111111100000000000000000000000011111111000000000001111111100000000000000000000000000111111111000000000,1,0
3008,0,TypeA,58300,000111111111100000000000000000000000000000000000000000000000001111111111000000000000000000000000011111111100000000000000111111111100000000000000000000111111111100000000,1,0
3009,0,TypeA,59300,000111111111100000000000000000000000000000000000000000000000001111111111000000000000000000000000011111111110000000000000111111111100000000000000000000111111111100000000,1,0
3010,0,TypeA,59200,000111111111100000000000000000000000000000000000000000000000000011111111110000000000000000000000011111111100000000000000111111111100000000000000000001111111111000000000,1,0
3011,0,TypeA,60200,000111111111100000000000000000000000000000000000000000000000000011111111110000000000000000000000011111111110000000000000111111111100000000000000000001111111111000000000,1,0
3012,0,TypeA,55300,000111111111100000000000000000000000000000000000000000000000000111111111000000000000000000000000011111111100000000000000111111110000000000000000000001111111111000000000,1,0
3013,0,TypeA,55300,000111111111100000000000000000000000000000000000000000000000000111111111000000000000000000000000011111111100000000000001111111100000000000000000000001111111111000000000,1,0
3014,0,TypeA,55300,000111111111100000000000000000000000000000000000000000000000000111111111000000000000000000000000011111111100000000000011111111000000000000000000000001111111111000000000,1,0
3015,0,TypeA,55300,000111111111100000000000000000000000000000000000000000000000000111111111000000000000000000000000011111111100000000000111111110000000000000000000000001111111111000000000,1,0
3016,0,TypeA,56300,000111111111100000000000000000000000000000000000000000000000000111111111000000000000000000000000011111111110000000000000111111110000000000000000000001111111111000000000,1,0
3017,0,TypeA,56300,000111111111100000000000000000000000000000000000000000000000000111111111000000000000000000000000011111111110000000000001111111100000000000000000000001111111111000000000,1,0
3018,0,TypeA,56300,000111111111100000000000000000000000000000000000000000000000000111111111000000000000000000000000011111111110000000000011111111000000000000000000000001111111111000000000,1,0
3019,0,TypeA,59200,000111111111100000000000000000000000000000000000000000000000000111111111000000000000000000000001111111111000000000000000111111111100000000000000000001111111111000000000,1,0
3020,0,TypeA,59200,000111111111100000000000000000000000000000000000000000000000000111111111100000000000000000000000111111111000000000000000111111111100000000000000000001111111111000000000,1,0
3021,0,TypeA,55300,000111111111100000000000000000000000000000000000000000000000001111111111000000000000000000000000011111111000000000000000111111110000000000000000000001111111111000000000,1,0
3022,0,TypeA,55300,000111111111100000000000000000000000000000000000000000000000001111111111000000000000000000000000011111111000000000000001111111100000000000000000000001111111111000000000,1,0
3023,0,TypeA,55300,000111111111100000000000000000000000000000000000000000000000001111111111000000000000000000000000011111111000000000000011111111000000000000000000000001111111111000000000,1,0
3024,0,TypeA,55300,000111111111100000000000000000000000000000000000000000000000001111111111000000000000000000000000011111111000000000000111111110000000000000000000000001111111111000000000,1,0
3025,0,TypeA,55300,000111111111100000000000000000000000000000000000000000000000001111111111000000000000000000000000011111111000000000001111111100000000000000000000000001111111111000000000,1,0
3026,0,TypeA,58500,000111111111100000000000000000000000000000000000000000000000000001111111110000000000000000000001111111111000000000000000111111111100000000000000000000111111111000000000,1,0
3027,0,TypeA,58500,000111111111100000000000000000000000000000000000000000000000000001111111111000000000000000000000111111111000000000000000111111111100000000000000000000111111111000000000,1,0
3028,0,TypeA,54600,000111111111100000000000000000000000000000000000000000000000000011111111110000000000000000000000011111111000000000000000111111110000000000000000000000111111111000000000,1,0
3029,0,TypeA,53600,000111111111100000000000000000000000000000000000000000000000000001111111110000000000000000000000011111111000000000000000111111110000000000000000000000111111111000000000,1,0
3030,0,TypeA,53600,000111111111100000000000000000000000000000000000000000000000000001111111110000000000000000000000011111111000000000000001111111100000000000000000000000111111111000000000,1,0
3031,0,TypeA,53600,000111111111100000000000000000000000000000000000000000000000000001111111110000000000000000000000011111111000000000000011111111000000000000000000000000111111111000000000,1,0
3032,0,TypeA,53600,000111111111100000000000000000000000000000000000000000000000000001111111110000000000000000000000011111111000000000000111111110000000000000000000000000111111111000000000,1,0
3033,0,TypeA,53600,000111111111100000000000000000000000000000000000000000000000000001111111110000000000000000000000011111111000000000001111111100000000000000000000000000111111111000000000,1,0
3034,0,TypeA,54900,000111111111100000000000000000000000000000000000000000000000000001111111110000000000000000000000011111111000000000000000111111110000000000000000000001111111111000000000,1,0
3035,0,TypeA,54900,000111111111100000000000000000000000000000000000000000000000000001111111110000000000000000000000011111111000000000000001111111100000000000000000000001111111111000000000,1,0
3036,0,TypeA,54900,000111111111100000000000000000000000000000000000000000000000000001111111110000000000000000000000011111111000000000000011111111000000000000000000000001111111111000000000,1,0
3037,1,TypeB,34800,000111111100000000000000000011111110000000000000000000000000000000000000000000011111111000000000000000001111100000000000000000000111111000000000000000000000000000000000,1,0
3038,1,TypeB,35800,000111111100000000000000000011111110000000000000000000000000000000000000000000011111111000000000000000001111110000000000000000000111111000000000000000000000000000000000,1,0
3039,1,TypeB,35800,000111111100000000000000000111111110000000000000000000000000000000000000000000011111111000000000000000001111100000000000000000000111111000000000000000000000000000000000,1,0
3040,1,TypeB,36800,000111111100000000000000000111111110000000000000000000000000000000000000000000011111111000000000000000001111110000000000000000000111111000000000000000000000000000000000,1,0
3041,1,TypeB,35800,000111111110000000000000000011111110000000000000000000000000000000000000000000011111111000000000000000001111100000000000000000000111111000000000000000000000000000000000,1,0
3042,1,TypeB,36800,000111111110000000000000000011111110000000000000000000000000000000000000000000011111111000000000000000001111110000000000000000000111111000000000000000000000000000000000,1,0
3043,1,TypeB,36800,000111111110000000000000000111111110000000000000000000000000000000000000000000011111111000000000000000001111100000000000000000000111111000000000000000000000000000000000,1,0
3044,1,TypeB,37800,000111111110000000000000000111111110000000000000000000000000000000000000000000011111111000000000000000001111110000000000000000000111111000000000000000000000000000000000,1,0
3045,1,TypeB,39800,011111111000000000000111111110000000000000000000000000000000000000000000000000011111111000000000000000001111111100000000000000000111111000000000000000000000000000000000,1,0
3046,1,TypeB,38800,011111110000000000000111111110000000000000000000000000000000000000000000000000011111111000000000000000001111111100000000000000000111111000000000000000000000000000000000,1,0
3047,1,TypeB,37800,011111100000000000000111111110000000000000000000000000000000000000000000000000011111111000000000000000001111111100000000000000000111111000000000000000000000000000000000,1,0
3048,1,TypeB,36800,011111100000000000000111111110000000000000000000000000000000000000000000000000011111111000000000000000001111111000000000000000000111111000000000000000000000000000000000,1,0
3049,1,TypeB,35800,011111100000000000000111111110000000000000000000000000000000000000000000000000011111111000000000000000001111110000000000000000000111111000000000000000000000000000000000,1,0
3050,1,TypeB,34800,011111100000000000000111111110000000000000000000000000000000000000000000000000011111111000000000000000001111100000000000000000000111111000000000000000000000000000000000,1,0
3051,1,TypeB,33800,011111000000000000000111111110000000000000000000000000000000000000000000000000011111111000000000000000001111100000000000000000000111111000000000000000000000000000000000,1,0
3052,1,TypeB,32800,011110000000000000000111111110000000000000000000000000000000000000000000000000011111111000000000000000001111100000000000000000000111111000000000000000000000000000000000,1,0
3053,1,TypeB,33800,011110000000000000000111111110000000000000000000000000000000000000000000000000011111111000000000000000001111110000000000000000000111111000000000000000000000000000000000,1,0
3054,1,TypeB,32800,111100000000000000000111111110000000000000000000000000000000000000000000000000011111111000000000000000001111100000000000000000000111111000000000000000000000000000000000,1,0
3055,1,TypeB,33800,111100000000000000000111111110000000000000000000000000000000000000000000000000011111111000000000000000001111110000000000000000000111111000000000000000000000000000000000,1,0
3056,1,TypeB,34800,011111000000000000000111111110000000000000000000000000000000000000000000000000011111111000000000000000001111110000000000000000000111111000000000000000000000000000000000,1,0
3057,1,TypeB,31800,011110000000000000000111111100000000000000000000000000000000000000000000000000011111111000000000000000001111100000000000000000000111111000000000000000000000000000000000,1,0
3058,1,TypeB,30800,011110000000000000000111111000000000000000000000000000000000000000000000000000011111111000000000000000001111100000000000000000000111111000000000000000000000000000000000,1,0
3059,1,TypeB,31800,011110000000000000000111111000000000000000000000000000000000000000000000000000011111111000000000000000001111110000000000000000000111111000000000000000000000000000000000,1,0
3060,1,TypeB,32800,011110000000000000000111111100000000000000000000000000000000000000000000000000011111111000000000000000001111110000000000000000000111111000000000000000000000000000000000,1,0
3061,1,TypeB,34800,011110000000000000000111111110000000000000000000000000000000000000000000000000011111111000000000000000001111111000000000000000000111111000000000000000000000000000000000,1,0
3062,1,TypeB,35800,011110000000000000000111111110000000000000000000000000000000000000000000000000011111111000000000000000001111111100000000000000000111111000000000000000000000000000000000,1,0
3063,1,TypeB,33800,011110000000000000000111111110000000000000000000000000000000000000000000000000011111111000000000000000011111100000000000000000000111111000000000000000000000000000000000,1,0
3064,1,TypeB,34800,011110000000000000000111111110000000000000000000000000000000000000000000000000011111111000000000000000011111110000000000000000000111111000000000000000000000000000000000,1,0
3065,1,TypeB,33800,011111100000000000000111111100000000000000000000000000000000000000000000000000011111111000000000000000001111100000000000000000000111111000000000000000000000000000000000,1,0
3066,1,TypeB,32800,011111100000000000000111111000000000000000000000000000000000000000000000000000011111111000000000000000001111100000000000000000000111111000000000000000000000000000000000,1,0
3067,1,TypeB,33800,011111100000000000000111111000000000000000000000000000000000000000000000000000011111111000000000000000001111110000000000000000000111111000000000000000000000000000000000,1,0
3068,1,TypeB,34800,011111100000000000000111111100000000000000000000000000000000000000000000000000011111111000000000000000001111110000000000000000000111111000000000000000000000000000000000,1,0
3069,1,TypeB,35800,011111100000000000000111111110000000000000000000000000000000000000000000000000011111111000000000000000011111100000000000000000000111111000000000000000000000000000000000,1,0
3070,1,TypeB,36800,011111100000000000000111111110000000000000000000000000000000000000000000000000011111111000000000000000011111110000000000000000000111111000000000000000000000000000000000,1,0
3071,1,TypeB,35800,011111110000000000000111111110000000000000000000000000000000000000000000000000011111111000000000000000001111100000000000000000000111111000000000000000000000000000000000,1,0
3072,1,TypeB,36800,011111110000000000000111111110000000000000000000000000000000000000000000000000011111111000000000000000001111110000000000000000000111111000000000000000000000000000000000,1,0
3073,1,TypeB,36800,011111111000000000000111111110000000000000000000000000000000000000000000000000011111111000000000000000001111100000000000000000000111111000000000000000000000000000000000,1,0
3074,1,TypeB,37800,011111111000000000000111111110000000000000000000000000000000000000000000000000011111111000000000000000001111110000000000000000000111111000000000000000000000000000000000,1,0
3075,1,TypeB,30800,111100000000000000000111111000000000000000000000000000000000000000000000000000011111111000000000000000001111100000000000000000000111111000000000000000000000000000000000,1,0
3076,1,TypeB,31800,111100000000000000000111111000000000000000000000000000000000000000000000000000011111111000000000000000001111110000000000000000000111111000000000000000000000000000000000,1,0
3077,1,TypeB,31800,111100000000000000000111111100000000000000000000000000000000000000000000000000011111111000000000000000001111100000000000000000000111111000000000000000000000000000000000,1,0
3078,1,TypeB,32800,111100000000000000000111111100000000000000000000000000000000000000000000000000011111111000000000000000001111110000000000000000000111111000000000000000000000000000000000,1,0
3079,1,TypeB,34800,111100000000000000000111111110000000000000000000000000000000000000000000000000011111111000000000000000001111111000000000000000000111111000000000000000000000000000000000,1,0
3080,1,TypeB,35800,111100000000000000000111111110000000000000000000000000000000000000000000000000011111111000000000000000001111111100000000000000000111111000000000000000000000000000000000,1,0
3081,1,TypeB,33800,111100000000000000000111111110000000000000000000000000000000000000000000000000011111111000000000000000011111100000000000000000000111111000000000000000000000000000000000,1,0
3082,1,TypeB,34800,111100000000000000000111111110000000000000000000000000000000000000000000000000011111111000000000000000011111110000000000000000000111111000000000000000000000000000000000,1,0
3083,1,TypeB,33800,111110000000000000000111111110000000000000000000000000000000000000000000000000011111111000000000000000001111100000000000000000000111111000000000000000000000000000000000,1,0
3084,1,TypeB,34800,111110000000000000000111111110000000000000000000000000000000000000000000000000011111111000000000000000001111110000000000000000000111111000000000000000000000000000000000,1,0
3085,1,TypeB,35800,111111100000000000000111111110000000000000000000000000000000000000000000000000011111111000000000000000001111100000000000000000000111111000000000000000000000000000000000,1,0
3086,1,TypeB,36800,111111100000000000000111111110000000000000000000000000000000000000000000000000011111111000000000000000001111110000000000000000000111111000000000000000000000000000000000,1,0
3087,1,TypeB,34100,011110000000000000000111111110000000000000000000000000000000000000000000000000011111111000000000000000001111100000000000000000000111111100000000000000000000000000000000,1,0
3088,1,TypeB,34100,011110000000000000000111111110000000000000000000000000000000000000000000000000011111111000000000000000001111100000000000000000001111111000000000000000000000000000000000,1,0
3089,1,TypeB,35100,011110000000000000000111111110000000000000000000000000000000000000000000000000011111111000000000000000001111110000000000000000000111111100000000000000000000000000000000,1,0
3090,1,TypeB,35100,011110000000000000000111111110000000000000000000000000000000000000000000000000011111111000000000000000001111110000000000000000001111111000000000000000000000000000000000,1,0
3091,1,TypeB,36100,011111100000000000000111111110000000000000000000000000000000000000000000000000011111111000000000000000001111100000000000000000000111111100000000000000000000000000000000,1,0
3092,1,TypeB,36100,011111100000000000000111111110000000000000000000000000000000000000000000000000011111111000000000000000001111100000000000000000001111111000000000000000000000000000000000,1,0
3093,1,TypeB,37100,011111100000000000000111111110000000000000000000000000000000000000000000000000011111111000000000000000001111110000000000000000000111111100000000000000000000000000000000,1,0
3094,1,TypeB,37100,011111100000000000000111111110000000000000000000000000000000000000000000000000011111111000000000000000001111110000000000000000001111111000000000000000000000000000000000,1,0
3095,1,TypeB,34100,111100000000000000000111111110000000000000000000000000000000000000000000000000011111111000000000000000001111100000000000000000000111111100000000000000000000000000000000,1,0
3096,1,TypeB,34100,111100000000000000000111111110000000000000000000000000000000000000000000000000011111111000000000000000001111100000000000000000001111111000000000000000000000000000000000,1,0
3097,1,TypeB,35100,111100000000000000000111111110000000000000000000000000000000000000000000000000011111111000000000000000001111110000000000000000000111111100000000000000000000000000000000,1,0
3098,1,TypeB,35100,111100000000000000000111111110000000000000000000000000000000000000000000000000011111111000000000000000001111110000000000000000001111111000000000000000000000000000000000,1,0
3099,1,TypeB,31800,011111000000000000000111111000000000000000000000000000000000000000000000000000011111111000000000000000001111100000000000000000000111111000000000000000000000000000000000,1,0
3100,1,TypeB,32800,011111000000000000000111111000000000000000000000000000000000000000000000000000011111111000000000000000001111110000000000000000000111111000000000000000000000000000000000,1,0
3101,1,TypeB,32800,011111000000000000000111111100000000000000000000000000000000000000000000000000011111111000000000000000001111100000000000000000000111111000000000000000000000000000000000,1,0
3102,1,TypeB,33800,011111000000000000000111111100000000000000000000000000000000000000000000000000011111111000000000000000001111110000000000000000000111111000000000000000000000000000000000,1,0
3103,1,TypeB,35800,011111000000000000000111111110000000000000000000000000000000000000000000000000011111111000000000000000001111111000000000000000000111111000000000000000000000000000000000,1,0
3104,1,TypeB,36800,011111000000000000000111111110000000000000000000000000000000000000000000000000011111111000000000000000001111111100000000000000000111111000000000000000000000000000000000,1,0
3105,1,TypeB,34800,011111000000000000000111111110000000000000000000000000000000000000000000000000011111111000000000000000011111100000000000000000000111111000000000000000000000000000000000,1,0
3106,1,TypeB,35800,011111000000000000000111111110000000000000000000000000000000000000000000000000011111111000000000000000011111110000000000000000000111111000000000000000000000000000000000,1,0
3107,1,TypeB,34800,111111000000000000000111111110000000000000000000000000000000000000000000000000011111111000000000000000001111100000000000000000000111111000000000000000000000000000000000,1,0
3108,1,TypeB,35800,111111000000000000000111111110000000000000000000000000000000000000000000000000011111111000000000000000001111110000000000000000000111111000000000000000000000000000000000,1,0
3109,1,TypeB,32800,011110000000000000000111111000000000000000000000000000000000000000000000000000011111111000000000000000001111111000000000000000000111111000000000000000000000000000000000,1,0
3110,1,TypeB,33800,011110000000000000000111111000000000000000000000000000000000000000000000000000011111111000000000000000001111111100000000000000000111111000000000000000000000000000000000,1,0
3111,1,TypeB,31800,011110000000000000000111111000000000000000000000000000000000000000000000000000011111111000000000000000011111100000000000000000000111111000000000000000000000000000000000,1,0
3112,1,TypeB,32800,011110000000000000000111111000000000000000000000000000000000000000000000000000011111111000000000000000011111110000000000000000000111111000000000000000000000000000000000,1,0
3113,1,TypeB,33800,011110000000000000000111111100000000000000000000000000000000000000000000000000011111111000000000000000001111111000000000000000000111111000000000000000000000000000000000,1,0
3114,1,TypeB,34800,011110000000000000000111111100000000000000000000000000000000000000000000000000011111111000000000000000001111111100000000000000000111111000000000000000000000000000000000,1,0
3115,2,TypeC,32700,000000000111111000000000000001111110000000000000000000001110000000000000000000000000011111100000000000000000000000000000000000000000111111000000000000000000000000000000,1,0
3116,2,TypeC,31400,000000000111110000000000000001111110000000000000000000001110000000000000000000000000011111100000000000000000000000000000000000000000111111000000000000000000000000000000,1,0
3117,2,TypeC,30100,000000000111100000000000000001111110000000000000000000001110000000000000000000000000011111100000000000000000000000000000000000000000111111000000000000000000000000000000,1,0
3118,2,TypeC,29800,000000000111100000000000000001111110000000000000000000011100000000000000000000000000011111100000000000000000000000000000000000000000111111000000000000000000000000000000,1,0
3119,2,TypeC,31100,000000001111100000000000000001111110000000000000000000001110000000000000000000000000011111100000000000000000000000000000000000000000111111000000000000000000000000000000,1,0
3120,2,TypeC,30800,000000001111100000000000000001111110000000000000000000011100000000000000000000000000011111100000000000000000000000000000000000000000111111000000000000000000000000000000,1,0
3121,2,TypeC,29100,000000000111100000000000000001111110000000000000000000001110000000000000000000000000011111100000000000000000000000000000000000000000111110000000000000000000000000000000,1,0
3122,2,TypeC,27800,000000000111100000000000000001111110000000000000000000001110000000000000000000000000011111100000000000000000000000000000000000000000111100000000000000000000000000000000,1,0
3123,2,TypeC,26500,000000000111100000000000000001111110000000000000000000001110000000000000000000000000011111100000000000000000000000000000000000000000111000000000000000000000000000000000,1,0
3124,2,TypeC,26200,000000000111100000000000000001111110000000000000000000011100000000000000000000000000011111100000000000000000000000000000000000000000111000000000000000000000000000000000,1,0
3125,2,TypeC,27500,000000001111100000000000000001111110000000000000000000001110000000000000000000000000011111100000000000000000000000000000000000000000111000000000000000000000000000000000,1,0
3126,2,TypeC,27200,000000001111100000000000000001111110000000000000000000011100000000000000000000000000011111100000000000000000000000000000000000000000111000000000000000000000000000000000,1,0
3127,2,TypeC,27500,000000000111100000000000000001111110000000000000000000011110000000000000000000000000011111100000000000000000000000000000000000000000111000000000000000000000000000000000,1,0
3128,2,TypeC,27200,000000000111100000000000000001111110000000000000000000111100000000000000000000000000011111100000000000000000000000000000000000000000111000000000000000000000000000000000,1,0
3129,2,TypeC,28500,000000001111100000000000000001111110000000000000000000011110000000000000000000000000011111100000000000000000000000000000000000000000111000000000000000000000000000000000,1,0
3130,2,TypeC,28200,000000001111100000000000000001111110000000000000000000111100000000000000000000000000011111100000000000000000000000000000000000000000111000000000000000000000000000000000,1,0
3131,2,TypeC,28500,000000011111100000000000000001111110000000000000000000001110000000000000000000000000011111100000000000000000000000000000000000000000111000000000000000000000000000000000,1,0
3132,2,TypeC,28200,000000011111100000000000000001111110000000000000000000011100000000000000000000000000011111100000000000000000000000000000000000000000111000000000000000000000000000000000,1,0
3133,2,TypeC,27800,000000000111100000000000000001111110000000000000000000001110000000000000000000000000011111100000000000000000000000000000000000000001111000000000000000000000000000000000,1,0
3134,2,TypeC,27800,000000000111100000000000000001111110000000000000000000001111000000000000000000000000011111100000000000000000000000000000000000000000111000000000000000000000000000000000,1,0
3135,2,TypeC,27500,000000000111100000000000000001111110000000000000000000011100000000000000000000000000011111100000000000000000000000000000000000000000111100000000000000000000000000000000,1,0
3136,2,TypeC,27500,000000000111100000000000000001111110000000000000000000011100000000000000000000000000011111100000000000000000000000000000000000000001111000000000000000000000000000000000,1,0
3137,2,TypeC,27800,000000000111110000000000000001111110000000000000000000001110000000000000000000000000011111100000000000000000000000000000000000000000111000000000000000000000000000000000,1,0
3138,2,TypeC,27500,000000000111110000000000000001111110000000000000000000011100000000000000000000000000011111100000000000000000000000000000000000000000111000000000000000000000000000000000,1,0
3139,2,TypeC,28800,000000001111100000000000000001111110000000000000000000001110000000000000000000000000011111100000000000000000000000000000000000000000111100000000000000000000000000000000,1,0
3140,2,TypeC,28800,000000001111100000000000000001111110000000000000000000001110000000000000000000000000011111100000000000000000000000000000000000000001111000000000000000000000000000000000,1,0
3141,2,TypeC,28800,000000001111100000000000000001111110000000000000000000001111000000000000000000000000011111100000000000000000000000000000000000000000111000000000000000000000000000000000,1,0
3142,2,TypeC,28500,000000001111100000000000000001111110000000000000000000011100000000000000000000000000011111100000000000000000000000000000000000000000111100000000000000000000000000000000,1,0
3143,2,TypeC,28500,000000001111100000000000000001111110000000000000000000011100000000000000000000000000011111100000000000000000000000000000000000000001111000000000000000000000000000000000,1,0
3144,2,TypeC,28800,000000001111110000000000000001111110000000000000000000001110000000000000000000000000011111100000000000000000000000000000000000000000111000000000000000000000000000000000,1,0
3145,2,TypeC,28500,000000001111110000000000000001111110000000000000000000011100000000000000000000000000011111100000000000000000000000000000000000000000111000000000000000000000000000000000,1,0
3146,2,TypeC,28500,000000000111100000000000000001111110000000000000000000111110000000000000000000000000011111100000000000000000000000000000000000000000111000000000000000000000000000000000,1,0
3147,2,TypeC,28200,000000000111100000000000000001111110000000000000000001111100000000000000000000000000011111100000000000000000000000000000000000000000111000000000000000000000000000000000,1,0
3148,2,TypeC,29500,000000001111100000000000000001111110000000000000000000111110000000000000000000000000011111100000000000000000000000000000000000000000111000000000000000000000000000000000,1,0
3149,2,TypeC,29200,000000001111100000000000000001111110000000000000000001111100000000000000000000000000011111100000000000000000000000000000000000000000111000000000000000000000000000000000,1,0
3150,2,TypeC,29500,000000011111100000000000000001111110000000000000000000011110000000000000000000000000011111100000000000000000000000000000000000000000111000000000000000000000000000000000,1,0
3151,2,TypeC,29200,000000011111100000000000000001111110000000000000000000111100000000000000000000000000011111100000000000000000000000000000000000000000111000000000000000000000000000000000,1,0
3152,2,TypeC,28800,000000000111100000000000000001111110000000000000000000011110000000000000000000000000011111100000000000000000000000000000000000000000111100000000000000000000000000000000,1,0
3153,2,TypeC,28800,000000000111100000000000000001111110000000000000000000011110000000000000000000000000011111100000000000000000000000000000000000000001111000000000000000000000000000000000,1,0
3154,2,TypeC,28800,000000000111100000000000000001111110000000000000000000011111000000000000000000000000011111100000000000000000000000000000000000000000111000000000000000000000000000000000,1,0
3155,2,TypeC,28500,000000000111100000000000000001111110000000000000000000111100000000000000000000000000011111100000000000000000000000000000000000000000111100000000000000000000000000000000,1,0
3156,2,TypeC,28500,000000000111100000000000000001111110000000000000000000111100000000000000000000000000011111100000000000000000000000000000000000000001111000000000000000000000000000000000,1,0
3157,2,TypeC,28800,000000000111110000000000000001111110000000000000000000011110000000000000000000000000011111100000000000000000000000000000000000000000111000000000000000000000000000000000,1,0
3158,2,TypeC,28500,000000000111110000000000000001111110000000000000000000111100000000000000000000000000011111100000000000000000000000000000000000000000111000000000000000000000000000000000,1,0
3159,2,TypeC,29800,000000001111100000000000000001111110000000000000000000011110000000000000000000000000011111100000000000000000000000000000000000000000111100000000000000000000000000000000,1,0
3160,2,TypeC,29800,000000001111100000000000000001111110000000000000000000011110000000000000000000000000011111100000000000000000000000000000000000000001111000000000000000000000000000000000,1,0
3161,2,TypeC,29800,000000001111100000000000000001111110000000000000000000011111000000000000000000000000011111100000000000000000000000000000000000000000111000000000000000000000000000000000,1,0
3162,2,TypeC,29500,000000001111100000000000000001111110000000000000000000111100000000000000000000000000011111100000000000000000000000000000000000000000111100000000000000000000000000000000,1,0
3163,2,TypeC,29500,000000001111100000000000000001111110000000000000000000111100000000000000000000000000011111100000000000000000000000000000000000000001111000000000000000000000000000000000,1,0
3164,2,TypeC,29800,000000001111110000000000000001111110000000000000000000011110000000000000000000000000011111100000000000000000000000000000000000000000111000000000000000000000000000000000,1,0
3165,2,TypeC,29500,000000001111110000000000000001111110000000000000000000111100000000000000000000000000011111100000000000000000000000000000000000000000111000000000000000000000000000000000,1,0
3166,2,TypeC,29800,000000011111100000000000000001111110000000000000000000001110000000000000000000000000011111100000000000000000000000000000000000000000111100000000000000000000000000000000,1,0
3167,2,TypeC,29800,000000011111100000000000000001111110000000000000000000001110000000000000000000000000011111100000000000000000000000000000000000000001111000000000000000000000000000000000,1,0
3168,2,TypeC,29800,000000011111100000000000000001111110000000000000000000001111000000000000000000000000011111100000000000000000000000000000000000000000111000000000000000000000000000000000,1,0
3169,2,TypeC,29500,000000011111100000000000000001111110000000000000000000011100000000000000000000000000011111100000000000000000000000000000000000000000111100000000000000000000000000000000,1,0
3170,2,TypeC,29500,000000011111100000000000000001111110000000000000000000011100000000000000000000000000011111100000000000000000000000000000000000000001111000000000000000000000000000000000,1,0
3171,2,TypeC,29100,000000000111100000000000000001111110000000000000000000001110000000000000000000000000011111100000000000000000000000000000000000000001111100000000000000000000000000000000,1,0
3172,2,TypeC,29100,000000000111100000000000000001111110000000000000000000001110000000000000000000000000011111100000000000000000000000000000000000000011111000000000000000000000000000000000,1,0
3173,2,TypeC,30400,000000000111100000000000000001111110000000000000000000001110000000000000000000000000011111100000000000000000000000000000000000000111111000000000000000000000000000000000,1,0
3174,2,TypeC,30100,000000000111100000000000000001111110000000000000000000011100000000000000000000000000011111100000000000000000000000000000000000000111111000000000000000000000000000000000,1,0
3175,2,TypeC,31400,000000001111100000000000000001111110000000000000000000001110000000000000000000000000011111100000000000000000000000000000000000000111111000000000000000000000000000000000,1,0
3176,2,TypeC,31100,000000001111100000000000000001111110000000000000000000011100000000000000000000000000011111100000000000000000000000000000000000000111111000000000000000000000000000000000,1,0
3177,2,TypeC,31400,000000000111100000000000000001111110000000000000000000011110000000000000000000000000011111100000000000000000000000000000000000000111111000000000000000000000000000000000,1,0
3178,2,TypeC,31100,000000000111100000000000000001111110000000000000000000111100000000000000000000000000011111100000000000000000000000000000000000000111111000000000000000000000000000000000,1,0
3179,2,TypeC,32400,000000001111100000000000000001111110000000000000000000011110000000000000000000000000011111100000000000000000000000000000000000000111111000000000000000000000000000000000,1,0
3180,2,TypeC,32100,000000001111100000000000000001111110000000000000000000111100000000000000000000000000011111100000000000000000000000000000000000000111111000000000000000000000000000000000,1,0
3181,2,TypeC,32400,000000011111100000000000000001111110000000000000000000001110000000000000000000000000011111100000000000000000000000000000000000000111111000000000000000000000000000000000,1,0
3182,2,TypeC,32100,000000011111100000000000000001111110000000000000000000011100000000000000000000000000011111100000000000000000000000000000000000000111111000000000000000000000000000000000,1,0
3183,0,TypeA,53400,000000000000000000000000000111111111100000000000011111111100000000000000000000000000000000000000000000000011111111110000000000000000000000000111111110000000000011111111,1,0
3184,0,TypeA,53400,000000000000000000000000000111111111100000000000011111111100000000000000000000000000000000000000000000000011111111110000000000000000000000001111111100000000000011111111,1,0
3185,0,TypeA,54800,000000000000111111110000000000000000000000000000000000000000001111111111000000000000000000000000011111111110000000000000111111111100000000000000000000111111111000000000,1,0
3186,0,TypeA,54500,000000000001111111100000000000000000000000000000000000000000001111111111000000000000000000000000011111111110000000000000111111111100000000000000000000111111111000000000,1,0
3187,0,TypeA,54400,000000000000000000000000000111111111100000000000011111111110000000000000000000000000000000000000000000000011111111110000000000000000000000000111111110000000000011111111,1,0
3188,0,TypeA,54400,000000000000000000000000000111111111100000000000011111111110000000000000000000000000000000000000000000000011111111110000000000000000000000001111111100000000000011111111,1,0
3189,0,TypeA,55500,000000000001111111100000000000000000000000000000000000000000001111111111000000000000000000000000011111111110000000000000111111111100000000000000000000111111111100000000,1,0
3190,0,TypeA,55500,000000000011111111100000000000000000000000000000000000000000001111111111000000000000000000000000011111111110000000000000111111111100000000000000000000111111111000000000,1,0
3191,0,TypeA,56500,000000000111111111100000000000000000000000000000000000000000001111111111000000000000000000000000011111111110000000000000111111111100000000000000000000111111111000000000,1,0
3192,0,TypeA,54400,000000000000000000000000000111111111100000000000011111111100000000000000000000000000000000000000000000000011111111110000000000000000000000001111111100000000000111111111,1,0
3193,0,TypeA,55800,000000000000111111110000000000000000000000000000000000000000001111111111000000000000000000000000011111111110000000000000111111111100000000000000000000111111111100000000,1,0
3194,0,TypeA,51900,000000000000111111110000000000000000000000000000000000000000011111111000000000000000000000000000011111111110000000000000111111111100000000000000000000111111111000000000,1,0
3195,0,TypeA,51600,000000000000111111110000000000000000000000000000000000000000111111110000000000000000000000000000011111111110000000000000111111111100000000000000000000111111111000000000,1,0
3196,0,TypeA,51300,000000000001111111100000000000000000000000000000000000000000111111110000000000000000000000000000011111111110000000000000111111111100000000000000000000111111111000000000,1,0
3197,0,TypeA,51600,000000000001111111100000000000000000000000000000000000000000011111111000000000000000000000000000011111111110000000000000111111111100000000000000000000111111111000000000,1,0
3198,0,TypeA,51900,000000000001111111100000000000000000000000000000000000000000001111111100000000000000000000000000011111111110000000000000111111111100000000000000000000111111111000000000,1,0
3199,0,TypeA,55800,000000000001111111100000000000000000000000000000000000000000001111111111000000000000000000000000011111111110000000000000111111111100000000000000000001111111111000000000,1,0
3200,0,TypeA,55800,000000000001111111110000000000000000000000000000000000000000001111111111000000000000000000000000011111111110000000000000111111111100000000000000000000111111111000000000,1,0
3201,0,TypeA,54700,000000000000000000000000000111111111100000000000011111111100000000000000000000000000000000000000000000000011111111110000000000000000000000001111111110000000000011111111,1,0
3202,0,TypeA,54700,000000000000000000000000000111111111100000000000011111111100000000000000000000000000000000000000000000000011111111110000000000000000000000011111111100000000000011111111,1,0
3203,0,TypeA,54700,000000000000000000000000000111111111100000000000111111111100000000000000000000000000000000000000000000000011111111110000000000000000000000000111111110000000000011111111,1,0
3204,0,TypeA,54700,000000000000000000000000000111111111100000000000111111111100000000000000000000000000000000000000000000000011111111110000000000000000000000001111111100000000000011111111,1,0
3205,0,TypeA,53200,000000000001111111100000000000000000000000000000000000000000001111111111000000000000000000000000011111111110000000000000111111111100000000000000000000011111111000000000,1,0
3206,1,TypeB,40100,000000000000000000000000000001111111100000000000000000001111111000000000011111111000000000000000000000000000111111110000000000000000000000000000000000000000000001111111,1,0
3207,1,TypeB,39100,000000000000000000000000000001111111100000000000000000001111111000000000011111110000000000000000000000000000111111110000000000000000000000000000000000000000000001111111,1,0
3208,1,TypeB,40100,000000000000000000000000000001111111100000000000000000001111111000000000111111110000000000000000000000000000111111110000000000000000000000000000000000000000000001111111,1,0
3209,1,TypeB,40100,000000000000000000000000000001111111100000000000000000001111111100000000011111110000000000000000000000000000111111110000000000000000000000000000000000000000000001111111,1,0
3210,1,TypeB,40100,000000000000000000000000000001111111100000000000000000011111111000000000011111110000000000000000000000000000111111110000000000000000000000000000000000000000000001111111,1,0
3211,1,TypeB,40100,000000000000000000000000000111111110000000000000000000001111111000000000011111111000000000000000000000000000111111110000000000000000000000000000000000000000000001111111,1,0
3212,1,TypeB,39100,000000000000000000000000000111111110000000000000000000001111111000000000011111110000000000000000000000000000111111110000000000000000000000000000000000000000000001111111,1,0
3213,1,TypeB,40100,000000000000000000000000000111111110000000000000000000001111111000000000111111110000000000000000000000000000111111110000000000000000000000000000000000000000000001111111,1,0
3214,1,TypeB,40100,000000000000000000000000000111111110000000000000000000001111111100000000011111110000000000000000000000000000111111110000000000000000000000000000000000000000000001111111,1,0
3215,1,TypeB,40100,000000000000000000000000000111111110000000000000000000011111111000000000011111110000000000000000000000000000111111110000000000000000000000000000000000000000000001111111,1,0
3216,1,TypeB,36100,000011111100000000000000000111111110000000000000000000000000000000000000000000011111111000000000000000001111100000000000000000001111111000000000000000000000000000000000,1,0
3217,1,TypeB,35100,000001111100000000000000000111111110000000000000000000000000000000000000000000011111111000000000000000001111100000000000000000001111111000000000000000000000000000000000,1,0
3218,1,TypeB,34100,000000111100000000000000000111111110000000000000000000000000000000000000000000011111111000000000000000001111100000000000000000001111111000000000000000000000000000000000,1,0
3219,1,TypeB,38100,000000111111110000000000000111111110000000000000000000000000000000000000000000011111111000000000000000001111100000000000000000001111111000000000000000000000000000000000,1,0
3220,1,TypeB,37100,000000111111100000000000000111111110000000000000000000000000000000000000000000011111111000000000000000001111100000000000000000001111111000000000000000000000000000000000,1,0
3221,1,TypeB,36100,000000011111100000000000000111111110000000000000000000000000000000000000000000011111111000000000000000001111100000000000000000001111111000000000000000000000000000000000,1,0
3222,1,TypeB,35100,000000001111100000000000000111111110000000000000000000000000000000000000000000011111111000000000000000001111100000000000000000001111111000000000000000000000000000000000,1,0
3223,1,TypeB,34100,000000000111100000000000000111111110000000000000000000000000000000000000000000011111111000000000000000001111100000000000000000001111111000000000000000000000000000000000,1,0
3224,1,TypeB,35100,000000000111100000000000000111111110000000000000000000000000000000000000000000011111111000000000000000001111110000000000000000001111111000000000000000000000000000000000,1,0
3225,1,TypeB,35100,000000000111100000000000000111111110000000000000000000000000000000000000000000011111111000000000000000011111100000000000000000001111111000000000000000000000000000000000,1,0
3226,1,TypeB,36100,000000000111100000000000000111111110000000000000000000000000000000000000000000011111111000000000000000011111110000000000000000001111111000000000000000000000000000000000,1,0
3227,1,TypeB,36100,000000001111100000000000000111111110000000000000000000000000000000000000000000011111111000000000000000001111110000000000000000001111111000000000000000000000000000000000,1,0
3228,1,TypeB,36100,000000001111100000000000000111111110000000000000000000000000000000000000000000011111111000000000000000011111100000000000000000001111111000000000000000000000000000000000,1,0
3229,1,TypeB,37100,000000001111100000000000000111111110000000000000000000000000000000000000000000011111111000000000000000011111110000000000000000001111111000000000000000000000000000000000,1,0
3230,1,TypeB,36100,000000000111100000000000000111111110000000000000000000000000000000000000000000011111111000000000000000001111111000000000000000001111111000000000000000000000000000000000,1,0
3231,1,TypeB,37100,000000000111100000000000000111111110000000000000000000000000000000000000000000011111111000000000000000001111111100000000000000001111111000000000000000000000000000000000,1,0
3232,1,TypeB,38100,000000001111100000000000000111111110000000000000000000000000000000000000000000011111111000000000000000001111111100000000000000001111111000000000000000000000000000000000,1,0
3233,1,TypeB,38100,000000000111110000000000000111111110000000000000000000000000000000000000000000011111111000000000000000001111111100000000000000001111111000000000000000000000000000000000,1,0
3234,1,TypeB,39100,000000001111110000000000000111111110000000000000000000000000000000000000000000011111111000000000000000001111111100000000000000001111111000000000000000000000000000000000,1,0
3235,1,TypeB,39100,000000011111100000000000000111111110000000000000000000000000000000000000000000011111111000000000000000001111111100000000000000001111111000000000000000000000000000000000,1,0
3236,1,TypeB,40100,000000111111100000000000000111111110000000000000000000000000000000000000000000011111111000000000000000001111111100000000000000001111111000000000000000000000000000000000,1,0
3237,1,TypeB,41100,000001111111100000000000000111111110000000000000000000000000000000000000000000011111111000000000000000001111111100000000000000001111111000000000000000000000000000000000,1,0
3238,1,TypeB,37100,000000000011110000000000000111111110000000000000000000000000000000000000000000011111111000000000000000001111111100000000000000001111111000000000000000000000000000000000,1,0
3239,1,TypeB,37100,000000000001111000000000000111111110000000000000000000000000000000000000000000011111111000000000000000001111111100000000000000001111111000000000000000000000000000000000,1,0
3240,1,TypeB,37100,000000000000111100000000000111111110000000000000000000000000000000000000000000011111111000000000000000001111111100000000000000001111111000000000000000000000000000000000,1,0
3241,1,TypeB,38100,000000000000111110000000000111111110000000000000000000000000000000000000000000011111111000000000000000001111111100000000000000001111111000000000000000000000000000000000,1,0
3242,1,TypeB,39100,000000000000111111000000000111111110000000000000000000000000000000000000000000011111111000000000000000001111111100000000000000001111111000000000000000000000000000000000,1,0
3243,1,TypeB,39100,000000000001111110000000000111111110000000000000000000000000000000000000000000011111111000000000000000001111111100000000000000001111111000000000000000000000000000000000,1,0
3244,1,TypeB,39400,000000000000111110000000000111111110000000000000000000000000000000000000000000011111111000000000000000001111111100000000000000001111111100000000000000000000000000000000,1,0
3245,1,TypeB,39400,000000000000111110000000000111111110000000000000000000000000000000000000000000011111111000000000000000001111111100000000000000011111111000000000000000000000000000000000,1,0
3246,1,TypeB,38400,000000000111100000000000000111111110000000000000000000000000000000000000000000011111111000000000000000001111111100000000000000001111111100000000000000000000000000000000,1,0
3247,1,TypeB,38400,000000000111100000000000000111111110000000000000000000000000000000000000000000011111111000000000000000001111111100000000000000011111111000000000000000000000000000000000,1,0
3248,1,TypeB,39400,000000001111100000000000000111111110000000000000000000000000000000000000000000011111111000000000000000001111111100000000000000001111111100000000000000000000000000000000,1,0
3249,1,TypeB,39400,000000001111100000000000000111111110000000000000000000000000000000000000000000011111111000000000000000001111111100000000000000011111111000000000000000000000000000000000,1,0
3250,1,TypeB,41100,000000000111111110000000000111111110000000000000000000000000000000000000000000011111111000000000000000001111111100000000000000001111111000000000000000000000000000000000,1,0
3251,1,TypeB,37100,000000000000111110000000000011111110000000000000000000000000000000000000000000011111111000000000000000001111111100000000000000001111111000000000000000000000000000000000,1,0
3252,1,TypeB,38100,000000000000111110000000000011111111000000000000000000000000000000000000000000011111111000000000000000001111111100000000000000001111111000000000000000000000000000000000,1,0
3253,1,TypeB,38100,000000000000111110000000000001111111100000000000000000000000000000000000000000011111111000000000000000001111111100000000000000001111111000000000000000000000000000000000,1,0
3254,1,TypeB,39100,000000000000111111000000000001111111100000000000000000000000000000000000000000011111111000000000000000001111111100000000000000001111111000000000000000000000000000000000,1,0
3255,1,TypeB,40100,000000000000111111100000000001111111100000000000000000000000000000000000000000011111111000000000000000001111111100000000000000001111111000000000000000000000000000000000,1,0
3256,1,TypeB,41100,000000000000111111110000000001111111100000000000000000000000000000000000000000011111111000000000000000001111111100000000000000001111111000000000000000000000000000000000,1,0
3257,1,TypeB,41100,000000000001111111100000000001111111100000000000000000000000000000000000000000011111111000000000000000001111111100000000000000001111111000000000000000000000000000000000,1,0
3258,1,TypeB,41400,000000000000111111100000000001111111100000000000000000000000000000000000000000011111111000000000000000001111111100000000000000001111111100000000000000000000000000000000,1,0
3259,1,TypeB,41400,000000000000111111100000000001111111100000000000000000000000000000000000000000011111111000000000000000001111111100000000000000011111111000000000000000000000000000000000,1,0
3260,1,TypeB,40100,000000000000111111100000000011111111000000000000000000000000000000000000000000011111111000000000000000001111111100000000000000001111111000000000000000000000000000000000,1,0
3261,1,TypeB,39100,000000000000111111100000000011111110000000000000000000000000000000000000000000011111111000000000000000001111111100000000000000001111111000000000000000000000000000000000,1,0
3262,1,TypeB,39100,000000000000111111100000000001111111100000000000000000000000000000000000000000011111111000000000000000001111111000000000000000001111111000000000000000000000000000000000,1,0
3263,1,TypeB,38100,000000000000111111100000000001111111100000000000000000000000000000000000000000011111111000000000000000001111110000000000000000001111111000000000000000000000000000000000,1,0
3264,1,TypeB,37100,000000000000111111100000000001111111100000000000000000000000000000000000000000011111111000000000000000001111100000000000000000001111111000000000000000000000000000000000,1,0
3265,1,TypeB,38100,000000000000111111100000000001111111100000000000000000000000000000000000000000011111111000000000000000011111100000000000000000001111111000000000000000000000000000000000,1,0
3266,1,TypeB,39100,000000000000111111100000000001111111100000000000000000000000000000000000000000011111111000000000000000011111110000000000000000001111111000000000000000000000000000000000,1,0
3267,1,TypeB,40100,000000000000111111100000000001111111100000000000000000000000000000000000000000011111111000000000000000011111111000000000000000001111111000000000000000000000000000000000,1,0
3268,1,TypeB,39100,000000000000111111100000000001111111100000000000000000000000000000000000000000011111111000000000000000111111100000000000000000001111111000000000000000000000000000000000,1,0
3269,1,TypeB,40100,000000000000111111100000000001111111100000000000000000000000000000000000000000011111111000000000000000111111110000000000000000001111111000000000000000000000000000000000,1,0
3270,1,TypeB,38100,000000000000111111110000000001111111100000000000000000000000000000000000000000011111111000000000000000001111100000000000000000001111111000000000000000000000000000000000,1,0
3271,1,TypeB,39100,000000000000111111110000000001111111100000000000000000000000000000000000000000011111111000000000000000001111110000000000000000001111111000000000000000000000000000000000,1,0
3272,1,TypeB,39100,000000000000111111110000000001111111100000000000000000000000000000000000000000011111111000000000000000011111100000000000000000001111111000000000000000000000000000000000,1,0
3273,1,TypeB,40100,000000000000111111110000000001111111100000000000000000000000000000000000000000011111111000000000000000011111110000000000000000001111111000000000000000000000000000000000,1,0
3274,1,TypeB,38100,000000000001111111100000000001111111100000000000000000000000000000000000000000011111111000000000000000001111100000000000000000001111111000000000000000000000000000000000,1,0
3275,1,TypeB,39100,000000000001111111100000000001111111100000000000000000000000000000000000000000011111111000000000000000001111110000000000000000001111111000000000000000000000000000000000,1,0
3276,1,TypeB,39100,000000000001111111100000000001111111100000000000000000000000000000000000000000011111111000000000000000011111100000000000000000001111111000000000000000000000000000000000,1,0
3277,1,TypeB,40100,000000000001111111100000000001111111100000000000000000000000000000000000000000011111111000000000000000011111110000000000000000001111111000000000000000000000000000000000,1,0
3278,1,TypeB,38400,000000000000111111100000000001111111100000000000000000000000000000000000000000011111111000000000000000001111100000000000000000001111111100000000000000000000000000000000,1,0
3279,1,TypeB,38400,000000000000111111100000000001111111100000000000000000000000000000000000000000011111111000000000000000001111100000000000000000011111111000000000000000000000000000000000,1,0
3280,1,TypeB,39400,000000000000111111100000000001111111100000000000000000000000000000000000000000011111111000000000000000001111110000000000000000001111111100000000000000000000000000000000,1,0
3281,1,TypeB,39400,000000000000111111100000000001111111100000000000000000000000000000000000000000011111111000000000000000001111110000000000000000011111111000000000000000000000000000000000,1,0
3282,1,TypeB,39400,000000000000111111100000000001111111100000000000000000000000000000000000000000011111111000000000000000011111100000000000000000001111111100000000000000000000000000000000,1,0
3283,1,TypeB,39400,000000000000111111100000000001111111100000000000000000000000000000000000000000011111111000000000000000011111100000000000000000011111111000000000000000000000000000000000,1,0
3284,1,TypeB,40400,000000000000111111100000000001111111100000000000000000000000000000000000000000011111111000000000000000011111110000000000000000001111111100000000000000000000000000000000,1,0
3285,1,TypeB,40400,000000000000111111100000000001111111100000000000000000000000000000000000000000011111111000000000000000011111110000000000000000011111111000000000000000000000000000000000,1,0
3286,1,TypeB,42400,000000000000111111110000000001111111100000000000000000000000000000000000000000011111111000000000000000001111111100000000000000001111111100000000000000000000000000000000,1,0
3287,1,TypeB,42400,000000000000111111110000000001111111100000000000000000000000000000000000000000011111111000000000000000001111111100000000000000011111111000000000000000000000000000000000,1,0
3288,1,TypeB,42400,000000000001111111100000000001111111100000000000000000000000000000000000000000011111111000000000000000001111111100000000000000001111111100000000000000000000000000000000,1,0
3289,0,TypeA,46100,000000000000000000000000000011111111100000000000000000001111111100000000000000000000000000000000000000000000111111110000000000000000000011111111000000000000000011111111,1,0
3290,0,TypeA,47100,000000000000000000000000000011111111100000000000000000001111111100000000000000000000000000000000000000000000111111110000000000000000000011111111000000000000000111111111,1,0
3291,0,TypeA,48100,000000000000000000000000000011111111100000000000000000001111111100000000000000000000000000000000000000000000111111110000000000000000000011111111000000000000001111111111,1,0
3292,0,TypeA,49100,000000000000000000000000000011111111100000000000000000001111111100000000000000000000000000000000000000000000111111110000000000000000000111111111000000000000001111111111,1,0
3293,0,TypeA,50100,000000000000000000000000000011111111100000000000000000001111111100000000000000000000000000000000000000000000111111110000000000000000001111111111000000000000001111111111,1,0
3294,0,TypeA,49800,000000000000000000000000000011111111100000000000000000001111111100000000000000000000000000000000000000000000111111110000000000000000011111111110000000000000001111111111,1,0
3295,0,TypeA,49500,000000000000000000000000000011111111100000000000000000001111111100000000000000000000000000000000000000000000111111110000000000000000111111111100000000000000001111111111,1,0
3296,0,TypeA,48200,000000000000000000000000000011111111100000000000000000001111111100000000000000000000000000000000000000000000111111110000000000000000111111111000000000000000001111111111,1,0
3297,0,TypeA,46900,000000000000000000000000000011111111100000000000000000001111111100000000000000000000000000000000000000000000111111110000000000000000111111110000000000000000001111111111,1,0
3298,0,TypeA,46600,000000000000000000000000000011111111100000000000000000001111111100000000000000000000000000000000000000000000111111110000000000000001111111100000000000000000001111111111,1,0
3299,0,TypeA,46600,000000000000000000000000000011111111100000000000000000001111111100000000000000000000000000000000000000000000111111110000000000000011111111000000000000000000001111111111,1,0
3300,0,TypeA,47600,000000000000000000000000000011111111100000000000000000001111111100000000000000000000000000000000000000000000111111110000000000000111111111000000000000000000001111111111,1,0
3301,0,TypeA,48900,000000000000000000000000000011111111100000000000000000001111111100000000000000000000000000000000000000000000111111110000000000001111111111000000000000000000001111111111,1,0
3302,0,TypeA,49900,000000000000000000000000000011111111100000000000000000001111111100000000000000000000000000000000000000000001111111110000000000001111111111000000000000000000001111111111,1,0
3303,0,TypeA,50900,000000000000000000000000000011111111100000000000000000001111111100000000000000000000000000000000000000000011111111110000000000001111111111000000000000000000001111111111,1,0
3304,0,TypeA,49900,000000000000000000000000000011111111100000000000000000001111111110000000000000000000000000000000000000000000111111110000000000001111111111000000000000000000001111111111,1,0
3305,0,TypeA,50900,000000000000000000000000000011111111100000000000000000001111111111000000000000000000000000000000000000000000111111110000000000001111111111000000000000000000001111111111,1,0
3306,0,TypeA,51900,000000000000000000000000000011111111100000000000000000001111111111000000000000000000000000000000000000000001111111110000000000001111111111000000000000000000001111111111,1,0
3307,0,TypeA,52900,000000000000000000000000000011111111100000000000000000001111111111000000000000000000000000000000000000000011111111110000000000001111111111000000000000000000001111111111,1,0
3308,0,TypeA,51900,000000000000000000000000000011111111110000000000000000001111111111000000000000000000000000000000000000000000111111110000000000001111111111000000000000000000001111111111,1,0
3309,0,TypeA,53900,000000000000000000000000000011111111110000000000000000001111111111000000000000000000000000000000000000000011111111110000000000001111111111000000000000000000001111111111,1,0
3310,0,TypeA,52200,000000000000000000000000000011111111100000000000000000001111111111000000000000000000000000000000000000000000111111111000000000001111111111000000000000000000001111111111,1,0
3311,0,TypeA,52200,000000000000000000000000000111111111100000000000000000001111111111000000000000000000000000000000000000000000111111110000000000001111111111000000000000000000001111111111,1,0
3312,0,TypeA,52500,000000000000000000000000001111111111000000000000000000001111111111000000000000000000000000000000000000000000111111110000000000001111111111000000000000000000001111111111,1,0
3313,0,TypeA,51500,000000000000000000000000001111111110000000000000000000001111111111000000000000000000000000000000000000000000111111110000000000001111111111000000000000000000001111111111,1,0
3314,0,TypeA,52500,000000000000000000000000001111111110000000000000000000001111111111000000000000000000000000000000000000000001111111110000000000001111111111000000000000000000001111111111,1,0
3315,0,TypeA,53500,000000000000000000000000001111111110000000000000000000001111111111000000000000000000000000000000000000000011111111110000000000001111111111000000000000000000001111111111,1,0
3316,0,TypeA,54500,000000000000000000000000001111111111000000000000000000001111111111000000000000000000000000000000000000000011111111110000000000001111111111000000000000000000001111111111,1,0
3317,0,TypeA,53500,000000000000000000000000001111111111000000000000000000001111111111000000000000000000000000000000000000000001111111110000000000001111111111000000000000000000001111111111,1,0
3318,0,TypeA,52800,000000000000000000000000001111111110000000000000000000001111111111000000000000000000000000000000000000000000111111111000000000001111111111000000000000000000001111111111,1,0
3319,0,TypeA,53800,000000000000000000000000001111111111000000000000000000001111111111000000000000000000000000000000000000000000111111111000000000001111111111000000000000000000001111111111,1,0
3320,0,TypeA,52800,000000000000000000000000011111111110000000000000000000001111111111000000000000000000000000000000000000000000111111110000000000001111111111000000000000000000001111111111,1,0
3321,0,TypeA,54800,000000000000000000000000011111111110000000000000000000001111111111000000000000000000000000000000000000000011111111110000000000001111111111000000000000000000001111111111,1,0
3322,0,TypeA,54200,000000000000000000000000000111111111100000000000000000001111111111000000000000000000000000000000000000000011111111110000000000001111111111000000000000000000001111111111,1,0
3323,0,TypeA,53800,000000000000000000000000001111111110000000000000000000001111111111000000000000000000000000000000000000000001111111111000000000001111111111000000000000000000001111111111,1,0
3324,0,TypeA,54800,000000000000000000000000001111111111000000000000000000001111111111000000000000000000000000000000000000000001111111111000000000001111111111000000000000000000001111111111,1,0
3325,0,TypeA,53800,000000000000000000000000011111111110000000000000000000001111111111000000000000000000000000000000000000000001111111110000000000001111111111000000000000000000001111111111,1,0
3326,0,TypeA,52900,000000000000000000000000000011111111110000000000000000001111111111000000000000000000000000000000000000000001111111110000000000001111111111000000000000000000001111111111,1,0
3327,0,TypeA,54100,000000000000000000000000011111111110000000000000000000001111111111000000000000000000000000000000000000000000111111111000000000001111111111000000000000000000001111111111,1,0
3328,0,TypeA,53200,000000000000000000000000000011111111100000000000000000001111111111000000000000000000000000000000000000000001111111111000000000001111111111000000000000000000001111111111,1,0
3329,0,TypeA,53200,000000000000000000000000000011111111110000000000000000001111111111000000000000000000000000000000000000000000111111111000000000001111111111000000000000000000001111111111,1,0
3330,0,TypeA,53200,000000000000000000000000000111111111100000000000000000001111111111000000000000000000000000000000000000000001111111110000000000001111111111000000000000000000001111111111,1,0
3331,0,TypeA,53500,000000000000000000000000000111111111100000000000000000001111111111000000000000000000000000000000000000000000111111111000000000001111111111000000000000000000001111111111,1,0
3332,0,TypeA,50500,000000000000000000000000001111111110000000000000000000001111111111000000000000000000000000000000000000000000111111110000000000001111111111000000000000000000000111111111,1,0
3333,0,TypeA,49500,000000000000000000000000001111111110000000000000000000001111111111000000000000000000000000000000000000000000111111110000000000001111111111000000000000000000000011111111,1,0
3334,0,TypeA,50500,000000000000000000000000001111111111000000000000000000001111111111000000000000000000000000000000000000000000111111110000000000001111111111000000000000000000000011111111,1,0
3335,0,TypeA,50500,000000000000000000000000001111111110000000000000000000001111111111000000000000000000000000000000000000000001111111110000000000001111111111000000000000000000000011111111,1,0
3336,0,TypeA,51500,000000000000000000000000001111111110000000000000000000001111111111000000000000000000000000000000000000000011111111110000000000001111111111000000000000000000000011111111,1,0
3337,0,TypeA,52500,000000000000000000000000001111111111000000000000000000001111111111000000000000000000000000000000000000000011111111110000000000001111111111000000000000000000000011111111,1,0
3338,0,TypeA,52500,000000000000000000000000001111111110000000000000000000001111111111000000000000000000000000000000000000000011111111110000000000001111111111000000000000000000000111111111,1,0
3339,0,TypeA,51500,000000000000000000000000001111111111000000000000000000001111111111000000000000000000000000000000000000000000111111110000000000001111111111000000000000000000000111111111,1,0
3340,0,TypeA,51500,000000000000000000000000001111111111000000000000000000001111111111000000000000000000000000000000000000000001111111110000000000001111111111000000000000000000000011111111,1,0
3341,0,TypeA,53500,000000000000000000000000001111111111000000000000000000001111111111000000000000000000000000000000000000000011111111110000000000001111111111000000000000000000000111111111,1,0
3342,0,TypeA,55100,000000000000000000000000011111111110000000000000000000001111111111000000000000000000000000000000000000000001111111111000000000001111111111000000000000000000001111111111,1,0
3343,0,TypeA,50800,000000000000000000000000001111111110000000000000000000001111111111000000000000000000000000000000000000000000111111111000000000001111111111000000000000000000000011111111,1,0
3344,0,TypeA,51800,000000000000000000000000001111111111000000000000000000001111111111000000000000000000000000000000000000000000111111111000000000001111111111000000000000000000000011111111,1,0
3345,0,TypeA,50800,000000000000000000000000011111111110000000000000000000001111111111000000000000000000000000000000000000000000111111110000000000001111111111000000000000000000000011111111,1,0
3346,0,TypeA,52800,000000000000000000000000011111111110000000000000000000001111111111000000000000000000000000000000000000000011111111110000000000001111111111000000000000000000000011111111,1,0
3347,0,TypeA,54200,000000000000000000000000000011111111110000000000000000001111111111000000000000000000000000000000000000000001111111111000000000001111111111000000000000000000001111111111,1,0
3348,0,TypeA,49900,000000000000000000000000000011111111100000000000000000001111111111000000000000000000000000000000000000000000111111110000000000001111111111000000000000000000000111111111,1,0
3349,0,TypeA,48900,000000000000000000000000000011111111100000000000000000001111111111000000000000000000000000000000000000000000111111110000000000001111111111000000000000000000000011111111,1,0
3350,0,TypeA,49900,000000000000000000000000000011111111100000000000000000001111111111000000000000000000000000000000000000000001111111110000000000001111111111000000000000000000000011111111,1,0
3351,0,TypeA,50900,000000000000000000000000000011111111100000000000000000001111111111000000000000000000000000000000000000000011111111110000000000001111111111000000000000000000000011111111,1,0
3352,0,TypeA,51900,000000000000000000000000000011111111100000000000000000001111111111000000000000000000000000000000000000000011111111110000000000001111111111000000000000000000000111111111,1,0
3353,0,TypeA,49900,000000000000000000000000000011111111110000000000000000001111111111000000000000000000000000000000000000000000111111110000000000001111111111000000000000000000000011111111,1,0
3354,0,TypeA,51900,000000000000000000000000000011111111110000000000000000001111111111000000000000000000000000000000000000000011111111110000000000001111111111000000000000000000000011111111,1,0
3355,0,TypeA,54500,000000000000000000000000000111111111100000000000000000001111111111000000000000000000000000000000000000000001111111111000000000001111111111000000000000000000001111111111,1,0
3356,0,TypeA,50200,000000000000000000000000000011111111100000000000000000001111111111000000000000000000000000000000000000000000111111111000000000001111111111000000000000000000000011111111,1,0
3357,0,TypeA,50200,000000000000000000000000000111111111100000000000000000001111111111000000000000000000000000000000000000000000111111110000000000001111111111000000000000000000000011111111,1,0
3358,0,TypeA,52200,000000000000000000000000000111111111100000000000000000001111111111000000000000000000000000000000000000000011111111110000000000001111111111000000000000000000000011111111,1,0
3359,0,TypeA,51500,000000000000000000000000001111111110000000000000000000001111111111000000000000000000000000000000000000000001111111110000000000001111111111000000000000000000000111111111,1,0
3360,0,TypeA,52500,000000000000000000000000001111111111000000000000000000001111111111000000000000000000000000000000000000000001111111110000000000001111111111000000000000000000000111111111,1,0
3361,0,TypeA,51800,000000000000000000000000001111111110000000000000000000001111111111000000000000000000000000000000000000000000111111111000000000001111111111000000000000000000000111111111,1,0
3362,0,TypeA,51800,000000000000000000000000001111111110000000000000000000001111111111000000000000000000000000000000000000000001111111111000000000001111111111000000000000000000000011111111,1,0
3363,0,TypeA,52800,000000000000000000000000001111111111000000000000000000001111111111000000000000000000000000000000000000000000111111111000000000001111111111000000000000000000000111111111,1,0
3364,0,TypeA,52800,000000000000000000000000001111111111000000000000000000001111111111000000000000000000000000000000000000000001111111111000000000001111111111000000000000000000000011111111,1,0
3365,0,TypeA,51800,000000000000000000000000011111111110000000000000000000001111111111000000000000000000000000000000000000000000111111110000000000001111111111000000000000000000000111111111,1,0
3366,0,TypeA,51800,000000000000000000000000011111111110000000000000000000001111111111000000000000000000000000000000000000000001111111110000000000001111111111000000000000000000000011111111,1,0
3367,0,TypeA,53800,000000000000000000000000011111111110000000000000000000001111111111000000000000000000000000000000000000000011111111110000000000001111111111000000000000000000000111111111,1,0
3368,0,TypeA,50900,000000000000000000000000000011111111100000000000000000001111111111000000000000000000000000000000000000000001111111110000000000001111111111000000000000000000000111111111,1,0
3369,0,TypeA,50900,000000000000000000000000000011111111110000000000000000001111111111000000000000000000000000000000000000000000111111110000000000001111111111000000000000000000000111111111,1,0
3370,0,TypeA,50900,000000000000000000000000000011111111110000000000000000001111111111000000000000000000000000000000000000000001111111110000000000001111111111000000000000000000000011111111,1,0
3371,0,TypeA,52900,000000000000000000000000000011111111110000000000000000001111111111000000000000000000000000000000000000000011111111110000000000001111111111000000000000000000000111111111,1,0
3372,0,TypeA,52100,000000000000000000000000011111111110000000000000000000001111111111000000000000000000000000000000000000000000111111111000000000001111111111000000000000000000000011111111,1,0
3373,0,TypeA,51200,000000000000000000000000000011111111100000000000000000001111111111000000000000000000000000000000000000000000111111111000000000001111111111000000000000000000000111111111,1,0
3374,0,TypeA,51200,000000000000000000000000000011111111100000000000000000001111111111000000000000000000000000000000000000000001111111111000000000001111111111000000000000000000000011111111,1,0
3375,0,TypeA,51200,000000000000000000000000000011111111110000000000000000001111111111000000000000000000000000000000000000000000111111111000000000001111111111000000000000000000000011111111,1,0
3376,0,TypeA,51200,000000000000000000000000000111111111100000000000000000001111111111000000000000000000000000000000000000000000111111110000000000001111111111000000000000000000000111111111,1,0
3377,0,TypeA,51200,000000000000000000000000000111111111100000000000000000001111111111000000000000000000000000000000000000000001111111110000000000001111111111000000000000000000000011111111,1,0
3378,0,TypeA,53200,000000000000000000000000000111111111100000000000000000001111111111000000000000000000000000000000000000000011111111110000000000001111111111000000000000000000000111111111,1,0
3379,0,TypeA,51500,000000000000000000000000000111111111100000000000000000001111111111000000000000000000000000000000000000000000111111111000000000001111111111000000000000000000000011111111,1,0
3380,0,TypeA,52800,000000000000000000000000001111111110000000000000000000001111111111000000000000000000000000000000000000000001111111111000000000001111111111000000000000000000000111111111,1,0
3381,0,TypeA,53800,000000000000000000000000001111111111000000000000000000001111111111000000000000000000000000000000000000000001111111111000000000001111111111000000000000000000000111111111,1,0
3382,0,TypeA,52800,000000000000000000000000011111111110000000000000000000001111111111000000000000000000000000000000000000000001111111110000000000001111111111000000000000000000000111111111,1,0
3383,0,TypeA,51900,000000000000000000000000000011111111110000000000000000001111111111000000000000000000000000000000000000000001111111110000000000001111111111000000000000000000000111111111,1,0
3384,0,TypeA,53100,000000000000000000000000011111111110000000000000000000001111111111000000000000000000000000000000000000000000111111111000000000001111111111000000000000000000000111111111,1,0
3385,0,TypeA,53100,000000000000000000000000011111111110000000000000000000001111111111000000000000000000000000000000000000000001111111111000000000001111111111000000000000000000000011111111,1,0
3386,0,TypeA,52200,000000000000000000000000000011111111100000000000000000001111111111000000000000000000000000000000000000000001111111111000000000001111111111000000000000000000000111111111,1,0
3387,0,TypeA,52200,000000000000000000000000000011111111110000000000000000001111111111000000000000000000000000000000000000000000111111111000000000001111111111000000000000000000000111111111,1,0
3388,0,TypeA,52200,000000000000000000000000000011111111110000000000000000001111111111000000000000000000000000000000000000000001111111111000000000001111111111000000000000000000000011111111,1,0
3389,0,TypeA,52200,000000000000000000000000000111111111100000000000000000001111111111000000000000000000000000000000000000000001111111110000000000001111111111000000000000000000000111111111,1,0
3390,0,TypeA,52500,000000000000000000000000000111111111100000000000000000001111111111000000000000000000000000000000000000000000111111111000000000001111111111000000000000000000000111111111,1,0
3391,0,TypeA,52500,000000000000000000000000000111111111100000000000000000001111111111000000000000000000000000000000000000000001111111111000000000001111111111000000000000000000000011111111,1,0
3392,0,TypeA,54100,000000000000000000000000011111111110000000000000000000001111111111000000000000000000000000000000000000000001111111111000000000001111111111000000000000000000000111111111,1,0
3393,0,TypeA,53200,000000000000000000000000000011111111110000000000000000001111111111000000000000000000000000000000000000000001111111111000000000001111111111000000000000000000000111111111,1,0
3394,0,TypeA,53500,000000000000000000000000000111111111100000000000000000001111111111000000000000000000000000000000000000000001111111111000000000001111111111000000000000000000000111111111,1,0
3395,0,TypeA,50200,000000000000000000000000001111111110000000000000000000001111111111000000000000000000000000000000000000000000111111110000000000000111111111000000000000000000001111111111,1,0
3396,0,TypeA,52200,000000000000000000000000001111111110000000000000000000001111111111000000000000000000000000000000000000000011111111110000000000000111111111000000000000000000001111111111,1,0
3397,0,TypeA,51200,000000000000000000000000001111111111000000000000000000001111111111000000000000000000000000000000000000000000111111110000000000000111111111000000000000000000001111111111,1,0
3398,0,TypeA,53200,000000000000000000000000001111111111000000000000000000001111111111000000000000000000000000000000000000000011111111110000000000000111111111000000000000000000001111111111,1,0
3399,0,TypeA,49600,000000000000000000000000000011111111100000000000000000001111111111000000000000000000000000000000000000000000111111110000000000000111111111000000000000000000001111111111,1,0
3400,0,TypeA,51600,000000000000000000000000000011111111100000000000000000001111111111000000000000000000000000000000000000000011111111110000000000000111111111000000000000000000001111111111,1,0
3401,0,TypeA,51200,000000000000000000000000001111111110000000000000000000001111111111000000000000000000000000000000000000000000111111110000000000000111111111100000000000000000001111111111,1,0
3402,0,TypeA,51200,000000000000000000000000001111111110000000000000000000001111111111000000000000000000000000000000000000000001111111110000000000000111111111000000000000000000001111111111,1,0
3403,0,TypeA,53200,000000000000000000000000001111111110000000000000000000001111111111000000000000000000000000000000000000000011111111110000000000000111111111100000000000000000001111111111,1,0
3404,0,TypeA,52200,000000000000000000000000001111111111000000000000000000001111111111000000000000000000000000000000000000000000111111110000000000000111111111100000000000000000001111111111,1,0
3405,0,TypeA,52200,000000000000000000000000001111111111000000000000000000001111111111000000000000000000000000000000000000000001111111110000000000000111111111000000000000000000001111111111,1,0
3406,0,TypeA,54200,000000000000000000000000001111111111000000000000000000001111111111000000000000000000000000000000000000000011111111110000000000000111111111100000000000000000001111111111,1,0
3407,0,TypeA,51500,000000000000000000000000001111111110000000000000000000001111111111000000000000000000000000000000000000000000111111111000000000000111111111000000000000000000001111111111,1,0
3408,0,TypeA,52500,000000000000000000000000001111111111000000000000000000001111111111000000000000000000000000000000000000000000111111111000000000000111111111000000000000000000001111111111,1,0
3409,0,TypeA,51500,000000000000000000000000011111111110000000000000000000001111111111000000000000000000000000000000000000000000111111110000000000000111111111000000000000000000001111111111,1,0
3410,0,TypeA,53500,000000000000000000000000011111111110000000000000000000001111111111000000000000000000000000000000000000000011111111110000000000000111111111000000000000000000001111111111,1,0
3411,0,TypeA,50600,000000000000000000000000000011111111100000000000000000001111111111000000000000000000000000000000000000000000111111110000000000000111111111100000000000000000001111111111,1,0
3412,0,TypeA,50600,000000000000000000000000000011111111100000000000000000001111111111000000000000000000000000000000000000000001111111110000000000000111111111000000000000000000001111111111,1,0
3413,0,TypeA,52600,000000000000000000000000000011111111100000000000000000001111111111000000000000000000000000000000000000000011111111110000000000000111111111100000000000000000001111111111,1,0
3414,0,TypeA,50600,000000000000000000000000000011111111110000000000000000001111111111000000000000000000000000000000000000000000111111110000000000000111111111000000000000000000001111111111,1,0
3415,0,TypeA,52600,000000000000000000000000000011111111110000000000000000001111111111000000000000000000000000000000000000000011111111110000000000000111111111000000000000000000001111111111,1,0
3416,0,TypeA,50900,000000000000000000000000000011111111100000000000000000001111111111000000000000000000000000000000000000000000111111111000000000000111111111000000000000000000001111111111,1,0
3417,0,TypeA,50900,000000000000000000000000000111111111100000000000000000001111111111000000000000000000000000000000000000000000111111110000000000000111111111000000000000000000001111111111,1,0
3418,0,TypeA,52900,000000000000000000000000000111111111100000000000000000001111111111000000000000000000000000000000000000000011111111110000000000000111111111000000000000000000001111111111,1,0
3419,0,TypeA,52200,000000000000000000000000001111111110000000000000000000001111111111000000000000000000000000000000000000000001111111110000000000000111111111100000000000000000001111111111,1,0
3420,0,TypeA,53200,000000000000000000000000001111111111000000000000000000001111111111000000000000000000000000000000000000000001111111110000000000000111111111100000000000000000001111111111,1,0
3421,0,TypeA,52500,000000000000000000000000001111111110000000000000000000001111111111000000000000000000000000000000000000000000111111111000000000000111111111100000000000000000001111111111,1,0
3422,0,TypeA,52500,000000000000000000000000001111111110000000000000000000001111111111000000000000000000000000000000000000000001111111111000000000000111111111000000000000000000001111111111,1,0
3423,0,TypeA,53500,000000000000000000000000001111111111000000000000000000001111111111000000000000000000000000000000000000000000111111111000000000000111111111100000000000000000001111111111,1,0
3424,0,TypeA,53500,000000000000000000000000001111111111000000000000000000001111111111000000000000000000000000000000000000000001111111111000000000000111111111000000000000000000001111111111,1,0
3425,0,TypeA,52500,000000000000000000000000011111111110000000000000000000001111111111000000000000000000000000000000000000000000111111110000000000000111111111100000000000000000001111111111,1,0
3426,0,TypeA,52500,000000000000000000000000011111111110000000000000000000001111111111000000000000000000000000000000000000000001111111110000000000000111111111000000000000000000001111111111,1,0
3427,1,TypeB,35100,000000000000000000000000000011111110000000000000000000111100000000011111110000000000000000000000000000000000111111110000000000000000000000000000000000000000000001111111,1,0
3428,1,TypeB,36100,000000000000000000000000000011111111000000000000000000111100000000011111110000000000000000000000000000000000111111110000000000000000000000000000000000000000000001111111,1,0
3429,1,TypeB,36100,000000000000000000000000000001111111100000000000000000111100000000011111110000000000000000000000000000000000111111110000000000000000000000000000000000000000000001111111,1,0
3430,1,TypeB,36100,000000000000000000000000000011111110000000000000000000111100000000011111111000000000000000000000000000000000111111110000000000000000000000000000000000000000000001111111,1,0
3431,1,TypeB,36100,000000000000000000000000000011111110000000000000000001111100000000011111110000000000000000000000000000000000111111110000000000000000000000000000000000000000000001111111,1,0
3432,1,TypeB,37100,000000000000000000000000000011111111000000000000000000111100000000011111111000000000000000000000000000000000111111110000000000000000000000000000000000000000000001111111,1,0
3433,1,TypeB,37100,000000000000000000000000000011111111000000000000000001111100000000011111110000000000000000000000000000000000111111110000000000000000000000000000000000000000000001111111,1,0
3434,1,TypeB,36100,000000000000000000000000000111111110000000000000000000111100000000011111110000000000000000000000000000000000111111110000000000000000000000000000000000000000000001111111,1,0
3435,1,TypeB,36100,000000000000000000000000001111111100000000000000000000111100000000011111110000000000000000000000000000000000111111110000000000000000000000000000000000000000000001111111,1,0
3436,1,TypeB,35100,000000000000000000000000001111111000000000000000000000111100000000011111110000000000000000000000000000000000111111110000000000000000000000000000000000000000000001111111,1,0
3437,1,TypeB,34100,000000000000000000000000001111110000000000000000000000111100000000011111110000000000000000000000000000000000111111110000000000000000000000000000000000000000000001111111,1,0
3438,1,TypeB,33100,000000000000000000000000001111100000000000000000000000111100000000011111110000000000000000000000000000000000111111110000000000000000000000000000000000000000000001111111,1,0
3439,1,TypeB,34100,000000000000000000000000001111100000000000000000000000111100000000011111111000000000000000000000000000000000111111110000000000000000000000000000000000000000000001111111,1,0
3440,1,TypeB,34100,000000000000000000000000001111100000000000000000000001111100000000011111110000000000000000000000000000000000111111110000000000000000000000000000000000000000000001111111,1,0
3441,1,TypeB,34100,000000000000000000000000011111100000000000000000000000111100000000011111110000000000000000000000000000000000111111110000000000000000000000000000000000000000000001111111,1,0
3442,1,TypeB,34400,000000000000000000000000001111100000000000000000000000111100000000011111110000000000000000000000000000000000111111110000000000000000000000000000000000000000000011111111,1,0
3443,1,TypeB,35100,000000000000000000000000001111100000000000000000000001111100000000011111111000000000000000000000000000000000111111110000000000000000000000000000000000000000000001111111,1,0
3444,1,TypeB,35100,000000000000000000000000001111100000000000000000000011111100000000011111110000000000000000000000000000000000111111110000000000000000000000000000000000000000000001111111,1,0
3445,1,TypeB,35100,000000000000000000000000001111110000000000000000000000111100000000011111111000000000000000000000000000000000111111110000000000000000000000000000000000000000000001111111,1,0
3446,1,TypeB,35100,000000000000000000000000001111110000000000000000000001111100000000011111110000000000000000000000000000000000111111110000000000000000000000000000000000000000000001111111,1,0
3447,1,TypeB,35100,000000000000000000000000011111100000000000000000000000111100000000011111111000000000000000000000000000000000111111110000000000000000000000000000000000000000000001111111,1,0
3448,1,TypeB,35100,000000000000000000000000011111100000000000000000000001111100000000011111110000000000000000000000000000000000111111110000000000000000000000000000000000000000000001111111,1,0
3449,1,TypeB,35100,000000000000000000000000011111110000000000000000000000111100000000011111110000000000000000000000000000000000111111110000000000000000000000000000000000000000000001111111,1,0
3450,1,TypeB,35100,000000000000000000000000111111100000000000000000000000111100000000011111110000000000000000000000000000000000111111110000000000000000000000000000000000000000000001111111,1,0
3451,1,TypeB,35400,000000000000000000000000001111100000000000000000000000111100000000011111111000000000000000000000000000000000111111110000000000000000000000000000000000000000000011111111,1,0
3452,1,TypeB,35400,000000000000000000000000001111100000000000000000000001111100000000011111110000000000000000000000000000000000111111110000000000000000000000000000000000000000000011111111,1,0
3453,1,TypeB,35400,000000000000000000000000001111110000000000000000000000111100000000011111110000000000000000000000000000000000111111110000000000000000000000000000000000000000000011111111,1,0
3454,1,TypeB,35400,000000000000000000000000011111100000000000000000000000111100000000011111110000000000000000000000000000000000111111110000000000000000000000000000000000000000000011111111,1,0
3455,1,TypeB,36100,000000000000000000000000001111100000000000000000000011111100000000011111111000000000000000000000000000000000111111110000000000000000000000000000000000000000000001111111,1,0
3456,1,TypeB,36100,000000000000000000000000001111100000000000000000000111111100000000011111110000000000000000000000000000000000111111110000000000000000000000000000000000000000000001111111,1,0
3457,1,TypeB,36100,000000000000000000000000001111110000000000000000000001111100000000011111111000000000000000000000000000000000111111110000000000000000000000000000000000000000000001111111,1,0
3458,1,TypeB,36100,000000000000000000000000001111110000000000000000000011111100000000011111110000000000000000000000000000000000111111110000000000000000000000000000000000000000000001111111,1,0
3459,1,TypeB,36100,000000000000000000000000001111111000000000000000000000111100000000011111111000000000000000000000000000000000111111110000000000000000000000000000000000000000000001111111,1,0
3460,1,TypeB,36100,000000000000000000000000001111111000000000000000000001111100000000011111110000000000000000000000000000000000111111110000000000000000000000000000000000000000000001111111,1,0
3461,1,TypeB,36100,000000000000000000000000011111100000000000000000000001111100000000011111111000000000000000000000000000000000111111110000000000000000000000000000000000000000000001111111,1,0
3462,1,TypeB,36100,000000000000000000000000011111100000000000000000000011111100000000011111110000000000000000000000000000000000111111110000000000000000000000000000000000000000000001111111,1,0
3463,1,TypeB,36100,000000000000000000000000011111110000000000000000000000111100000000011111111000000000000000000000000000000000111111110000000000000000000000000000000000000000000001111111,1,0
3464,1,TypeB,36100,000000000000000000000000011111110000000000000000000001111100000000011111110000000000000000000000000000000000111111110000000000000000000000000000000000000000000001111111,1,0
3465,1,TypeB,36100,000000000000000000000000011111111000000000000000000000111100000000011111110000000000000000000000000000000000111111110000000000000000000000000000000000000000000001111111,1,0
3466,1,TypeB,36100,000000000000000000000000111111100000000000000000000000111100000000011111111000000000000000000000000000000000111111110000000000000000000000000000000000000000000001111111,1,0
3467,1,TypeB,36100,000000000000000000000000111111100000000000000000000001111100000000011111110000000000000000000000000000000000111111110000000000000000000000000000000000000000000001111111,1,0
3468,1,TypeB,36100,000000000000000000000000111111110000000000000000000000111100000000011111110000000000000000000000000000000000111111110000000000000000000000000000000000000000000001111111,1,0
3469,1,TypeB,36100,000000000000000000000001111111100000000000000000000000111100000000011111110000000000000000000000000000000000111111110000000000000000000000000000000000000000000001111111,1,0
3470,1,TypeB,36100,000000000000000000000011111111000000000000000000000000111100000000011111110000000000000000000000000000000000111111110000000000000000000000000000000000000000000001111111,1,0
3471,1,TypeB,36100,000000000000000000000111111110000000000000000000000000111100000000011111110000000000000000000000000000000000111111110000000000000000000000000000000000000000000001111111,1,0
3472,1,TypeB,37100,000000000000000000000011111111000000000000000000000000111100000000011111111000000000000000000000000000000000111111110000000000000000000000000000000000000000000001111111,1,0
3473,1,TypeB,37100,000000000000000000000011111111000000000000000000000001111100000000011111110000000000000000000000000000000000111111110000000000000000000000000000000000000000000001111111,1,0
3474,1,TypeB,37100,000000000000000000000111111110000000000000000000000000111100000000011111111000000000000000000000000000000000111111110000000000000000000000000000000000000000000001111111,1,0
3475,1,TypeB,37100,000000000000000000000111111110000000000000000000000001111100000000011111110000000000000000000000000000000000111111110000000000000000000000000000000000000000000001111111,1,0
3476,1,TypeB,37400,000000000000000000000011111111000000000000000000000000111100000000011111110000000000000000000000000000000000111111110000000000000000000000000000000000000000000011111111,1,0
3477,1,TypeB,37400,000000000000000000000111111110000000000000000000000000111100000000011111110000000000000000000000000000000000111111110000000000000000000000000000000000000000000011111111,1,0
3478,1,TypeB,38100,000000000000000000000011111111000000000000000000000001111100000000011111111000000000000000000000000000000000111111110000000000000000000000000000000000000000000001111111,1,0
3479,1,TypeB,38100,000000000000000000000011111111000000000000000000000011111100000000011111110000000000000000000000000000000000111111110000000000000000000000000000000000000000000001111111,1,0
3480,1,TypeB,38100,000000000000000000000111111110000000000000000000000001111100000000011111111000000000000000000000000000000000111111110000000000000000000000000000000000000000000001111111,1,0
3481,1,TypeB,38100,000000000000000000000111111110000000000000000000000011111100000000011111110000000000000000000000000000000000111111110000000000000000000000000000000000000000000001111111,1,0
3482,1,TypeB,38400,000000000000000000000011111111000000000000000000000000111100000000011111111000000000000000000000000000000000111111110000000000000000000000000000000000000000000011111111,1,0
3483,1,TypeB,38400,000000000000000000000011111111000000000000000000000001111100000000011111110000000000000000000000000000000000111111110000000000000000000000000000000000000000000011111111,1,0
3484,1,TypeB,38400,000000000000000000000111111110000000000000000000000000111100000000011111111000000000000000000000000000000000111111110000000000000000000000000000000000000000000011111111,1,0
3485,1,TypeB,38400,000000000000000000000111111110000000000000000000000001111100000000011111110000000000000000000000000000000000111111110000000000000000000000000000000000000000000011111111,1,0
3486,1,TypeB,39100,000000000000000000000011111111000000000000000000000011111100000000011111111000000000000000000000000000000000111111110000000000000000000000000000000000000000000001111111,1,0
3487,1,TypeB,39100,000000000000000000000011111111000000000000000000000111111100000000011111110000000000000000000000000000000000111111110000000000000000000000000000000000000000000001111111,1,0
3488,1,TypeB,39100,000000000000000000000111111110000000000000000000000011111100000000011111111000000000000000000000000000000000111111110000000000000000000000000000000000000000000001111111,1,0
3489,1,TypeB,39100,000000000000000000000111111110000000000000000000000111111100000000011111110000000000000000000000000000000000111111110000000000000000000000000000000000000000000001111111,1,0
3490,1,TypeB,37100,000000000000000000000000000001111111100000000000000000111100000000011111111000000000000000000000000000000000111111110000000000000000000000000000000000000000000001111111,1,0
3491,1,TypeB,37100,000000000000000000000000000001111111100000000000000001111100000000011111110000000000000000000000000000000000111111110000000000000000000000000000000000000000000001111111,1,0
3492,1,TypeB,36400,000000000000000000000000000011111110000000000000000000111100000000011111110000000000000000000000000000000000111111110000000000000000000000000000000000000000000011111111,1,0
3493,1,TypeB,37400,000000000000000000000000000011111111000000000000000000111100000000011111110000000000000000000000000000000000111111110000000000000000000000000000000000000000000011111111,1,0
3494,1,TypeB,36400,000000000000000000000000001111100000000000000000000001111100000000011111111000000000000000000000000000000000111111110000000000000000000000000000000000000000000011111111,1,0
3495,1,TypeB,36400,000000000000000000000000001111100000000000000000000011111100000000011111110000000000000000000000000000000000111111110000000000000000000000000000000000000000000011111111,1,0
3496,1,TypeB,36400,000000000000000000000000001111110000000000000000000000111100000000011111111000000000000000000000000000000000111111110000000000000000000000000000000000000000000011111111,1,0
3497,1,TypeB,36400,000000000000000000000000001111110000000000000000000001111100000000011111110000000000000000000000000000000000111111110000000000000000000000000000000000000000000011111111,1,0
3498,1,TypeB,36400,000000000000000000000000001111111000000000000000000000111100000000011111110000000000000000000000000000000000111111110000000000000000000000000000000000000000000011111111,1,0
